{
    "type":  "FeatureCollection",
    "name":  "0",
    "crs":  {
                "type":  "name",
                "properties":  {
                                   "name":  "urn:ogc:def:crs:OGC:1.3:CRS84"
                               }
            },
    "features":  [
                     {
                         "type":  "Feature",
                         "properties":  {
                                            "Name":  "#-1",
                                            "description":  "\u003cdiv dir=\u0027rtl\u0027 style=\u0027font-family:Arial;\u0027\u003e\u003cb\u003eשם:\u003c/b\u003e אביחי שקד\u003cbr/\u003e\u003cb\u003eאתר:\u003c/b\u003e על היתה אוהבת את החוף הזה בקורפו, \nושוב בלי הפאץ\u0027 אבל עם יעל על היד.\u003cbr/\u003e\u003cb\u003eתאריך:\u003c/b\u003e 12-07-2025\u003cbr/\u003e\u003cb\u003eID:\u003c/b\u003e 1170\u003cbr/\u003e\u003cb\u003eFB:\u003c/b\u003e \u003ca href=\u0027https://www.facebook.com/groups/beshvil.yael/posts/3692046251088499/\u0027\u003ehttps://www.facebook.com/groups/beshvil.yael/posts/3692046251088499/\u003c/a\u003e\u003cbr/\u003e\u003cbr/\u003e\u003cimg src=\u0027https://drive.google.com/uc?export=view\u0026amp;id=11ps2MKiFSQztc87koOoqlokPKKkDErHu\u0027 width=\u0027450\u0027/\u003e\u003cbr/\u003e\u003c/div\u003e",
                                            "tessellate":  -1,
                                            "extrude":  0,
                                            "visibility":  -1
                                        },
                         "geometry":  {
                                          "type":  "Point",
                                          "coordinates":  [
                                                              19.8306051,
                                                              39.6118388,
                                                              0.0
                                                          ]
                                      }
                     },
                     {
                         "type":  "Feature",
                         "properties":  {
                                            "Name":  "#-1",
                                            "description":  "\u003cdiv dir=\u0027rtl\u0027 style=\u0027font-family:Arial;\u0027\u003e\u003cb\u003eשם:\u003c/b\u003e אביחי שקד\u003cbr/\u003e\u003cb\u003eאתר:\u003c/b\u003e גבול מקדוניה\u003cbr/\u003e\u003cb\u003eתאריך:\u003c/b\u003e 25-09-2025\u003cbr/\u003e\u003cb\u003eID:\u003c/b\u003e 2048\u003cbr/\u003e\u003cb\u003eFB:\u003c/b\u003e \u003ca href=\u0027https://www.facebook.com/reel/955339706789624\u0027\u003ehttps://www.facebook.com/reel/955339706789624\u003c/a\u003e\u003cbr/\u003e\u003cbr/\u003e\u003cimg src=\u0027https://drive.google.com/uc?export=view\u0026amp;id=1xYPSTwWEszfucV43sAUf9xM8AtWPO9jt\u0027 width=\u0027450\u0027/\u003e\u003cbr/\u003e\u003c/div\u003e",
                                            "tessellate":  -1,
                                            "extrude":  0,
                                            "visibility":  -1
                                        },
                         "geometry":  {
                                          "type":  "Point",
                                          "coordinates":  [
                                                              20.69063,
                                                              41.50196,
                                                              0.0
                                                          ]
                                      }
                     },
                     {
                         "type":  "Feature",
                         "properties":  {
                                            "Name":  "#-10",
                                            "description":  "\u003cdiv dir=\u0027rtl\u0027 style=\u0027font-family:Arial;\u0027\u003e\u003cb\u003eשם:\u003c/b\u003e שי אוקנין\u003cbr/\u003e\u003cb\u003eאתר:\u003c/b\u003e \u003cbr/\u003e\u003cb\u003eתאריך:\u003c/b\u003e 15-10-2025\u003cbr/\u003e\u003cb\u003eID:\u003c/b\u003e 2396\u003cbr/\u003e\u003cb\u003eFB:\u003c/b\u003e \u003ca href=\u0027https://www.facebook.com/groups/beshvil.yael/posts/3780881685538288\u0027\u003ehttps://www.facebook.com/groups/beshvil.yael/posts/3780881685538288\u003c/a\u003e\u003cbr/\u003e\u003cbr/\u003e\u003cimg src=\u0027https://drive.google.com/uc?export=view\u0026amp;id=1KIv4WInXdCaeEP0gQvfzwMpY7wkfIgqz\u0027 width=\u0027450\u0027/\u003e\u003cbr/\u003e\u003c/div\u003e",
                                            "tessellate":  -1,
                                            "extrude":  0,
                                            "visibility":  -1
                                        },
                         "geometry":  {
                                          "type":  "Point",
                                          "coordinates":  [
                                                              14.08716,
                                                              46.39294,
                                                              0.0
                                                          ]
                                      }
                     },
                     {
                         "type":  "Feature",
                         "properties":  {
                                            "Name":  "#-14",
                                            "description":  "\u003cdiv dir=\u0027rtl\u0027 style=\u0027font-family:Arial;\u0027\u003e\u003cb\u003eשם:\u003c/b\u003e אמיר לב\u003cbr/\u003e\u003cb\u003eאתר:\u003c/b\u003e צ\u0027יראן\u003cbr/\u003e\u003cb\u003eתאריך:\u003c/b\u003e 04-10-2025\u003cbr/\u003e\u003cb\u003eID:\u003c/b\u003e 2156\u003cbr/\u003e\u003cb\u003eFB:\u003c/b\u003e \u003ca href=\u0027https://www.facebook.com/groups/beshvil.yael/posts/3769276473365476\u0027\u003ehttps://www.facebook.com/groups/beshvil.yael/posts/3769276473365476\u003c/a\u003e\u003cbr/\u003e\u003cbr/\u003e\u003cimg src=\u0027https://drive.google.com/uc?export=view\u0026amp;id=11z6WNA1N-XZWmy9iCzsEdkX7cd_iEDJE\u0027 width=\u0027450\u0027/\u003e\u003cbr/\u003e\u003c/div\u003e",
                                            "tessellate":  -1,
                                            "extrude":  0,
                                            "visibility":  -1
                                        },
                         "geometry":  {
                                          "type":  "Point",
                                          "coordinates":  [
                                                              130.4326,
                                                              31.3638,
                                                              0.0
                                                          ]
                                      }
                     },
                     {
                         "type":  "Feature",
                         "properties":  {
                                            "Name":  "#-33",
                                            "description":  "\u003cdiv dir=\u0027rtl\u0027 style=\u0027font-family:Arial;\u0027\u003e\u003cb\u003eשם:\u003c/b\u003e מגאלי מיטלפונקט לב\u003cbr/\u003e\u003cb\u003eאתר:\u003c/b\u003e בודפשט\u003cbr/\u003e\u003cb\u003eתאריך:\u003c/b\u003e 16-05-2025\u003cbr/\u003e\u003cb\u003eID:\u003c/b\u003e 543\u003cbr/\u003e\u003cb\u003eFB:\u003c/b\u003e \u003ca href=\u0027https://www.facebook.com/groups/3235176716775457/posts/3643078269318631/\u0027\u003ehttps://www.facebook.com/groups/3235176716775457/posts/3643078269318631/\u003c/a\u003e\u003cbr/\u003e\u003cbr/\u003e\u003cimg src=\u0027https://drive.google.com/uc?export=view\u0026amp;id=1Y6o3kz6a9FHlazGFh9peHwak3rch5HzE\u0027 width=\u0027450\u0027/\u003e\u003cbr/\u003e\u003c/div\u003e",
                                            "tessellate":  -1,
                                            "extrude":  0,
                                            "visibility":  -1
                                        },
                         "geometry":  {
                                          "type":  "Point",
                                          "coordinates":  [
                                                              19.0448015,
                                                              47.5039274,
                                                              0.0
                                                          ]
                                      }
                     },
                     {
                         "type":  "Feature",
                         "properties":  {
                                            "Name":  "#-40",
                                            "description":  "\u003cdiv dir=\u0027rtl\u0027 style=\u0027font-family:Arial;\u0027\u003e\u003cb\u003eשם:\u003c/b\u003e גיא זיו\u003cbr/\u003e\u003cb\u003eאתר:\u003c/b\u003e \u003cbr/\u003e\u003cb\u003eתאריך:\u003c/b\u003e 08-04-2025\u003cbr/\u003e\u003cb\u003eID:\u003c/b\u003e 670\u003cbr/\u003e\u003cb\u003eFB:\u003c/b\u003e \u003ca href=\u0027https://www.facebook.com/groups/3235176716775457/permalink/3607917652834693/\u0027\u003ehttps://www.facebook.com/groups/3235176716775457/permalink/3607917652834693/\u003c/a\u003e\u003cbr/\u003e\u003cbr/\u003e\u003cimg src=\u0027https://drive.google.com/uc?export=view\u0026amp;id=1nMT7SC9DVh6y5ilac6WCfxufAkO_NTtf\u0027 width=\u0027450\u0027/\u003e\u003cbr/\u003e\u003c/div\u003e",
                                            "tessellate":  -1,
                                            "extrude":  0,
                                            "visibility":  -1
                                        },
                         "geometry":  {
                                          "type":  "Point",
                                          "coordinates":  [
                                                              -119.6532129,
                                                              34.7645601,
                                                              0.0
                                                          ]
                                      }
                     },
                     {
                         "type":  "Feature",
                         "properties":  {
                                            "Name":  "#-40",
                                            "description":  "\u003cdiv dir=\u0027rtl\u0027 style=\u0027font-family:Arial;\u0027\u003e\u003cb\u003eשם:\u003c/b\u003e גיא זיו\u003cbr/\u003e\u003cb\u003eאתר:\u003c/b\u003e מדבר בלק רוק\u003cbr/\u003e\u003cb\u003eתאריך:\u003c/b\u003e 05-09-2025\u003cbr/\u003e\u003cb\u003eID:\u003c/b\u003e 1746\u003cbr/\u003e\u003cb\u003eFB:\u003c/b\u003e \u003ca href=\u0027https://www.facebook.com/reel/3656110011356721\u0027\u003ehttps://www.facebook.com/reel/3656110011356721\u003c/a\u003e\u003cbr/\u003e\u003cbr/\u003e\u003cimg src=\u0027https://drive.google.com/uc?export=view\u0026amp;id=1oV4K-SjFBJAyaZsml5ZzeFSLsm9bhqPu\u0027 width=\u0027450\u0027/\u003e\u003cbr/\u003e\u003c/div\u003e",
                                            "tessellate":  -1,
                                            "extrude":  0,
                                            "visibility":  -1
                                        },
                         "geometry":  {
                                          "type":  "Point",
                                          "coordinates":  [
                                                              -119.056096,
                                                              40.9087546,
                                                              0.0
                                                          ]
                                      }
                     },
                     {
                         "type":  "Feature",
                         "properties":  {
                                            "Name":  "#-44",
                                            "description":  "\u003cdiv dir=\u0027rtl\u0027 style=\u0027font-family:Arial;\u0027\u003e\u003cb\u003eשם:\u003c/b\u003e נוגה פריטל\u003cbr/\u003e\u003cb\u003eאתר:\u003c/b\u003e ברילוצ\u0027ה\u003cbr/\u003e\u003cb\u003eתאריך:\u003c/b\u003e 22-05-2025\u003cbr/\u003e\u003cb\u003eID:\u003c/b\u003e 711\u003cbr/\u003e\u003cb\u003eFB:\u003c/b\u003e \u003ca href=\u0027https://www.facebook.com/groups/3235176716775457/posts/3648306708795787/\u0027\u003ehttps://www.facebook.com/groups/3235176716775457/posts/3648306708795787/\u003c/a\u003e\u003cbr/\u003e\u003cbr/\u003e\u003cimg src=\u0027https://drive.google.com/uc?export=view\u0026amp;id=1sQJBG2U5c_5Wx1PVc5FZrvPVT_hsNLfP\u0027 width=\u0027450\u0027/\u003e\u003cbr/\u003e\u003c/div\u003e",
                                            "tessellate":  -1,
                                            "extrude":  0,
                                            "visibility":  -1
                                        },
                         "geometry":  {
                                          "type":  "Point",
                                          "coordinates":  [
                                                              -71.3102778,
                                                              -41.1334722,
                                                              0.0
                                                          ]
                                      }
                     },
                     {
                         "type":  "Feature",
                         "properties":  {
                                            "Name":  "#-45",
                                            "description":  "\u003cdiv dir=\u0027rtl\u0027 style=\u0027font-family:Arial;\u0027\u003e\u003cb\u003eשם:\u003c/b\u003e ניצה שוהם\u003cbr/\u003e\u003cb\u003eאתר:\u003c/b\u003e \u003cbr/\u003e\u003cb\u003eתאריך:\u003c/b\u003e 11-07-2025\u003cbr/\u003e\u003cb\u003eID:\u003c/b\u003e 1151\u003cbr/\u003e\u003cb\u003eFB:\u003c/b\u003e \u003ca href=\u0027https://www.facebook.com/groups/beshvil.yael/posts/3690732944553163/\u0027\u003ehttps://www.facebook.com/groups/beshvil.yael/posts/3690732944553163/\u003c/a\u003e\u003cbr/\u003e\u003cbr/\u003e\u003cimg src=\u0027https://drive.google.com/uc?export=view\u0026amp;id=17tXxRW50KEMR4K5gfkDiE5_ko6-Yqo8t\u0027 width=\u0027450\u0027/\u003e\u003cbr/\u003e\u003c/div\u003e",
                                            "tessellate":  -1,
                                            "extrude":  0,
                                            "visibility":  -1
                                        },
                         "geometry":  {
                                          "type":  "Point",
                                          "coordinates":  [
                                                              101.1219621,
                                                              47.3939829,
                                                              0.0
                                                          ]
                                      }
                     },
                     {
                         "type":  "Feature",
                         "properties":  {
                                            "Name":  "#-49",
                                            "description":  "\u003cdiv dir=\u0027rtl\u0027 style=\u0027font-family:Arial;\u0027\u003e\u003cb\u003eשם:\u003c/b\u003e כוכב סואס\u003cbr/\u003e\u003cb\u003eאתר:\u003c/b\u003e מרכז\u003cbr/\u003e\u003cb\u003eתאריך:\u003c/b\u003e 23-05-2025\u003cbr/\u003e\u003cb\u003eID:\u003c/b\u003e 747\u003cbr/\u003e\u003cb\u003eFB:\u003c/b\u003e \u003ca href=\u0027https://www.facebook.com/groups/3235176716775457/posts/3648806215412503/\u0027\u003ehttps://www.facebook.com/groups/3235176716775457/posts/3648806215412503/\u003c/a\u003e\u003cbr/\u003e\u003cbr/\u003e\u003cimg src=\u0027https://drive.google.com/uc?export=view\u0026amp;id=1zGJLclHGw21TQhpheW4TTbFPyz4vQ1kd\u0027 width=\u0027450\u0027/\u003e\u003cbr/\u003e\u003c/div\u003e",
                                            "tessellate":  -1,
                                            "extrude":  0,
                                            "visibility":  -1
                                        },
                         "geometry":  {
                                          "type":  "Point",
                                          "coordinates":  [
                                                              4.9017454,
                                                              52.3624113,
                                                              0.0
                                                          ]
                                      }
                     },
                     {
                         "type":  "Feature",
                         "properties":  {
                                            "Name":  "#-49",
                                            "description":  "\u003cdiv dir=\u0027rtl\u0027 style=\u0027font-family:Arial;\u0027\u003e\u003cb\u003eשם:\u003c/b\u003e כוכב סואס\u003cbr/\u003e\u003cb\u003eאתר:\u003c/b\u003e לונדון\u003cbr/\u003e\u003cb\u003eתאריך:\u003c/b\u003e 17-10-2025\u003cbr/\u003e\u003cb\u003eID:\u003c/b\u003e 2412\u003cbr/\u003e\u003cb\u003eFB:\u003c/b\u003e \u003ca href=\u0027https://www.facebook.com/groups/beshvil.yael/posts/3781897918769998\u0027\u003ehttps://www.facebook.com/groups/beshvil.yael/posts/3781897918769998\u003c/a\u003e\u003cbr/\u003e\u003cbr/\u003e\u003cimg src=\u0027https://drive.google.com/uc?export=view\u0026amp;id=1kEex_hLSBGNI3M7YGGZKrgjULNjwLJ1p\u0027 width=\u0027450\u0027/\u003e\u003cbr/\u003e\u003c/div\u003e",
                                            "tessellate":  -1,
                                            "extrude":  0,
                                            "visibility":  -1
                                        },
                         "geometry":  {
                                          "type":  "Point",
                                          "coordinates":  [
                                                              -0.06715,
                                                              51.46619,
                                                              0.0
                                                          ]
                                      }
                     },
                     {
                         "type":  "Feature",
                         "properties":  {
                                            "Name":  "#-54",
                                            "description":  "\u003cdiv dir=\u0027rtl\u0027 style=\u0027font-family:Arial;\u0027\u003e\u003cb\u003eשם:\u003c/b\u003e ליליה לאשר\u003cbr/\u003e\u003cb\u003eאתר:\u003c/b\u003e \u003cbr/\u003e\u003cb\u003eתאריך:\u003c/b\u003e 28-05-2025\u003cbr/\u003e\u003cb\u003eID:\u003c/b\u003e 802\u003cbr/\u003e\u003cb\u003eFB:\u003c/b\u003e \u003ca href=\u0027https://www.facebook.com/groups/3235176716775457/posts/3652973188329139/\u0027\u003ehttps://www.facebook.com/groups/3235176716775457/posts/3652973188329139/\u003c/a\u003e\u003cbr/\u003e\u003cbr/\u003e\u003cimg src=\u0027https://drive.google.com/uc?export=view\u0026amp;id=1OIRXoD6I7pIeKIUHLjrIT52threv9kvL\u0027 width=\u0027450\u0027/\u003e\u003cbr/\u003e\u003c/div\u003e",
                                            "tessellate":  -1,
                                            "extrude":  0,
                                            "visibility":  -1
                                        },
                         "geometry":  {
                                          "type":  "Point",
                                          "coordinates":  [
                                                              -74.0464745,
                                                              40.6900792,
                                                              0.0
                                                          ]
                                      }
                     },
                     {
                         "type":  "Feature",
                         "properties":  {
                                            "Name":  "#-56",
                                            "description":  "\u003cdiv dir=\u0027rtl\u0027 style=\u0027font-family:Arial;\u0027\u003e\u003cb\u003eשם:\u003c/b\u003e איתמר גרוס\u003cbr/\u003e\u003cb\u003eאתר:\u003c/b\u003e הרי הבלקן\u003cbr/\u003e\u003cb\u003eתאריך:\u003c/b\u003e 30-05-2025\u003cbr/\u003e\u003cb\u003eID:\u003c/b\u003e 824\u003cbr/\u003e\u003cb\u003eFB:\u003c/b\u003e \u003ca href=\u0027https://www.facebook.com/groups/3235176716775457/posts/3654924031467388/\u0027\u003ehttps://www.facebook.com/groups/3235176716775457/posts/3654924031467388/\u003c/a\u003e\u003cbr/\u003e\u003cbr/\u003e\u003cimg src=\u0027https://drive.google.com/uc?export=view\u0026amp;id=1SYgUmhi8YtFbnumohUI4R391iY8Ns91M\u0027 width=\u0027450\u0027/\u003e\u003cbr/\u003e\u003c/div\u003e",
                                            "tessellate":  -1,
                                            "extrude":  0,
                                            "visibility":  -1
                                        },
                         "geometry":  {
                                          "type":  "Point",
                                          "coordinates":  [
                                                              20.75126,
                                                              40.00161,
                                                              0.0
                                                          ]
                                      }
                     },
                     {
                         "type":  "Feature",
                         "properties":  {
                                            "Name":  "#-59",
                                            "description":  "\u003cdiv dir=\u0027rtl\u0027 style=\u0027font-family:Arial;\u0027\u003e\u003cb\u003eשם:\u003c/b\u003e גילי שם טוב\u003cbr/\u003e\u003cb\u003eאתר:\u003c/b\u003e \u003cbr/\u003e\u003cb\u003eתאריך:\u003c/b\u003e 31-05-2025\u003cbr/\u003e\u003cb\u003eID:\u003c/b\u003e 839\u003cbr/\u003e\u003cb\u003eFB:\u003c/b\u003e \u003ca href=\u0027https://www.facebook.com/groups/3235176716775457/posts/3655571058069352/\u0027\u003ehttps://www.facebook.com/groups/3235176716775457/posts/3655571058069352/\u003c/a\u003e\u003cbr/\u003e\u003cbr/\u003e\u003cimg src=\u0027https://drive.google.com/uc?export=view\u0026amp;id=1GQ4lXiilh8JHJdLqtREdqwRiT1kKsW4d\u0027 width=\u0027450\u0027/\u003e\u003cbr/\u003e\u003c/div\u003e",
                                            "tessellate":  -1,
                                            "extrude":  0,
                                            "visibility":  -1
                                        },
                         "geometry":  {
                                          "type":  "Point",
                                          "coordinates":  [
                                                              19.03168,
                                                              42.75273,
                                                              0.0
                                                          ]
                                      }
                     },
                     {
                         "type":  "Feature",
                         "properties":  {
                                            "Name":  "#-61",
                                            "description":  "\u003cdiv dir=\u0027rtl\u0027 style=\u0027font-family:Arial;\u0027\u003e\u003cb\u003eשם:\u003c/b\u003e שולי ראקט\u003cbr/\u003e\u003cb\u003eאתר:\u003c/b\u003e קמינו דה סנטיאגו\u003cbr/\u003e\u003cb\u003eתאריך:\u003c/b\u003e 02-06-2025\u003cbr/\u003e\u003cb\u003eID:\u003c/b\u003e 888\u003cbr/\u003e\u003cb\u003eFB:\u003c/b\u003e \u003ca href=\u0027https://www.facebook.com/groups/3235176716775457/posts/3657581014535023/\u0027\u003ehttps://www.facebook.com/groups/3235176716775457/posts/3657581014535023/\u003c/a\u003e\u003cbr/\u003e\u003cbr/\u003e\u003cimg src=\u0027https://drive.google.com/uc?export=view\u0026amp;id=1sOLFCsv6_6ySZ688lSsrhJSh_5L3FmdC\u0027 width=\u0027450\u0027/\u003e\u003cbr/\u003e\u003c/div\u003e",
                                            "tessellate":  -1,
                                            "extrude":  0,
                                            "visibility":  -1
                                        },
                         "geometry":  {
                                          "type":  "Point",
                                          "coordinates":  [
                                                              -2.97532,
                                                              43.23137,
                                                              0.0
                                                          ]
                                      }
                     },
                     {
                         "type":  "Feature",
                         "properties":  {
                                            "Name":  "#-64",
                                            "description":  "\u003cdiv dir=\u0027rtl\u0027 style=\u0027font-family:Arial;\u0027\u003e\u003cb\u003eשם:\u003c/b\u003e מיטל שי\u003cbr/\u003e\u003cb\u003eאתר:\u003c/b\u003e צ\u0027ינקווה טרה\u003cbr/\u003e\u003cb\u003eתאריך:\u003c/b\u003e 04-06-2025\u003cbr/\u003e\u003cb\u003eID:\u003c/b\u003e 915\u003cbr/\u003e\u003cb\u003eFB:\u003c/b\u003e \u003ca href=\u0027https://www.facebook.com/groups/3235176716775457/posts/3659189494374175/\u0027\u003ehttps://www.facebook.com/groups/3235176716775457/posts/3659189494374175/\u003c/a\u003e\u003cbr/\u003e\u003cbr/\u003e\u003cimg src=\u0027https://drive.google.com/uc?export=view\u0026amp;id=14xI6sOV_3JOf5HEnNVRK3kKrsxUPVDXU\u0027 width=\u0027450\u0027/\u003e\u003cbr/\u003e\u003c/div\u003e",
                                            "tessellate":  -1,
                                            "extrude":  0,
                                            "visibility":  -1
                                        },
                         "geometry":  {
                                          "type":  "Point",
                                          "coordinates":  [
                                                              9.6458859,
                                                              44.1473558,
                                                              0.0
                                                          ]
                                      }
                     },
                     {
                         "type":  "Feature",
                         "properties":  {
                                            "Name":  "#-67",
                                            "description":  "\u003cdiv dir=\u0027rtl\u0027 style=\u0027font-family:Arial;\u0027\u003e\u003cb\u003eשם:\u003c/b\u003e עינת לייטרסדורף\u003cbr/\u003e\u003cb\u003eאתר:\u003c/b\u003e \u003cbr/\u003e\u003cb\u003eתאריך:\u003c/b\u003e 07-06-2025\u003cbr/\u003e\u003cb\u003eID:\u003c/b\u003e 946\u003cbr/\u003e\u003cb\u003eFB:\u003c/b\u003e \u003ca href=\u0027https://www.facebook.com/groups/3235176716775457/posts/3661745834118541/\u0027\u003ehttps://www.facebook.com/groups/3235176716775457/posts/3661745834118541/\u003c/a\u003e\u003cbr/\u003e\u003cbr/\u003e\u003cimg src=\u0027https://drive.google.com/uc?export=view\u0026amp;id=1yBSYR1bWal5ghMC4eq7SnS684li8ydEr\u0027 width=\u0027450\u0027/\u003e\u003cbr/\u003e\u003c/div\u003e",
                                            "tessellate":  -1,
                                            "extrude":  0,
                                            "visibility":  -1
                                        },
                         "geometry":  {
                                          "type":  "Point",
                                          "coordinates":  [
                                                              19.1840464,
                                                              42.8839647,
                                                              0.0
                                                          ]
                                      }
                     },
                     {
                         "type":  "Feature",
                         "properties":  {
                                            "Name":  "#-71",
                                            "description":  "\u003cdiv dir=\u0027rtl\u0027 style=\u0027font-family:Arial;\u0027\u003e\u003cb\u003eשם:\u003c/b\u003e שרון לביא\u003cbr/\u003e\u003cb\u003eאתר:\u003c/b\u003e סיני\u003cbr/\u003e\u003cb\u003eתאריך:\u003c/b\u003e 12-06-2025\u003cbr/\u003e\u003cb\u003eID:\u003c/b\u003e 1014\u003cbr/\u003e\u003cb\u003eFB:\u003c/b\u003e \u003ca href=\u0027https://www.facebook.com/groups/beshvil.yael/posts/3667694626856995/\u0027\u003ehttps://www.facebook.com/groups/beshvil.yael/posts/3667694626856995/\u003c/a\u003e\u003cbr/\u003e\u003cbr/\u003e\u003cimg src=\u0027https://drive.google.com/uc?export=view\u0026amp;id=1x79Pu79tm_WpV4NaTNIvXlJbOKoLG_ur\u0027 width=\u0027450\u0027/\u003e\u003cbr/\u003e\u003c/div\u003e",
                                            "tessellate":  -1,
                                            "extrude":  0,
                                            "visibility":  -1
                                        },
                         "geometry":  {
                                          "type":  "Point",
                                          "coordinates":  [
                                                              33.976048,
                                                              28.5559484,
                                                              0.0
                                                          ]
                                      }
                     },
                     {
                         "type":  "Feature",
                         "properties":  {
                                            "Name":  "#-75",
                                            "description":  "\u003cdiv dir=\u0027rtl\u0027 style=\u0027font-family:Arial;\u0027\u003e\u003cb\u003eשם:\u003c/b\u003e אלמוני\u003cbr/\u003e\u003cb\u003eאתר:\u003c/b\u003e אלסקה\u003cbr/\u003e\u003cb\u003eתאריך:\u003c/b\u003e 19-06-2025\u003cbr/\u003e\u003cb\u003eID:\u003c/b\u003e 1036\u003cbr/\u003e\u003cbr/\u003e\u003cimg src=\u0027https://drive.google.com/uc?export=view\u0026amp;id=16qnpjLCtaIePJGh1wQpLixD1r2KRb8CI\u0027 width=\u0027450\u0027/\u003e\u003cbr/\u003e\u003c/div\u003e",
                                            "tessellate":  -1,
                                            "extrude":  0,
                                            "visibility":  -1
                                        },
                         "geometry":  {
                                          "type":  "Point",
                                          "coordinates":  [
                                                              -156.9791592,
                                                              63.9847741,
                                                              0.0
                                                          ]
                                      }
                     },
                     {
                         "type":  "Feature",
                         "properties":  {
                                            "Name":  "#-77",
                                            "description":  "\u003cdiv dir=\u0027rtl\u0027 style=\u0027font-family:Arial;\u0027\u003e\u003cb\u003eשם:\u003c/b\u003e פזית שפט\u003cbr/\u003e\u003cb\u003eאתר:\u003c/b\u003e אנסי\u003cbr/\u003e\u003cb\u003eתאריך:\u003c/b\u003e 25-06-2025\u003cbr/\u003e\u003cb\u003eID:\u003c/b\u003e 1056\u003cbr/\u003e\u003cb\u003eFB:\u003c/b\u003e \u003ca href=\u0027https://www.facebook.com/groups/beshvil.yael/posts/3677109745915483/\u0027\u003ehttps://www.facebook.com/groups/beshvil.yael/posts/3677109745915483/\u003c/a\u003e\u003cbr/\u003e\u003cbr/\u003e\u003cimg src=\u0027https://drive.google.com/uc?export=view\u0026amp;id=1QCXn06fnwv2vDdECF_fFCn8Da4T-BcDv\u0027 width=\u0027450\u0027/\u003e\u003cbr/\u003e\u003c/div\u003e",
                                            "tessellate":  -1,
                                            "extrude":  0,
                                            "visibility":  -1
                                        },
                         "geometry":  {
                                          "type":  "Point",
                                          "coordinates":  [
                                                              6.1259513,
                                                              45.8961419,
                                                              0.0
                                                          ]
                                      }
                     },
                     {
                         "type":  "Feature",
                         "properties":  {
                                            "Name":  "#-77",
                                            "description":  "\u003cdiv dir=\u0027rtl\u0027 style=\u0027font-family:Arial;\u0027\u003e\u003cb\u003eשם:\u003c/b\u003e פזית שפט\u003cbr/\u003e\u003cb\u003eאתר:\u003c/b\u003e סובב מון בלאן\u003cbr/\u003e\u003cb\u003eתאריך:\u003c/b\u003e 04-08-2025\u003cbr/\u003e\u003cb\u003eID:\u003c/b\u003e 1389\u003cbr/\u003e\u003cb\u003eFB:\u003c/b\u003e \u003ca href=\u0027https://www.facebook.com/groups/beshvil.yael/posts/3711781025781688/\u0027\u003ehttps://www.facebook.com/groups/beshvil.yael/posts/3711781025781688/\u003c/a\u003e\u003cbr/\u003e\u003cbr/\u003e\u003cimg src=\u0027https://drive.google.com/uc?export=view\u0026amp;id=1uq6bC4iozYg0-ippYrAnAAh2nFiAjm6T\u0027 width=\u0027450\u0027/\u003e\u003cbr/\u003e\u003c/div\u003e",
                                            "tessellate":  -1,
                                            "extrude":  0,
                                            "visibility":  -1
                                        },
                         "geometry":  {
                                          "type":  "Point",
                                          "coordinates":  [
                                                              6.8072479,
                                                              45.8232445,
                                                              0.0
                                                          ]
                                      }
                     },
                     {
                         "type":  "Feature",
                         "properties":  {
                                            "Name":  "#-79",
                                            "description":  "\u003cdiv dir=\u0027rtl\u0027 style=\u0027font-family:Arial;\u0027\u003e\u003cb\u003eשם:\u003c/b\u003e דני דנון\u003cbr/\u003e\u003cb\u003eאתר:\u003c/b\u003e קמינו דה סנטיאגו דה קמפוסטלה\u003cbr/\u003e\u003cb\u003eתאריך:\u003c/b\u003e 02-07-2025\u003cbr/\u003e\u003cb\u003eID:\u003c/b\u003e 1083\u003cbr/\u003e\u003cb\u003eFB:\u003c/b\u003e \u003ca href=\u0027https://www.facebook.com/groups/beshvil.yael/posts/3683580071935117/\u0027\u003ehttps://www.facebook.com/groups/beshvil.yael/posts/3683580071935117/\u003c/a\u003e\u003cbr/\u003e\u003cbr/\u003e\u003cimg src=\u0027https://drive.google.com/uc?export=view\u0026amp;id=1WX6buGsRaLKQ7v-_FROmCyHVuW6_C_KU\u0027 width=\u0027450\u0027/\u003e\u003cbr/\u003e\u003c/div\u003e",
                                            "tessellate":  -1,
                                            "extrude":  0,
                                            "visibility":  -1
                                        },
                         "geometry":  {
                                          "type":  "Point",
                                          "coordinates":  [
                                                              -8.5443954,
                                                              42.880688,
                                                              0.0
                                                          ]
                                      }
                     },
                     {
                         "type":  "Feature",
                         "properties":  {
                                            "Name":  "#-80",
                                            "description":  "\u003cdiv dir=\u0027rtl\u0027 style=\u0027font-family:Arial;\u0027\u003e\u003cb\u003eשם:\u003c/b\u003e רוי מורג\u003cbr/\u003e\u003cb\u003eאתר:\u003c/b\u003e חוף סנשיין\u003cbr/\u003e\u003cb\u003eתאריך:\u003c/b\u003e 05-07-2025\u003cbr/\u003e\u003cb\u003eID:\u003c/b\u003e 1098\u003cbr/\u003e\u003cb\u003eFB:\u003c/b\u003e \u003ca href=\u0027https://www.facebook.com/groups/beshvil.yael/posts/3685533535073104\u0027\u003ehttps://www.facebook.com/groups/beshvil.yael/posts/3685533535073104\u003c/a\u003e\u003cbr/\u003e\u003cbr/\u003e\u003cimg src=\u0027https://drive.google.com/uc?export=view\u0026amp;id=1jXmpXPu8NkXNBQycngAMruODoskcE7pS\u0027 width=\u0027450\u0027/\u003e\u003cbr/\u003e\u003c/div\u003e",
                                            "tessellate":  -1,
                                            "extrude":  0,
                                            "visibility":  -1
                                        },
                         "geometry":  {
                                          "type":  "Point",
                                          "coordinates":  [
                                                              153.102238199999988,
                                                              -26.4041711,
                                                              0.0
                                                          ]
                                      }
                     },
                     {
                         "type":  "Feature",
                         "properties":  {
                                            "Name":  "#-80",
                                            "description":  "\u003cdiv dir=\u0027rtl\u0027 style=\u0027font-family:Arial;\u0027\u003e\u003cb\u003eשם:\u003c/b\u003e רוי מורג\u003cbr/\u003e\u003cb\u003eאתר:\u003c/b\u003e נימבין\u003cbr/\u003e\u003cb\u003eתאריך:\u003c/b\u003e 16-08-2025\u003cbr/\u003e\u003cb\u003eID:\u003c/b\u003e 1554\u003cbr/\u003e\u003cb\u003eFB:\u003c/b\u003e \u003ca href=\u0027https://www.facebook.com/groups/beshvil.yael/posts/3717788541847603/\u0027\u003ehttps://www.facebook.com/groups/beshvil.yael/posts/3717788541847603/\u003c/a\u003e\u003cbr/\u003e\u003cbr/\u003e\u003cimg src=\u0027https://drive.google.com/uc?export=view\u0026amp;id=1QJsaJXi0eA0ZCwmoNlAXCDZ1cLLtPUkF\u0027 width=\u0027450\u0027/\u003e\u003cbr/\u003e\u003c/div\u003e",
                                            "tessellate":  -1,
                                            "extrude":  0,
                                            "visibility":  -1
                                        },
                         "geometry":  {
                                          "type":  "Point",
                                          "coordinates":  [
                                                              153.2041054,
                                                              -28.5946174,
                                                              0.0
                                                          ]
                                      }
                     },
                     {
                         "type":  "Feature",
                         "properties":  {
                                            "Name":  "#-80",
                                            "description":  "\u003cdiv dir=\u0027rtl\u0027 style=\u0027font-family:Arial;\u0027\u003e\u003cb\u003eשם:\u003c/b\u003e רוי מורג\u003cbr/\u003e\u003cb\u003eאתר:\u003c/b\u003e חוף סאנשיין\u003cbr/\u003e\u003cb\u003eתאריך:\u003c/b\u003e 12-09-2025\u003cbr/\u003e\u003cb\u003eID:\u003c/b\u003e 1852\u003cbr/\u003e\u003cb\u003eFB:\u003c/b\u003e \u003ca href=\u0027https://www.facebook.com/groups/beshvil.yael/posts/3748129998813457/\u0027\u003ehttps://www.facebook.com/groups/beshvil.yael/posts/3748129998813457/\u003c/a\u003e\u003cbr/\u003e\u003cbr/\u003e\u003cimg src=\u0027https://drive.google.com/uc?export=view\u0026amp;id=14aS4s2piTx_L8rQqK0uwI1REipdvinvK\u0027 width=\u0027450\u0027/\u003e\u003cbr/\u003e\u003c/div\u003e",
                                            "tessellate":  -1,
                                            "extrude":  0,
                                            "visibility":  -1
                                        },
                         "geometry":  {
                                          "type":  "Point",
                                          "coordinates":  [
                                                              153.11253,
                                                              -26.4039,
                                                              0.0
                                                          ]
                                      }
                     },
                     {
                         "type":  "Feature",
                         "properties":  {
                                            "Name":  "#-82",
                                            "description":  "\u003cdiv dir=\u0027rtl\u0027 style=\u0027font-family:Arial;\u0027\u003e\u003cb\u003eשם:\u003c/b\u003e מיכל שור דוד\u003cbr/\u003e\u003cb\u003eאתר:\u003c/b\u003e מון בלאן\u003cbr/\u003e\u003cb\u003eתאריך:\u003c/b\u003e 13-07-2025\u003cbr/\u003e\u003cb\u003eID:\u003c/b\u003e 1174\u003cbr/\u003e\u003cb\u003eFB:\u003c/b\u003e \u003ca href=\u0027https://www.facebook.com/groups/beshvil.yael/posts/3692373421055782/\u0027\u003ehttps://www.facebook.com/groups/beshvil.yael/posts/3692373421055782/\u003c/a\u003e\u003cbr/\u003e\u003cbr/\u003e\u003cimg src=\u0027https://drive.google.com/uc?export=view\u0026amp;id=1k_1g29PtyUxu5loIblgq4q-wJypdo3MA\u0027 width=\u0027450\u0027/\u003e\u003cbr/\u003e\u003c/div\u003e",
                                            "tessellate":  -1,
                                            "extrude":  0,
                                            "visibility":  -1
                                        },
                         "geometry":  {
                                          "type":  "Point",
                                          "coordinates":  [
                                                              6.86517,
                                                              45.8331,
                                                              0.0
                                                          ]
                                      }
                     },
                     {
                         "type":  "Feature",
                         "properties":  {
                                            "Name":  "#-83",
                                            "description":  "\u003cdiv dir=\u0027rtl\u0027 style=\u0027font-family:Arial;\u0027\u003e\u003cb\u003eשם:\u003c/b\u003e רננה עדני\u003cbr/\u003e\u003cb\u003eאתר:\u003c/b\u003e השביל הצרפתי בקמינו דה סנטיאגו\u003cbr/\u003e\u003cb\u003eתאריך:\u003c/b\u003e 14-07-2025\u003cbr/\u003e\u003cb\u003eID:\u003c/b\u003e 1187\u003cbr/\u003e\u003cb\u003eFB:\u003c/b\u003e \u003ca href=\u0027https://www.facebook.com/groups/beshvil.yael/posts/3694072287552562/\u0027\u003ehttps://www.facebook.com/groups/beshvil.yael/posts/3694072287552562/\u003c/a\u003e\u003cbr/\u003e\u003cbr/\u003e\u003cimg src=\u0027https://drive.google.com/uc?export=view\u0026amp;id=1uML4vK35yi22HI6G3pmiUH5dkCJNSQo0\u0027 width=\u0027450\u0027/\u003e\u003cbr/\u003e\u003c/div\u003e",
                                            "tessellate":  -1,
                                            "extrude":  0,
                                            "visibility":  -1
                                        },
                         "geometry":  {
                                          "type":  "Point",
                                          "coordinates":  [
                                                              -1.24188,
                                                              43.15913,
                                                              0.0
                                                          ]
                                      }
                     },
                     {
                         "type":  "Feature",
                         "properties":  {
                                            "Name":  "#-84",
                                            "description":  "\u003cdiv dir=\u0027rtl\u0027 style=\u0027font-family:Arial;\u0027\u003e\u003cb\u003eשם:\u003c/b\u003e נורית פלד שמואלי\u003cbr/\u003e\u003cb\u003eאתר:\u003c/b\u003e מפורטו לסנטיאגו דה קומפוסטלה\u003cbr/\u003e\u003cb\u003eתאריך:\u003c/b\u003e 15-07-2025\u003cbr/\u003e\u003cb\u003eID:\u003c/b\u003e 1188\u003cbr/\u003e\u003cb\u003eFB:\u003c/b\u003e \u003ca href=\u0027https://www.facebook.com/groups/beshvil.yael/posts/3694137410879383/\u0027\u003ehttps://www.facebook.com/groups/beshvil.yael/posts/3694137410879383/\u003c/a\u003e\u003cbr/\u003e\u003cbr/\u003e\u003cimg src=\u0027https://drive.google.com/uc?export=view\u0026amp;id=1ib1cd6_sBLhlvh9j0XG0IvE_RLlB11o0\u0027 width=\u0027450\u0027/\u003e\u003cbr/\u003e\u003c/div\u003e",
                                            "tessellate":  -1,
                                            "extrude":  0,
                                            "visibility":  -1
                                        },
                         "geometry":  {
                                          "type":  "Point",
                                          "coordinates":  [
                                                              -8.6316802,
                                                              41.1501891,
                                                              0.0
                                                          ]
                                      }
                     },
                     {
                         "type":  "Feature",
                         "properties":  {
                                            "Name":  "#-85",
                                            "description":  "\u003cdiv dir=\u0027rtl\u0027 style=\u0027font-family:Arial;\u0027\u003e\u003cb\u003eשם:\u003c/b\u003e רוקמים\\ות נרות נשמה\u003cbr/\u003e\u003cb\u003eאתר:\u003c/b\u003e סובבב אגם בלד\u003cbr/\u003e\u003cb\u003eתאריך:\u003c/b\u003e 16-07-2025\u003cbr/\u003e\u003cb\u003eID:\u003c/b\u003e 1202\u003cbr/\u003e\u003cb\u003eFB:\u003c/b\u003e \u003ca href=\u0027https://www.facebook.com/groups/beshvil.yael/posts/3695660127393778\u0027\u003ehttps://www.facebook.com/groups/beshvil.yael/posts/3695660127393778\u003c/a\u003e\u003cbr/\u003e\u003cbr/\u003e\u003cimg src=\u0027https://drive.google.com/uc?export=view\u0026amp;id=1Eq94uGkntLhv0xytp-IjwIPxVWuEtGyu\u0027 width=\u0027450\u0027/\u003e\u003cbr/\u003e\u003c/div\u003e",
                                            "tessellate":  -1,
                                            "extrude":  0,
                                            "visibility":  -1
                                        },
                         "geometry":  {
                                          "type":  "Point",
                                          "coordinates":  [
                                                              14.0901146,
                                                              46.3579413,
                                                              0.0
                                                          ]
                                      }
                     },
                     {
                         "type":  "Feature",
                         "properties":  {
                                            "Name":  "#-87",
                                            "description":  "\u003cdiv dir=\u0027rtl\u0027 style=\u0027font-family:Arial;\u0027\u003e\u003cb\u003eשם:\u003c/b\u003e תמילי סגל קרייף\u003cbr/\u003e\u003cb\u003eאתר:\u003c/b\u003e Appemzell\u003cbr/\u003e\u003cb\u003eתאריך:\u003c/b\u003e 17-07-2025\u003cbr/\u003e\u003cb\u003eID:\u003c/b\u003e 1216\u003cbr/\u003e\u003cb\u003eFB:\u003c/b\u003e \u003ca href=\u0027https://www.facebook.com/groups/beshvil.yael/posts/3696408423985615\u0027\u003ehttps://www.facebook.com/groups/beshvil.yael/posts/3696408423985615\u003c/a\u003e\u003cbr/\u003e\u003cbr/\u003e\u003cimg src=\u0027https://drive.google.com/uc?export=view\u0026amp;id=1VYyCHr7HM9YxXStdb8c7fgSUzu3jYxCa\u0027 width=\u0027450\u0027/\u003e\u003cbr/\u003e\u003c/div\u003e",
                                            "tessellate":  -1,
                                            "extrude":  0,
                                            "visibility":  -1
                                        },
                         "geometry":  {
                                          "type":  "Point",
                                          "coordinates":  [
                                                              9.3932044,
                                                              47.33563,
                                                              0.0
                                                          ]
                                      }
                     },
                     {
                         "type":  "Feature",
                         "properties":  {
                                            "Name":  "#-88",
                                            "description":  "\u003cdiv dir=\u0027rtl\u0027 style=\u0027font-family:Arial;\u0027\u003e\u003cb\u003eשם:\u003c/b\u003e קרן\u003cbr/\u003e\u003cb\u003eאתר:\u003c/b\u003e סובב מון בלאן\u003cbr/\u003e\u003cb\u003eתאריך:\u003c/b\u003e 17-07-2025\u003cbr/\u003e\u003cb\u003eID:\u003c/b\u003e 1212\u003cbr/\u003e\u003cb\u003eFB:\u003c/b\u003e \u003ca href=\u0027https://www.facebook.com/groups/beshvil.yael/posts/3696138450679279/\u0027\u003ehttps://www.facebook.com/groups/beshvil.yael/posts/3696138450679279/\u003c/a\u003e\u003cbr/\u003e\u003cbr/\u003e\u003cimg src=\u0027https://drive.google.com/uc?export=view\u0026amp;id=1RmOEGR5UQ1QL1vim2FCGTPgYlDeERX_q\u0027 width=\u0027450\u0027/\u003e\u003cbr/\u003e\u003c/div\u003e",
                                            "tessellate":  -1,
                                            "extrude":  0,
                                            "visibility":  -1
                                        },
                         "geometry":  {
                                          "type":  "Point",
                                          "coordinates":  [
                                                              6.8656,
                                                              45.83289,
                                                              0.0
                                                          ]
                                      }
                     },
                     {
                         "type":  "Feature",
                         "properties":  {
                                            "Name":  "#-89",
                                            "description":  "\u003cdiv dir=\u0027rtl\u0027 style=\u0027font-family:Arial;\u0027\u003e\u003cb\u003eשם:\u003c/b\u003e איתן בר הדס\u003cbr/\u003e\u003cb\u003eאתר:\u003c/b\u003e בלקן\u003cbr/\u003e\u003cb\u003eתאריך:\u003c/b\u003e 19-07-2025\u003cbr/\u003e\u003cb\u003eID:\u003c/b\u003e 1240\u003cbr/\u003e\u003cb\u003eFB:\u003c/b\u003e \u003ca href=\u0027https://www.facebook.com/groups/beshvil.yael/posts/3698033537156437\u0027\u003ehttps://www.facebook.com/groups/beshvil.yael/posts/3698033537156437\u003c/a\u003e\u003cbr/\u003e\u003cbr/\u003e\u003cimg src=\u0027https://drive.google.com/uc?export=view\u0026amp;id=10QYwn2-qYqvIJpd_MFI7w-kKFmiiQahe\u0027 width=\u0027450\u0027/\u003e\u003cbr/\u003e\u003c/div\u003e",
                                            "tessellate":  -1,
                                            "extrude":  0,
                                            "visibility":  -1
                                        },
                         "geometry":  {
                                          "type":  "Point",
                                          "coordinates":  [
                                                              43.02059,
                                                              42.91689,
                                                              0.0
                                                          ]
                                      }
                     },
                     {
                         "type":  "Feature",
                         "properties":  {
                                            "Name":  "#-90",
                                            "description":  "\u003cdiv dir=\u0027rtl\u0027 style=\u0027font-family:Arial;\u0027\u003e\u003cb\u003eשם:\u003c/b\u003e רם שבס\u003cbr/\u003e\u003cb\u003eאתר:\u003c/b\u003e ימת המלח\u003cbr/\u003e\u003cb\u003eתאריך:\u003c/b\u003e 19-07-2025\u003cbr/\u003e\u003cb\u003eID:\u003c/b\u003e 1247\u003cbr/\u003e\u003cb\u003eFB:\u003c/b\u003e \u003ca href=\u0027https://www.facebook.com/groups/beshvil.yael/posts/3698345410458583/\u0027\u003ehttps://www.facebook.com/groups/beshvil.yael/posts/3698345410458583/\u003c/a\u003e\u003cbr/\u003e\u003cbr/\u003e\u003cimg src=\u0027https://drive.google.com/uc?export=view\u0026amp;id=13qy8cl-J2S1zjkimDWZR-iX6EisHxAYZ\u0027 width=\u0027450\u0027/\u003e\u003cbr/\u003e\u003c/div\u003e",
                                            "tessellate":  -1,
                                            "extrude":  0,
                                            "visibility":  -1
                                        },
                         "geometry":  {
                                          "type":  "Point",
                                          "coordinates":  [
                                                              -112.8584235,
                                                              41.149122,
                                                              0.0
                                                          ]
                                      }
                     },
                     {
                         "type":  "Feature",
                         "properties":  {
                                            "Name":  "#-91",
                                            "description":  "\u003cdiv dir=\u0027rtl\u0027 style=\u0027font-family:Arial;\u0027\u003e\u003cb\u003eשם:\u003c/b\u003e נעמי ברגמן\u003cbr/\u003e\u003cb\u003eאתר:\u003c/b\u003e טרק מסטיה אושגולי\u003cbr/\u003e\u003cb\u003eתאריך:\u003c/b\u003e 20-07-2025\u003cbr/\u003e\u003cb\u003eID:\u003c/b\u003e 1257\u003cbr/\u003e\u003cb\u003eFB:\u003c/b\u003e \u003ca href=\u0027https://www.facebook.com/groups/beshvil.yael/posts/3699146007045190/\u0027\u003ehttps://www.facebook.com/groups/beshvil.yael/posts/3699146007045190/\u003c/a\u003e\u003cbr/\u003e\u003cbr/\u003e\u003cimg src=\u0027https://drive.google.com/uc?export=view\u0026amp;id=1aI-EUeb-LUokW5Q-YST_gQCcmYgNOtkV\u0027 width=\u0027450\u0027/\u003e\u003cbr/\u003e\u003c/div\u003e",
                                            "tessellate":  -1,
                                            "extrude":  0,
                                            "visibility":  -1
                                        },
                         "geometry":  {
                                          "type":  "Point",
                                          "coordinates":  [
                                                              43.02059,
                                                              42.91689,
                                                              0.0
                                                          ]
                                      }
                     },
                     {
                         "type":  "Feature",
                         "properties":  {
                                            "Name":  "#-93",
                                            "description":  "\u003cdiv dir=\u0027rtl\u0027 style=\u0027font-family:Arial;\u0027\u003e\u003cb\u003eשם:\u003c/b\u003e רותם פרי\u003cbr/\u003e\u003cb\u003eאתר:\u003c/b\u003e Lake Ashi\u003cbr/\u003e\u003cb\u003eתאריך:\u003c/b\u003e 25-07-2025\u003cbr/\u003e\u003cb\u003eID:\u003c/b\u003e 1296\u003cbr/\u003e\u003cb\u003eFB:\u003c/b\u003e \u003ca href=\u0027https://www.facebook.com/groups/beshvil.yael/posts/3703095636650227/\u0027\u003ehttps://www.facebook.com/groups/beshvil.yael/posts/3703095636650227/\u003c/a\u003e\u003cbr/\u003e\u003cbr/\u003e\u003cimg src=\u0027https://drive.google.com/uc?export=view\u0026amp;id=17p6BWwgxI6GXP1w-Vp4d21PwtRSMGtzG\u0027 width=\u0027450\u0027/\u003e\u003cbr/\u003e\u003c/div\u003e",
                                            "tessellate":  -1,
                                            "extrude":  0,
                                            "visibility":  -1
                                        },
                         "geometry":  {
                                          "type":  "Point",
                                          "coordinates":  [
                                                              138.9876697,
                                                              35.2057806,
                                                              0.0
                                                          ]
                                      }
                     },
                     {
                         "type":  "Feature",
                         "properties":  {
                                            "Name":  "#-97",
                                            "description":  "\u003cdiv dir=\u0027rtl\u0027 style=\u0027font-family:Arial;\u0027\u003e\u003cb\u003eשם:\u003c/b\u003e ליאור חורי\u003cbr/\u003e\u003cb\u003eאתר:\u003c/b\u003e Lindos\u003cbr/\u003e\u003cb\u003eתאריך:\u003c/b\u003e 31-07-2025\u003cbr/\u003e\u003cb\u003eID:\u003c/b\u003e 1348\u003cbr/\u003e\u003cb\u003eFB:\u003c/b\u003e \u003ca href=\u0027https://www.facebook.com/groups/beshvil.yael/posts/3708465932779864\u0027\u003ehttps://www.facebook.com/groups/beshvil.yael/posts/3708465932779864\u003c/a\u003e\u003cbr/\u003e\u003cbr/\u003e\u003cimg src=\u0027https://drive.google.com/uc?export=view\u0026amp;id=10Xno4LNGLWOw0zVaFppT7Iw9beN2bYiF\u0027 width=\u0027450\u0027/\u003e\u003cbr/\u003e\u003c/div\u003e",
                                            "tessellate":  -1,
                                            "extrude":  0,
                                            "visibility":  -1
                                        },
                         "geometry":  {
                                          "type":  "Point",
                                          "coordinates":  [
                                                              28.1028309,
                                                              36.1040528,
                                                              0.0
                                                          ]
                                      }
                     },
                     {
                         "type":  "Feature",
                         "properties":  {
                                            "Name":  "#-99",
                                            "description":  "\u003cdiv dir=\u0027rtl\u0027 style=\u0027font-family:Arial;\u0027\u003e\u003cb\u003eשם:\u003c/b\u003e ניצן גרנות\u003cbr/\u003e\u003cb\u003eאתר:\u003c/b\u003e לוך נס\u003cbr/\u003e\u003cb\u003eתאריך:\u003c/b\u003e 11-08-2025\u003cbr/\u003e\u003cb\u003eID:\u003c/b\u003e 1500\u003cbr/\u003e\u003cb\u003eFB:\u003c/b\u003e \u003ca href=\u0027https://www.facebook.com/groups/beshvil.yael/posts/3718905475069243/\u0027\u003ehttps://www.facebook.com/groups/beshvil.yael/posts/3718905475069243/\u003c/a\u003e\u003cbr/\u003e\u003cbr/\u003e\u003cimg src=\u0027https://drive.google.com/uc?export=view\u0026amp;id=1t0R1ifoCj5jXCiFQc7nvWjlkDJezQMnx\u0027 width=\u0027450\u0027/\u003e\u003cbr/\u003e\u003c/div\u003e",
                                            "tessellate":  -1,
                                            "extrude":  0,
                                            "visibility":  -1
                                        },
                         "geometry":  {
                                          "type":  "Point",
                                          "coordinates":  [
                                                              -4.66332,
                                                              57.12661,
                                                              0.0
                                                          ]
                                      }
                     },
                     {
                         "type":  "Feature",
                         "properties":  {
                                            "Name":  "#-99",
                                            "description":  "\u003cdiv dir=\u0027rtl\u0027 style=\u0027font-family:Arial;\u0027\u003e\u003cb\u003eשם:\u003c/b\u003e ניצן גרנות\u003cbr/\u003e\u003cb\u003eאתר:\u003c/b\u003e \u003cbr/\u003e\u003cb\u003eתאריך:\u003c/b\u003e 13-08-2025\u003cbr/\u003e\u003cb\u003eID:\u003c/b\u003e 1514\u003cbr/\u003e\u003cb\u003eFB:\u003c/b\u003e \u003ca href=\u0027https://www.facebook.com/groups/beshvil.yael/posts/3719954434964347\u0027\u003ehttps://www.facebook.com/groups/beshvil.yael/posts/3719954434964347\u003c/a\u003e\u003cbr/\u003e\u003cbr/\u003e\u003cimg src=\u0027https://drive.google.com/uc?export=view\u0026amp;id=1USc7kAtDw_VePY1jjmYz85yxe-L20uem\u0027 width=\u0027450\u0027/\u003e\u003cbr/\u003e\u003c/div\u003e",
                                            "tessellate":  -1,
                                            "extrude":  0,
                                            "visibility":  -1
                                        },
                         "geometry":  {
                                          "type":  "Point",
                                          "coordinates":  [
                                                              -3.1477695,
                                                              55.7695158,
                                                              0.0
                                                          ]
                                      }
                     },
                     {
                         "type":  "Feature",
                         "properties":  {
                                            "Name":  "#-101",
                                            "description":  "\u003cdiv dir=\u0027rtl\u0027 style=\u0027font-family:Arial;\u0027\u003e\u003cb\u003eשם:\u003c/b\u003e יודפת מורגנטאלר\u003cbr/\u003e\u003cb\u003eאתר:\u003c/b\u003e \u003cbr/\u003e\u003cb\u003eתאריך:\u003c/b\u003e 19-09-2025\u003cbr/\u003e\u003cb\u003eID:\u003c/b\u003e 1942\u003cbr/\u003e\u003cb\u003eFB:\u003c/b\u003e \u003ca href=\u0027https://www.facebook.com/groups/beshvil.yael/posts/3754288921530898/\u0027\u003ehttps://www.facebook.com/groups/beshvil.yael/posts/3754288921530898/\u003c/a\u003e\u003cbr/\u003e\u003cbr/\u003e\u003cimg src=\u0027https://drive.google.com/uc?export=view\u0026amp;id=10THxsY7chDAqpGoAl8fueZoSwSOEnVHc\u0027 width=\u0027450\u0027/\u003e\u003cbr/\u003e\u003c/div\u003e",
                                            "tessellate":  -1,
                                            "extrude":  0,
                                            "visibility":  -1
                                        },
                         "geometry":  {
                                          "type":  "Point",
                                          "coordinates":  [
                                                              9.07912,
                                                              46.03764,
                                                              0.0
                                                          ]
                                      }
                     },
                     {
                         "type":  "Feature",
                         "properties":  {
                                            "Name":  "#-101",
                                            "description":  "\u003cdiv dir=\u0027rtl\u0027 style=\u0027font-family:Arial;\u0027\u003e\u003cb\u003eשם:\u003c/b\u003e יודפת מורגנטאלר\u003cbr/\u003e\u003cb\u003eאתר:\u003c/b\u003e אנדרטת הנעלים\u003cbr/\u003e\u003cb\u003eתאריך:\u003c/b\u003e 21-10-2025\u003cbr/\u003e\u003cb\u003eID:\u003c/b\u003e 2479\u003cbr/\u003e\u003cb\u003eFB:\u003c/b\u003e \u003ca href=\u0027https://www.facebook.com/groups/beshvil.yael/posts/3786845988275191/\u0027\u003ehttps://www.facebook.com/groups/beshvil.yael/posts/3786845988275191/\u003c/a\u003e\u003cbr/\u003e\u003cbr/\u003e\u003cimg src=\u0027https://drive.google.com/uc?export=view\u0026amp;id=1brh0XAjEgmFXW-jwtZJc95jX8mXCB3vE\u0027 width=\u0027450\u0027/\u003e\u003cbr/\u003e\u003c/div\u003e",
                                            "tessellate":  -1,
                                            "extrude":  0,
                                            "visibility":  -1
                                        },
                         "geometry":  {
                                          "type":  "Point",
                                          "coordinates":  [
                                                              19.04472,
                                                              47.50408,
                                                              0.0
                                                          ]
                                      }
                     },
                     {
                         "type":  "Feature",
                         "properties":  {
                                            "Name":  "#-104",
                                            "description":  "\u003cdiv dir=\u0027rtl\u0027 style=\u0027font-family:Arial;\u0027\u003e\u003cb\u003eשם:\u003c/b\u003e יעל דן\u003cbr/\u003e\u003cb\u003eאתר:\u003c/b\u003e הפסגה החמישית בגובהה 952 מ\u0027\u003cbr/\u003e\u003cb\u003eתאריך:\u003c/b\u003e 17-08-2025\u003cbr/\u003e\u003cb\u003eID:\u003c/b\u003e 1570\u003cbr/\u003e\u003cb\u003eFB:\u003c/b\u003e \u003ca href=\u0027https://www.facebook.com/groups/beshvil.yael/posts/3724635231162934/\u0027\u003ehttps://www.facebook.com/groups/beshvil.yael/posts/3724635231162934/\u003c/a\u003e\u003cbr/\u003e\u003cbr/\u003e\u003cimg src=\u0027https://drive.google.com/uc?export=view\u0026amp;id=1JtsXOQdgO8Sz-J6OU2ubNPpClvVAR_BI\u0027 width=\u0027450\u0027/\u003e\u003cbr/\u003e\u003c/div\u003e",
                                            "tessellate":  -1,
                                            "extrude":  0,
                                            "visibility":  -1
                                        },
                         "geometry":  {
                                          "type":  "Point",
                                          "coordinates":  [
                                                              -10.2547334,
                                                              52.2353432,
                                                              0.0
                                                          ]
                                      }
                     },
                     {
                         "type":  "Feature",
                         "properties":  {
                                            "Name":  "#-104",
                                            "description":  "\u003cdiv dir=\u0027rtl\u0027 style=\u0027font-family:Arial;\u0027\u003e\u003cb\u003eשם:\u003c/b\u003e יעל דן\u003cbr/\u003e\u003cb\u003eאתר:\u003c/b\u003e Gleniff horseshoe\u003cbr/\u003e\u003cb\u003eתאריך:\u003c/b\u003e 07-05-2026\u003cbr/\u003e\u003cb\u003eID:\u003c/b\u003e 4371\u003cbr/\u003e\u003cb\u003eFB:\u003c/b\u003e \u003ca href=\u0027https://www.facebook.com/groups/beshvil.yael/posts/3964764580483330/\u0027\u003ehttps://www.facebook.com/groups/beshvil.yael/posts/3964764580483330/\u003c/a\u003e\u003cbr/\u003e\u003cbr/\u003e\u003cimg src=\u0027https://drive.google.com/uc?export=view\u0026amp;id=1jOBIAgJ0o1z-q-SkaloX2ccL-JAKMAoc\u0027 width=\u0027450\u0027/\u003e\u003cbr/\u003e\u003c/div\u003e",
                                            "tessellate":  -1,
                                            "extrude":  0,
                                            "visibility":  -1
                                        },
                         "geometry":  {
                                          "type":  "Point",
                                          "coordinates":  [
                                                              -8.41514,
                                                              54.37119,
                                                              0.0
                                                          ]
                                      }
                     },
                     {
                         "type":  "Feature",
                         "properties":  {
                                            "Name":  "#-106",
                                            "description":  "\u003cdiv dir=\u0027rtl\u0027 style=\u0027font-family:Arial;\u0027\u003e\u003cb\u003eשם:\u003c/b\u003e אריאל לוי\u003cbr/\u003e\u003cb\u003eאתר:\u003c/b\u003e הר הגעש Teida\u003cbr/\u003e\u003cb\u003eתאריך:\u003c/b\u003e 19-08-2025\u003cbr/\u003e\u003cb\u003eID:\u003c/b\u003e 1591\u003cbr/\u003e\u003cb\u003eFB:\u003c/b\u003e \u003ca href=\u0027https://www.facebook.com/groups/beshvil.yael/posts/3726240524335738\u0027\u003ehttps://www.facebook.com/groups/beshvil.yael/posts/3726240524335738\u003c/a\u003e\u003cbr/\u003e\u003cbr/\u003e\u003cimg src=\u0027https://drive.google.com/uc?export=view\u0026amp;id=1rq4cpOByII6b1jyMnwG3vnbqgOB1wwEh\u0027 width=\u0027450\u0027/\u003e\u003cbr/\u003e\u003c/div\u003e",
                                            "tessellate":  -1,
                                            "extrude":  0,
                                            "visibility":  -1
                                        },
                         "geometry":  {
                                          "type":  "Point",
                                          "coordinates":  [
                                                              -16.7019112,
                                                              28.2407732,
                                                              0.0
                                                          ]
                                      }
                     },
                     {
                         "type":  "Feature",
                         "properties":  {
                                            "Name":  "#-107",
                                            "description":  "\u003cdiv dir=\u0027rtl\u0027 style=\u0027font-family:Arial;\u0027\u003e\u003cb\u003eשם:\u003c/b\u003e קרן הראל\u003cbr/\u003e\u003cb\u003eאתר:\u003c/b\u003e ברייס קניון\u003cbr/\u003e\u003cb\u003eתאריך:\u003c/b\u003e 20-08-2025\u003cbr/\u003e\u003cb\u003eID:\u003c/b\u003e 1598\u003cbr/\u003e\u003cb\u003eFB:\u003c/b\u003e \u003ca href=\u0027https://www.facebook.com/groups/beshvil.yael/posts/3726743367618787/\u0027\u003ehttps://www.facebook.com/groups/beshvil.yael/posts/3726743367618787/\u003c/a\u003e\u003cbr/\u003e\u003cbr/\u003e\u003cimg src=\u0027https://drive.google.com/uc?export=view\u0026amp;id=1wjBrjBcTl07qpQhMJIMms0Wd78rwuuHQ\u0027 width=\u0027450\u0027/\u003e\u003cbr/\u003e\u003c/div\u003e",
                                            "tessellate":  -1,
                                            "extrude":  0,
                                            "visibility":  -1
                                        },
                         "geometry":  {
                                          "type":  "Point",
                                          "coordinates":  [
                                                              -112.18708,
                                                              37.59303,
                                                              0.0
                                                          ]
                                      }
                     },
                     {
                         "type":  "Feature",
                         "properties":  {
                                            "Name":  "#-108",
                                            "description":  "\u003cdiv dir=\u0027rtl\u0027 style=\u0027font-family:Arial;\u0027\u003e\u003cb\u003eשם:\u003c/b\u003e עדי אורן ספדי\u003cbr/\u003e\u003cb\u003eאתר:\u003c/b\u003e Olpererhut\u003cbr/\u003e\u003cb\u003eתאריך:\u003c/b\u003e 20-08-2025\u003cbr/\u003e\u003cb\u003eID:\u003c/b\u003e 1604\u003cbr/\u003e\u003cb\u003eFB:\u003c/b\u003e \u003ca href=\u0027https://www.facebook.com/groups/beshvil.yael/posts/3726962990930158/\u0027\u003ehttps://www.facebook.com/groups/beshvil.yael/posts/3726962990930158/\u003c/a\u003e\u003cbr/\u003e\u003cbr/\u003e\u003cimg src=\u0027https://drive.google.com/uc?export=view\u0026amp;id=1s2Jm3Drix4WB2OQvx_w7fm-r1O--9fvu\u0027 width=\u0027450\u0027/\u003e\u003cbr/\u003e\u003c/div\u003e",
                                            "tessellate":  -1,
                                            "extrude":  0,
                                            "visibility":  -1
                                        },
                         "geometry":  {
                                          "type":  "Point",
                                          "coordinates":  [
                                                              11.688526,
                                                              47.041753,
                                                              0.0
                                                          ]
                                      }
                     },
                     {
                         "type":  "Feature",
                         "properties":  {
                                            "Name":  "#-109",
                                            "description":  "\u003cdiv dir=\u0027rtl\u0027 style=\u0027font-family:Arial;\u0027\u003e\u003cb\u003eשם:\u003c/b\u003e ורד יוסף\u003cbr/\u003e\u003cb\u003eאתר:\u003c/b\u003e Pasarelas de Alquézar\u003cbr/\u003e\u003cb\u003eתאריך:\u003c/b\u003e 21-08-2025\u003cbr/\u003e\u003cb\u003eID:\u003c/b\u003e 1609\u003cbr/\u003e\u003cb\u003eFB:\u003c/b\u003e \u003ca href=\u0027https://www.facebook.com/groups/beshvil.yael/posts/3727619620864495/\u0027\u003ehttps://www.facebook.com/groups/beshvil.yael/posts/3727619620864495/\u003c/a\u003e\u003cbr/\u003e\u003cbr/\u003e\u003cimg src=\u0027https://drive.google.com/uc?export=view\u0026amp;id=1Nof-Rx-XCGj8Vs8IOAV-L98iT6SfmwGO\u0027 width=\u0027450\u0027/\u003e\u003cbr/\u003e\u003c/div\u003e",
                                            "tessellate":  -1,
                                            "extrude":  0,
                                            "visibility":  -1
                                        },
                         "geometry":  {
                                          "type":  "Point",
                                          "coordinates":  [
                                                              0.0269743,
                                                              42.1731625,
                                                              0.0
                                                          ]
                                      }
                     },
                     {
                         "type":  "Feature",
                         "properties":  {
                                            "Name":  "#-110",
                                            "description":  "\u003cdiv dir=\u0027rtl\u0027 style=\u0027font-family:Arial;\u0027\u003e\u003cb\u003eשם:\u003c/b\u003e טל מימון\u003cbr/\u003e\u003cb\u003eאתר:\u003c/b\u003e שמורת לנדמלאוג\u003cbr/\u003e\u003cb\u003eתאריך:\u003c/b\u003e 22-08-2025\u003cbr/\u003e\u003cb\u003eID:\u003c/b\u003e 1617\u003cbr/\u003e\u003cb\u003eFB:\u003c/b\u003e \u003ca href=\u0027https://www.facebook.com/groups/beshvil.yael/posts/3728368694122921/\u0027\u003ehttps://www.facebook.com/groups/beshvil.yael/posts/3728368694122921/\u003c/a\u003e\u003cbr/\u003e\u003cbr/\u003e\u003cimg src=\u0027https://drive.google.com/uc?export=view\u0026amp;id=1GiPTfwAByYT4gLhYVkQtS3VjXKhyLSqv\u0027 width=\u0027450\u0027/\u003e\u003cbr/\u003e\u003c/div\u003e",
                                            "tessellate":  -1,
                                            "extrude":  0,
                                            "visibility":  -1
                                        },
                         "geometry":  {
                                          "type":  "Point",
                                          "coordinates":  [
                                                              -19.1650973,
                                                              64.0436869,
                                                              0.0
                                                          ]
                                      }
                     },
                     {
                         "type":  "Feature",
                         "properties":  {
                                            "Name":  "#-112",
                                            "description":  "\u003cdiv dir=\u0027rtl\u0027 style=\u0027font-family:Arial;\u0027\u003e\u003cb\u003eשם:\u003c/b\u003e אוקסנה אברמוב מיכין\u003cbr/\u003e\u003cb\u003eאתר:\u003c/b\u003e \u003cbr/\u003e\u003cb\u003eתאריך:\u003c/b\u003e 25-08-2025\u003cbr/\u003e\u003cb\u003eID:\u003c/b\u003e 1642\u003cbr/\u003e\u003cb\u003eFB:\u003c/b\u003e \u003ca href=\u0027https://www.facebook.com/groups/beshvil.yael/posts/3730683223891468/\u0027\u003ehttps://www.facebook.com/groups/beshvil.yael/posts/3730683223891468/\u003c/a\u003e\u003cbr/\u003e\u003cbr/\u003e\u003cimg src=\u0027https://drive.google.com/uc?export=view\u0026amp;id=19Mhzl-rFgOHVGza7100P3uj2d_QiSmT2\u0027 width=\u0027450\u0027/\u003e\u003cbr/\u003e\u003c/div\u003e",
                                            "tessellate":  -1,
                                            "extrude":  0,
                                            "visibility":  -1
                                        },
                         "geometry":  {
                                          "type":  "Point",
                                          "coordinates":  [
                                                              19.5033,
                                                              47.16249,
                                                              0.0
                                                          ]
                                      }
                     },
                     {
                         "type":  "Feature",
                         "properties":  {
                                            "Name":  "#-114",
                                            "description":  "\u003cdiv dir=\u0027rtl\u0027 style=\u0027font-family:Arial;\u0027\u003e\u003cb\u003eשם:\u003c/b\u003e טובי טל-עוזר\u003cbr/\u003e\u003cb\u003eאתר:\u003c/b\u003e קופנגן\u003cbr/\u003e\u003cb\u003eתאריך:\u003c/b\u003e 25-08-2025\u003cbr/\u003e\u003cb\u003eID:\u003c/b\u003e 1647\u003cbr/\u003e\u003cb\u003eFB:\u003c/b\u003e \u003ca href=\u0027https://www.facebook.com/groups/beshvil.yael/posts/3731322710494186/\u0027\u003ehttps://www.facebook.com/groups/beshvil.yael/posts/3731322710494186/\u003c/a\u003e\u003cbr/\u003e\u003cbr/\u003e\u003cimg src=\u0027https://drive.google.com/uc?export=view\u0026amp;id=1Shj-pRtbBVt8J3XpVUx_NiCIpqjzjGtc\u0027 width=\u0027450\u0027/\u003e\u003cbr/\u003e\u003c/div\u003e",
                                            "tessellate":  -1,
                                            "extrude":  0,
                                            "visibility":  -1
                                        },
                         "geometry":  {
                                          "type":  "Point",
                                          "coordinates":  [
                                                              99.9978,
                                                              9.73931,
                                                              0.0
                                                          ]
                                      }
                     },
                     {
                         "type":  "Feature",
                         "properties":  {
                                            "Name":  "#-115",
                                            "description":  "\u003cdiv dir=\u0027rtl\u0027 style=\u0027font-family:Arial;\u0027\u003e\u003cb\u003eשם:\u003c/b\u003e מורן כהן-שיף\u003cbr/\u003e\u003cb\u003eאתר:\u003c/b\u003e \u003cbr/\u003e\u003cb\u003eתאריך:\u003c/b\u003e 25-08-2025\u003cbr/\u003e\u003cb\u003eID:\u003c/b\u003e 1649\u003cbr/\u003e\u003cb\u003eFB:\u003c/b\u003e \u003ca href=\u0027https://www.facebook.com/groups/beshvil.yael/posts/3731474257145698/\u0027\u003ehttps://www.facebook.com/groups/beshvil.yael/posts/3731474257145698/\u003c/a\u003e\u003cbr/\u003e\u003cbr/\u003e\u003cimg src=\u0027https://drive.google.com/uc?export=view\u0026amp;id=1cnRKb23l5Zou8UBHhz5Pvwf8mtSXWtL1\u0027 width=\u0027450\u0027/\u003e\u003cbr/\u003e\u003c/div\u003e",
                                            "tessellate":  -1,
                                            "extrude":  0,
                                            "visibility":  -1
                                        },
                         "geometry":  {
                                          "type":  "Point",
                                          "coordinates":  [
                                                              20.8731448,
                                                              39.8568112,
                                                              0.0
                                                          ]
                                      }
                     },
                     {
                         "type":  "Feature",
                         "properties":  {
                                            "Name":  "#-116",
                                            "description":  "\u003cdiv dir=\u0027rtl\u0027 style=\u0027font-family:Arial;\u0027\u003e\u003cb\u003eשם:\u003c/b\u003e דניאל זמלר\u003cbr/\u003e\u003cb\u003eאתר:\u003c/b\u003e Parc national de la Vanoise‎‏.\u003cbr/\u003e\u003cb\u003eתאריך:\u003c/b\u003e 27-08-2025\u003cbr/\u003e\u003cb\u003eID:\u003c/b\u003e 1668\u003cbr/\u003e\u003cb\u003eFB:\u003c/b\u003e \u003ca href=\u0027https://www.facebook.com/groups/beshvil.yael/posts/3733766703583120/\u0027\u003ehttps://www.facebook.com/groups/beshvil.yael/posts/3733766703583120/\u003c/a\u003e\u003cbr/\u003e\u003cbr/\u003e\u003cimg src=\u0027https://drive.google.com/uc?export=view\u0026amp;id=1jUMXveuXBqDFtjgsXjdOUD1smKOwc3Kv\u0027 width=\u0027450\u0027/\u003e\u003cbr/\u003e\u003c/div\u003e",
                                            "tessellate":  -1,
                                            "extrude":  0,
                                            "visibility":  -1
                                        },
                         "geometry":  {
                                          "type":  "Point",
                                          "coordinates":  [
                                                              6.9156164,
                                                              45.3361832,
                                                              0.0
                                                          ]
                                      }
                     },
                     {
                         "type":  "Feature",
                         "properties":  {
                                            "Name":  "#-117",
                                            "description":  "\u003cdiv dir=\u0027rtl\u0027 style=\u0027font-family:Arial;\u0027\u003e\u003cb\u003eשם:\u003c/b\u003e אלה פריינטי לוי\u003cbr/\u003e\u003cb\u003eאתר:\u003c/b\u003e דורנשטיין\u003cbr/\u003e\u003cb\u003eתאריך:\u003c/b\u003e 29-08-2025\u003cbr/\u003e\u003cb\u003eID:\u003c/b\u003e 1691\u003cbr/\u003e\u003cb\u003eFB:\u003c/b\u003e \u003ca href=\u0027https://www.facebook.com/groups/beshvil.yael/posts/3735646003395190\u0027\u003ehttps://www.facebook.com/groups/beshvil.yael/posts/3735646003395190\u003c/a\u003e\u003cbr/\u003e\u003cbr/\u003e\u003cimg src=\u0027https://drive.google.com/uc?export=view\u0026amp;id=1KYKdCGp3qLK9E6waM5R2_3qhWzXw6-Ak\u0027 width=\u0027450\u0027/\u003e\u003cbr/\u003e\u003c/div\u003e",
                                            "tessellate":  -1,
                                            "extrude":  0,
                                            "visibility":  -1
                                        },
                         "geometry":  {
                                          "type":  "Point",
                                          "coordinates":  [
                                                              15.7749476,
                                                              48.4391688,
                                                              0.0
                                                          ]
                                      }
                     },
                     {
                         "type":  "Feature",
                         "properties":  {
                                            "Name":  "#-118",
                                            "description":  "\u003cdiv dir=\u0027rtl\u0027 style=\u0027font-family:Arial;\u0027\u003e\u003cb\u003eשם:\u003c/b\u003e יפעת יגר\u003cbr/\u003e\u003cb\u003eאתר:\u003c/b\u003e Murchsion Falls National Park\u003cbr/\u003e\u003cb\u003eתאריך:\u003c/b\u003e 17-09-2025\u003cbr/\u003e\u003cb\u003eID:\u003c/b\u003e 1910\u003cbr/\u003e\u003cb\u003eFB:\u003c/b\u003e \u003ca href=\u0027https://www.facebook.com/groups/beshvil.yael/posts/3752467718379685\u0027\u003ehttps://www.facebook.com/groups/beshvil.yael/posts/3752467718379685\u003c/a\u003e\u003cbr/\u003e\u003cbr/\u003e\u003cimg src=\u0027https://drive.google.com/uc?export=view\u0026amp;id=1lezPd1vXmMUFfSb6sM78Yq7LVWZvAREj\u0027 width=\u0027450\u0027/\u003e\u003cbr/\u003e\u003c/div\u003e",
                                            "tessellate":  -1,
                                            "extrude":  0,
                                            "visibility":  -1
                                        },
                         "geometry":  {
                                          "type":  "Point",
                                          "coordinates":  [
                                                              31.7877,
                                                              2.25593,
                                                              0.0
                                                          ]
                                      }
                     },
                     {
                         "type":  "Feature",
                         "properties":  {
                                            "Name":  "#-118",
                                            "description":  "\u003cdiv dir=\u0027rtl\u0027 style=\u0027font-family:Arial;\u0027\u003e\u003cb\u003eשם:\u003c/b\u003e יפעת יגר\u003cbr/\u003e\u003cb\u003eאתר:\u003c/b\u003e רובניימי\u003cbr/\u003e\u003cb\u003eתאריך:\u003c/b\u003e 14-02-2026\u003cbr/\u003e\u003cb\u003eID:\u003c/b\u003e 3712\u003cbr/\u003e\u003cb\u003eFB:\u003c/b\u003e \u003ca href=\u0027https://www.facebook.com/groups/beshvil.yael/posts/3890145694611886/\u0027\u003ehttps://www.facebook.com/groups/beshvil.yael/posts/3890145694611886/\u003c/a\u003e\u003cbr/\u003e\u003cbr/\u003e\u003cimg src=\u0027https://drive.google.com/uc?export=view\u0026amp;id=1VQdQf-LeX0xd4yYDmq4z1qfRHGXwRb3r\u0027 width=\u0027450\u0027/\u003e\u003cbr/\u003e\u003c/div\u003e",
                                            "tessellate":  -1,
                                            "extrude":  0,
                                            "visibility":  -1
                                        },
                         "geometry":  {
                                          "type":  "Point",
                                          "coordinates":  [
                                                              25.92198,
                                                              66.64803,
                                                              0.0
                                                          ]
                                      }
                     },
                     {
                         "type":  "Feature",
                         "properties":  {
                                            "Name":  "#-119",
                                            "description":  "\u003cdiv dir=\u0027rtl\u0027 style=\u0027font-family:Arial;\u0027\u003e\u003cb\u003eשם:\u003c/b\u003e אריק אקרמן\u003cbr/\u003e\u003cb\u003eאתר:\u003c/b\u003e \u003cbr/\u003e\u003cb\u003eתאריך:\u003c/b\u003e 31-08-2025\u003cbr/\u003e\u003cb\u003eID:\u003c/b\u003e 1711\u003cbr/\u003e\u003cb\u003eFB:\u003c/b\u003e \u003ca href=\u0027https://www.facebook.com/groups/beshvil.yael/posts/3737410003218790/\u0027\u003ehttps://www.facebook.com/groups/beshvil.yael/posts/3737410003218790/\u003c/a\u003e\u003cbr/\u003e\u003cbr/\u003e\u003cimg src=\u0027https://drive.google.com/uc?export=view\u0026amp;id=1yCP5DHEHppmnVRDtG0ejiRh9Pi3PXMYk\u0027 width=\u0027450\u0027/\u003e\u003cbr/\u003e\u003c/div\u003e",
                                            "tessellate":  -1,
                                            "extrude":  0,
                                            "visibility":  -1
                                        },
                         "geometry":  {
                                          "type":  "Point",
                                          "coordinates":  [
                                                              1.17696,
                                                              42.547,
                                                              0.0
                                                          ]
                                      }
                     },
                     {
                         "type":  "Feature",
                         "properties":  {
                                            "Name":  "#-120",
                                            "description":  "\u003cdiv dir=\u0027rtl\u0027 style=\u0027font-family:Arial;\u0027\u003e\u003cb\u003eשם:\u003c/b\u003e דיטסה קולקה\u003cbr/\u003e\u003cb\u003eאתר:\u003c/b\u003e שביל ג\u0027וליאנה\u003cbr/\u003e\u003cb\u003eתאריך:\u003c/b\u003e 24-08-2025\u003cbr/\u003e\u003cb\u003eID:\u003c/b\u003e 1643\u003cbr/\u003e\u003cb\u003eFB:\u003c/b\u003e \u003ca href=\u0027https://www.facebook.com/groups/beshvil.yael/posts/3730700520556405\u0027\u003ehttps://www.facebook.com/groups/beshvil.yael/posts/3730700520556405\u003c/a\u003e\u003cbr/\u003e\u003cbr/\u003e\u003cimg src=\u0027https://drive.google.com/uc?export=view\u0026amp;id=1M-eMX9GD07kxZsVtYVckVV29uv-p51sX\u0027 width=\u0027450\u0027/\u003e\u003cbr/\u003e\u003c/div\u003e",
                                            "tessellate":  -1,
                                            "extrude":  0,
                                            "visibility":  -1
                                        },
                         "geometry":  {
                                          "type":  "Point",
                                          "coordinates":  [
                                                              13.8114024,
                                                              46.3571628,
                                                              0.0
                                                          ]
                                      }
                     },
                     {
                         "type":  "Feature",
                         "properties":  {
                                            "Name":  "#-120",
                                            "description":  "\u003cdiv dir=\u0027rtl\u0027 style=\u0027font-family:Arial;\u0027\u003e\u003cb\u003eשם:\u003c/b\u003e דיטסה קולקה\u003cbr/\u003e\u003cb\u003eאתר:\u003c/b\u003e \u003cbr/\u003e\u003cb\u003eתאריך:\u003c/b\u003e 01-09-2025\u003cbr/\u003e\u003cb\u003eID:\u003c/b\u003e 1716\u003cbr/\u003e\u003cb\u003eFB:\u003c/b\u003e \u003ca href=\u0027https://www.facebook.com/groups/beshvil.yael/posts/3737716559854801/\u0027\u003ehttps://www.facebook.com/groups/beshvil.yael/posts/3737716559854801/\u003c/a\u003e\u003cbr/\u003e\u003cbr/\u003e\u003cimg src=\u0027https://drive.google.com/uc?export=view\u0026amp;id=1UIUid1AM8c3qHDG06NyFTL2luviAbZHm\u0027 width=\u0027450\u0027/\u003e\u003cbr/\u003e\u003c/div\u003e",
                                            "tessellate":  -1,
                                            "extrude":  0,
                                            "visibility":  -1
                                        },
                         "geometry":  {
                                          "type":  "Point",
                                          "coordinates":  [
                                                              15.0615328,
                                                              45.9952454,
                                                              0.0
                                                          ]
                                      }
                     },
                     {
                         "type":  "Feature",
                         "properties":  {
                                            "Name":  "#-120",
                                            "description":  "\u003cdiv dir=\u0027rtl\u0027 style=\u0027font-family:Arial;\u0027\u003e\u003cb\u003eשם:\u003c/b\u003e דיטסה קולקה\u003cbr/\u003e\u003cb\u003eאתר:\u003c/b\u003e \u003cbr/\u003e\u003cb\u003eתאריך:\u003c/b\u003e 09-09-2025\u003cbr/\u003e\u003cb\u003eID:\u003c/b\u003e 1813\u003cbr/\u003e\u003cb\u003eFB:\u003c/b\u003e \u003ca href=\u0027https://www.facebook.com/groups/beshvil.yael/posts/3745015675791556\u0027\u003ehttps://www.facebook.com/groups/beshvil.yael/posts/3745015675791556\u003c/a\u003e\u003cbr/\u003e\u003cbr/\u003e\u003cimg src=\u0027https://drive.google.com/uc?export=view\u0026amp;id=1hoN_uCuRBrN60H7B7duPGts2_emdW7cM\u0027 width=\u0027450\u0027/\u003e\u003cbr/\u003e\u003c/div\u003e",
                                            "tessellate":  -1,
                                            "extrude":  0,
                                            "visibility":  -1
                                        },
                         "geometry":  {
                                          "type":  "Point",
                                          "coordinates":  [
                                                              13.7386184,
                                                              46.3448423,
                                                              0.0
                                                          ]
                                      }
                     },
                     {
                         "type":  "Feature",
                         "properties":  {
                                            "Name":  "#-120",
                                            "description":  "\u003cdiv dir=\u0027rtl\u0027 style=\u0027font-family:Arial;\u0027\u003e\u003cb\u003eשם:\u003c/b\u003e דיטסה קולקה\u003cbr/\u003e\u003cb\u003eאתר:\u003c/b\u003e Aphrodite trail\u003cbr/\u003e\u003cb\u003eתאריך:\u003c/b\u003e 18-12-2025\u003cbr/\u003e\u003cb\u003eID:\u003c/b\u003e 3086\u003cbr/\u003e\u003cb\u003eFB:\u003c/b\u003e \u003ca href=\u0027https://www.facebook.com/groups/beshvil.yael/posts/3838832619743194\u0027\u003ehttps://www.facebook.com/groups/beshvil.yael/posts/3838832619743194\u003c/a\u003e\u003cbr/\u003e\u003cbr/\u003e\u003cimg src=\u0027https://drive.google.com/uc?export=view\u0026amp;id=1CQ2DzV3GqqhxPh3B81Uq6gsQgUk1m3wb\u0027 width=\u0027450\u0027/\u003e\u003cbr/\u003e\u003c/div\u003e",
                                            "tessellate":  -1,
                                            "extrude":  0,
                                            "visibility":  -1
                                        },
                         "geometry":  {
                                          "type":  "Point",
                                          "coordinates":  [
                                                              32.34537,
                                                              35.05589,
                                                              0.0
                                                          ]
                                      }
                     },
                     {
                         "type":  "Feature",
                         "properties":  {
                                            "Name":  "#-121",
                                            "description":  "\u003cdiv dir=\u0027rtl\u0027 style=\u0027font-family:Arial;\u0027\u003e\u003cb\u003eשם:\u003c/b\u003e בר בלישה\u003cbr/\u003e\u003cb\u003eאתר:\u003c/b\u003e Lone pine\u003cbr/\u003e\u003cb\u003eתאריך:\u003c/b\u003e 03-09-2025\u003cbr/\u003e\u003cb\u003eID:\u003c/b\u003e 1736\u003cbr/\u003e\u003cb\u003eFB:\u003c/b\u003e \u003ca href=\u0027https://www.facebook.com/groups/beshvil.yael/posts/3740060839620373/\u0027\u003ehttps://www.facebook.com/groups/beshvil.yael/posts/3740060839620373/\u003c/a\u003e\u003cbr/\u003e\u003cbr/\u003e\u003cimg src=\u0027https://drive.google.com/uc?export=view\u0026amp;id=1ziyMxgUjGnCgT5wgoxcXsWZgy0RtaNGA\u0027 width=\u0027450\u0027/\u003e\u003cbr/\u003e\u003c/div\u003e",
                                            "tessellate":  -1,
                                            "extrude":  0,
                                            "visibility":  -1
                                        },
                         "geometry":  {
                                          "type":  "Point",
                                          "coordinates":  [
                                                              -118.06989,
                                                              36.60741,
                                                              0.0
                                                          ]
                                      }
                     },
                     {
                         "type":  "Feature",
                         "properties":  {
                                            "Name":  "#-122",
                                            "description":  "\u003cdiv dir=\u0027rtl\u0027 style=\u0027font-family:Arial;\u0027\u003e\u003cb\u003eשם:\u003c/b\u003e יבגניה טרופ\u003cbr/\u003e\u003cb\u003eאתר:\u003c/b\u003e \u003cbr/\u003e\u003cb\u003eתאריך:\u003c/b\u003e 05-09-2025\u003cbr/\u003e\u003cb\u003eID:\u003c/b\u003e 1749\u003cbr/\u003e\u003cb\u003eFB:\u003c/b\u003e \u003ca href=\u0027https://www.facebook.com/groups/beshvil.yael/posts/3741281376164986/\u0027\u003ehttps://www.facebook.com/groups/beshvil.yael/posts/3741281376164986/\u003c/a\u003e\u003cbr/\u003e\u003cbr/\u003e\u003cimg src=\u0027https://drive.google.com/uc?export=view\u0026amp;id=1TzhOAoRlba5cUmmoR-npqvRyaDK3KggO\u0027 width=\u0027450\u0027/\u003e\u003cbr/\u003e\u003c/div\u003e",
                                            "tessellate":  -1,
                                            "extrude":  0,
                                            "visibility":  -1
                                        },
                         "geometry":  {
                                          "type":  "Point",
                                          "coordinates":  [
                                                              11.84442,
                                                              46.41025,
                                                              0.0
                                                          ]
                                      }
                     },
                     {
                         "type":  "Feature",
                         "properties":  {
                                            "Name":  "#-127",
                                            "description":  "\u003cdiv dir=\u0027rtl\u0027 style=\u0027font-family:Arial;\u0027\u003e\u003cb\u003eשם:\u003c/b\u003e מירי לוי\u003cbr/\u003e\u003cb\u003eאתר:\u003c/b\u003e פיצו פיצ\u003cbr/\u003e\u003cb\u003eתאריך:\u003c/b\u003e 06-09-2025\u003cbr/\u003e\u003cb\u003eID:\u003c/b\u003e 1792\u003cbr/\u003e\u003cb\u003eFB:\u003c/b\u003e \u003ca href=\u0027https://www.facebook.com/groups/beshvil.yael/posts/3742844916008632/\u0027\u003ehttps://www.facebook.com/groups/beshvil.yael/posts/3742844916008632/\u003c/a\u003e\u003cbr/\u003e\u003cbr/\u003e\u003cimg src=\u0027https://drive.google.com/uc?export=view\u0026amp;id=1EjgGsrZnRHtAbLXU1rLdcxbDrxLzv_Ds\u0027 width=\u0027450\u0027/\u003e\u003cbr/\u003e\u003c/div\u003e",
                                            "tessellate":  -1,
                                            "extrude":  0,
                                            "visibility":  -1
                                        },
                         "geometry":  {
                                          "type":  "Point",
                                          "coordinates":  [
                                                              -72.5464637,
                                                              -13.1628958,
                                                              0.0
                                                          ]
                                      }
                     },
                     {
                         "type":  "Feature",
                         "properties":  {
                                            "Name":  "#-128",
                                            "description":  "\u003cdiv dir=\u0027rtl\u0027 style=\u0027font-family:Arial;\u0027\u003e\u003cb\u003eשם:\u003c/b\u003e אסתי להב\u003cbr/\u003e\u003cb\u003eאתר:\u003c/b\u003e  ויה אלפינה\u003cbr/\u003e\u003cb\u003eתאריך:\u003c/b\u003e 10-09-2025\u003cbr/\u003e\u003cb\u003eID:\u003c/b\u003e 1826\u003cbr/\u003e\u003cb\u003eFB:\u003c/b\u003e \u003ca href=\u0027https://www.facebook.com/groups/beshvil.yael/posts/3745920755701048\u0027\u003ehttps://www.facebook.com/groups/beshvil.yael/posts/3745920755701048\u003c/a\u003e\u003cbr/\u003e\u003cbr/\u003e\u003cimg src=\u0027https://drive.google.com/uc?export=view\u0026amp;id=11xRiKfaE37ZfHM15Wi5mW3k0SfJuJntR\u0027 width=\u0027450\u0027/\u003e\u003cbr/\u003e\u003c/div\u003e",
                                            "tessellate":  -1,
                                            "extrude":  0,
                                            "visibility":  -1
                                        },
                         "geometry":  {
                                          "type":  "Point",
                                          "coordinates":  [
                                                              9.82583,
                                                              46.48937,
                                                              0.0
                                                          ]
                                      }
                     },
                     {
                         "type":  "Feature",
                         "properties":  {
                                            "Name":  "#-129",
                                            "description":  "\u003cdiv dir=\u0027rtl\u0027 style=\u0027font-family:Arial;\u0027\u003e\u003cb\u003eשם:\u003c/b\u003e טל חיימוביץ\u003cbr/\u003e\u003cb\u003eאתר:\u003c/b\u003e יער מלסי,\u003cbr/\u003e\u003cb\u003eתאריך:\u003c/b\u003e 11-09-2025\u003cbr/\u003e\u003cb\u003eID:\u003c/b\u003e 1834\u003cbr/\u003e\u003cb\u003eFB:\u003c/b\u003e \u003ca href=\u0027https://www.facebook.com/groups/beshvil.yael/posts/3746727465620377/\u0027\u003ehttps://www.facebook.com/groups/beshvil.yael/posts/3746727465620377/\u003c/a\u003e\u003cbr/\u003e\u003cbr/\u003e\u003cimg src=\u0027https://drive.google.com/uc?export=view\u0026amp;id=1rO69CxgDibzW3uFZhpAN4PgUllk8MXJG\u0027 width=\u0027450\u0027/\u003e\u003cbr/\u003e\u003c/div\u003e",
                                            "tessellate":  -1,
                                            "extrude":  0,
                                            "visibility":  -1
                                        },
                         "geometry":  {
                                          "type":  "Point",
                                          "coordinates":  [
                                                              78.0651508,
                                                              30.3164945,
                                                              0.0
                                                          ]
                                      }
                     },
                     {
                         "type":  "Feature",
                         "properties":  {
                                            "Name":  "#-130",
                                            "description":  "\u003cdiv dir=\u0027rtl\u0027 style=\u0027font-family:Arial;\u0027\u003e\u003cb\u003eשם:\u003c/b\u003e מיכל גולדשטיין\u003cbr/\u003e\u003cb\u003eאתר:\u003c/b\u003e מלצי׳ן פיק\u003cbr/\u003e\u003cb\u003eתאריך:\u003c/b\u003e 11-09-2025\u003cbr/\u003e\u003cb\u003eID:\u003c/b\u003e 1837\u003cbr/\u003e\u003cb\u003eFB:\u003c/b\u003e \u003ca href=\u0027https://www.facebook.com/groups/beshvil.yael/posts/3746922175600906\u0027\u003ehttps://www.facebook.com/groups/beshvil.yael/posts/3746922175600906\u003c/a\u003e\u003cbr/\u003e\u003cbr/\u003e\u003cimg src=\u0027https://drive.google.com/uc?export=view\u0026amp;id=1sLTY0s9eKxKnu7ybhujdopvGxEXpVaq4\u0027 width=\u0027450\u0027/\u003e\u003cbr/\u003e\u003c/div\u003e",
                                            "tessellate":  -1,
                                            "extrude":  0,
                                            "visibility":  -1
                                        },
                         "geometry":  {
                                          "type":  "Point",
                                          "coordinates":  [
                                                              87.88036,
                                                              49.16622,
                                                              0.0
                                                          ]
                                      }
                     },
                     {
                         "type":  "Feature",
                         "properties":  {
                                            "Name":  "#-132",
                                            "description":  "\u003cdiv dir=\u0027rtl\u0027 style=\u0027font-family:Arial;\u0027\u003e\u003cb\u003eשם:\u003c/b\u003e משה חסון\u003cbr/\u003e\u003cb\u003eאתר:\u003c/b\u003e \u003cbr/\u003e\u003cb\u003eתאריך:\u003c/b\u003e 15-09-2025\u003cbr/\u003e\u003cb\u003eID:\u003c/b\u003e 1883\u003cbr/\u003e\u003cb\u003eFB:\u003c/b\u003e \u003ca href=\u0027https://www.facebook.com/groups/beshvil.yael/posts/3750568078569649\u0027\u003ehttps://www.facebook.com/groups/beshvil.yael/posts/3750568078569649\u003c/a\u003e\u003cbr/\u003e\u003cbr/\u003e\u003cimg src=\u0027https://drive.google.com/uc?export=view\u0026amp;id=1cmL_AIb5IdunXndFtQay4EkB7Hi9zJbw\u0027 width=\u0027450\u0027/\u003e\u003cbr/\u003e\u003c/div\u003e",
                                            "tessellate":  -1,
                                            "extrude":  0,
                                            "visibility":  -1
                                        },
                         "geometry":  {
                                          "type":  "Point",
                                          "coordinates":  [
                                                              24.68782,
                                                              62.57076,
                                                              0.0
                                                          ]
                                      }
                     },
                     {
                         "type":  "Feature",
                         "properties":  {
                                            "Name":  "#-133",
                                            "description":  "\u003cdiv dir=\u0027rtl\u0027 style=\u0027font-family:Arial;\u0027\u003e\u003cb\u003eשם:\u003c/b\u003e שירי שפר\u003cbr/\u003e\u003cb\u003eאתר:\u003c/b\u003e קרחוני ונואז\u003cbr/\u003e\u003cb\u003eתאריך:\u003c/b\u003e 15-09-2025\u003cbr/\u003e\u003cb\u003eID:\u003c/b\u003e 1892\u003cbr/\u003e\u003cb\u003eFB:\u003c/b\u003e \u003ca href=\u0027https://www.facebook.com/groups/beshvil.yael/posts/3751159381843852\u0027\u003ehttps://www.facebook.com/groups/beshvil.yael/posts/3751159381843852\u003c/a\u003e\u003cbr/\u003e\u003cbr/\u003e\u003cimg src=\u0027https://drive.google.com/uc?export=view\u0026amp;id=1NG5g1Gv4bAHQaRDAur5m5mTq_6I8yF35\u0027 width=\u0027450\u0027/\u003e\u003cbr/\u003e\u003c/div\u003e",
                                            "tessellate":  -1,
                                            "extrude":  0,
                                            "visibility":  -1
                                        },
                         "geometry":  {
                                          "type":  "Point",
                                          "coordinates":  [
                                                              6.91732,
                                                              45.33793,
                                                              0.0
                                                          ]
                                      }
                     },
                     {
                         "type":  "Feature",
                         "properties":  {
                                            "Name":  "#-135",
                                            "description":  "\u003cdiv dir=\u0027rtl\u0027 style=\u0027font-family:Arial;\u0027\u003e\u003cb\u003eשם:\u003c/b\u003e קארין אור\u003cbr/\u003e\u003cb\u003eאתר:\u003c/b\u003e \u003cbr/\u003e\u003cb\u003eתאריך:\u003c/b\u003e 16-09-2025\u003cbr/\u003e\u003cb\u003eID:\u003c/b\u003e 1897\u003cbr/\u003e\u003cb\u003eFB:\u003c/b\u003e \u003ca href=\u0027https://www.facebook.com/groups/beshvil.yael/posts/3751342965158827\u0027\u003ehttps://www.facebook.com/groups/beshvil.yael/posts/3751342965158827\u003c/a\u003e\u003cbr/\u003e\u003cbr/\u003e\u003cimg src=\u0027https://drive.google.com/uc?export=view\u0026amp;id=1zKsc63wdoxuvblBUmBV-wHYjnz_iVcMF\u0027 width=\u0027450\u0027/\u003e\u003cbr/\u003e\u003c/div\u003e",
                                            "tessellate":  -1,
                                            "extrude":  0,
                                            "visibility":  -1
                                        },
                         "geometry":  {
                                          "type":  "Point",
                                          "coordinates":  [
                                                              11.58499,
                                                              43.57108,
                                                              0.0
                                                          ]
                                      }
                     },
                     {
                         "type":  "Feature",
                         "properties":  {
                                            "Name":  "#-137",
                                            "description":  "\u003cdiv dir=\u0027rtl\u0027 style=\u0027font-family:Arial;\u0027\u003e\u003cb\u003eשם:\u003c/b\u003e רומי מריינברג\u003cbr/\u003e\u003cb\u003eאתר:\u003c/b\u003e קופנגן\u003cbr/\u003e\u003cb\u003eתאריך:\u003c/b\u003e 21-09-2025\u003cbr/\u003e\u003cb\u003eID:\u003c/b\u003e 1977\u003cbr/\u003e\u003cb\u003eFB:\u003c/b\u003e \u003ca href=\u0027https://www.facebook.com/groups/beshvil.yael/posts/3756360371323753/\u0027\u003ehttps://www.facebook.com/groups/beshvil.yael/posts/3756360371323753/\u003c/a\u003e\u003cbr/\u003e\u003cbr/\u003e\u003cimg src=\u0027https://drive.google.com/uc?export=view\u0026amp;id=1wsLUNmGVLjOmsAtXGY4mUStWIkE3Z2nx\u0027 width=\u0027450\u0027/\u003e\u003cbr/\u003e\u003c/div\u003e",
                                            "tessellate":  -1,
                                            "extrude":  0,
                                            "visibility":  -1
                                        },
                         "geometry":  {
                                          "type":  "Point",
                                          "coordinates":  [
                                                              99.97604,
                                                              9.72694,
                                                              0.0
                                                          ]
                                      }
                     },
                     {
                         "type":  "Feature",
                         "properties":  {
                                            "Name":  "#-139",
                                            "description":  "\u003cdiv dir=\u0027rtl\u0027 style=\u0027font-family:Arial;\u0027\u003e\u003cb\u003eשם:\u003c/b\u003e ענבל הלמן\u003cbr/\u003e\u003cb\u003eאתר:\u003c/b\u003e Union Square\u003cbr/\u003e\u003cb\u003eתאריך:\u003c/b\u003e 01-10-2025\u003cbr/\u003e\u003cb\u003eID:\u003c/b\u003e 2109\u003cbr/\u003e\u003cb\u003eFB:\u003c/b\u003e \u003ca href=\u0027https://www.facebook.com/groups/beshvil.yael/posts/3765732510386539\u0027\u003ehttps://www.facebook.com/groups/beshvil.yael/posts/3765732510386539\u003c/a\u003e\u003cbr/\u003e\u003cbr/\u003e\u003cimg src=\u0027https://drive.google.com/uc?export=view\u0026amp;id=1sGVYGwp7QEuBMOi6z51nu5K2JwnW3jP2\u0027 width=\u0027450\u0027/\u003e\u003cbr/\u003e\u003c/div\u003e",
                                            "tessellate":  -1,
                                            "extrude":  0,
                                            "visibility":  -1
                                        },
                         "geometry":  {
                                          "type":  "Point",
                                          "coordinates":  [
                                                              -73.9917058,
                                                              40.7358958,
                                                              0.0
                                                          ]
                                      }
                     },
                     {
                         "type":  "Feature",
                         "properties":  {
                                            "Name":  "#-140",
                                            "description":  "\u003cdiv dir=\u0027rtl\u0027 style=\u0027font-family:Arial;\u0027\u003e\u003cb\u003eשם:\u003c/b\u003e אופיר אלון\u003cbr/\u003e\u003cb\u003eאתר:\u003c/b\u003e \u003cbr/\u003e\u003cb\u003eתאריך:\u003c/b\u003e 01-10-2025\u003cbr/\u003e\u003cb\u003eID:\u003c/b\u003e 2115\u003cbr/\u003e\u003cb\u003eFB:\u003c/b\u003e \u003ca href=\u0027https://www.facebook.com/groups/beshvil.yael/posts/3766154027011054\u0027\u003ehttps://www.facebook.com/groups/beshvil.yael/posts/3766154027011054\u003c/a\u003e\u003cbr/\u003e\u003cbr/\u003e\u003cimg src=\u0027https://drive.google.com/uc?export=view\u0026amp;id=1vOk5mRU_ixGDzkenX0Wu7gg4zsD6OsS_\u0027 width=\u0027450\u0027/\u003e\u003cbr/\u003e\u003c/div\u003e",
                                            "tessellate":  -1,
                                            "extrude":  0,
                                            "visibility":  -1
                                        },
                         "geometry":  {
                                          "type":  "Point",
                                          "coordinates":  [
                                                              34.73582,
                                                              -2.30451,
                                                              0.0
                                                          ]
                                      }
                     },
                     {
                         "type":  "Feature",
                         "properties":  {
                                            "Name":  "#-144",
                                            "description":  "\u003cdiv dir=\u0027rtl\u0027 style=\u0027font-family:Arial;\u0027\u003e\u003cb\u003eשם:\u003c/b\u003e עדי רוזנברג\u003cbr/\u003e\u003cb\u003eאתר:\u003c/b\u003e Cabo de São\u003cbr/\u003e\u003cb\u003eתאריך:\u003c/b\u003e 07-10-2025\u003cbr/\u003e\u003cb\u003eID:\u003c/b\u003e 2250\u003cbr/\u003e\u003cb\u003eFB:\u003c/b\u003e \u003ca href=\u0027https://www.facebook.com/groups/beshvil.yael/posts/3772394459720344\u0027\u003ehttps://www.facebook.com/groups/beshvil.yael/posts/3772394459720344\u003c/a\u003e\u003cbr/\u003e\u003cbr/\u003e\u003cimg src=\u0027https://drive.google.com/uc?export=view\u0026amp;id=1vPYAwDc-08oWA30yT9mrgq0wVLkSH_PK\u0027 width=\u0027450\u0027/\u003e\u003cbr/\u003e\u003c/div\u003e",
                                            "tessellate":  -1,
                                            "extrude":  0,
                                            "visibility":  -1
                                        },
                         "geometry":  {
                                          "type":  "Point",
                                          "coordinates":  [
                                                              -8.99685,
                                                              37.02279,
                                                              0.0
                                                          ]
                                      }
                     },
                     {
                         "type":  "Feature",
                         "properties":  {
                                            "Name":  "#-146",
                                            "description":  "\u003cdiv dir=\u0027rtl\u0027 style=\u0027font-family:Arial;\u0027\u003e\u003cb\u003eשם:\u003c/b\u003e מיכל אלחנני-בר\u003cbr/\u003e\u003cb\u003eאתר:\u003c/b\u003e טיפוס על קרחונים Vatnajökull\u003cbr/\u003e\u003cb\u003eתאריך:\u003c/b\u003e 08-10-2025\u003cbr/\u003e\u003cb\u003eID:\u003c/b\u003e 2266\u003cbr/\u003e\u003cb\u003eFB:\u003c/b\u003e \u003ca href=\u0027https://www.facebook.com/groups/beshvil.yael/posts/3772693939690396\u0027\u003ehttps://www.facebook.com/groups/beshvil.yael/posts/3772693939690396\u003c/a\u003e\u003cbr/\u003e\u003cbr/\u003e\u003cimg src=\u0027https://drive.google.com/uc?export=view\u0026amp;id=1cxrJLUghjLHbrnrPPU76GDyIP1OYbkWY\u0027 width=\u0027450\u0027/\u003e\u003cbr/\u003e\u003c/div\u003e",
                                            "tessellate":  -1,
                                            "extrude":  0,
                                            "visibility":  -1
                                        },
                         "geometry":  {
                                          "type":  "Point",
                                          "coordinates":  [
                                                              -17.26269,
                                                              64.58,
                                                              0.0
                                                          ]
                                      }
                     },
                     {
                         "type":  "Feature",
                         "properties":  {
                                            "Name":  "#-147",
                                            "description":  "\u003cdiv dir=\u0027rtl\u0027 style=\u0027font-family:Arial;\u0027\u003e\u003cb\u003eשם:\u003c/b\u003e דני נוי\u003cbr/\u003e\u003cb\u003eאתר:\u003c/b\u003e קוי נאסקה\u003cbr/\u003e\u003cb\u003eתאריך:\u003c/b\u003e 08-10-2025\u003cbr/\u003e\u003cb\u003eID:\u003c/b\u003e 2268\u003cbr/\u003e\u003cb\u003eFB:\u003c/b\u003e \u003ca href=\u0027https://www.facebook.com/groups/beshvil.yael/posts/3772762069683583\u0027\u003ehttps://www.facebook.com/groups/beshvil.yael/posts/3772762069683583\u003c/a\u003e\u003cbr/\u003e\u003cbr/\u003e\u003cimg src=\u0027https://drive.google.com/uc?export=view\u0026amp;id=168bsajXV0Q3FPyz-DjSclT2sAtgzu6sj\u0027 width=\u0027450\u0027/\u003e\u003cbr/\u003e\u003c/div\u003e",
                                            "tessellate":  -1,
                                            "extrude":  0,
                                            "visibility":  -1
                                        },
                         "geometry":  {
                                          "type":  "Point",
                                          "coordinates":  [
                                                              -75.14579,
                                                              -14.7191,
                                                              0.0
                                                          ]
                                      }
                     },
                     {
                         "type":  "Feature",
                         "properties":  {
                                            "Name":  "#-149",
                                            "description":  "\u003cdiv dir=\u0027rtl\u0027 style=\u0027font-family:Arial;\u0027\u003e\u003cb\u003eשם:\u003c/b\u003e משפחת לבון\u003cbr/\u003e\u003cb\u003eאתר:\u003c/b\u003e \u003cbr/\u003e\u003cb\u003eתאריך:\u003c/b\u003e 09-10-2025\u003cbr/\u003e\u003cb\u003eID:\u003c/b\u003e 2295\u003cbr/\u003e\u003cb\u003eFB:\u003c/b\u003e \u003ca href=\u0027https://www.facebook.com/groups/beshvil.yael/posts/3774715206154936\u0027\u003ehttps://www.facebook.com/groups/beshvil.yael/posts/3774715206154936\u003c/a\u003e\u003cbr/\u003e\u003cbr/\u003e\u003cimg src=\u0027https://drive.google.com/uc?export=view\u0026amp;id=1tY1OCbFscqcQq78ubzp2AYLqLOnZ_rth\u0027 width=\u0027450\u0027/\u003e\u003cbr/\u003e\u003c/div\u003e",
                                            "tessellate":  -1,
                                            "extrude":  0,
                                            "visibility":  -1
                                        },
                         "geometry":  {
                                          "type":  "Point",
                                          "coordinates":  [
                                                              21.82431,
                                                              39.0742,
                                                              0.0
                                                          ]
                                      }
                     },
                     {
                         "type":  "Feature",
                         "properties":  {
                                            "Name":  "#-151",
                                            "description":  "\u003cdiv dir=\u0027rtl\u0027 style=\u0027font-family:Arial;\u0027\u003e\u003cb\u003eשם:\u003c/b\u003e נטע כהן קנב\u003cbr/\u003e\u003cb\u003eאתר:\u003c/b\u003e טרק מנסלו\u003cbr/\u003e\u003cb\u003eתאריך:\u003c/b\u003e 11-10-2025\u003cbr/\u003e\u003cb\u003eID:\u003c/b\u003e 2332\u003cbr/\u003e\u003cb\u003eFB:\u003c/b\u003e \u003ca href=\u0027https://www.facebook.com/groups/beshvil.yael/posts/3776682272624896\u0027\u003ehttps://www.facebook.com/groups/beshvil.yael/posts/3776682272624896\u003c/a\u003e\u003cbr/\u003e\u003cbr/\u003e\u003cimg src=\u0027https://drive.google.com/uc?export=view\u0026amp;id=1bEBjPd6aU0oDQd8EY2rGM1ZA2wmBTJaZ\u0027 width=\u0027450\u0027/\u003e\u003cbr/\u003e\u003c/div\u003e",
                                            "tessellate":  -1,
                                            "extrude":  0,
                                            "visibility":  -1
                                        },
                         "geometry":  {
                                          "type":  "Point",
                                          "coordinates":  [
                                                              84.55968,
                                                              28.55016,
                                                              0.0
                                                          ]
                                      }
                     },
                     {
                         "type":  "Feature",
                         "properties":  {
                                            "Name":  "#-152",
                                            "description":  "\u003cdiv dir=\u0027rtl\u0027 style=\u0027font-family:Arial;\u0027\u003e\u003cb\u003eשם:\u003c/b\u003e תלמידי  מילטון גוטסמן\u003cbr/\u003e\u003cb\u003eאתר:\u003c/b\u003e פארק הנחל\u003cbr/\u003e\u003cb\u003eתאריך:\u003c/b\u003e 12-10-2025\u003cbr/\u003e\u003cb\u003eID:\u003c/b\u003e 2352\u003cbr/\u003e\u003cb\u003eFB:\u003c/b\u003e \u003ca href=\u0027https://www.facebook.com/groups/beshvil.yael/posts/3771637669796023\u0027\u003ehttps://www.facebook.com/groups/beshvil.yael/posts/3771637669796023\u003c/a\u003e\u003cbr/\u003e\u003cbr/\u003e\u003cimg src=\u0027https://drive.google.com/uc?export=view\u0026amp;id=17FqTOYI5c4jh_nCRVLOABMsfNK9Nw1v6\u0027 width=\u0027450\u0027/\u003e\u003cbr/\u003e\u003c/div\u003e",
                                            "tessellate":  -1,
                                            "extrude":  0,
                                            "visibility":  -1
                                        },
                         "geometry":  {
                                          "type":  "Point",
                                          "coordinates":  [
                                                              -77.04518,
                                                              38.95118,
                                                              0.0
                                                          ]
                                      }
                     },
                     {
                         "type":  "Feature",
                         "properties":  {
                                            "Name":  "#-153",
                                            "description":  "\u003cdiv dir=\u0027rtl\u0027 style=\u0027font-family:Arial;\u0027\u003e\u003cb\u003eשם:\u003c/b\u003e ניצן אוירבך גרשוביץ\u003cbr/\u003e\u003cb\u003eאתר:\u003c/b\u003e Finger Lakes\u003cbr/\u003e\u003cb\u003eתאריך:\u003c/b\u003e 14-10-2025\u003cbr/\u003e\u003cb\u003eID:\u003c/b\u003e 2375\u003cbr/\u003e\u003cb\u003eFB:\u003c/b\u003e \u003ca href=\u0027https://www.facebook.com/groups/beshvil.yael/posts/3779194225707034\u0027\u003ehttps://www.facebook.com/groups/beshvil.yael/posts/3779194225707034\u003c/a\u003e\u003cbr/\u003e\u003cbr/\u003e\u003cimg src=\u0027https://drive.google.com/uc?export=view\u0026amp;id=15iaG4K8Urpo_U2ttCgW-IzjTzw3Pg2yc\u0027 width=\u0027450\u0027/\u003e\u003cbr/\u003e\u003c/div\u003e",
                                            "tessellate":  -1,
                                            "extrude":  0,
                                            "visibility":  -1
                                        },
                         "geometry":  {
                                          "type":  "Point",
                                          "coordinates":  [
                                                              -76.88852,
                                                              42.75708,
                                                              0.0
                                                          ]
                                      }
                     },
                     {
                         "type":  "Feature",
                         "properties":  {
                                            "Name":  "#-155",
                                            "description":  "\u003cdiv dir=\u0027rtl\u0027 style=\u0027font-family:Arial;\u0027\u003e\u003cb\u003eשם:\u003c/b\u003e טלי ברונר\u003cbr/\u003e\u003cb\u003eאתר:\u003c/b\u003e בית חב\u0026quot;ד\u003cbr/\u003e\u003cb\u003eתאריך:\u003c/b\u003e 17-10-2025\u003cbr/\u003e\u003cb\u003eID:\u003c/b\u003e 2416\u003cbr/\u003e\u003cb\u003eFB:\u003c/b\u003e \u003ca href=\u0027https://www.facebook.com/groups/beshvil.yael/posts/3782691518690638\u0027\u003ehttps://www.facebook.com/groups/beshvil.yael/posts/3782691518690638\u003c/a\u003e\u003cbr/\u003e\u003cbr/\u003e\u003cimg src=\u0027https://drive.google.com/uc?export=view\u0026amp;id=1FrqKi8eht8sdGVBN3sWICcR594O32BBI\u0027 width=\u0027450\u0027/\u003e\u003cbr/\u003e\u003c/div\u003e",
                                            "tessellate":  -1,
                                            "extrude":  0,
                                            "visibility":  -1
                                        },
                         "geometry":  {
                                          "type":  "Point",
                                          "coordinates":  [
                                                              85.31077,
                                                              27.71717,
                                                              0.0
                                                          ]
                                      }
                     },
                     {
                         "type":  "Feature",
                         "properties":  {
                                            "Name":  "#-158",
                                            "description":  "\u003cdiv dir=\u0027rtl\u0027 style=\u0027font-family:Arial;\u0027\u003e\u003cb\u003eשם:\u003c/b\u003e דני נוי\u003cbr/\u003e\u003cb\u003eאתר:\u003c/b\u003e \u003cbr/\u003e\u003cb\u003eתאריך:\u003c/b\u003e 29-10-2025\u003cbr/\u003e\u003cb\u003eID:\u003c/b\u003e 2552\u003cbr/\u003e\u003cb\u003eFB:\u003c/b\u003e \u003ca href=\u0027https://www.facebook.com/groups/beshvil.yael/posts/3793971257562664/\u0027\u003ehttps://www.facebook.com/groups/beshvil.yael/posts/3793971257562664/\u003c/a\u003e\u003cbr/\u003e\u003cbr/\u003e\u003cimg src=\u0027https://drive.google.com/uc?export=view\u0026amp;id=1mHlr3Q0Pn1wq2udZ6zkOHhKSD-O5yzrj\u0027 width=\u0027450\u0027/\u003e\u003cbr/\u003e\u003c/div\u003e",
                                            "tessellate":  -1,
                                            "extrude":  0,
                                            "visibility":  -1
                                        },
                         "geometry":  {
                                          "type":  "Point",
                                          "coordinates":  [
                                                              -76.69955,
                                                              -12.13781,
                                                              0.0
                                                          ]
                                      }
                     },
                     {
                         "type":  "Feature",
                         "properties":  {
                                            "Name":  "#-159",
                                            "description":  "\u003cdiv dir=\u0027rtl\u0027 style=\u0027font-family:Arial;\u0027\u003e\u003cb\u003eשם:\u003c/b\u003e שרית פרקול\u003cbr/\u003e\u003cb\u003eאתר:\u003c/b\u003e אקדמיה לאמנויות יפות\u003cbr/\u003e\u003cb\u003eתאריך:\u003c/b\u003e 01-11-2025\u003cbr/\u003e\u003cb\u003eID:\u003c/b\u003e 2578\u003cbr/\u003e\u003cb\u003eFB:\u003c/b\u003e \u003ca href=\u0027https://www.facebook.com/groups/beshvil.yael/posts/3797050770588046/\u0027\u003ehttps://www.facebook.com/groups/beshvil.yael/posts/3797050770588046/\u003c/a\u003e\u003cbr/\u003e\u003cbr/\u003e\u003cimg src=\u0027https://drive.google.com/uc?export=view\u0026amp;id=1GcJrcym8gJoc-_hPd39LlVN8wbPpTeDH\u0027 width=\u0027450\u0027/\u003e\u003cbr/\u003e\u003c/div\u003e",
                                            "tessellate":  -1,
                                            "extrude":  0,
                                            "visibility":  -1
                                        },
                         "geometry":  {
                                          "type":  "Point",
                                          "coordinates":  [
                                                              9.17472,
                                                              45.44665,
                                                              0.0
                                                          ]
                                      }
                     },
                     {
                         "type":  "Feature",
                         "properties":  {
                                            "Name":  "#-171",
                                            "description":  "\u003cdiv dir=\u0027rtl\u0027 style=\u0027font-family:Arial;\u0027\u003e\u003cb\u003eשם:\u003c/b\u003e צפרירה דדון\u003cbr/\u003e\u003cb\u003eאתר:\u003c/b\u003e \u003cbr/\u003e\u003cb\u003eתאריך:\u003c/b\u003e 18-11-2025\u003cbr/\u003e\u003cb\u003eID:\u003c/b\u003e 2775\u003cbr/\u003e\u003cb\u003eFB:\u003c/b\u003e \u003ca href=\u0027https://www.facebook.com/groups/beshvil.yael/posts/3812703485689441/\u0027\u003ehttps://www.facebook.com/groups/beshvil.yael/posts/3812703485689441/\u003c/a\u003e\u003cbr/\u003e\u003cbr/\u003e\u003cimg src=\u0027https://drive.google.com/uc?export=view\u0026amp;id=1UfdJoQAnvfeZhDW6i6GR2goWD-Nx-EK3\u0027 width=\u0027450\u0027/\u003e\u003cbr/\u003e\u003c/div\u003e",
                                            "tessellate":  -1,
                                            "extrude":  0,
                                            "visibility":  -1
                                        },
                         "geometry":  {
                                          "type":  "Point",
                                          "coordinates":  [
                                                              138.25292,
                                                              36.20482,
                                                              0.0
                                                          ]
                                      }
                     },
                     {
                         "type":  "Feature",
                         "properties":  {
                                            "Name":  "#-175",
                                            "description":  "\u003cdiv dir=\u0027rtl\u0027 style=\u0027font-family:Arial;\u0027\u003e\u003cb\u003eשם:\u003c/b\u003e ענבר גולני\u003cbr/\u003e\u003cb\u003eאתר:\u003c/b\u003e בוקרשט\u003cbr/\u003e\u003cb\u003eתאריך:\u003c/b\u003e 28-11-2025\u003cbr/\u003e\u003cb\u003eID:\u003c/b\u003e 2890\u003cbr/\u003e\u003cb\u003eFB:\u003c/b\u003e \u003ca href=\u0027https://www.facebook.com/groups/beshvil.yael/posts/3821781638114959\u0027\u003ehttps://www.facebook.com/groups/beshvil.yael/posts/3821781638114959\u003c/a\u003e\u003cbr/\u003e\u003cbr/\u003e\u003cimg src=\u0027https://drive.google.com/uc?export=view\u0026amp;id=1dy5dbb383BSq-dPWciQtSoJ_aGuwPzlq\u0027 width=\u0027450\u0027/\u003e\u003cbr/\u003e\u003c/div\u003e",
                                            "tessellate":  -1,
                                            "extrude":  0,
                                            "visibility":  -1
                                        },
                         "geometry":  {
                                          "type":  "Point",
                                          "coordinates":  [
                                                              26.12313,
                                                              44.43559,
                                                              0.0
                                                          ]
                                      }
                     },
                     {
                         "type":  "Feature",
                         "properties":  {
                                            "Name":  "#-177",
                                            "description":  "\u003cdiv dir=\u0027rtl\u0027 style=\u0027font-family:Arial;\u0027\u003e\u003cb\u003eשם:\u003c/b\u003e אדוה קרן חיים\u003cbr/\u003e\u003cb\u003eאתר:\u003c/b\u003e \u003cbr/\u003e\u003cb\u003eתאריך:\u003c/b\u003e 29-11-2025\u003cbr/\u003e\u003cb\u003eID:\u003c/b\u003e 2898\u003cbr/\u003e\u003cb\u003eFB:\u003c/b\u003e \u003ca href=\u0027https://www.facebook.com/groups/beshvil.yael/posts/3822077198085403/\u0027\u003ehttps://www.facebook.com/groups/beshvil.yael/posts/3822077198085403/\u003c/a\u003e\u003cbr/\u003e\u003cbr/\u003e\u003cimg src=\u0027https://drive.google.com/uc?export=view\u0026amp;id=1Lg_vvptR-4FZtK6yZWZjnhsSHoqLByvJ\u0027 width=\u0027450\u0027/\u003e\u003cbr/\u003e\u003c/div\u003e",
                                            "tessellate":  -1,
                                            "extrude":  0,
                                            "visibility":  -1
                                        },
                         "geometry":  {
                                          "type":  "Point",
                                          "coordinates":  [
                                                              21.82431,
                                                              39.0742,
                                                              0.0
                                                          ]
                                      }
                     },
                     {
                         "type":  "Feature",
                         "properties":  {
                                            "Name":  "#-178",
                                            "description":  "\u003cdiv dir=\u0027rtl\u0027 style=\u0027font-family:Arial;\u0027\u003e\u003cb\u003eשם:\u003c/b\u003e דורית ונדה\u003cbr/\u003e\u003cb\u003eאתר:\u003c/b\u003e \u003cbr/\u003e\u003cb\u003eתאריך:\u003c/b\u003e 01-12-2025\u003cbr/\u003e\u003cb\u003eID:\u003c/b\u003e 2938\u003cbr/\u003e\u003cb\u003eFB:\u003c/b\u003e \u003ca href=\u0027https://www.facebook.com/groups/beshvil.yael/posts/3824149107878212\u0027\u003ehttps://www.facebook.com/groups/beshvil.yael/posts/3824149107878212\u003c/a\u003e\u003cbr/\u003e\u003cbr/\u003e\u003cimg src=\u0027https://drive.google.com/uc?export=view\u0026amp;id=146z01CPW3rcKB4LqH3Iwk6Y-F9HD2YJi\u0027 width=\u0027450\u0027/\u003e\u003cbr/\u003e\u003c/div\u003e",
                                            "tessellate":  -1,
                                            "extrude":  0,
                                            "visibility":  -1
                                        },
                         "geometry":  {
                                          "type":  "Point",
                                          "coordinates":  [
                                                              172.16284,
                                                              -40.56284,
                                                              0.0
                                                          ]
                                      }
                     },
                     {
                         "type":  "Feature",
                         "properties":  {
                                            "Name":  "#-179",
                                            "description":  "\u003cdiv dir=\u0027rtl\u0027 style=\u0027font-family:Arial;\u0027\u003e\u003cb\u003eשם:\u003c/b\u003e תומר זימנד\u003cbr/\u003e\u003cb\u003eאתר:\u003c/b\u003e במסאי מארה\u003cbr/\u003e\u003cb\u003eתאריך:\u003c/b\u003e \u003cbr/\u003e\u003cb\u003eID:\u003c/b\u003e 2953\u003cbr/\u003e\u003cb\u003eFB:\u003c/b\u003e \u003ca href=\u0027https://www.facebook.com/groups/beshvil.yael/posts/3826812497611873/\u0027\u003ehttps://www.facebook.com/groups/beshvil.yael/posts/3826812497611873/\u003c/a\u003e\u003cbr/\u003e\u003cbr/\u003e\u003cimg src=\u0027https://drive.google.com/uc?export=view\u0026amp;id=1HEONyscJQnfeW0_MX13Cos0NVncSgtFm\u0027 width=\u0027450\u0027/\u003e\u003cbr/\u003e\u003c/div\u003e",
                                            "tessellate":  -1,
                                            "extrude":  0,
                                            "visibility":  -1
                                        },
                         "geometry":  {
                                          "type":  "Point",
                                          "coordinates":  [
                                                              35.12449,
                                                              -1.46668,
                                                              0.0
                                                          ]
                                      }
                     },
                     {
                         "type":  "Feature",
                         "properties":  {
                                            "Name":  "#-180",
                                            "description":  "\u003cdiv dir=\u0027rtl\u0027 style=\u0027font-family:Arial;\u0027\u003e\u003cb\u003eשם:\u003c/b\u003e גלית טפר נגר\u003cbr/\u003e\u003cb\u003eאתר:\u003c/b\u003e \u003cbr/\u003e\u003cb\u003eתאריך:\u003c/b\u003e 07-12-2025\u003cbr/\u003e\u003cb\u003eID:\u003c/b\u003e 2994\u003cbr/\u003e\u003cb\u003eFB:\u003c/b\u003e \u003ca href=\u0027https://www.facebook.com/groups/beshvil.yael/posts/3829047420721714/\u0027\u003ehttps://www.facebook.com/groups/beshvil.yael/posts/3829047420721714/\u003c/a\u003e\u003cbr/\u003e\u003cbr/\u003e\u003cimg src=\u0027https://drive.google.com/uc?export=view\u0026amp;id=16UWN4MC4mQoilTbbugrB7yOJ2Hb2-vRV\u0027 width=\u0027450\u0027/\u003e\u003cbr/\u003e\u003c/div\u003e",
                                            "tessellate":  -1,
                                            "extrude":  0,
                                            "visibility":  -1
                                        },
                         "geometry":  {
                                          "type":  "Point",
                                          "coordinates":  [
                                                              175.20489,
                                                              -37.32318,
                                                              0.0
                                                          ]
                                      }
                     },
                     {
                         "type":  "Feature",
                         "properties":  {
                                            "Name":  "#-182",
                                            "description":  "\u003cdiv dir=\u0027rtl\u0027 style=\u0027font-family:Arial;\u0027\u003e\u003cb\u003eשם:\u003c/b\u003e סמדר זמר טוב טברהם\u003cbr/\u003e\u003cb\u003eאתר:\u003c/b\u003e \u003cbr/\u003e\u003cb\u003eתאריך:\u003c/b\u003e 08-12-2025\u003cbr/\u003e\u003cb\u003eID:\u003c/b\u003e 3002\u003cbr/\u003e\u003cb\u003eFB:\u003c/b\u003e \u003ca href=\u0027https://www.facebook.com/groups/beshvil.yael/posts/3829567810669675/\u0027\u003ehttps://www.facebook.com/groups/beshvil.yael/posts/3829567810669675/\u003c/a\u003e\u003cbr/\u003e\u003cbr/\u003e\u003cimg src=\u0027https://drive.google.com/uc?export=view\u0026amp;id=1wxC1jst_9jaqSj6DDAMPuOK0u-2Q0gIr\u0027 width=\u0027450\u0027/\u003e\u003cbr/\u003e\u003c/div\u003e",
                                            "tessellate":  -1,
                                            "extrude":  0,
                                            "visibility":  -1
                                        },
                         "geometry":  {
                                          "type":  "Point",
                                          "coordinates":  [
                                                              25.48583,
                                                              42.73388,
                                                              0.0
                                                          ]
                                      }
                     },
                     {
                         "type":  "Feature",
                         "properties":  {
                                            "Name":  "#-186",
                                            "description":  "\u003cdiv dir=\u0027rtl\u0027 style=\u0027font-family:Arial;\u0027\u003e\u003cb\u003eשם:\u003c/b\u003e De Real Osnat\u003cbr/\u003e\u003cb\u003eאתר:\u003c/b\u003e ביירון ביי\u003cbr/\u003e\u003cb\u003eתאריך:\u003c/b\u003e \u003cbr/\u003e\u003cb\u003eID:\u003c/b\u003e 3064\u003cbr/\u003e\u003cb\u003eFB:\u003c/b\u003e \u003ca href=\u0027https://www.facebook.com/groups/beshvil.yael/posts/3835711553388634\u0027\u003ehttps://www.facebook.com/groups/beshvil.yael/posts/3835711553388634\u003c/a\u003e\u003cbr/\u003e\u003cbr/\u003e\u003cimg src=\u0027https://drive.google.com/uc?export=view\u0026amp;id=150ogaaV_UHHexKF46ifHZ9Jvyaxx_ull\u0027 width=\u0027450\u0027/\u003e\u003cbr/\u003e\u003c/div\u003e",
                                            "tessellate":  -1,
                                            "extrude":  0,
                                            "visibility":  -1
                                        },
                         "geometry":  {
                                          "type":  "Point",
                                          "coordinates":  [
                                                              153.6005,
                                                              -28.63766,
                                                              0.0
                                                          ]
                                      }
                     },
                     {
                         "type":  "Feature",
                         "properties":  {
                                            "Name":  "#-188",
                                            "description":  "\u003cdiv dir=\u0027rtl\u0027 style=\u0027font-family:Arial;\u0027\u003e\u003cb\u003eשם:\u003c/b\u003e רבקה אהרונסון\u003cbr/\u003e\u003cb\u003eאתר:\u003c/b\u003e  Bhirandia\u003cbr/\u003e\u003cb\u003eתאריך:\u003c/b\u003e 18-12-2025\u003cbr/\u003e\u003cb\u003eID:\u003c/b\u003e 3081\u003cbr/\u003e\u003cb\u003eFB:\u003c/b\u003e \u003ca href=\u0027https://www.facebook.com/groups/beshvil.yael/posts/3838216656471457\u0027\u003ehttps://www.facebook.com/groups/beshvil.yael/posts/3838216656471457\u003c/a\u003e\u003cbr/\u003e\u003cbr/\u003e\u003cimg src=\u0027https://drive.google.com/uc?export=view\u0026amp;id=1OlWOCu3UQyTHgf1p9rc5qJ07QnpaguGH\u0027 width=\u0027450\u0027/\u003e\u003cbr/\u003e\u003c/div\u003e",
                                            "tessellate":  -1,
                                            "extrude":  0,
                                            "visibility":  -1
                                        },
                         "geometry":  {
                                          "type":  "Point",
                                          "coordinates":  [
                                                              69.71478,
                                                              23.67255,
                                                              0.0
                                                          ]
                                      }
                     },
                     {
                         "type":  "Feature",
                         "properties":  {
                                            "Name":  "#-191",
                                            "description":  "\u003cdiv dir=\u0027rtl\u0027 style=\u0027font-family:Arial;\u0027\u003e\u003cb\u003eשם:\u003c/b\u003e יעל פלד אדם\u003cbr/\u003e\u003cb\u003eאתר:\u003c/b\u003e טאג\u0027 מהאל\u003cbr/\u003e\u003cb\u003eתאריך:\u003c/b\u003e 18-12-2025\u003cbr/\u003e\u003cb\u003eID:\u003c/b\u003e 3110\u003cbr/\u003e\u003cb\u003eFB:\u003c/b\u003e \u003ca href=\u0027https://www.facebook.com/groups/beshvil.yael/posts/3838809763078813\u0027\u003ehttps://www.facebook.com/groups/beshvil.yael/posts/3838809763078813\u003c/a\u003e\u003cbr/\u003e\u003cbr/\u003e\u003cimg src=\u0027https://drive.google.com/uc?export=view\u0026amp;id=1BjcyLVNZp60BDFAtUw82BtOGbmJLEXNw\u0027 width=\u0027450\u0027/\u003e\u003cbr/\u003e\u003c/div\u003e",
                                            "tessellate":  -1,
                                            "extrude":  0,
                                            "visibility":  -1
                                        },
                         "geometry":  {
                                          "type":  "Point",
                                          "coordinates":  [
                                                              78.04096,
                                                              27.17474,
                                                              0.0
                                                          ]
                                      }
                     },
                     {
                         "type":  "Feature",
                         "properties":  {
                                            "Name":  "#-193",
                                            "description":  "\u003cdiv dir=\u0027rtl\u0027 style=\u0027font-family:Arial;\u0027\u003e\u003cb\u003eשם:\u003c/b\u003e עדי גטה מלל\u003cbr/\u003e\u003cb\u003eאתר:\u003c/b\u003e Cromwell\u003cbr/\u003e\u003cb\u003eתאריך:\u003c/b\u003e 14-01-2026\u003cbr/\u003e\u003cb\u003eID:\u003c/b\u003e 3340\u003cbr/\u003e\u003cb\u003eFB:\u003c/b\u003e \u003ca href=\u0027https://www.facebook.com/groups/beshvil.yael/posts/3860938170865972\u0027\u003ehttps://www.facebook.com/groups/beshvil.yael/posts/3860938170865972\u003c/a\u003e\u003cbr/\u003e\u003cbr/\u003e\u003cimg src=\u0027https://drive.google.com/uc?export=view\u0026amp;id=1bxw4YiSePOFgF9l4zHvm89md5gvG2jdg\u0027 width=\u0027450\u0027/\u003e\u003cbr/\u003e\u003c/div\u003e",
                                            "tessellate":  -1,
                                            "extrude":  0,
                                            "visibility":  -1
                                        },
                         "geometry":  {
                                          "type":  "Point",
                                          "coordinates":  [
                                                              169.15986,
                                                              -45.04327,
                                                              0.0
                                                          ]
                                      }
                     },
                     {
                         "type":  "Feature",
                         "properties":  {
                                            "Name":  "#-197",
                                            "description":  "\u003cdiv dir=\u0027rtl\u0027 style=\u0027font-family:Arial;\u0027\u003e\u003cb\u003eשם:\u003c/b\u003e שלי פרקול\u003cbr/\u003e\u003cb\u003eאתר:\u003c/b\u003e Hell’s kitchen\u003cbr/\u003e\u003cb\u003eתאריך:\u003c/b\u003e 20-01-2026\u003cbr/\u003e\u003cb\u003eID:\u003c/b\u003e 3413\u003cbr/\u003e\u003cb\u003eFB:\u003c/b\u003e \u003ca href=\u0027https://www.facebook.com/groups/beshvil.yael/posts/3866796700280119\u0027\u003ehttps://www.facebook.com/groups/beshvil.yael/posts/3866796700280119\u003c/a\u003e\u003cbr/\u003e\u003cbr/\u003e\u003cimg src=\u0027https://drive.google.com/uc?export=view\u0026amp;id=1GNmqsi1QUULb1ITHjlhRQmCPh1gKlzh8\u0027 width=\u0027450\u0027/\u003e\u003cbr/\u003e\u003c/div\u003e",
                                            "tessellate":  -1,
                                            "extrude":  0,
                                            "visibility":  -1
                                        },
                         "geometry":  {
                                          "type":  "Point",
                                          "coordinates":  [
                                                              39.96302,
                                                              -3.02584,
                                                              0.0
                                                          ]
                                      }
                     },
                     {
                         "type":  "Feature",
                         "properties":  {
                                            "Name":  "#-198",
                                            "description":  "\u003cdiv dir=\u0027rtl\u0027 style=\u0027font-family:Arial;\u0027\u003e\u003cb\u003eשם:\u003c/b\u003e ארנון ראב\u003cbr/\u003e\u003cb\u003eאתר:\u003c/b\u003e ORUST\u003cbr/\u003e\u003cb\u003eתאריך:\u003c/b\u003e 24-01-2026\u003cbr/\u003e\u003cb\u003eID:\u003c/b\u003e 3443\u003cbr/\u003e\u003cb\u003eFB:\u003c/b\u003e \u003ca href=\u0027https://www.facebook.com/groups/beshvil.yael/posts/3869968929962896\u0027\u003ehttps://www.facebook.com/groups/beshvil.yael/posts/3869968929962896\u003c/a\u003e\u003cbr/\u003e\u003cbr/\u003e\u003cimg src=\u0027https://drive.google.com/uc?export=view\u0026amp;id=1mfuuk43F3T8Uvzz5c5rHn44XAa5RMjA0\u0027 width=\u0027450\u0027/\u003e\u003cbr/\u003e\u003c/div\u003e",
                                            "tessellate":  -1,
                                            "extrude":  0,
                                            "visibility":  -1
                                        },
                         "geometry":  {
                                          "type":  "Point",
                                          "coordinates":  [
                                                              11.56983,
                                                              58.15223,
                                                              0.0
                                                          ]
                                      }
                     },
                     {
                         "type":  "Feature",
                         "properties":  {
                                            "Name":  "#-202",
                                            "description":  "\u003cdiv dir=\u0027rtl\u0027 style=\u0027font-family:Arial;\u0027\u003e\u003cb\u003eשם:\u003c/b\u003e ענבר בשור\u003cbr/\u003e\u003cb\u003eאתר:\u003c/b\u003e ארנה\u003cbr/\u003e\u003cb\u003eתאריך:\u003c/b\u003e 06-02-2026\u003cbr/\u003e\u003cb\u003eID:\u003c/b\u003e 3603\u003cbr/\u003e\u003cb\u003eFB:\u003c/b\u003e \u003ca href=\u0027https://www.facebook.com/groups/beshvil.yael/posts/3882788795347576/\u0027\u003ehttps://www.facebook.com/groups/beshvil.yael/posts/3882788795347576/\u003c/a\u003e\u003cbr/\u003e\u003cbr/\u003e\u003cimg src=\u0027https://drive.google.com/uc?export=view\u0026amp;id=1_wlyj_G6U3nldJ31-2r-4x2yv84iypoS\u0027 width=\u0027450\u0027/\u003e\u003cbr/\u003e\u003c/div\u003e",
                                            "tessellate":  -1,
                                            "extrude":  0,
                                            "visibility":  -1
                                        },
                         "geometry":  {
                                          "type":  "Point",
                                          "coordinates":  [
                                                              20.47152,
                                                              44.82618,
                                                              0.0
                                                          ]
                                      }
                     },
                     {
                         "type":  "Feature",
                         "properties":  {
                                            "Name":  "#-204",
                                            "description":  "\u003cdiv dir=\u0027rtl\u0027 style=\u0027font-family:Arial;\u0027\u003e\u003cb\u003eשם:\u003c/b\u003e יערה טופל כהן\u003cbr/\u003e\u003cb\u003eאתר:\u003c/b\u003e Malapascua island\u003cbr/\u003e\u003cb\u003eתאריך:\u003c/b\u003e 10-02-2026\u003cbr/\u003e\u003cb\u003eID:\u003c/b\u003e 3661\u003cbr/\u003e\u003cb\u003eFB:\u003c/b\u003e \u003ca href=\u0027https://www.facebook.com/groups/beshvil.yael/posts/3886605868299202/\u0027\u003ehttps://www.facebook.com/groups/beshvil.yael/posts/3886605868299202/\u003c/a\u003e\u003cbr/\u003e\u003cbr/\u003e\u003cimg src=\u0027https://drive.google.com/uc?export=view\u0026amp;id=1oVKnwmSbVM2jRFOqEKowoICjuoWLICYv\u0027 width=\u0027450\u0027/\u003e\u003cbr/\u003e\u003c/div\u003e",
                                            "tessellate":  -1,
                                            "extrude":  0,
                                            "visibility":  -1
                                        },
                         "geometry":  {
                                          "type":  "Point",
                                          "coordinates":  [
                                                              124.11494,
                                                              11.33795,
                                                              0.0
                                                          ]
                                      }
                     },
                     {
                         "type":  "Feature",
                         "properties":  {
                                            "Name":  "#-211",
                                            "description":  "\u003cdiv dir=\u0027rtl\u0027 style=\u0027font-family:Arial;\u0027\u003e\u003cb\u003eשם:\u003c/b\u003e דולב דניאלי\u003cbr/\u003e\u003cb\u003eאתר:\u003c/b\u003e מסלול הסנטה קרוז\u003cbr/\u003e\u003cb\u003eתאריך:\u003c/b\u003e 14-03-2026\u003cbr/\u003e\u003cb\u003eID:\u003c/b\u003e 3960\u003cbr/\u003e\u003cb\u003eFB:\u003c/b\u003e \u003ca href=\u0027https://www.facebook.com/groups/beshvil.yael/posts/3916038078689314/\u0027\u003ehttps://www.facebook.com/groups/beshvil.yael/posts/3916038078689314/\u003c/a\u003e\u003cbr/\u003e\u003cbr/\u003e\u003cimg src=\u0027https://drive.google.com/uc?export=view\u0026amp;id=1qlxA-C4cr3ThwhF9L0__wogvPH2rT0wf\u0027 width=\u0027450\u0027/\u003e\u003cbr/\u003e\u003c/div\u003e",
                                            "tessellate":  -1,
                                            "extrude":  0,
                                            "visibility":  -1
                                        },
                         "geometry":  {
                                          "type":  "Point",
                                          "coordinates":  [
                                                              -77.58193,
                                                              -8.91215,
                                                              0.0
                                                          ]
                                      }
                     },
                     {
                         "type":  "Feature",
                         "properties":  {
                                            "Name":  "#-218",
                                            "description":  "\u003cdiv dir=\u0027rtl\u0027 style=\u0027font-family:Arial;\u0027\u003e\u003cb\u003eשם:\u003c/b\u003e זיוה דורון לם\u003cbr/\u003e\u003cb\u003eאתר:\u003c/b\u003e Gili Air\u003cbr/\u003e\u003cb\u003eתאריך:\u003c/b\u003e 20-04-2026\u003cbr/\u003e\u003cb\u003eID:\u003c/b\u003e 4178\u003cbr/\u003e\u003cb\u003eFB:\u003c/b\u003e \u003ca href=\u0027https://www.facebook.com/groups/beshvil.yael/posts/3949470222012766/\u0027\u003ehttps://www.facebook.com/groups/beshvil.yael/posts/3949470222012766/\u003c/a\u003e\u003cbr/\u003e\u003cbr/\u003e\u003cimg src=\u0027https://drive.google.com/uc?export=view\u0026amp;id=1f22PyTju8K1-Vw7AbbM0eCWkM9AFasdu\u0027 width=\u0027450\u0027/\u003e\u003cbr/\u003e\u003c/div\u003e",
                                            "tessellate":  -1,
                                            "extrude":  0,
                                            "visibility":  -1
                                        },
                         "geometry":  {
                                          "type":  "Point",
                                          "coordinates":  [
                                                              116.08145,
                                                              -8.35458,
                                                              0.0
                                                          ]
                                      }
                     },
                     {
                         "type":  "Feature",
                         "properties":  {
                                            "Name":  "#-223",
                                            "description":  "\u003cdiv dir=\u0027rtl\u0027 style=\u0027font-family:Arial;\u0027\u003e\u003cb\u003eשם:\u003c/b\u003e אייל אלכסנדר\u003cbr/\u003e\u003cb\u003eאתר:\u003c/b\u003e ג\u0027אבל א-לוז\u003cbr/\u003e\u003cb\u003eתאריך:\u003c/b\u003e 21-04-2026\u003cbr/\u003e\u003cb\u003eID:\u003c/b\u003e 4204\u003cbr/\u003e\u003cb\u003eFB:\u003c/b\u003e \u003ca href=\u0027https://www.facebook.com/groups/beshvil.yael/posts/3950364035256718\u0027\u003ehttps://www.facebook.com/groups/beshvil.yael/posts/3950364035256718\u003c/a\u003e\u003cbr/\u003e\u003cbr/\u003e\u003cimg src=\u0027https://drive.google.com/uc?export=view\u0026amp;id=1q0qr8mPEdP8sGqXSG1eQI4rqBfBgdp51\u0027 width=\u0027450\u0027/\u003e\u003cbr/\u003e\u003c/div\u003e",
                                            "tessellate":  -1,
                                            "extrude":  0,
                                            "visibility":  -1
                                        },
                         "geometry":  {
                                          "type":  "Point",
                                          "coordinates":  [
                                                              35.3039,
                                                              28.6528,
                                                              0.0
                                                          ]
                                      }
                     },
                     {
                         "type":  "Feature",
                         "properties":  {
                                            "Name":  "#-233",
                                            "description":  "\u003cdiv dir=\u0027rtl\u0027 style=\u0027font-family:Arial;\u0027\u003e\u003cb\u003eשם:\u003c/b\u003e דורית ליבני\u003cbr/\u003e\u003cb\u003eאתר:\u003c/b\u003e קמינו פרנסס\u003cbr/\u003e\u003cb\u003eתאריך:\u003c/b\u003e 12-05-2026\u003cbr/\u003e\u003cb\u003eID:\u003c/b\u003e 4414\u003cbr/\u003e\u003cb\u003eFB:\u003c/b\u003e \u003ca href=\u0027https://www.facebook.com/groups/beshvil.yael/posts/3969840569975731\u0027\u003ehttps://www.facebook.com/groups/beshvil.yael/posts/3969840569975731\u003c/a\u003e\u003cbr/\u003e\u003cbr/\u003e\u003cimg src=\u0027https://drive.google.com/uc?export=view\u0026amp;id=1e-ZcjoXMBXcvSa-Kukj7DBOAj5v7himn\u0027 width=\u0027450\u0027/\u003e\u003cbr/\u003e\u003c/div\u003e",
                                            "tessellate":  -1,
                                            "extrude":  0,
                                            "visibility":  -1
                                        },
                         "geometry":  {
                                          "type":  "Point",
                                          "coordinates":  [
                                                              -1.73568,
                                                              42.73873,
                                                              0.0
                                                          ]
                                      }
                     }
                 ]
}