{
    "type":  "FeatureCollection",
    "name":  "1-1499",
    "crs":  {
                "type":  "name",
                "properties":  {
                                   "name":  "urn:ogc:def:crs:OGC:1.3:CRS84"
                               }
            },
    "features":  [
                     {
                         "type":  "Feature",
                         "properties":  {
                                            "Name":  "#1",
                                            "description":  "\u003cdiv dir=\u0027rtl\u0027 style=\u0027font-family:Arial;\u0027\u003e\u003cb\u003eשם:\u003c/b\u003e גילי לייבושור\u003cbr/\u003e\u003cb\u003eאתר:\u003c/b\u003e פיליפינים\u003cbr/\u003e\u003cb\u003eתאריך:\u003c/b\u003e 30-01-2025\u003cbr/\u003e\u003cb\u003eID:\u003c/b\u003e 730\u003cbr/\u003e\u003cb\u003eFB:\u003c/b\u003e \u003ca href=\u0027https://www.facebook.com/groups/3235176716775457/posts/3549605311999261/\u0027\u003ehttps://www.facebook.com/groups/3235176716775457/posts/3549605311999261/\u003c/a\u003e\u003cbr/\u003e\u003cbr/\u003e\u003cimg src=\u0027https://drive.google.com/uc?export=view\u0026amp;id=1tfDoEW_L5yp9hBIwov6Z1OKx0jP2KG8g\u0027 width=\u0027450\u0027/\u003e\u003cbr/\u003e\u003c/div\u003e",
                                            "tessellate":  -1,
                                            "extrude":  0,
                                            "visibility":  -1
                                        },
                         "geometry":  {
                                          "type":  "Point",
                                          "coordinates":  [
                                                              121.774017,
                                                              12.879721,
                                                              0.0
                                                          ]
                                      }
                     },
                     {
                         "type":  "Feature",
                         "properties":  {
                                            "Name":  "#1",
                                            "description":  "\u003cdiv dir=\u0027rtl\u0027 style=\u0027font-family:Arial;\u0027\u003e\u003cb\u003eשם:\u003c/b\u003e יעל 1 #\u003cbr/\u003e\u003cb\u003eאתר:\u003c/b\u003e \u003cbr/\u003e\u003cb\u003eתאריך:\u003c/b\u003e 23-03-2025\u003cbr/\u003e\u003cb\u003eID:\u003c/b\u003e 667\u003cbr/\u003e\u003cb\u003eFB:\u003c/b\u003e \u003ca href=\u0027https://www.facebook.com/groups/3235176716775457/permalink/3592099401083185/\u0027\u003ehttps://www.facebook.com/groups/3235176716775457/permalink/3592099401083185/\u003c/a\u003e\u003cbr/\u003e\u003cbr/\u003e\u003cimg src=\u0027https://drive.google.com/uc?export=view\u0026amp;id=1n7Idt6tSa04fPWsCLLmEYWX-wmQQB8UN\u0027 width=\u0027450\u0027/\u003e\u003cbr/\u003e\u003c/div\u003e",
                                            "tessellate":  -1,
                                            "extrude":  0,
                                            "visibility":  -1
                                        },
                         "geometry":  {
                                          "type":  "Point",
                                          "coordinates":  [
                                                              136.0332591,
                                                              34.5024723,
                                                              0.0
                                                          ]
                                      }
                     },
                     {
                         "type":  "Feature",
                         "properties":  {
                                            "Name":  "#1",
                                            "description":  "\u003cdiv dir=\u0027rtl\u0027 style=\u0027font-family:Arial;\u0027\u003e\u003cb\u003eשם:\u003c/b\u003e גילי לייבושור\u003cbr/\u003e\u003cb\u003eאתר:\u003c/b\u003e אי שם בים\u003cbr/\u003e\u003cb\u003eתאריך:\u003c/b\u003e 22-09-2025\u003cbr/\u003e\u003cb\u003eID:\u003c/b\u003e 1998\u003cbr/\u003e\u003cb\u003eFB:\u003c/b\u003e \u003ca href=\u0027https://www.facebook.com/groups/beshvil.yael/posts/3757692341190556\u0027\u003ehttps://www.facebook.com/groups/beshvil.yael/posts/3757692341190556\u003c/a\u003e\u003cbr/\u003e\u003cbr/\u003e\u003cimg src=\u0027https://drive.google.com/uc?export=view\u0026amp;id=1Efjmw8pgztDVddOPreH1gYF6THQdlRgB\u0027 width=\u0027450\u0027/\u003e\u003cbr/\u003e\u003c/div\u003e",
                                            "tessellate":  -1,
                                            "extrude":  0,
                                            "visibility":  -1
                                        },
                         "geometry":  {
                                          "type":  "Point",
                                          "coordinates":  [
                                                              33.75115,
                                                              32.8868,
                                                              0.0
                                                          ]
                                      }
                     },
                     {
                         "type":  "Feature",
                         "properties":  {
                                            "Name":  "#1",
                                            "description":  "\u003cdiv dir=\u0027rtl\u0027 style=\u0027font-family:Arial;\u0027\u003e\u003cb\u003eשם:\u003c/b\u003e גילי לייבושור\u003cbr/\u003e\u003cb\u003eאתר:\u003c/b\u003e נהר ה Uvac\u003cbr/\u003e\u003cb\u003eתאריך:\u003c/b\u003e 22-01-2026\u003cbr/\u003e\u003cb\u003eID:\u003c/b\u003e 3423\u003cbr/\u003e\u003cb\u003eFB:\u003c/b\u003e \u003ca href=\u0027https://www.facebook.com/groups/beshvil.yael/posts/3868621063431016\u0027\u003ehttps://www.facebook.com/groups/beshvil.yael/posts/3868621063431016\u003c/a\u003e\u003cbr/\u003e\u003cbr/\u003e\u003cimg src=\u0027https://drive.google.com/uc?export=view\u0026amp;id=1rlG8XFRIYwMKhQfP4umXlbRRK04M-wXn\u0027 width=\u0027450\u0027/\u003e\u003cbr/\u003e\u003c/div\u003e",
                                            "tessellate":  -1,
                                            "extrude":  0,
                                            "visibility":  -1
                                        },
                         "geometry":  {
                                          "type":  "Point",
                                          "coordinates":  [
                                                              19.9743,
                                                              43.28626,
                                                              0.0
                                                          ]
                                      }
                     },
                     {
                         "type":  "Feature",
                         "properties":  {
                                            "Name":  "#1",
                                            "description":  "\u003cdiv dir=\u0027rtl\u0027 style=\u0027font-family:Arial;\u0027\u003e\u003cb\u003eשם:\u003c/b\u003e גילי לייבושור\u003cbr/\u003e\u003cb\u003eאתר:\u003c/b\u003e קולשין\u003cbr/\u003e\u003cb\u003eתאריך:\u003c/b\u003e 23-01-2026\u003cbr/\u003e\u003cb\u003eID:\u003c/b\u003e 3426\u003cbr/\u003e\u003cb\u003eFB:\u003c/b\u003e \u003ca href=\u0027https://www.facebook.com/groups/beshvil.yael/posts/3869014826724973\u0027\u003ehttps://www.facebook.com/groups/beshvil.yael/posts/3869014826724973\u003c/a\u003e\u003cbr/\u003e\u003cbr/\u003e\u003cimg src=\u0027https://drive.google.com/uc?export=view\u0026amp;id=1HB8AK9lxtBBijrtKJI5RAYUMY9VAcAXr\u0027 width=\u0027450\u0027/\u003e\u003cbr/\u003e\u003c/div\u003e",
                                            "tessellate":  -1,
                                            "extrude":  0,
                                            "visibility":  -1
                                        },
                         "geometry":  {
                                          "type":  "Point",
                                          "coordinates":  [
                                                              19.52133,
                                                              42.82,
                                                              0.0
                                                          ]
                                      }
                     },
                     {
                         "type":  "Feature",
                         "properties":  {
                                            "Name":  "#1",
                                            "description":  "\u003cdiv dir=\u0027rtl\u0027 style=\u0027font-family:Arial;\u0027\u003e\u003cb\u003eשם:\u003c/b\u003e גילי לייבושור\u003cbr/\u003e\u003cb\u003eאתר:\u003c/b\u003e שמורת הדורמיטור\u003cbr/\u003e\u003cb\u003eתאריך:\u003c/b\u003e 25-01-2026\u003cbr/\u003e\u003cb\u003eID:\u003c/b\u003e 3469\u003cbr/\u003e\u003cb\u003eFB:\u003c/b\u003e \u003ca href=\u0027https://www.facebook.com/groups/beshvil.yael/posts/3870860749873714\u0027\u003ehttps://www.facebook.com/groups/beshvil.yael/posts/3870860749873714\u003c/a\u003e\u003cbr/\u003e\u003cbr/\u003e\u003cimg src=\u0027https://drive.google.com/uc?export=view\u0026amp;id=1QKr5MK_1_d0BYrLrfSoqDPOV1hIjOXS4\u0027 width=\u0027450\u0027/\u003e\u003cbr/\u003e\u003c/div\u003e",
                                            "tessellate":  -1,
                                            "extrude":  0,
                                            "visibility":  -1
                                        },
                         "geometry":  {
                                          "type":  "Point",
                                          "coordinates":  [
                                                              19.07098,
                                                              43.19819,
                                                              0.0
                                                          ]
                                      }
                     },
                     {
                         "type":  "Feature",
                         "properties":  {
                                            "Name":  "#2",
                                            "description":  "\u003cdiv dir=\u0027rtl\u0027 style=\u0027font-family:Arial;\u0027\u003e\u003cb\u003eשם:\u003c/b\u003e רוני בראל\u003cbr/\u003e\u003cb\u003eאתר:\u003c/b\u003e מיאמי\u003cbr/\u003e\u003cb\u003eתאריך:\u003c/b\u003e 10-05-2025\u003cbr/\u003e\u003cb\u003eID:\u003c/b\u003e 382\u003cbr/\u003e\u003cb\u003eFB:\u003c/b\u003e \u003ca href=\u0027https://www.facebook.com/groups/3235176716775457/posts/3638641256428999/\u0027\u003ehttps://www.facebook.com/groups/3235176716775457/posts/3638641256428999/\u003c/a\u003e\u003cbr/\u003e\u003cbr/\u003e\u003cimg src=\u0027https://drive.google.com/uc?export=view\u0026amp;id=1RuNCNrsLnbCDdia_sxGcUiJaRXiV7_u4\u0027 width=\u0027450\u0027/\u003e\u003cbr/\u003e\u003c/div\u003e",
                                            "tessellate":  -1,
                                            "extrude":  0,
                                            "visibility":  -1
                                        },
                         "geometry":  {
                                          "type":  "Point",
                                          "coordinates":  [
                                                              -80.2087849,
                                                              25.7608263,
                                                              0.0
                                                          ]
                                      }
                     },
                     {
                         "type":  "Feature",
                         "properties":  {
                                            "Name":  "#2",
                                            "description":  "\u003cdiv dir=\u0027rtl\u0027 style=\u0027font-family:Arial;\u0027\u003e\u003cb\u003eשם:\u003c/b\u003e רוני בראל\u003cbr/\u003e\u003cb\u003eאתר:\u003c/b\u003e Salto De Bierge\u003cbr/\u003e\u003cb\u003eתאריך:\u003c/b\u003e 27-07-2025\u003cbr/\u003e\u003cb\u003eID:\u003c/b\u003e 1314\u003cbr/\u003e\u003cb\u003eFB:\u003c/b\u003e \u003ca href=\u0027https://www.facebook.com/groups/beshvil.yael/posts/3705119379781186\u0027\u003ehttps://www.facebook.com/groups/beshvil.yael/posts/3705119379781186\u003c/a\u003e\u003cbr/\u003e\u003cbr/\u003e\u003cimg src=\u0027https://drive.google.com/uc?export=view\u0026amp;id=1kLf6z6eWyfAyfsdPq2I-URY_v6xQf1xX\u0027 width=\u0027450\u0027/\u003e\u003cbr/\u003e\u003c/div\u003e",
                                            "tessellate":  -1,
                                            "extrude":  0,
                                            "visibility":  -1
                                        },
                         "geometry":  {
                                          "type":  "Point",
                                          "coordinates":  [
                                                              -0.0904003,
                                                              42.1725147,
                                                              0.0
                                                          ]
                                      }
                     },
                     {
                         "type":  "Feature",
                         "properties":  {
                                            "Name":  "#2",
                                            "description":  "\u003cdiv dir=\u0027rtl\u0027 style=\u0027font-family:Arial;\u0027\u003e\u003cb\u003eשם:\u003c/b\u003e רוני בראל\u003cbr/\u003e\u003cb\u003eאתר:\u003c/b\u003e Rio Ara paso por Boltaña\u003cbr/\u003e\u003cb\u003eתאריך:\u003c/b\u003e 28-07-2025\u003cbr/\u003e\u003cb\u003eID:\u003c/b\u003e 1322\u003cbr/\u003e\u003cb\u003eFB:\u003c/b\u003e \u003ca href=\u0027https://www.facebook.com/photo?fbid=10164509669869610\u0026amp;set=gm.3706039009689223\u0026amp;idorvanity=3235176716775457\u0027\u003ehttps://www.facebook.com/photo?fbid=10164509669869610\u0026amp;set=gm.3706039009689223\u0026amp;idorvanity=3235176716775457\u003c/a\u003e\u003cbr/\u003e\u003cbr/\u003e\u003cimg src=\u0027https://drive.google.com/uc?export=view\u0026amp;id=1jW0ZkU7JlhlEJSDqbDTdyWEOfOw1jgHJ\u0027 width=\u0027450\u0027/\u003e\u003cbr/\u003e\u003c/div\u003e",
                                            "tessellate":  -1,
                                            "extrude":  0,
                                            "visibility":  -1
                                        },
                         "geometry":  {
                                          "type":  "Point",
                                          "coordinates":  [
                                                              0.0681096,
                                                              42.4421128,
                                                              0.0
                                                          ]
                                      }
                     },
                     {
                         "type":  "Feature",
                         "properties":  {
                                            "Name":  "#3",
                                            "description":  "\u003cdiv dir=\u0027rtl\u0027 style=\u0027font-family:Arial;\u0027\u003e\u003cb\u003eשם:\u003c/b\u003e חגי לייבושור\u003cbr/\u003e\u003cb\u003eאתר:\u003c/b\u003e קומנו קודו\u003cbr/\u003e\u003cb\u003eתאריך:\u003c/b\u003e 23-03-2025\u003cbr/\u003e\u003cb\u003eID:\u003c/b\u003e 440\u003cbr/\u003e\u003cb\u003eFB:\u003c/b\u003e \u003ca href=\u0027https://www.facebook.com/groups/3235176716775457/permalink/3592381361054989/\u0027\u003ehttps://www.facebook.com/groups/3235176716775457/permalink/3592381361054989/\u003c/a\u003e\u003cbr/\u003e\u003cbr/\u003e\u003cimg src=\u0027https://drive.google.com/uc?export=view\u0026amp;id=1hfg8wTexH433S2-gUUgiqMJxKVeqTYdN\u0027 width=\u0027450\u0027/\u003e\u003cbr/\u003e\u003c/div\u003e",
                                            "tessellate":  -1,
                                            "extrude":  0,
                                            "visibility":  -1
                                        },
                         "geometry":  {
                                          "type":  "Point",
                                          "coordinates":  [
                                                              135.56324,
                                                              33.80489,
                                                              0.0
                                                          ]
                                      }
                     },
                     {
                         "type":  "Feature",
                         "properties":  {
                                            "Name":  "#3",
                                            "description":  "\u003cdiv dir=\u0027rtl\u0027 style=\u0027font-family:Arial;\u0027\u003e\u003cb\u003eשם:\u003c/b\u003e חגי לייבושור\u003cbr/\u003e\u003cb\u003eאתר:\u003c/b\u003e \u003cbr/\u003e\u003cb\u003eתאריך:\u003c/b\u003e 23-03-2025\u003cbr/\u003e\u003cb\u003eID:\u003c/b\u003e 449\u003cbr/\u003e\u003cb\u003eFB:\u003c/b\u003e \u003ca href=\u0027https://www.facebook.com/groups/3235176716775457/permalink/3592099401083185/\u0027\u003ehttps://www.facebook.com/groups/3235176716775457/permalink/3592099401083185/\u003c/a\u003e\u003cbr/\u003e\u003cbr/\u003e\u003cimg src=\u0027https://drive.google.com/uc?export=view\u0026amp;id=1n7Idt6tSa04fPWsCLLmEYWX-wmQQB8UN\u0027 width=\u0027450\u0027/\u003e\u003cbr/\u003e\u003c/div\u003e",
                                            "tessellate":  -1,
                                            "extrude":  0,
                                            "visibility":  -1
                                        },
                         "geometry":  {
                                          "type":  "Point",
                                          "coordinates":  [
                                                              136.0332591,
                                                              34.5027423,
                                                              0.0
                                                          ]
                                      }
                     },
                     {
                         "type":  "Feature",
                         "properties":  {
                                            "Name":  "#3",
                                            "description":  "\u003cdiv dir=\u0027rtl\u0027 style=\u0027font-family:Arial;\u0027\u003e\u003cb\u003eשם:\u003c/b\u003e חגי לייבושור\u003cbr/\u003e\u003cb\u003eאתר:\u003c/b\u003e רובניימי\u003cbr/\u003e\u003cb\u003eתאריך:\u003c/b\u003e 04-03-2026\u003cbr/\u003e\u003cb\u003eID:\u003c/b\u003e 3916\u003cbr/\u003e\u003cb\u003eFB:\u003c/b\u003e \u003ca href=\u0027https://www.facebook.com/groups/beshvil.yael/posts/3907261066233682\u0027\u003ehttps://www.facebook.com/groups/beshvil.yael/posts/3907261066233682\u003c/a\u003e\u003cbr/\u003e\u003cbr/\u003e\u003cimg src=\u0027https://drive.google.com/uc?export=view\u0026amp;id=12AtrkLjqe98Txrqyi0nWDbZQRnqRLmq9\u0027 width=\u0027450\u0027/\u003e\u003cbr/\u003e\u003c/div\u003e",
                                            "tessellate":  -1,
                                            "extrude":  0,
                                            "visibility":  -1
                                        },
                         "geometry":  {
                                          "type":  "Point",
                                          "coordinates":  [
                                                              25.80088,
                                                              66.42496,
                                                              0.0
                                                          ]
                                      }
                     },
                     {
                         "type":  "Feature",
                         "properties":  {
                                            "Name":  "#7",
                                            "description":  "\u003cdiv dir=\u0027rtl\u0027 style=\u0027font-family:Arial;\u0027\u003e\u003cb\u003eשם:\u003c/b\u003e סבתא וסבא\u003cbr/\u003e\u003cb\u003eאתר:\u003c/b\u003e פארק אכדיה\u003cbr/\u003e\u003cb\u003eתאריך:\u003c/b\u003e 17-09-2025\u003cbr/\u003e\u003cb\u003eID:\u003c/b\u003e 1920\u003cbr/\u003e\u003cb\u003eFB:\u003c/b\u003e \u003ca href=\u0027https://www.facebook.com/groups/beshvil.yael/posts/3753093701650420\u0027\u003ehttps://www.facebook.com/groups/beshvil.yael/posts/3753093701650420\u003c/a\u003e\u003cbr/\u003e\u003cbr/\u003e\u003cimg src=\u0027https://drive.google.com/uc?export=view\u0026amp;id=12ozcCuAcADJ9FdhFWR0ZGm5wJngHxg-r\u0027 width=\u0027450\u0027/\u003e\u003cbr/\u003e\u003c/div\u003e",
                                            "tessellate":  -1,
                                            "extrude":  0,
                                            "visibility":  -1
                                        },
                         "geometry":  {
                                          "type":  "Point",
                                          "coordinates":  [
                                                              -68.2802,
                                                              44.34935,
                                                              0.0
                                                          ]
                                      }
                     },
                     {
                         "type":  "Feature",
                         "properties":  {
                                            "Name":  "#7",
                                            "description":  "\u003cdiv dir=\u0027rtl\u0027 style=\u0027font-family:Arial;\u0027\u003e\u003cb\u003eשם:\u003c/b\u003e סבתא וסבא\u003cbr/\u003e\u003cb\u003eאתר:\u003c/b\u003e פארק אכדיה\u003cbr/\u003e\u003cb\u003eתאריך:\u003c/b\u003e 17-09-2025\u003cbr/\u003e\u003cb\u003eID:\u003c/b\u003e 1922\u003cbr/\u003e\u003cb\u003eFB:\u003c/b\u003e \u003ca href=\u0027https://www.facebook.com/groups/beshvil.yael/posts/3753099104983213/\u0027\u003ehttps://www.facebook.com/groups/beshvil.yael/posts/3753099104983213/\u003c/a\u003e\u003cbr/\u003e\u003cbr/\u003e\u003cimg src=\u0027https://drive.google.com/uc?export=view\u0026amp;id=12H0ZJPK0E-bg77ja8SPnu-AOZBccgwVN\u0027 width=\u0027450\u0027/\u003e\u003cbr/\u003e\u003c/div\u003e",
                                            "tessellate":  -1,
                                            "extrude":  0,
                                            "visibility":  -1
                                        },
                         "geometry":  {
                                          "type":  "Point",
                                          "coordinates":  [
                                                              -68.2644,
                                                              44.29483,
                                                              0.0
                                                          ]
                                      }
                     },
                     {
                         "type":  "Feature",
                         "properties":  {
                                            "Name":  "#7",
                                            "description":  "\u003cdiv dir=\u0027rtl\u0027 style=\u0027font-family:Arial;\u0027\u003e\u003cb\u003eשם:\u003c/b\u003e סבתא וסבא\u003cbr/\u003e\u003cb\u003eאתר:\u003c/b\u003e פארק אכדיה\u003cbr/\u003e\u003cb\u003eתאריך:\u003c/b\u003e 20-09-2025\u003cbr/\u003e\u003cb\u003eID:\u003c/b\u003e 1953\u003cbr/\u003e\u003cb\u003eFB:\u003c/b\u003e \u003ca href=\u0027https://www.facebook.com/groups/beshvil.yael/posts/3755138951445895/\u0027\u003ehttps://www.facebook.com/groups/beshvil.yael/posts/3755138951445895/\u003c/a\u003e\u003cbr/\u003e\u003cbr/\u003e\u003cimg src=\u0027https://drive.google.com/uc?export=view\u0026amp;id=1L3cnan4mxWv0_S4hXqjKEi4teIlgupg8\u0027 width=\u0027450\u0027/\u003e\u003cbr/\u003e\u003c/div\u003e",
                                            "tessellate":  -1,
                                            "extrude":  0,
                                            "visibility":  -1
                                        },
                         "geometry":  {
                                          "type":  "Point",
                                          "coordinates":  [
                                                              -68.26576,
                                                              44.33227,
                                                              0.0
                                                          ]
                                      }
                     },
                     {
                         "type":  "Feature",
                         "properties":  {
                                            "Name":  "#7",
                                            "description":  "\u003cdiv dir=\u0027rtl\u0027 style=\u0027font-family:Arial;\u0027\u003e\u003cb\u003eשם:\u003c/b\u003e סבתא וסבא\u003cbr/\u003e\u003cb\u003eאתר:\u003c/b\u003e Yaxha\u0027\u003cbr/\u003e\u003cb\u003eתאריך:\u003c/b\u003e 05-03-2026\u003cbr/\u003e\u003cb\u003eID:\u003c/b\u003e 3919\u003cbr/\u003e\u003cb\u003eFB:\u003c/b\u003e \u003ca href=\u0027https://www.facebook.com/groups/beshvil.yael/posts/3908056512820804/\u0027\u003ehttps://www.facebook.com/groups/beshvil.yael/posts/3908056512820804/\u003c/a\u003e\u003cbr/\u003e\u003cbr/\u003e\u003cimg src=\u0027https://drive.google.com/uc?export=view\u0026amp;id=1FWqyXiL5zAE3BA5gPFnuS1iXubt1wIrJ\u0027 width=\u0027450\u0027/\u003e\u003cbr/\u003e\u003c/div\u003e",
                                            "tessellate":  -1,
                                            "extrude":  0,
                                            "visibility":  -1
                                        },
                         "geometry":  {
                                          "type":  "Point",
                                          "coordinates":  [
                                                              -89.39979,
                                                              17.16299,
                                                              0.0
                                                          ]
                                      }
                     },
                     {
                         "type":  "Feature",
                         "properties":  {
                                            "Name":  "#9",
                                            "description":  "\u003cdiv dir=\u0027rtl\u0027 style=\u0027font-family:Arial;\u0027\u003e\u003cb\u003eשם:\u003c/b\u003e \u003cbr/\u003e\u003cb\u003eאתר:\u003c/b\u003e קומנו קודו\u003cbr/\u003e\u003cb\u003eתאריך:\u003c/b\u003e 23-03-2025\u003cbr/\u003e\u003cb\u003eID:\u003c/b\u003e 441\u003cbr/\u003e\u003cb\u003eFB:\u003c/b\u003e \u003ca href=\u0027https://www.facebook.com/groups/3235176716775457/permalink/3592381361054989/\u0027\u003ehttps://www.facebook.com/groups/3235176716775457/permalink/3592381361054989/\u003c/a\u003e\u003cbr/\u003e\u003cbr/\u003e\u003cimg src=\u0027https://drive.google.com/uc?export=view\u0026amp;id=1hfg8wTexH433S2-gUUgiqMJxKVeqTYdN\u0027 width=\u0027450\u0027/\u003e\u003cbr/\u003e\u003c/div\u003e",
                                            "tessellate":  -1,
                                            "extrude":  0,
                                            "visibility":  -1
                                        },
                         "geometry":  {
                                          "type":  "Point",
                                          "coordinates":  [
                                                              135.56324,
                                                              33.80516,
                                                              0.0
                                                          ]
                                      }
                     },
                     {
                         "type":  "Feature",
                         "properties":  {
                                            "Name":  "#9",
                                            "description":  "\u003cdiv dir=\u0027rtl\u0027 style=\u0027font-family:Arial;\u0027\u003e\u003cb\u003eשם:\u003c/b\u003e \u003cbr/\u003e\u003cb\u003eאתר:\u003c/b\u003e \u003cbr/\u003e\u003cb\u003eתאריך:\u003c/b\u003e 23-03-2025\u003cbr/\u003e\u003cb\u003eID:\u003c/b\u003e 450\u003cbr/\u003e\u003cb\u003eFB:\u003c/b\u003e \u003ca href=\u0027https://www.facebook.com/groups/3235176716775457/permalink/3592099401083185/\u0027\u003ehttps://www.facebook.com/groups/3235176716775457/permalink/3592099401083185/\u003c/a\u003e\u003cbr/\u003e\u003cbr/\u003e\u003cimg src=\u0027https://drive.google.com/uc?export=view\u0026amp;id=1n7Idt6tSa04fPWsCLLmEYWX-wmQQB8UN\u0027 width=\u0027450\u0027/\u003e\u003cbr/\u003e\u003c/div\u003e",
                                            "tessellate":  -1,
                                            "extrude":  0,
                                            "visibility":  -1
                                        },
                         "geometry":  {
                                          "type":  "Point",
                                          "coordinates":  [
                                                              136.0332591,
                                                              34.5030123,
                                                              0.0
                                                          ]
                                      }
                     },
                     {
                         "type":  "Feature",
                         "properties":  {
                                            "Name":  "#10",
                                            "description":  "\u003cdiv dir=\u0027rtl\u0027 style=\u0027font-family:Arial;\u0027\u003e\u003cb\u003eשם:\u003c/b\u003e אסנת וינשטיין\u003cbr/\u003e\u003cb\u003eאתר:\u003c/b\u003e קומנו קודו\u003cbr/\u003e\u003cb\u003eתאריך:\u003c/b\u003e 23-03-2025\u003cbr/\u003e\u003cb\u003eID:\u003c/b\u003e 598\u003cbr/\u003e\u003cb\u003eFB:\u003c/b\u003e \u003ca href=\u0027https://www.facebook.com/groups/3235176716775457/permalink/3592381361054989/\u0027\u003ehttps://www.facebook.com/groups/3235176716775457/permalink/3592381361054989/\u003c/a\u003e\u003cbr/\u003e\u003cbr/\u003e\u003cimg src=\u0027https://drive.google.com/uc?export=view\u0026amp;id=1hfg8wTexH433S2-gUUgiqMJxKVeqTYdN\u0027 width=\u0027450\u0027/\u003e\u003cbr/\u003e\u003c/div\u003e",
                                            "tessellate":  -1,
                                            "extrude":  0,
                                            "visibility":  -1
                                        },
                         "geometry":  {
                                          "type":  "Point",
                                          "coordinates":  [
                                                              135.56324,
                                                              33.80462,
                                                              0.0
                                                          ]
                                      }
                     },
                     {
                         "type":  "Feature",
                         "properties":  {
                                            "Name":  "#10",
                                            "description":  "\u003cdiv dir=\u0027rtl\u0027 style=\u0027font-family:Arial;\u0027\u003e\u003cb\u003eשם:\u003c/b\u003e אסנת וינשטיין\u003cbr/\u003e\u003cb\u003eאתר:\u003c/b\u003e \u003cbr/\u003e\u003cb\u003eתאריך:\u003c/b\u003e 23-03-2025\u003cbr/\u003e\u003cb\u003eID:\u003c/b\u003e 451\u003cbr/\u003e\u003cb\u003eFB:\u003c/b\u003e \u003ca href=\u0027https://www.facebook.com/groups/3235176716775457/permalink/3592099401083185/\u0027\u003ehttps://www.facebook.com/groups/3235176716775457/permalink/3592099401083185/\u003c/a\u003e\u003cbr/\u003e\u003cbr/\u003e\u003cimg src=\u0027https://drive.google.com/uc?export=view\u0026amp;id=1n7Idt6tSa04fPWsCLLmEYWX-wmQQB8UN\u0027 width=\u0027450\u0027/\u003e\u003cbr/\u003e\u003c/div\u003e",
                                            "tessellate":  -1,
                                            "extrude":  0,
                                            "visibility":  -1
                                        },
                         "geometry":  {
                                          "type":  "Point",
                                          "coordinates":  [
                                                              136.0332591,
                                                              34.5032823,
                                                              0.0
                                                          ]
                                      }
                     },
                     {
                         "type":  "Feature",
                         "properties":  {
                                            "Name":  "#14",
                                            "description":  "\u003cdiv dir=\u0027rtl\u0027 style=\u0027font-family:Arial;\u0027\u003e\u003cb\u003eשם:\u003c/b\u003e \u003cbr/\u003e\u003cb\u003eאתר:\u003c/b\u003e קומנו קודו\u003cbr/\u003e\u003cb\u003eתאריך:\u003c/b\u003e 23-03-2025\u003cbr/\u003e\u003cb\u003eID:\u003c/b\u003e 442\u003cbr/\u003e\u003cb\u003eFB:\u003c/b\u003e \u003ca href=\u0027https://www.facebook.com/groups/3235176716775457/permalink/3592381361054989/\u0027\u003ehttps://www.facebook.com/groups/3235176716775457/permalink/3592381361054989/\u003c/a\u003e\u003cbr/\u003e\u003cbr/\u003e\u003cimg src=\u0027https://drive.google.com/uc?export=view\u0026amp;id=1hfg8wTexH433S2-gUUgiqMJxKVeqTYdN\u0027 width=\u0027450\u0027/\u003e\u003cbr/\u003e\u003c/div\u003e",
                                            "tessellate":  -1,
                                            "extrude":  0,
                                            "visibility":  -1
                                        },
                         "geometry":  {
                                          "type":  "Point",
                                          "coordinates":  [
                                                              135.56324,
                                                              33.80543,
                                                              0.0
                                                          ]
                                      }
                     },
                     {
                         "type":  "Feature",
                         "properties":  {
                                            "Name":  "#14",
                                            "description":  "\u003cdiv dir=\u0027rtl\u0027 style=\u0027font-family:Arial;\u0027\u003e\u003cb\u003eשם:\u003c/b\u003e \u003cbr/\u003e\u003cb\u003eאתר:\u003c/b\u003e \u003cbr/\u003e\u003cb\u003eתאריך:\u003c/b\u003e 23-03-2025\u003cbr/\u003e\u003cb\u003eID:\u003c/b\u003e 452\u003cbr/\u003e\u003cb\u003eFB:\u003c/b\u003e \u003ca href=\u0027https://www.facebook.com/groups/3235176716775457/permalink/3592099401083185/\u0027\u003ehttps://www.facebook.com/groups/3235176716775457/permalink/3592099401083185/\u003c/a\u003e\u003cbr/\u003e\u003cbr/\u003e\u003cimg src=\u0027https://drive.google.com/uc?export=view\u0026amp;id=1n7Idt6tSa04fPWsCLLmEYWX-wmQQB8UN\u0027 width=\u0027450\u0027/\u003e\u003cbr/\u003e\u003c/div\u003e",
                                            "tessellate":  -1,
                                            "extrude":  0,
                                            "visibility":  -1
                                        },
                         "geometry":  {
                                          "type":  "Point",
                                          "coordinates":  [
                                                              136.0332591,
                                                              34.5035523,
                                                              0.0
                                                          ]
                                      }
                     },
                     {
                         "type":  "Feature",
                         "properties":  {
                                            "Name":  "#15",
                                            "description":  "\u003cdiv dir=\u0027rtl\u0027 style=\u0027font-family:Arial;\u0027\u003e\u003cb\u003eשם:\u003c/b\u003e אורן מוהר\u003cbr/\u003e\u003cb\u003eאתר:\u003c/b\u003e קומנו קודו\u003cbr/\u003e\u003cb\u003eתאריך:\u003c/b\u003e 23-03-2025\u003cbr/\u003e\u003cb\u003eID:\u003c/b\u003e 443\u003cbr/\u003e\u003cb\u003eFB:\u003c/b\u003e \u003ca href=\u0027https://www.facebook.com/groups/3235176716775457/permalink/3592381361054989/\u0027\u003ehttps://www.facebook.com/groups/3235176716775457/permalink/3592381361054989/\u003c/a\u003e\u003cbr/\u003e\u003cbr/\u003e\u003cimg src=\u0027https://drive.google.com/uc?export=view\u0026amp;id=1hfg8wTexH433S2-gUUgiqMJxKVeqTYdN\u0027 width=\u0027450\u0027/\u003e\u003cbr/\u003e\u003c/div\u003e",
                                            "tessellate":  -1,
                                            "extrude":  0,
                                            "visibility":  -1
                                        },
                         "geometry":  {
                                          "type":  "Point",
                                          "coordinates":  [
                                                              135.56324,
                                                              33.8057,
                                                              0.0
                                                          ]
                                      }
                     },
                     {
                         "type":  "Feature",
                         "properties":  {
                                            "Name":  "#15",
                                            "description":  "\u003cdiv dir=\u0027rtl\u0027 style=\u0027font-family:Arial;\u0027\u003e\u003cb\u003eשם:\u003c/b\u003e אורן מוהר\u003cbr/\u003e\u003cb\u003eאתר:\u003c/b\u003e \u003cbr/\u003e\u003cb\u003eתאריך:\u003c/b\u003e 23-03-2025\u003cbr/\u003e\u003cb\u003eID:\u003c/b\u003e 453\u003cbr/\u003e\u003cb\u003eFB:\u003c/b\u003e \u003ca href=\u0027https://www.facebook.com/groups/3235176716775457/permalink/3592099401083185/\u0027\u003ehttps://www.facebook.com/groups/3235176716775457/permalink/3592099401083185/\u003c/a\u003e\u003cbr/\u003e\u003cbr/\u003e\u003cimg src=\u0027https://drive.google.com/uc?export=view\u0026amp;id=1n7Idt6tSa04fPWsCLLmEYWX-wmQQB8UN\u0027 width=\u0027450\u0027/\u003e\u003cbr/\u003e\u003c/div\u003e",
                                            "tessellate":  -1,
                                            "extrude":  0,
                                            "visibility":  -1
                                        },
                         "geometry":  {
                                          "type":  "Point",
                                          "coordinates":  [
                                                              136.0332591,
                                                              34.5038223,
                                                              0.0
                                                          ]
                                      }
                     },
                     {
                         "type":  "Feature",
                         "properties":  {
                                            "Name":  "#15",
                                            "description":  "\u003cdiv dir=\u0027rtl\u0027 style=\u0027font-family:Arial;\u0027\u003e\u003cb\u003eשם:\u003c/b\u003e אורן מוהר\u003cbr/\u003e\u003cb\u003eאתר:\u003c/b\u003e טוקיו\u003cbr/\u003e\u003cb\u003eתאריך:\u003c/b\u003e 06-04-2025\u003cbr/\u003e\u003cb\u003eID:\u003c/b\u003e 608\u003cbr/\u003e\u003cb\u003eFB:\u003c/b\u003e \u003ca href=\u0027https://www.facebook.com/groups/3235176716775457/permalink/3606242929668832/\u0027\u003ehttps://www.facebook.com/groups/3235176716775457/permalink/3606242929668832/\u003c/a\u003e\u003cbr/\u003e\u003cbr/\u003e\u003cimg src=\u0027https://drive.google.com/uc?export=view\u0026amp;id=1ikRIj0oYiDc6HTu_wDqEJONlX4N_2Fg0\u0027 width=\u0027450\u0027/\u003e\u003cbr/\u003e\u003c/div\u003e",
                                            "tessellate":  -1,
                                            "extrude":  0,
                                            "visibility":  -1
                                        },
                         "geometry":  {
                                          "type":  "Point",
                                          "coordinates":  [
                                                              139.74326,
                                                              35.66206,
                                                              0.0
                                                          ]
                                      }
                     },
                     {
                         "type":  "Feature",
                         "properties":  {
                                            "Name":  "#25",
                                            "description":  "\u003cdiv dir=\u0027rtl\u0027 style=\u0027font-family:Arial;\u0027\u003e\u003cb\u003eשם:\u003c/b\u003e חן דיאמנט\u003cbr/\u003e\u003cb\u003eאתר:\u003c/b\u003e \u003cbr/\u003e\u003cb\u003eתאריך:\u003c/b\u003e 18-08-2025\u003cbr/\u003e\u003cb\u003eID:\u003c/b\u003e 1582\u003cbr/\u003e\u003cb\u003eFB:\u003c/b\u003e \u003ca href=\u0027https://www.facebook.com/groups/beshvil.yael/posts/3725563501070107/\u0027\u003ehttps://www.facebook.com/groups/beshvil.yael/posts/3725563501070107/\u003c/a\u003e\u003cbr/\u003e\u003cbr/\u003e\u003cimg src=\u0027https://drive.google.com/uc?export=view\u0026amp;id=1jJTJt0OHwGMqUk8JSp06ZJFD0D7TIxBg\u0027 width=\u0027450\u0027/\u003e\u003cbr/\u003e\u003c/div\u003e",
                                            "tessellate":  -1,
                                            "extrude":  0,
                                            "visibility":  -1
                                        },
                         "geometry":  {
                                          "type":  "Point",
                                          "coordinates":  [
                                                              19.8310633,
                                                              48.3493261,
                                                              0.0
                                                          ]
                                      }
                     },
                     {
                         "type":  "Feature",
                         "properties":  {
                                            "Name":  "#33",
                                            "description":  "\u003cdiv dir=\u0027rtl\u0027 style=\u0027font-family:Arial;\u0027\u003e\u003cb\u003eשם:\u003c/b\u003e עידו ווינשטיין\u003cbr/\u003e\u003cb\u003eאתר:\u003c/b\u003e Rio Ara paso por Boltaña\u003cbr/\u003e\u003cb\u003eתאריך:\u003c/b\u003e 28-07-2025\u003cbr/\u003e\u003cb\u003eID:\u003c/b\u003e 223\u003cbr/\u003e\u003cb\u003eFB:\u003c/b\u003e \u003ca href=\u0027https://www.facebook.com/photo?fbid=10164509669869610\u0026amp;set=gm.3706039009689223\u0026amp;idorvanity=3235176716775457\u0027\u003ehttps://www.facebook.com/photo?fbid=10164509669869610\u0026amp;set=gm.3706039009689223\u0026amp;idorvanity=3235176716775457\u003c/a\u003e\u003cbr/\u003e\u003cbr/\u003e\u003cimg src=\u0027https://drive.google.com/uc?export=view\u0026amp;id=1jW0ZkU7JlhlEJSDqbDTdyWEOfOw1jgHJ\u0027 width=\u0027450\u0027/\u003e\u003cbr/\u003e\u003c/div\u003e",
                                            "tessellate":  -1,
                                            "extrude":  0,
                                            "visibility":  -1
                                        },
                         "geometry":  {
                                          "type":  "Point",
                                          "coordinates":  [
                                                              0.0681096,
                                                              42.4423828,
                                                              0.0
                                                          ]
                                      }
                     },
                     {
                         "type":  "Feature",
                         "properties":  {
                                            "Name":  "#33",
                                            "description":  "\u003cdiv dir=\u0027rtl\u0027 style=\u0027font-family:Arial;\u0027\u003e\u003cb\u003eשם:\u003c/b\u003e עידו ווינשטיין\u003cbr/\u003e\u003cb\u003eאתר:\u003c/b\u003e Altura de 2257 metros\u003cbr/\u003e\u003cb\u003eתאריך:\u003c/b\u003e 09-10-2025\u003cbr/\u003e\u003cb\u003eID:\u003c/b\u003e 2290\u003cbr/\u003e\u003cb\u003eFB:\u003c/b\u003e \u003ca href=\u0027https://www.facebook.com/groups/beshvil.yael/posts/3774359402857183\u0027\u003ehttps://www.facebook.com/groups/beshvil.yael/posts/3774359402857183\u003c/a\u003e\u003cbr/\u003e\u003cbr/\u003e\u003cimg src=\u0027https://drive.google.com/uc?export=view\u0026amp;id=1pIXz1rA23NbIVYBNrfUZl-NH0LyKQxQe\u0027 width=\u0027450\u0027/\u003e\u003cbr/\u003e\u003c/div\u003e",
                                            "tessellate":  -1,
                                            "extrude":  0,
                                            "visibility":  -1
                                        },
                         "geometry":  {
                                          "type":  "Point",
                                          "coordinates":  [
                                                              -3.97844,
                                                              40.78558,
                                                              0.0
                                                          ]
                                      }
                     },
                     {
                         "type":  "Feature",
                         "properties":  {
                                            "Name":  "#35",
                                            "description":  "\u003cdiv dir=\u0027rtl\u0027 style=\u0027font-family:Arial;\u0027\u003e\u003cb\u003eשם:\u003c/b\u003e \u003cbr/\u003e\u003cb\u003eאתר:\u003c/b\u003e קומנו קודו\u003cbr/\u003e\u003cb\u003eתאריך:\u003c/b\u003e 23-03-2025\u003cbr/\u003e\u003cb\u003eID:\u003c/b\u003e 448\u003cbr/\u003e\u003cb\u003eFB:\u003c/b\u003e \u003ca href=\u0027https://www.facebook.com/groups/3235176716775457/permalink/3592381361054989/\u0027\u003ehttps://www.facebook.com/groups/3235176716775457/permalink/3592381361054989/\u003c/a\u003e\u003cbr/\u003e\u003cbr/\u003e\u003cimg src=\u0027https://drive.google.com/uc?export=view\u0026amp;id=1hfg8wTexH433S2-gUUgiqMJxKVeqTYdN\u0027 width=\u0027450\u0027/\u003e\u003cbr/\u003e\u003c/div\u003e",
                                            "tessellate":  -1,
                                            "extrude":  0,
                                            "visibility":  -1
                                        },
                         "geometry":  {
                                          "type":  "Point",
                                          "coordinates":  [
                                                              135.56324,
                                                              33.80705,
                                                              0.0
                                                          ]
                                      }
                     },
                     {
                         "type":  "Feature",
                         "properties":  {
                                            "Name":  "#37",
                                            "description":  "\u003cdiv dir=\u0027rtl\u0027 style=\u0027font-family:Arial;\u0027\u003e\u003cb\u003eשם:\u003c/b\u003e עומר\u003cbr/\u003e\u003cb\u003eאתר:\u003c/b\u003e טרק האגמים\u003cbr/\u003e\u003cb\u003eתאריך:\u003c/b\u003e 23-03-2026\u003cbr/\u003e\u003cb\u003eID:\u003c/b\u003e 3993\u003cbr/\u003e\u003cb\u003eFB:\u003c/b\u003e \u003ca href=\u0027https://www.facebook.com/groups/beshvil.yael/posts/3924481311178324\u0027\u003ehttps://www.facebook.com/groups/beshvil.yael/posts/3924481311178324\u003c/a\u003e\u003cbr/\u003e\u003cbr/\u003e\u003cimg src=\u0027https://drive.google.com/uc?export=view\u0026amp;id=121aVshMNsMT6BGIwoCYiSuMBGwY48m07\u0027 width=\u0027450\u0027/\u003e\u003cbr/\u003e\u003c/div\u003e",
                                            "tessellate":  -1,
                                            "extrude":  0,
                                            "visibility":  -1
                                        },
                         "geometry":  {
                                          "type":  "Point",
                                          "coordinates":  [
                                                              86.6931,
                                                              27.9542,
                                                              0.0
                                                          ]
                                      }
                     },
                     {
                         "type":  "Feature",
                         "properties":  {
                                            "Name":  "#41",
                                            "description":  "\u003cdiv dir=\u0027rtl\u0027 style=\u0027font-family:Arial;\u0027\u003e\u003cb\u003eשם:\u003c/b\u003e \u003cbr/\u003e\u003cb\u003eאתר:\u003c/b\u003e קומנו קודו\u003cbr/\u003e\u003cb\u003eתאריך:\u003c/b\u003e 23-03-2025\u003cbr/\u003e\u003cb\u003eID:\u003c/b\u003e 444\u003cbr/\u003e\u003cb\u003eFB:\u003c/b\u003e \u003ca href=\u0027https://www.facebook.com/groups/3235176716775457/permalink/3592381361054989/\u0027\u003ehttps://www.facebook.com/groups/3235176716775457/permalink/3592381361054989/\u003c/a\u003e\u003cbr/\u003e\u003cbr/\u003e\u003cimg src=\u0027https://drive.google.com/uc?export=view\u0026amp;id=1hfg8wTexH433S2-gUUgiqMJxKVeqTYdN\u0027 width=\u0027450\u0027/\u003e\u003cbr/\u003e\u003c/div\u003e",
                                            "tessellate":  -1,
                                            "extrude":  0,
                                            "visibility":  -1
                                        },
                         "geometry":  {
                                          "type":  "Point",
                                          "coordinates":  [
                                                              135.56324,
                                                              33.80597,
                                                              0.0
                                                          ]
                                      }
                     },
                     {
                         "type":  "Feature",
                         "properties":  {
                                            "Name":  "#41",
                                            "description":  "\u003cdiv dir=\u0027rtl\u0027 style=\u0027font-family:Arial;\u0027\u003e\u003cb\u003eשם:\u003c/b\u003e \u003cbr/\u003e\u003cb\u003eאתר:\u003c/b\u003e \u003cbr/\u003e\u003cb\u003eתאריך:\u003c/b\u003e 23-03-2025\u003cbr/\u003e\u003cb\u003eID:\u003c/b\u003e 454\u003cbr/\u003e\u003cb\u003eFB:\u003c/b\u003e \u003ca href=\u0027https://www.facebook.com/groups/3235176716775457/permalink/3592099401083185/\u0027\u003ehttps://www.facebook.com/groups/3235176716775457/permalink/3592099401083185/\u003c/a\u003e\u003cbr/\u003e\u003cbr/\u003e\u003cimg src=\u0027https://drive.google.com/uc?export=view\u0026amp;id=1n7Idt6tSa04fPWsCLLmEYWX-wmQQB8UN\u0027 width=\u0027450\u0027/\u003e\u003cbr/\u003e\u003c/div\u003e",
                                            "tessellate":  -1,
                                            "extrude":  0,
                                            "visibility":  -1
                                        },
                         "geometry":  {
                                          "type":  "Point",
                                          "coordinates":  [
                                                              136.0332591,
                                                              34.5040923,
                                                              0.0
                                                          ]
                                      }
                     },
                     {
                         "type":  "Feature",
                         "properties":  {
                                            "Name":  "#42",
                                            "description":  "\u003cdiv dir=\u0027rtl\u0027 style=\u0027font-family:Arial;\u0027\u003e\u003cb\u003eשם:\u003c/b\u003e \u003cbr/\u003e\u003cb\u003eאתר:\u003c/b\u003e קומנו קודו\u003cbr/\u003e\u003cb\u003eתאריך:\u003c/b\u003e 23-03-2025\u003cbr/\u003e\u003cb\u003eID:\u003c/b\u003e 445\u003cbr/\u003e\u003cb\u003eFB:\u003c/b\u003e \u003ca href=\u0027https://www.facebook.com/groups/3235176716775457/permalink/3592381361054989/\u0027\u003ehttps://www.facebook.com/groups/3235176716775457/permalink/3592381361054989/\u003c/a\u003e\u003cbr/\u003e\u003cbr/\u003e\u003cimg src=\u0027https://drive.google.com/uc?export=view\u0026amp;id=1hfg8wTexH433S2-gUUgiqMJxKVeqTYdN\u0027 width=\u0027450\u0027/\u003e\u003cbr/\u003e\u003c/div\u003e",
                                            "tessellate":  -1,
                                            "extrude":  0,
                                            "visibility":  -1
                                        },
                         "geometry":  {
                                          "type":  "Point",
                                          "coordinates":  [
                                                              135.56324,
                                                              33.80624,
                                                              0.0
                                                          ]
                                      }
                     },
                     {
                         "type":  "Feature",
                         "properties":  {
                                            "Name":  "#42",
                                            "description":  "\u003cdiv dir=\u0027rtl\u0027 style=\u0027font-family:Arial;\u0027\u003e\u003cb\u003eשם:\u003c/b\u003e \u003cbr/\u003e\u003cb\u003eאתר:\u003c/b\u003e \u003cbr/\u003e\u003cb\u003eתאריך:\u003c/b\u003e 23-03-2025\u003cbr/\u003e\u003cb\u003eID:\u003c/b\u003e 455\u003cbr/\u003e\u003cb\u003eFB:\u003c/b\u003e \u003ca href=\u0027https://www.facebook.com/groups/3235176716775457/permalink/3592099401083185/\u0027\u003ehttps://www.facebook.com/groups/3235176716775457/permalink/3592099401083185/\u003c/a\u003e\u003cbr/\u003e\u003cbr/\u003e\u003cimg src=\u0027https://drive.google.com/uc?export=view\u0026amp;id=1n7Idt6tSa04fPWsCLLmEYWX-wmQQB8UN\u0027 width=\u0027450\u0027/\u003e\u003cbr/\u003e\u003c/div\u003e",
                                            "tessellate":  -1,
                                            "extrude":  0,
                                            "visibility":  -1
                                        },
                         "geometry":  {
                                          "type":  "Point",
                                          "coordinates":  [
                                                              136.0332591,
                                                              34.5043623,
                                                              0.0
                                                          ]
                                      }
                     },
                     {
                         "type":  "Feature",
                         "properties":  {
                                            "Name":  "#49",
                                            "description":  "\u003cdiv dir=\u0027rtl\u0027 style=\u0027font-family:Arial;\u0027\u003e\u003cb\u003eשם:\u003c/b\u003e אפרת פלורנטל מור\u003cbr/\u003e\u003cb\u003eאתר:\u003c/b\u003e \u003cbr/\u003e\u003cb\u003eתאריך:\u003c/b\u003e 23-03-2025\u003cbr/\u003e\u003cb\u003eID:\u003c/b\u003e 457\u003cbr/\u003e\u003cb\u003eFB:\u003c/b\u003e \u003ca href=\u0027https://www.facebook.com/groups/3235176716775457/permalink/3592099401083185/\u0027\u003ehttps://www.facebook.com/groups/3235176716775457/permalink/3592099401083185/\u003c/a\u003e\u003cbr/\u003e\u003cbr/\u003e\u003cimg src=\u0027https://drive.google.com/uc?export=view\u0026amp;id=1n7Idt6tSa04fPWsCLLmEYWX-wmQQB8UN\u0027 width=\u0027450\u0027/\u003e\u003cbr/\u003e\u003c/div\u003e",
                                            "tessellate":  -1,
                                            "extrude":  0,
                                            "visibility":  -1
                                        },
                         "geometry":  {
                                          "type":  "Point",
                                          "coordinates":  [
                                                              136.0332591,
                                                              34.5049023,
                                                              0.0
                                                          ]
                                      }
                     },
                     {
                         "type":  "Feature",
                         "properties":  {
                                            "Name":  "#50",
                                            "description":  "\u003cdiv dir=\u0027rtl\u0027 style=\u0027font-family:Arial;\u0027\u003e\u003cb\u003eשם:\u003c/b\u003e \u003cbr/\u003e\u003cb\u003eאתר:\u003c/b\u003e \u003cbr/\u003e\u003cb\u003eתאריך:\u003c/b\u003e 23-03-2025\u003cbr/\u003e\u003cb\u003eID:\u003c/b\u003e 456\u003cbr/\u003e\u003cb\u003eFB:\u003c/b\u003e \u003ca href=\u0027https://www.facebook.com/groups/3235176716775457/permalink/3592099401083185/\u0027\u003ehttps://www.facebook.com/groups/3235176716775457/permalink/3592099401083185/\u003c/a\u003e\u003cbr/\u003e\u003cbr/\u003e\u003cimg src=\u0027https://drive.google.com/uc?export=view\u0026amp;id=1n7Idt6tSa04fPWsCLLmEYWX-wmQQB8UN\u0027 width=\u0027450\u0027/\u003e\u003cbr/\u003e\u003c/div\u003e",
                                            "tessellate":  -1,
                                            "extrude":  0,
                                            "visibility":  -1
                                        },
                         "geometry":  {
                                          "type":  "Point",
                                          "coordinates":  [
                                                              136.0332591,
                                                              34.5046323,
                                                              0.0
                                                          ]
                                      }
                     },
                     {
                         "type":  "Feature",
                         "properties":  {
                                            "Name":  "#53",
                                            "description":  "\u003cdiv dir=\u0027rtl\u0027 style=\u0027font-family:Arial;\u0027\u003e\u003cb\u003eשם:\u003c/b\u003e \u003cbr/\u003e\u003cb\u003eאתר:\u003c/b\u003e קומנו קודו\u003cbr/\u003e\u003cb\u003eתאריך:\u003c/b\u003e 23-03-2025\u003cbr/\u003e\u003cb\u003eID:\u003c/b\u003e 447\u003cbr/\u003e\u003cb\u003eFB:\u003c/b\u003e \u003ca href=\u0027https://www.facebook.com/groups/3235176716775457/permalink/3592381361054989/\u0027\u003ehttps://www.facebook.com/groups/3235176716775457/permalink/3592381361054989/\u003c/a\u003e\u003cbr/\u003e\u003cbr/\u003e\u003cimg src=\u0027https://drive.google.com/uc?export=view\u0026amp;id=1hfg8wTexH433S2-gUUgiqMJxKVeqTYdN\u0027 width=\u0027450\u0027/\u003e\u003cbr/\u003e\u003c/div\u003e",
                                            "tessellate":  -1,
                                            "extrude":  0,
                                            "visibility":  -1
                                        },
                         "geometry":  {
                                          "type":  "Point",
                                          "coordinates":  [
                                                              135.56324,
                                                              33.80678,
                                                              0.0
                                                          ]
                                      }
                     },
                     {
                         "type":  "Feature",
                         "properties":  {
                                            "Name":  "#53",
                                            "description":  "\u003cdiv dir=\u0027rtl\u0027 style=\u0027font-family:Arial;\u0027\u003e\u003cb\u003eשם:\u003c/b\u003e \u003cbr/\u003e\u003cb\u003eאתר:\u003c/b\u003e \u003cbr/\u003e\u003cb\u003eתאריך:\u003c/b\u003e 23-03-2025\u003cbr/\u003e\u003cb\u003eID:\u003c/b\u003e 458\u003cbr/\u003e\u003cb\u003eFB:\u003c/b\u003e \u003ca href=\u0027https://www.facebook.com/groups/3235176716775457/permalink/3592099401083185/\u0027\u003ehttps://www.facebook.com/groups/3235176716775457/permalink/3592099401083185/\u003c/a\u003e\u003cbr/\u003e\u003cbr/\u003e\u003cimg src=\u0027https://drive.google.com/uc?export=view\u0026amp;id=1n7Idt6tSa04fPWsCLLmEYWX-wmQQB8UN\u0027 width=\u0027450\u0027/\u003e\u003cbr/\u003e\u003c/div\u003e",
                                            "tessellate":  -1,
                                            "extrude":  0,
                                            "visibility":  -1
                                        },
                         "geometry":  {
                                          "type":  "Point",
                                          "coordinates":  [
                                                              136.0332591,
                                                              34.5051723,
                                                              0.0
                                                          ]
                                      }
                     },
                     {
                         "type":  "Feature",
                         "properties":  {
                                            "Name":  "#54",
                                            "description":  "\u003cdiv dir=\u0027rtl\u0027 style=\u0027font-family:Arial;\u0027\u003e\u003cb\u003eשם:\u003c/b\u003e \u003cbr/\u003e\u003cb\u003eאתר:\u003c/b\u003e קומנו קודו\u003cbr/\u003e\u003cb\u003eתאריך:\u003c/b\u003e 23-03-2025\u003cbr/\u003e\u003cb\u003eID:\u003c/b\u003e 446\u003cbr/\u003e\u003cb\u003eFB:\u003c/b\u003e \u003ca href=\u0027https://www.facebook.com/groups/3235176716775457/permalink/3592381361054989/\u0027\u003ehttps://www.facebook.com/groups/3235176716775457/permalink/3592381361054989/\u003c/a\u003e\u003cbr/\u003e\u003cbr/\u003e\u003cimg src=\u0027https://drive.google.com/uc?export=view\u0026amp;id=1hfg8wTexH433S2-gUUgiqMJxKVeqTYdN\u0027 width=\u0027450\u0027/\u003e\u003cbr/\u003e\u003c/div\u003e",
                                            "tessellate":  -1,
                                            "extrude":  0,
                                            "visibility":  -1
                                        },
                         "geometry":  {
                                          "type":  "Point",
                                          "coordinates":  [
                                                              135.56324,
                                                              33.80651,
                                                              0.0
                                                          ]
                                      }
                     },
                     {
                         "type":  "Feature",
                         "properties":  {
                                            "Name":  "#54",
                                            "description":  "\u003cdiv dir=\u0027rtl\u0027 style=\u0027font-family:Arial;\u0027\u003e\u003cb\u003eשם:\u003c/b\u003e \u003cbr/\u003e\u003cb\u003eאתר:\u003c/b\u003e \u003cbr/\u003e\u003cb\u003eתאריך:\u003c/b\u003e 23-03-2025\u003cbr/\u003e\u003cb\u003eID:\u003c/b\u003e 459\u003cbr/\u003e\u003cb\u003eFB:\u003c/b\u003e \u003ca href=\u0027https://www.facebook.com/groups/3235176716775457/permalink/3592099401083185/\u0027\u003ehttps://www.facebook.com/groups/3235176716775457/permalink/3592099401083185/\u003c/a\u003e\u003cbr/\u003e\u003cbr/\u003e\u003cimg src=\u0027https://drive.google.com/uc?export=view\u0026amp;id=1n7Idt6tSa04fPWsCLLmEYWX-wmQQB8UN\u0027 width=\u0027450\u0027/\u003e\u003cbr/\u003e\u003c/div\u003e",
                                            "tessellate":  -1,
                                            "extrude":  0,
                                            "visibility":  -1
                                        },
                         "geometry":  {
                                          "type":  "Point",
                                          "coordinates":  [
                                                              136.0332591,
                                                              34.5054423,
                                                              0.0
                                                          ]
                                      }
                     },
                     {
                         "type":  "Feature",
                         "properties":  {
                                            "Name":  "#78",
                                            "description":  "\u003cdiv dir=\u0027rtl\u0027 style=\u0027font-family:Arial;\u0027\u003e\u003cb\u003eשם:\u003c/b\u003e איילון זינו\u003cbr/\u003e\u003cb\u003eאתר:\u003c/b\u003e ברייס קניון\u003cbr/\u003e\u003cb\u003eתאריך:\u003c/b\u003e 15-09-2025\u003cbr/\u003e\u003cb\u003eID:\u003c/b\u003e 1881\u003cbr/\u003e\u003cb\u003eFB:\u003c/b\u003e \u003ca href=\u0027https://www.facebook.com/groups/beshvil.yael/posts/3750343565258767\u0027\u003ehttps://www.facebook.com/groups/beshvil.yael/posts/3750343565258767\u003c/a\u003e\u003cbr/\u003e\u003cbr/\u003e\u003cimg src=\u0027https://drive.google.com/uc?export=view\u0026amp;id=1VIgkkqK7af8nEoANoa76Atcf6VT05mzA\u0027 width=\u0027450\u0027/\u003e\u003cbr/\u003e\u003c/div\u003e",
                                            "tessellate":  -1,
                                            "extrude":  0,
                                            "visibility":  -1
                                        },
                         "geometry":  {
                                          "type":  "Point",
                                          "coordinates":  [
                                                              -112.14864,
                                                              37.64198,
                                                              0.0
                                                          ]
                                      }
                     },
                     {
                         "type":  "Feature",
                         "properties":  {
                                            "Name":  "#92",
                                            "description":  "\u003cdiv dir=\u0027rtl\u0027 style=\u0027font-family:Arial;\u0027\u003e\u003cb\u003eשם:\u003c/b\u003e איריס פלד\u003cbr/\u003e\u003cb\u003eאתר:\u003c/b\u003e kamikochi\u003cbr/\u003e\u003cb\u003eתאריך:\u003c/b\u003e 11-05-2025\u003cbr/\u003e\u003cb\u003eID:\u003c/b\u003e 412\u003cbr/\u003e\u003cb\u003eFB:\u003c/b\u003e \u003ca href=\u0027https://www.facebook.com/groups/3235176716775457/posts/3639151196378005/\u0027\u003ehttps://www.facebook.com/groups/3235176716775457/posts/3639151196378005/\u003c/a\u003e\u003cbr/\u003e\u003cbr/\u003e\u003cimg src=\u0027https://drive.google.com/uc?export=view\u0026amp;id=1TqJYpYu8f9D8XDV_c_tYwdyhFDCvkzKu\u0027 width=\u0027450\u0027/\u003e\u003cbr/\u003e\u003c/div\u003e",
                                            "tessellate":  -1,
                                            "extrude":  0,
                                            "visibility":  -1
                                        },
                         "geometry":  {
                                          "type":  "Point",
                                          "coordinates":  [
                                                              137.63806,
                                                              36.24875,
                                                              0.0
                                                          ]
                                      }
                     },
                     {
                         "type":  "Feature",
                         "properties":  {
                                            "Name":  "#95",
                                            "description":  "\u003cdiv dir=\u0027rtl\u0027 style=\u0027font-family:Arial;\u0027\u003e\u003cb\u003eשם:\u003c/b\u003e אבי מרציאנו\u003cbr/\u003e\u003cb\u003eאתר:\u003c/b\u003e מילנו\u003cbr/\u003e\u003cb\u003eתאריך:\u003c/b\u003e 16-05-2025\u003cbr/\u003e\u003cb\u003eID:\u003c/b\u003e 530\u003cbr/\u003e\u003cb\u003eFB:\u003c/b\u003e \u003ca href=\u0027https://www.facebook.com/groups/3235176716775457/posts/3643341682625623/\u0027\u003ehttps://www.facebook.com/groups/3235176716775457/posts/3643341682625623/\u003c/a\u003e\u003cbr/\u003e\u003cbr/\u003e\u003cimg src=\u0027https://drive.google.com/uc?export=view\u0026amp;id=1XvznP-BSCrhQzenRQ0t6H0vVrN36i7Ef\u0027 width=\u0027450\u0027/\u003e\u003cbr/\u003e\u003c/div\u003e",
                                            "tessellate":  -1,
                                            "extrude":  0,
                                            "visibility":  -1
                                        },
                         "geometry":  {
                                          "type":  "Point",
                                          "coordinates":  [
                                                              9.1913289,
                                                              45.475725,
                                                              0.0
                                                          ]
                                      }
                     },
                     {
                         "type":  "Feature",
                         "properties":  {
                                            "Name":  "#95",
                                            "description":  "\u003cdiv dir=\u0027rtl\u0027 style=\u0027font-family:Arial;\u0027\u003e\u003cb\u003eשם:\u003c/b\u003e אבי מרציאנו\u003cbr/\u003e\u003cb\u003eאתר:\u003c/b\u003e האנוי\u003cbr/\u003e\u003cb\u003eתאריך:\u003c/b\u003e 06-02-2026\u003cbr/\u003e\u003cb\u003eID:\u003c/b\u003e 3590\u003cbr/\u003e\u003cb\u003eFB:\u003c/b\u003e \u003ca href=\u0027https://www.facebook.com/groups/beshvil.yael/posts/3882383832054739/\u0027\u003ehttps://www.facebook.com/groups/beshvil.yael/posts/3882383832054739/\u003c/a\u003e\u003cbr/\u003e\u003cbr/\u003e\u003cimg src=\u0027https://drive.google.com/uc?export=view\u0026amp;id=1pUVyoM7WUXSEg_2uTEYDe9OT8FCkuW4v\u0027 width=\u0027450\u0027/\u003e\u003cbr/\u003e\u003c/div\u003e",
                                            "tessellate":  -1,
                                            "extrude":  0,
                                            "visibility":  -1
                                        },
                         "geometry":  {
                                          "type":  "Point",
                                          "coordinates":  [
                                                              105.82746,
                                                              21.03337,
                                                              0.0
                                                          ]
                                      }
                     },
                     {
                         "type":  "Feature",
                         "properties":  {
                                            "Name":  "#95",
                                            "description":  "\u003cdiv dir=\u0027rtl\u0027 style=\u0027font-family:Arial;\u0027\u003e\u003cb\u003eשם:\u003c/b\u003e אבי מרציאנו\u003cbr/\u003e\u003cb\u003eאתר:\u003c/b\u003e Ninh Bình\u003cbr/\u003e\u003cb\u003eתאריך:\u003c/b\u003e 07-02-2026\u003cbr/\u003e\u003cb\u003eID:\u003c/b\u003e 3615\u003cbr/\u003e\u003cb\u003eFB:\u003c/b\u003e \u003ca href=\u0027https://www.facebook.com/groups/beshvil.yael/posts/3883361945290261/\u0027\u003ehttps://www.facebook.com/groups/beshvil.yael/posts/3883361945290261/\u003c/a\u003e\u003cbr/\u003e\u003cbr/\u003e\u003cimg src=\u0027https://drive.google.com/uc?export=view\u0026amp;id=1lb-wciOMcQreeCwLiriK6UOrdsCP_xGw\u0027 width=\u0027450\u0027/\u003e\u003cbr/\u003e\u003c/div\u003e",
                                            "tessellate":  -1,
                                            "extrude":  0,
                                            "visibility":  -1
                                        },
                         "geometry":  {
                                          "type":  "Point",
                                          "coordinates":  [
                                                              105.96466,
                                                              20.25464,
                                                              0.0
                                                          ]
                                      }
                     },
                     {
                         "type":  "Feature",
                         "properties":  {
                                            "Name":  "#95",
                                            "description":  "\u003cdiv dir=\u0027rtl\u0027 style=\u0027font-family:Arial;\u0027\u003e\u003cb\u003eשם:\u003c/b\u003e אבי מרציאנו\u003cbr/\u003e\u003cb\u003eאתר:\u003c/b\u003e Doi Inthanon National\u003cbr/\u003e\u003cb\u003eתאריך:\u003c/b\u003e 14-02-2026\u003cbr/\u003e\u003cb\u003eID:\u003c/b\u003e 3703\u003cbr/\u003e\u003cb\u003eFB:\u003c/b\u003e \u003ca href=\u0027https://www.facebook.com/groups/beshvil.yael/posts/3889851744641281/\u0027\u003ehttps://www.facebook.com/groups/beshvil.yael/posts/3889851744641281/\u003c/a\u003e\u003cbr/\u003e\u003cbr/\u003e\u003cimg src=\u0027https://drive.google.com/uc?export=view\u0026amp;id=1b_0K4jAK_l72h159JbEXFFIzcwkEH0af\u0027 width=\u0027450\u0027/\u003e\u003cbr/\u003e\u003c/div\u003e",
                                            "tessellate":  -1,
                                            "extrude":  0,
                                            "visibility":  -1
                                        },
                         "geometry":  {
                                          "type":  "Point",
                                          "coordinates":  [
                                                              98.52215,
                                                              18.53593,
                                                              0.0
                                                          ]
                                      }
                     },
                     {
                         "type":  "Feature",
                         "properties":  {
                                            "Name":  "#95",
                                            "description":  "\u003cdiv dir=\u0027rtl\u0027 style=\u0027font-family:Arial;\u0027\u003e\u003cb\u003eשם:\u003c/b\u003e אבי מרציאנו\u003cbr/\u003e\u003cb\u003eאתר:\u003c/b\u003e Pai\u003cbr/\u003e\u003cb\u003eתאריך:\u003c/b\u003e 16-02-2026\u003cbr/\u003e\u003cb\u003eID:\u003c/b\u003e 3736\u003cbr/\u003e\u003cb\u003eFB:\u003c/b\u003e \u003ca href=\u0027https://www.facebook.com/groups/beshvil.yael/posts/3892110927748696/\u0027\u003ehttps://www.facebook.com/groups/beshvil.yael/posts/3892110927748696/\u003c/a\u003e\u003cbr/\u003e\u003cbr/\u003e\u003cimg src=\u0027https://drive.google.com/uc?export=view\u0026amp;id=1H8qgLZ6DE5rHcOBdRBtLLyU4MIkf5tw1\u0027 width=\u0027450\u0027/\u003e\u003cbr/\u003e\u003c/div\u003e",
                                            "tessellate":  -1,
                                            "extrude":  0,
                                            "visibility":  -1
                                        },
                         "geometry":  {
                                          "type":  "Point",
                                          "coordinates":  [
                                                              98.33056,
                                                              19.43574,
                                                              0.0
                                                          ]
                                      }
                     },
                     {
                         "type":  "Feature",
                         "properties":  {
                                            "Name":  "#97",
                                            "description":  "\u003cdiv dir=\u0027rtl\u0027 style=\u0027font-family:Arial;\u0027\u003e\u003cb\u003eשם:\u003c/b\u003e אילון בר אל\u003cbr/\u003e\u003cb\u003eאתר:\u003c/b\u003e יחד עם #31, #32\u003cbr/\u003e\u003cb\u003eתאריך:\u003c/b\u003e 12-04-2025\u003cbr/\u003e\u003cb\u003eID:\u003c/b\u003e 384\u003cbr/\u003e\u003cb\u003eFB:\u003c/b\u003e \u003ca href=\u0027https://www.facebook.com/groups/3235176716775457/posts/3612716545688137/\u0027\u003ehttps://www.facebook.com/groups/3235176716775457/posts/3612716545688137/\u003c/a\u003e\u003cbr/\u003e\u003cbr/\u003e\u003cimg src=\u0027https://drive.google.com/uc?export=view\u0026amp;id=1S-JT7GtovBRarehp7bQvjxftxt0b3FTd\u0027 width=\u0027450\u0027/\u003e\u003cbr/\u003e\u003c/div\u003e",
                                            "tessellate":  -1,
                                            "extrude":  0,
                                            "visibility":  -1
                                        },
                         "geometry":  {
                                          "type":  "Point",
                                          "coordinates":  [
                                                              14.3204123,
                                                              42.369788,
                                                              0.0
                                                          ]
                                      }
                     },
                     {
                         "type":  "Feature",
                         "properties":  {
                                            "Name":  "#101",
                                            "description":  "\u003cdiv dir=\u0027rtl\u0027 style=\u0027font-family:Arial;\u0027\u003e\u003cb\u003eשם:\u003c/b\u003e דרור פלד\u003cbr/\u003e\u003cb\u003eאתר:\u003c/b\u003e מעבר ההרים סלה\u003cbr/\u003e\u003cb\u003eתאריך:\u003c/b\u003e 12-11-2025\u003cbr/\u003e\u003cb\u003eID:\u003c/b\u003e 2707\u003cbr/\u003e\u003cb\u003eFB:\u003c/b\u003e \u003ca href=\u0027https://www.facebook.com/groups/beshvil.yael/posts/3808166806143109\u0027\u003ehttps://www.facebook.com/groups/beshvil.yael/posts/3808166806143109\u003c/a\u003e\u003cbr/\u003e\u003cbr/\u003e\u003cimg src=\u0027https://drive.google.com/uc?export=view\u0026amp;id=1YWF1eYk3UeJ6qz-ST-9JyjBjjB8lei2Q\u0027 width=\u0027450\u0027/\u003e\u003cbr/\u003e\u003c/div\u003e",
                                            "tessellate":  -1,
                                            "extrude":  0,
                                            "visibility":  -1
                                        },
                         "geometry":  {
                                          "type":  "Point",
                                          "coordinates":  [
                                                              11.7578,
                                                              46.5085,
                                                              0.0
                                                          ]
                                      }
                     },
                     {
                         "type":  "Feature",
                         "properties":  {
                                            "Name":  "#125",
                                            "description":  "\u003cdiv dir=\u0027rtl\u0027 style=\u0027font-family:Arial;\u0027\u003e\u003cb\u003eשם:\u003c/b\u003e יוסי מוצאפי\u003cbr/\u003e\u003cb\u003eאתר:\u003c/b\u003e באן קו טאו\u003cbr/\u003e\u003cb\u003eתאריך:\u003c/b\u003e 05-02-2026\u003cbr/\u003e\u003cb\u003eID:\u003c/b\u003e 3579\u003cbr/\u003e\u003cb\u003eFB:\u003c/b\u003e \u003ca href=\u0027https://www.facebook.com/groups/beshvil.yael/posts/3881219468837842/\u0027\u003ehttps://www.facebook.com/groups/beshvil.yael/posts/3881219468837842/\u003c/a\u003e\u003cbr/\u003e\u003cbr/\u003e\u003cimg src=\u0027https://drive.google.com/uc?export=view\u0026amp;id=1hTfGZaT-qwSMP3JooyQ69pzq0yLjOh7K\u0027 width=\u0027450\u0027/\u003e\u003cbr/\u003e\u003c/div\u003e",
                                            "tessellate":  -1,
                                            "extrude":  0,
                                            "visibility":  -1
                                        },
                         "geometry":  {
                                          "type":  "Point",
                                          "coordinates":  [
                                                              99.84142,
                                                              10.10845,
                                                              0.0
                                                          ]
                                      }
                     },
                     {
                         "type":  "Feature",
                         "properties":  {
                                            "Name":  "#130",
                                            "description":  "\u003cdiv dir=\u0027rtl\u0027 style=\u0027font-family:Arial;\u0027\u003e\u003cb\u003eשם:\u003c/b\u003e עינת אוריון\u003cbr/\u003e\u003cb\u003eאתר:\u003c/b\u003e Buckskin Pass\u003cbr/\u003e\u003cb\u003eתאריך:\u003c/b\u003e 19-07-2025\u003cbr/\u003e\u003cb\u003eID:\u003c/b\u003e 1763\u003cbr/\u003e\u003cbr/\u003e\u003cimg src=\u0027https://drive.google.com/uc?export=view\u0026amp;id=1ayqnx6rcgjxxLpRsP0qD1zRiXYLCsxCD\u0027 width=\u0027450\u0027/\u003e\u003cbr/\u003e\u003c/div\u003e",
                                            "tessellate":  -1,
                                            "extrude":  0,
                                            "visibility":  -1
                                        },
                         "geometry":  {
                                          "type":  "Point",
                                          "coordinates":  [
                                                              -106.99198,
                                                              39.10193,
                                                              0.0
                                                          ]
                                      }
                     },
                     {
                         "type":  "Feature",
                         "properties":  {
                                            "Name":  "#130",
                                            "description":  "\u003cdiv dir=\u0027rtl\u0027 style=\u0027font-family:Arial;\u0027\u003e\u003cb\u003eשם:\u003c/b\u003e עינת אוריון\u003cbr/\u003e\u003cb\u003eאתר:\u003c/b\u003e Smuggler Mountain\u003cbr/\u003e\u003cb\u003eתאריך:\u003c/b\u003e 19-07-2025\u003cbr/\u003e\u003cb\u003eID:\u003c/b\u003e 1764\u003cbr/\u003e\u003cbr/\u003e\u003cimg src=\u0027https://drive.google.com/uc?export=view\u0026amp;id=1Pfe3ZY5WQ2GxdpHhfGopU--AgvTOGIsX\u0027 width=\u0027450\u0027/\u003e\u003cbr/\u003e\u003c/div\u003e",
                                            "tessellate":  -1,
                                            "extrude":  0,
                                            "visibility":  -1
                                        },
                         "geometry":  {
                                          "type":  "Point",
                                          "coordinates":  [
                                                              -106.8048,
                                                              39.19058,
                                                              0.0
                                                          ]
                                      }
                     },
                     {
                         "type":  "Feature",
                         "properties":  {
                                            "Name":  "#130",
                                            "description":  "\u003cdiv dir=\u0027rtl\u0027 style=\u0027font-family:Arial;\u0027\u003e\u003cb\u003eשם:\u003c/b\u003e עינת אוריון\u003cbr/\u003e\u003cb\u003eאתר:\u003c/b\u003e Crater Lake\u003cbr/\u003e\u003cb\u003eתאריך:\u003c/b\u003e 19-07-2025\u003cbr/\u003e\u003cb\u003eID:\u003c/b\u003e 1765\u003cbr/\u003e\u003cbr/\u003e\u003cimg src=\u0027https://drive.google.com/uc?export=view\u0026amp;id=1BE_MCLk2eJljKJu4kOJrRRZP1cAt3Z_I\u0027 width=\u0027450\u0027/\u003e\u003cbr/\u003e\u003c/div\u003e",
                                            "tessellate":  -1,
                                            "extrude":  0,
                                            "visibility":  -1
                                        },
                         "geometry":  {
                                          "type":  "Point",
                                          "coordinates":  [
                                                              -122.109,
                                                              42.94458,
                                                              0.0
                                                          ]
                                      }
                     },
                     {
                         "type":  "Feature",
                         "properties":  {
                                            "Name":  "#130",
                                            "description":  "\u003cdiv dir=\u0027rtl\u0027 style=\u0027font-family:Arial;\u0027\u003e\u003cb\u003eשם:\u003c/b\u003e עינת אוריון\u003cbr/\u003e\u003cb\u003eאתר:\u003c/b\u003e שדה התעופה ארלינגטון\u003cbr/\u003e\u003cb\u003eתאריך:\u003c/b\u003e 01-09-2025\u003cbr/\u003e\u003cb\u003eID:\u003c/b\u003e 1766\u003cbr/\u003e\u003cbr/\u003e\u003cimg src=\u0027https://drive.google.com/uc?export=view\u0026amp;id=13cFA8z8KcEQ1Zuu0J0Saop15wpBWvHS0\u0027 width=\u0027450\u0027/\u003e\u003cbr/\u003e\u003c/div\u003e",
                                            "tessellate":  -1,
                                            "extrude":  0,
                                            "visibility":  -1
                                        },
                         "geometry":  {
                                          "type":  "Point",
                                          "coordinates":  [
                                                              -77.03917,
                                                              38.8501,
                                                              0.0
                                                          ]
                                      }
                     },
                     {
                         "type":  "Feature",
                         "properties":  {
                                            "Name":  "#130",
                                            "description":  "\u003cdiv dir=\u0027rtl\u0027 style=\u0027font-family:Arial;\u0027\u003e\u003cb\u003eשם:\u003c/b\u003e עינת אוריון\u003cbr/\u003e\u003cb\u003eאתר:\u003c/b\u003e Upper Grinnell Lake\u003cbr/\u003e\u003cb\u003eתאריך:\u003c/b\u003e 01-09-2025\u003cbr/\u003e\u003cb\u003eID:\u003c/b\u003e 1767\u003cbr/\u003e\u003cbr/\u003e\u003cimg src=\u0027https://drive.google.com/uc?export=view\u0026amp;id=1vnpkKi_mEwskBkQKU0dBF8apKDorg801\u0027 width=\u0027450\u0027/\u003e\u003cbr/\u003e\u003c/div\u003e",
                                            "tessellate":  -1,
                                            "extrude":  0,
                                            "visibility":  -1
                                        },
                         "geometry":  {
                                          "type":  "Point",
                                          "coordinates":  [
                                                              -113.72973,
                                                              48.75974,
                                                              0.0
                                                          ]
                                      }
                     },
                     {
                         "type":  "Feature",
                         "properties":  {
                                            "Name":  "#130",
                                            "description":  "\u003cdiv dir=\u0027rtl\u0027 style=\u0027font-family:Arial;\u0027\u003e\u003cb\u003eשם:\u003c/b\u003e עינת אוריון\u003cbr/\u003e\u003cb\u003eאתר:\u003c/b\u003e Avalanche Lake\u003cbr/\u003e\u003cb\u003eתאריך:\u003c/b\u003e 01-09-2025\u003cbr/\u003e\u003cb\u003eID:\u003c/b\u003e 1768\u003cbr/\u003e\u003cbr/\u003e\u003cimg src=\u0027https://drive.google.com/uc?export=view\u0026amp;id=1elw9O1TK3ESvECI5ePkMmLOaQYb5JFmx\u0027 width=\u0027450\u0027/\u003e\u003cbr/\u003e\u003c/div\u003e",
                                            "tessellate":  -1,
                                            "extrude":  0,
                                            "visibility":  -1
                                        },
                         "geometry":  {
                                          "type":  "Point",
                                          "coordinates":  [
                                                              -113.78992,
                                                              48.65592,
                                                              0.0
                                                          ]
                                      }
                     },
                     {
                         "type":  "Feature",
                         "properties":  {
                                            "Name":  "#130",
                                            "description":  "\u003cdiv dir=\u0027rtl\u0027 style=\u0027font-family:Arial;\u0027\u003e\u003cb\u003eשם:\u003c/b\u003e עינת אוריון\u003cbr/\u003e\u003cb\u003eאתר:\u003c/b\u003e Running Eagle Falls\u003cbr/\u003e\u003cb\u003eתאריך:\u003c/b\u003e 05-09-2025\u003cbr/\u003e\u003cb\u003eID:\u003c/b\u003e 1769\u003cbr/\u003e\u003cbr/\u003e\u003cimg src=\u0027https://drive.google.com/uc?export=view\u0026amp;id=1bJQWUvck4UmMkJWwbvG8714nRdbc2ZCe\u0027 width=\u0027450\u0027/\u003e\u003cbr/\u003e\u003c/div\u003e",
                                            "tessellate":  -1,
                                            "extrude":  0,
                                            "visibility":  -1
                                        },
                         "geometry":  {
                                          "type":  "Point",
                                          "coordinates":  [
                                                              -113.35243,
                                                              48.49824,
                                                              0.0
                                                          ]
                                      }
                     },
                     {
                         "type":  "Feature",
                         "properties":  {
                                            "Name":  "#130",
                                            "description":  "\u003cdiv dir=\u0027rtl\u0027 style=\u0027font-family:Arial;\u0027\u003e\u003cb\u003eשם:\u003c/b\u003e עינת אוריון\u003cbr/\u003e\u003cb\u003eאתר:\u003c/b\u003e Upper Two Medicine Lake\u003cbr/\u003e\u003cb\u003eתאריך:\u003c/b\u003e 06-09-2025\u003cbr/\u003e\u003cb\u003eID:\u003c/b\u003e 1770\u003cbr/\u003e\u003cbr/\u003e\u003cimg src=\u0027https://drive.google.com/uc?export=view\u0026amp;id=1Ruyqqo3HvsJG4uIeBmk3VMa7R_vAKo5F\u0027 width=\u0027450\u0027/\u003e\u003cbr/\u003e\u003c/div\u003e",
                                            "tessellate":  -1,
                                            "extrude":  0,
                                            "visibility":  -1
                                        },
                         "geometry":  {
                                          "type":  "Point",
                                          "coordinates":  [
                                                              -113.46358,
                                                              48.46499,
                                                              0.0
                                                          ]
                                      }
                     },
                     {
                         "type":  "Feature",
                         "properties":  {
                                            "Name":  "#131",
                                            "description":  "\u003cdiv dir=\u0027rtl\u0027 style=\u0027font-family:Arial;\u0027\u003e\u003cb\u003eשם:\u003c/b\u003e אופיר פרייס\u003cbr/\u003e\u003cb\u003eאתר:\u003c/b\u003e ויה פרנסיג\u0027ינה\u003cbr/\u003e\u003cb\u003eתאריך:\u003c/b\u003e 14-09-2025\u003cbr/\u003e\u003cb\u003eID:\u003c/b\u003e 1873\u003cbr/\u003e\u003cb\u003eFB:\u003c/b\u003e \u003ca href=\u0027https://www.facebook.com/groups/beshvil.yael/posts/3750158388610618/\u0027\u003ehttps://www.facebook.com/groups/beshvil.yael/posts/3750158388610618/\u003c/a\u003e\u003cbr/\u003e\u003cbr/\u003e\u003cimg src=\u0027https://drive.google.com/uc?export=view\u0026amp;id=1UCdoJiolYLXSHJ3WwPPeDleRDO1y08Jk\u0027 width=\u0027450\u0027/\u003e\u003cbr/\u003e\u003c/div\u003e",
                                            "tessellate":  -1,
                                            "extrude":  0,
                                            "visibility":  -1
                                        },
                         "geometry":  {
                                          "type":  "Point",
                                          "coordinates":  [
                                                              11.04251,
                                                              43.47321,
                                                              0.0
                                                          ]
                                      }
                     },
                     {
                         "type":  "Feature",
                         "properties":  {
                                            "Name":  "#131",
                                            "description":  "\u003cdiv dir=\u0027rtl\u0027 style=\u0027font-family:Arial;\u0027\u003e\u003cb\u003eשם:\u003c/b\u003e אופיר פרייס\u003cbr/\u003e\u003cb\u003eאתר:\u003c/b\u003e 17 ימים מלוקה לרומא, 430 ק\u0026quot;מ\u003cbr/\u003e\u003cb\u003eתאריך:\u003c/b\u003e 15-09-2025\u003cbr/\u003e\u003cb\u003eID:\u003c/b\u003e 1879\u003cbr/\u003e\u003cb\u003eFB:\u003c/b\u003e \u003ca href=\u0027https://www.facebook.com/groups/beshvil.yael/posts/3750177465275377\u0027\u003ehttps://www.facebook.com/groups/beshvil.yael/posts/3750177465275377\u003c/a\u003e\u003cbr/\u003e\u003cbr/\u003e\u003cimg src=\u0027https://drive.google.com/uc?export=view\u0026amp;id=1uabpyllLiUWBhlykUVCCW-8RRdlhDsDe\u0027 width=\u0027450\u0027/\u003e\u003cbr/\u003e\u003c/div\u003e",
                                            "tessellate":  -1,
                                            "extrude":  0,
                                            "visibility":  -1
                                        },
                         "geometry":  {
                                          "type":  "Point",
                                          "coordinates":  [
                                                              10.49299,
                                                              43.80985,
                                                              0.0
                                                          ]
                                      }
                     },
                     {
                         "type":  "Feature",
                         "properties":  {
                                            "Name":  "#144",
                                            "description":  "\u003cdiv dir=\u0027rtl\u0027 style=\u0027font-family:Arial;\u0027\u003e\u003cb\u003eשם:\u003c/b\u003e אמיר ויזל\u003cbr/\u003e\u003cb\u003eאתר:\u003c/b\u003e Goryokaku Park\u003cbr/\u003e\u003cb\u003eתאריך:\u003c/b\u003e 02-05-2026\u003cbr/\u003e\u003cb\u003eID:\u003c/b\u003e 4345\u003cbr/\u003e\u003cb\u003eFB:\u003c/b\u003e \u003ca href=\u0027https://www.facebook.com/groups/beshvil.yael/posts/3962144047412050\u0027\u003ehttps://www.facebook.com/groups/beshvil.yael/posts/3962144047412050\u003c/a\u003e\u003cbr/\u003e\u003cbr/\u003e\u003cimg src=\u0027https://drive.google.com/uc?export=view\u0026amp;id=1-zPsWiweNs3Q757ER22TxXmq-fue6wUj\u0027 width=\u0027450\u0027/\u003e\u003cbr/\u003e\u003c/div\u003e",
                                            "tessellate":  -1,
                                            "extrude":  0,
                                            "visibility":  -1
                                        },
                         "geometry":  {
                                          "type":  "Point",
                                          "coordinates":  [
                                                              140.75817,
                                                              41.79553,
                                                              0.0
                                                          ]
                                      }
                     },
                     {
                         "type":  "Feature",
                         "properties":  {
                                            "Name":  "#174",
                                            "description":  "\u003cdiv dir=\u0027rtl\u0027 style=\u0027font-family:Arial;\u0027\u003e\u003cb\u003eשם:\u003c/b\u003e X\u003cbr/\u003e\u003cb\u003eאתר:\u003c/b\u003e \u003cbr/\u003e\u003cb\u003eתאריך:\u003c/b\u003e 13-03-2025\u003cbr/\u003e\u003cb\u003eID:\u003c/b\u003e 726\u003cbr/\u003e\u003cb\u003eFB:\u003c/b\u003e \u003ca href=\u0027https://www.facebook.com/groups/3235176716775457/posts/3583488618610930/\u0027\u003ehttps://www.facebook.com/groups/3235176716775457/posts/3583488618610930/\u003c/a\u003e\u003cbr/\u003e\u003cbr/\u003e\u003cimg src=\u0027https://drive.google.com/uc?export=view\u0026amp;id=1tP2r1qxzHsMPOJTr1Uu8_ZXRVvzW9T5a\u0027 width=\u0027450\u0027/\u003e\u003cbr/\u003e\u003c/div\u003e",
                                            "tessellate":  -1,
                                            "extrude":  0,
                                            "visibility":  -1
                                        },
                         "geometry":  {
                                          "type":  "Point",
                                          "coordinates":  [
                                                              108.277199,
                                                              14.058324,
                                                              0.0
                                                          ]
                                      }
                     },
                     {
                         "type":  "Feature",
                         "properties":  {
                                            "Name":  "#176",
                                            "description":  "\u003cdiv dir=\u0027rtl\u0027 style=\u0027font-family:Arial;\u0027\u003e\u003cb\u003eשם:\u003c/b\u003e טלי אלמוג ניצן\u003cbr/\u003e\u003cb\u003eאתר:\u003c/b\u003e האלשטאט\u003cbr/\u003e\u003cb\u003eתאריך:\u003c/b\u003e 10-08-2025\u003cbr/\u003e\u003cb\u003eID:\u003c/b\u003e 1488\u003cbr/\u003e\u003cb\u003eFB:\u003c/b\u003e \u003ca href=\u0027https://www.facebook.com/groups/beshvil.yael/posts/3718131065146684/\u0027\u003ehttps://www.facebook.com/groups/beshvil.yael/posts/3718131065146684/\u003c/a\u003e\u003cbr/\u003e\u003cbr/\u003e\u003cimg src=\u0027https://drive.google.com/uc?export=view\u0026amp;id=1_zuzxJvPOmhnWB8N7Hm2_u92R4oWJKib\u0027 width=\u0027450\u0027/\u003e\u003cbr/\u003e\u003c/div\u003e",
                                            "tessellate":  -1,
                                            "extrude":  0,
                                            "visibility":  -1
                                        },
                         "geometry":  {
                                          "type":  "Point",
                                          "coordinates":  [
                                                              13.6446813,
                                                              47.5706174,
                                                              0.0
                                                          ]
                                      }
                     },
                     {
                         "type":  "Feature",
                         "properties":  {
                                            "Name":  "#176",
                                            "description":  "\u003cdiv dir=\u0027rtl\u0027 style=\u0027font-family:Arial;\u0027\u003e\u003cb\u003eשם:\u003c/b\u003e טלי אלמוג ניצן\u003cbr/\u003e\u003cb\u003eאתר:\u003c/b\u003e Vatakanal\u003cbr/\u003e\u003cb\u003eתאריך:\u003c/b\u003e 04-01-2026\u003cbr/\u003e\u003cb\u003eID:\u003c/b\u003e 3268\u003cbr/\u003e\u003cb\u003eFB:\u003c/b\u003e \u003ca href=\u0027https://www.facebook.com/groups/beshvil.yael/posts/3852981661661623\u0027\u003ehttps://www.facebook.com/groups/beshvil.yael/posts/3852981661661623\u003c/a\u003e\u003cbr/\u003e\u003cbr/\u003e\u003cimg src=\u0027https://drive.google.com/uc?export=view\u0026amp;id=1tOOlxCSKhKGM66on2fZbMbz0wuWm6bWs\u0027 width=\u0027450\u0027/\u003e\u003cbr/\u003e\u003c/div\u003e",
                                            "tessellate":  -1,
                                            "extrude":  0,
                                            "visibility":  -1
                                        },
                         "geometry":  {
                                          "type":  "Point",
                                          "coordinates":  [
                                                              77.48594,
                                                              10.21301,
                                                              0.0
                                                          ]
                                      }
                     },
                     {
                         "type":  "Feature",
                         "properties":  {
                                            "Name":  "#185",
                                            "description":  "\u003cdiv dir=\u0027rtl\u0027 style=\u0027font-family:Arial;\u0027\u003e\u003cb\u003eשם:\u003c/b\u003e מיכל פטרסון ברודי\u003cbr/\u003e\u003cb\u003eאתר:\u003c/b\u003e \u003cbr/\u003e\u003cb\u003eתאריך:\u003c/b\u003e 01-11-2025\u003cbr/\u003e\u003cb\u003eID:\u003c/b\u003e 414\u003cbr/\u003e\u003cb\u003eFB:\u003c/b\u003e \u003ca href=\u0027https://www.facebook.com/groups/beshvil.yael/posts/3797139607245829\u0027\u003ehttps://www.facebook.com/groups/beshvil.yael/posts/3797139607245829\u003c/a\u003e\u003cbr/\u003e\u003cbr/\u003e\u003cimg src=\u0027https://drive.google.com/uc?export=view\u0026amp;id=1NHQWqnB-LSHsefuKj_z9-5En-8JPZwi2\u0027 width=\u0027450\u0027/\u003e\u003cbr/\u003e\u003c/div\u003e",
                                            "tessellate":  -1,
                                            "extrude":  0,
                                            "visibility":  -1
                                        },
                         "geometry":  {
                                          "type":  "Point",
                                          "coordinates":  [
                                                              22.35222,
                                                              37.34999,
                                                              0.0
                                                          ]
                                      }
                     },
                     {
                         "type":  "Feature",
                         "properties":  {
                                            "Name":  "#185",
                                            "description":  "\u003cdiv dir=\u0027rtl\u0027 style=\u0027font-family:Arial;\u0027\u003e\u003cb\u003eשם:\u003c/b\u003e מיכל פטרסון ברודי\u003cbr/\u003e\u003cb\u003eאתר:\u003c/b\u003e טירת נבריו\u003cbr/\u003e\u003cb\u003eתאריך:\u003c/b\u003e 10-11-2025\u003cbr/\u003e\u003cb\u003eID:\u003c/b\u003e 418\u003cbr/\u003e\u003cb\u003eFB:\u003c/b\u003e \u003ca href=\u0027https://www.facebook.com/groups/beshvil.yael/posts/3805851573041299\u0027\u003ehttps://www.facebook.com/groups/beshvil.yael/posts/3805851573041299\u003c/a\u003e\u003cbr/\u003e\u003cbr/\u003e\u003cimg src=\u0027https://drive.google.com/uc?export=view\u0026amp;id=1-vnTCoqHqP38Y5WDyZeIMThUtFshLrPl\u0027 width=\u0027450\u0027/\u003e\u003cbr/\u003e\u003c/div\u003e",
                                            "tessellate":  -1,
                                            "extrude":  0,
                                            "visibility":  -1
                                        },
                         "geometry":  {
                                          "type":  "Point",
                                          "coordinates":  [
                                                              21.65291,
                                                              36.99836,
                                                              0.0
                                                          ]
                                      }
                     },
                     {
                         "type":  "Feature",
                         "properties":  {
                                            "Name":  "#204",
                                            "description":  "\u003cdiv dir=\u0027rtl\u0027 style=\u0027font-family:Arial;\u0027\u003e\u003cb\u003eשם:\u003c/b\u003e ענת שחורי\u003cbr/\u003e\u003cb\u003eאתר:\u003c/b\u003e מילנו\u003cbr/\u003e\u003cb\u003eתאריך:\u003c/b\u003e 23-02-2020\u003cbr/\u003e\u003cb\u003eID:\u003c/b\u003e 3844\u003cbr/\u003e\u003cb\u003eFB:\u003c/b\u003e \u003ca href=\u0027https://www.facebook.com/groups/beshvil.yael/posts/3899009460392176/\u0027\u003ehttps://www.facebook.com/groups/beshvil.yael/posts/3899009460392176/\u003c/a\u003e\u003cbr/\u003e\u003cbr/\u003e\u003cimg src=\u0027https://drive.google.com/uc?export=view\u0026amp;id=1YpLpUAovZCJN2l6OxHvkgTzGCYhepHaA\u0027 width=\u0027450\u0027/\u003e\u003cbr/\u003e\u003c/div\u003e",
                                            "tessellate":  -1,
                                            "extrude":  0,
                                            "visibility":  -1
                                        },
                         "geometry":  {
                                          "type":  "Point",
                                          "coordinates":  [
                                                              9.17554,
                                                              45.42707,
                                                              0.0
                                                          ]
                                      }
                     },
                     {
                         "type":  "Feature",
                         "properties":  {
                                            "Name":  "#204",
                                            "description":  "\u003cdiv dir=\u0027rtl\u0027 style=\u0027font-family:Arial;\u0027\u003e\u003cb\u003eשם:\u003c/b\u003e ענת שחורי\u003cbr/\u003e\u003cb\u003eאתר:\u003c/b\u003e לונדון\u003cbr/\u003e\u003cb\u003eתאריך:\u003c/b\u003e 10-12-2025\u003cbr/\u003e\u003cb\u003eID:\u003c/b\u003e 3016\u003cbr/\u003e\u003cb\u003eFB:\u003c/b\u003e \u003ca href=\u0027https://www.facebook.com/groups/beshvil.yael/posts/3831653877127735\u0027\u003ehttps://www.facebook.com/groups/beshvil.yael/posts/3831653877127735\u003c/a\u003e\u003cbr/\u003e\u003cbr/\u003e\u003cimg src=\u0027https://drive.google.com/uc?export=view\u0026amp;id=16LAECB4_i2QLW_SJ4aq9vcqsvXtnN8fd\u0027 width=\u0027450\u0027/\u003e\u003cbr/\u003e\u003c/div\u003e",
                                            "tessellate":  -1,
                                            "extrude":  0,
                                            "visibility":  -1
                                        },
                         "geometry":  {
                                          "type":  "Point",
                                          "coordinates":  [
                                                              -0.12758,
                                                              51.53968,
                                                              0.0
                                                          ]
                                      }
                     },
                     {
                         "type":  "Feature",
                         "properties":  {
                                            "Name":  "#205",
                                            "description":  "\u003cdiv dir=\u0027rtl\u0027 style=\u0027font-family:Arial;\u0027\u003e\u003cb\u003eשם:\u003c/b\u003e שי הרמן\u003cbr/\u003e\u003cb\u003eאתר:\u003c/b\u003e הר Yarigatake\u003cbr/\u003e\u003cb\u003eתאריך:\u003c/b\u003e 04-10-2025\u003cbr/\u003e\u003cb\u003eID:\u003c/b\u003e 2145\u003cbr/\u003e\u003cb\u003eFB:\u003c/b\u003e \u003ca href=\u0027https://www.facebook.com/groups/beshvil.yael/posts/3768814633411660\u0027\u003ehttps://www.facebook.com/groups/beshvil.yael/posts/3768814633411660\u003c/a\u003e\u003cbr/\u003e\u003cbr/\u003e\u003cimg src=\u0027https://drive.google.com/uc?export=view\u0026amp;id=1JbrTZ1sTeogGY7UqbjVNK5wavpjs0pZR\u0027 width=\u0027450\u0027/\u003e\u003cbr/\u003e\u003c/div\u003e",
                                            "tessellate":  -1,
                                            "extrude":  0,
                                            "visibility":  -1
                                        },
                         "geometry":  {
                                          "type":  "Point",
                                          "coordinates":  [
                                                              137.64653,
                                                              36.34268,
                                                              0.0
                                                          ]
                                      }
                     },
                     {
                         "type":  "Feature",
                         "properties":  {
                                            "Name":  "#206",
                                            "description":  "\u003cdiv dir=\u0027rtl\u0027 style=\u0027font-family:Arial;\u0027\u003e\u003cb\u003eשם:\u003c/b\u003e \u003cbr/\u003e\u003cb\u003eאתר:\u003c/b\u003e הר Yarigatake\u003cbr/\u003e\u003cb\u003eתאריך:\u003c/b\u003e 04-10-2025\u003cbr/\u003e\u003cb\u003eID:\u003c/b\u003e 163\u003cbr/\u003e\u003cb\u003eFB:\u003c/b\u003e \u003ca href=\u0027https://www.facebook.com/groups/beshvil.yael/posts/3768814633411660\u0027\u003ehttps://www.facebook.com/groups/beshvil.yael/posts/3768814633411660\u003c/a\u003e\u003cbr/\u003e\u003cbr/\u003e\u003cimg src=\u0027https://drive.google.com/uc?export=view\u0026amp;id=1JbrTZ1sTeogGY7UqbjVNK5wavpjs0pZR\u0027 width=\u0027450\u0027/\u003e\u003cbr/\u003e\u003c/div\u003e",
                                            "tessellate":  -1,
                                            "extrude":  0,
                                            "visibility":  -1
                                        },
                         "geometry":  {
                                          "type":  "Point",
                                          "coordinates":  [
                                                              137.64653,
                                                              36.34295,
                                                              0.0
                                                          ]
                                      }
                     },
                     {
                         "type":  "Feature",
                         "properties":  {
                                            "Name":  "#221",
                                            "description":  "\u003cdiv dir=\u0027rtl\u0027 style=\u0027font-family:Arial;\u0027\u003e\u003cb\u003eשם:\u003c/b\u003e מאתיה שפט\u003cbr/\u003e\u003cb\u003eאתר:\u003c/b\u003e אגם אוחריד\u003cbr/\u003e\u003cb\u003eתאריך:\u003c/b\u003e 18-04-2025\u003cbr/\u003e\u003cb\u003eID:\u003c/b\u003e 262\u003cbr/\u003e\u003cb\u003eFB:\u003c/b\u003e \u003ca href=\u0027https://www.facebook.com/groups/3235176716775457/posts/3618809058412219/\u0027\u003ehttps://www.facebook.com/groups/3235176716775457/posts/3618809058412219/\u003c/a\u003e\u003cbr/\u003e\u003cbr/\u003e\u003cimg src=\u0027https://drive.google.com/uc?export=view\u0026amp;id=1Jci-q6l_BdHYvf6cVKRZntI6o682Y_E8\u0027 width=\u0027450\u0027/\u003e\u003cbr/\u003e\u003c/div\u003e",
                                            "tessellate":  -1,
                                            "extrude":  0,
                                            "visibility":  -1
                                        },
                         "geometry":  {
                                          "type":  "Point",
                                          "coordinates":  [
                                                              20.8324966,
                                                              41.1248965,
                                                              0.0
                                                          ]
                                      }
                     },
                     {
                         "type":  "Feature",
                         "properties":  {
                                            "Name":  "#221",
                                            "description":  "\u003cdiv dir=\u0027rtl\u0027 style=\u0027font-family:Arial;\u0027\u003e\u003cb\u003eשם:\u003c/b\u003e מאתיה שפט\u003cbr/\u003e\u003cb\u003eאתר:\u003c/b\u003e Lac d\u0027Esparron\u003cbr/\u003e\u003cb\u003eתאריך:\u003c/b\u003e 11-01-2026\u003cbr/\u003e\u003cb\u003eID:\u003c/b\u003e 3324\u003cbr/\u003e\u003cb\u003eFB:\u003c/b\u003e \u003ca href=\u0027https://www.facebook.com/groups/beshvil.yael/posts/3858581134435009\u0027\u003ehttps://www.facebook.com/groups/beshvil.yael/posts/3858581134435009\u003c/a\u003e\u003cbr/\u003e\u003cbr/\u003e\u003cimg src=\u0027https://drive.google.com/uc?export=view\u0026amp;id=1CCd7ISFWJ_1rP8RGlsm1mJR0XGL7i_6e\u0027 width=\u0027450\u0027/\u003e\u003cbr/\u003e\u003c/div\u003e",
                                            "tessellate":  -1,
                                            "extrude":  0,
                                            "visibility":  -1
                                        },
                         "geometry":  {
                                          "type":  "Point",
                                          "coordinates":  [
                                                              5.94486,
                                                              43.73038,
                                                              0.0
                                                          ]
                                      }
                     },
                     {
                         "type":  "Feature",
                         "properties":  {
                                            "Name":  "#228",
                                            "description":  "\u003cdiv dir=\u0027rtl\u0027 style=\u0027font-family:Arial;\u0027\u003e\u003cb\u003eשם:\u003c/b\u003e תמי דורון\u003cbr/\u003e\u003cb\u003eאתר:\u003c/b\u003e אלטה וייה 2\u003cbr/\u003e\u003cb\u003eתאריך:\u003c/b\u003e 23-07-2025\u003cbr/\u003e\u003cb\u003eID:\u003c/b\u003e 1286\u003cbr/\u003e\u003cb\u003eFB:\u003c/b\u003e \u003ca href=\u0027https://www.facebook.com/groups/beshvil.yael/posts/3701875006772290/\u0027\u003ehttps://www.facebook.com/groups/beshvil.yael/posts/3701875006772290/\u003c/a\u003e\u003cbr/\u003e\u003cbr/\u003e\u003cimg src=\u0027https://drive.google.com/uc?export=view\u0026amp;id=1wS8pscdTKiB8uIJ36j6dpBlw_9YNMiQG\u0027 width=\u0027450\u0027/\u003e\u003cbr/\u003e\u003c/div\u003e",
                                            "tessellate":  -1,
                                            "extrude":  0,
                                            "visibility":  -1
                                        },
                         "geometry":  {
                                          "type":  "Point",
                                          "coordinates":  [
                                                              11.6567,
                                                              46.7161,
                                                              0.0
                                                          ]
                                      }
                     },
                     {
                         "type":  "Feature",
                         "properties":  {
                                            "Name":  "#229",
                                            "description":  "\u003cdiv dir=\u0027rtl\u0027 style=\u0027font-family:Arial;\u0027\u003e\u003cb\u003eשם:\u003c/b\u003e X\u003cbr/\u003e\u003cb\u003eאתר:\u003c/b\u003e \u003cbr/\u003e\u003cb\u003eתאריך:\u003c/b\u003e 19-03-2025\u003cbr/\u003e\u003cb\u003eID:\u003c/b\u003e 707\u003cbr/\u003e\u003cbr/\u003e\u003cimg src=\u0027https://drive.google.com/uc?export=view\u0026amp;id=1p_JaYwKj1XBIPgLK4Nf81xnerPSPfihm\u0027 width=\u0027450\u0027/\u003e\u003cbr/\u003e\u003c/div\u003e",
                                            "tessellate":  -1,
                                            "extrude":  0,
                                            "visibility":  -1
                                        },
                         "geometry":  {
                                          "type":  "Point",
                                          "coordinates":  [
                                                              14.78072,
                                                              47.33841,
                                                              0.0
                                                          ]
                                      }
                     },
                     {
                         "type":  "Feature",
                         "properties":  {
                                            "Name":  "#232",
                                            "description":  "\u003cdiv dir=\u0027rtl\u0027 style=\u0027font-family:Arial;\u0027\u003e\u003cb\u003eשם:\u003c/b\u003e עדי ורבורג\u003cbr/\u003e\u003cb\u003eאתר:\u003c/b\u003e בהרי הרילה והרודופי\u003cbr/\u003e\u003cb\u003eתאריך:\u003c/b\u003e 17-09-2025\u003cbr/\u003e\u003cb\u003eID:\u003c/b\u003e 1914\u003cbr/\u003e\u003cb\u003eFB:\u003c/b\u003e \u003ca href=\u0027https://www.facebook.com/groups/beshvil.yael/posts/3752895711670219/\u0027\u003ehttps://www.facebook.com/groups/beshvil.yael/posts/3752895711670219/\u003c/a\u003e\u003cbr/\u003e\u003cbr/\u003e\u003cimg src=\u0027https://drive.google.com/uc?export=view\u0026amp;id=1-OHNaKwoMQX4WGU_2B7LBh_ROeRiTDuS\u0027 width=\u0027450\u0027/\u003e\u003cbr/\u003e\u003c/div\u003e",
                                            "tessellate":  -1,
                                            "extrude":  0,
                                            "visibility":  -1
                                        },
                         "geometry":  {
                                          "type":  "Point",
                                          "coordinates":  [
                                                              23.53622,
                                                              42.14392,
                                                              0.0
                                                          ]
                                      }
                     },
                     {
                         "type":  "Feature",
                         "properties":  {
                                            "Name":  "#236",
                                            "description":  "\u003cdiv dir=\u0027rtl\u0027 style=\u0027font-family:Arial;\u0027\u003e\u003cb\u003eשם:\u003c/b\u003e אהרון שפירא\u003cbr/\u003e\u003cb\u003eאתר:\u003c/b\u003e \u003cbr/\u003e\u003cb\u003eתאריך:\u003c/b\u003e 23-04-2025\u003cbr/\u003e\u003cb\u003eID:\u003c/b\u003e 187\u003cbr/\u003e\u003cb\u003eFB:\u003c/b\u003e \u003ca href=\u0027https://www.facebook.com/groups/3235176716775457/posts/3623411494618642/\u0027\u003ehttps://www.facebook.com/groups/3235176716775457/posts/3623411494618642/\u003c/a\u003e\u003cbr/\u003e\u003cbr/\u003e\u003cimg src=\u0027https://drive.google.com/uc?export=view\u0026amp;id=1EsmhVSWrTNh5YWWeGAoB4vVwgHIaaIMb\u0027 width=\u0027450\u0027/\u003e\u003cbr/\u003e\u003c/div\u003e",
                                            "tessellate":  -1,
                                            "extrude":  0,
                                            "visibility":  -1
                                        },
                         "geometry":  {
                                          "type":  "Point",
                                          "coordinates":  [
                                                              14.7477261,
                                                              47.6565984,
                                                              0.0
                                                          ]
                                      }
                     },
                     {
                         "type":  "Feature",
                         "properties":  {
                                            "Name":  "#236",
                                            "description":  "\u003cdiv dir=\u0027rtl\u0027 style=\u0027font-family:Arial;\u0027\u003e\u003cb\u003eשם:\u003c/b\u003e אהרון שפירא\u003cbr/\u003e\u003cb\u003eאתר:\u003c/b\u003e בנסקו\u003cbr/\u003e\u003cb\u003eתאריך:\u003c/b\u003e 02-03-2026\u003cbr/\u003e\u003cb\u003eID:\u003c/b\u003e 3903\u003cbr/\u003e\u003cb\u003eFB:\u003c/b\u003e \u003ca href=\u0027https://www.facebook.com/groups/beshvil.yael/posts/3905577086402080/\u0027\u003ehttps://www.facebook.com/groups/beshvil.yael/posts/3905577086402080/\u003c/a\u003e\u003cbr/\u003e\u003cbr/\u003e\u003cimg src=\u0027https://drive.google.com/uc?export=view\u0026amp;id=1uihieZM4ynQBhqfBXvLPqFMGx8-Fke1a\u0027 width=\u0027450\u0027/\u003e\u003cbr/\u003e\u003c/div\u003e",
                                            "tessellate":  -1,
                                            "extrude":  0,
                                            "visibility":  -1
                                        },
                         "geometry":  {
                                          "type":  "Point",
                                          "coordinates":  [
                                                              23.47839,
                                                              41.83009,
                                                              0.0
                                                          ]
                                      }
                     },
                     {
                         "type":  "Feature",
                         "properties":  {
                                            "Name":  "#246",
                                            "description":  "\u003cdiv dir=\u0027rtl\u0027 style=\u0027font-family:Arial;\u0027\u003e\u003cb\u003eשם:\u003c/b\u003e אורן איסלר\u003cbr/\u003e\u003cb\u003eאתר:\u003c/b\u003e Gosaikunda\u003cbr/\u003e\u003cb\u003eתאריך:\u003c/b\u003e 26-10-2025\u003cbr/\u003e\u003cb\u003eID:\u003c/b\u003e 2534\u003cbr/\u003e\u003cb\u003eFB:\u003c/b\u003e \u003ca href=\u0027https://www.facebook.com/groups/beshvil.yael/posts/3791742424452214/\u0027\u003ehttps://www.facebook.com/groups/beshvil.yael/posts/3791742424452214/\u003c/a\u003e\u003cbr/\u003e\u003cbr/\u003e\u003cimg src=\u0027https://drive.google.com/uc?export=view\u0026amp;id=1V_O1_KUS7xW1VIH_7lxVIYqZj766D1-x\u0027 width=\u0027450\u0027/\u003e\u003cbr/\u003e\u003c/div\u003e",
                                            "tessellate":  -1,
                                            "extrude":  0,
                                            "visibility":  -1
                                        },
                         "geometry":  {
                                          "type":  "Point",
                                          "coordinates":  [
                                                              85.41009,
                                                              28.08211,
                                                              0.0
                                                          ]
                                      }
                     },
                     {
                         "type":  "Feature",
                         "properties":  {
                                            "Name":  "#254",
                                            "description":  "\u003cdiv dir=\u0027rtl\u0027 style=\u0027font-family:Arial;\u0027\u003e\u003cb\u003eשם:\u003c/b\u003e ערן קריו\u003cbr/\u003e\u003cb\u003eאתר:\u003c/b\u003e \u003cbr/\u003e\u003cb\u003eתאריך:\u003c/b\u003e 09-09-2025\u003cbr/\u003e\u003cb\u003eID:\u003c/b\u003e 1817\u003cbr/\u003e\u003cb\u003eFB:\u003c/b\u003e \u003ca href=\u0027https://www.facebook.com/groups/beshvil.yael/posts/3745426542417136\u0027\u003ehttps://www.facebook.com/groups/beshvil.yael/posts/3745426542417136\u003c/a\u003e\u003cbr/\u003e\u003cbr/\u003e\u003cimg src=\u0027https://drive.google.com/uc?export=view\u0026amp;id=1geqd2F2NeGWc0tGsS8e26zr7TJKHotXw\u0027 width=\u0027450\u0027/\u003e\u003cbr/\u003e\u003c/div\u003e",
                                            "tessellate":  -1,
                                            "extrude":  0,
                                            "visibility":  -1
                                        },
                         "geometry":  {
                                          "type":  "Point",
                                          "coordinates":  [
                                                              24.02125,
                                                              35.51727,
                                                              0.0
                                                          ]
                                      }
                     },
                     {
                         "type":  "Feature",
                         "properties":  {
                                            "Name":  "#256",
                                            "description":  "\u003cdiv dir=\u0027rtl\u0027 style=\u0027font-family:Arial;\u0027\u003e\u003cb\u003eשם:\u003c/b\u003e אפרת גילון\u003cbr/\u003e\u003cb\u003eאתר:\u003c/b\u003e Nafplio\u003cbr/\u003e\u003cb\u003eתאריך:\u003c/b\u003e 08-10-2025\u003cbr/\u003e\u003cb\u003eID:\u003c/b\u003e 2275\u003cbr/\u003e\u003cb\u003eFB:\u003c/b\u003e \u003ca href=\u0027https://www.facebook.com/groups/beshvil.yael/posts/3773309226295534\u0027\u003ehttps://www.facebook.com/groups/beshvil.yael/posts/3773309226295534\u003c/a\u003e\u003cbr/\u003e\u003cbr/\u003e\u003cimg src=\u0027https://drive.google.com/uc?export=view\u0026amp;id=1q9-9XBfTfZnA1uqpY5ZSHbaUiwchJV2T\u0027 width=\u0027450\u0027/\u003e\u003cbr/\u003e\u003c/div\u003e",
                                            "tessellate":  -1,
                                            "extrude":  0,
                                            "visibility":  -1
                                        },
                         "geometry":  {
                                          "type":  "Point",
                                          "coordinates":  [
                                                              22.78283,
                                                              37.57479,
                                                              0.0
                                                          ]
                                      }
                     },
                     {
                         "type":  "Feature",
                         "properties":  {
                                            "Name":  "#259",
                                            "description":  "\u003cdiv dir=\u0027rtl\u0027 style=\u0027font-family:Arial;\u0027\u003e\u003cb\u003eשם:\u003c/b\u003e שמרית נחמקין\u003cbr/\u003e\u003cb\u003eאתר:\u003c/b\u003e Ghorepani -Poonhill trekking in Nepal\u003cbr/\u003e\u003cb\u003eתאריך:\u003c/b\u003e 14-05-2025\u003cbr/\u003e\u003cb\u003eID:\u003c/b\u003e 351\u003cbr/\u003e\u003cb\u003eFB:\u003c/b\u003e \u003ca href=\u0027https://www.facebook.com/groups/3235176716775457/posts/3614988858794239/\u0027\u003ehttps://www.facebook.com/groups/3235176716775457/posts/3614988858794239/\u003c/a\u003e\u003cbr/\u003e\u003cbr/\u003e\u003cimg src=\u0027https://drive.google.com/uc?export=view\u0026amp;id=1QV9ge0QtN3Rz7QErnqOj5SAq4EhXqQNg\u0027 width=\u0027450\u0027/\u003e\u003cbr/\u003e\u003c/div\u003e",
                                            "tessellate":  -1,
                                            "extrude":  0,
                                            "visibility":  -1
                                        },
                         "geometry":  {
                                          "type":  "Point",
                                          "coordinates":  [
                                                              83.6892986,
                                                              28.4001966,
                                                              0.0
                                                          ]
                                      }
                     },
                     {
                         "type":  "Feature",
                         "properties":  {
                                            "Name":  "#266",
                                            "description":  "\u003cdiv dir=\u0027rtl\u0027 style=\u0027font-family:Arial;\u0027\u003e\u003cb\u003eשם:\u003c/b\u003e יאיר טל\u003cbr/\u003e\u003cb\u003eאתר:\u003c/b\u003e גלפגוס\u003cbr/\u003e\u003cb\u003eתאריך:\u003c/b\u003e 06-06-2025\u003cbr/\u003e\u003cb\u003eID:\u003c/b\u003e 925\u003cbr/\u003e\u003cb\u003eFB:\u003c/b\u003e \u003ca href=\u0027https://www.facebook.com/groups/3235176716775457/posts/3660315424261582/\u0027\u003ehttps://www.facebook.com/groups/3235176716775457/posts/3660315424261582/\u003c/a\u003e\u003cbr/\u003e\u003cbr/\u003e\u003cimg src=\u0027https://drive.google.com/uc?export=view\u0026amp;id=1nPSnBhYuH2HH7dl5xdxlsRAFG0OdIXOR\u0027 width=\u0027450\u0027/\u003e\u003cbr/\u003e\u003c/div\u003e",
                                            "tessellate":  -1,
                                            "extrude":  0,
                                            "visibility":  -1
                                        },
                         "geometry":  {
                                          "type":  "Point",
                                          "coordinates":  [
                                                              -91.0082589,
                                                              -0.6843968,
                                                              0.0
                                                          ]
                                      }
                     },
                     {
                         "type":  "Feature",
                         "properties":  {
                                            "Name":  "#270",
                                            "description":  "\u003cdiv dir=\u0027rtl\u0027 style=\u0027font-family:Arial;\u0027\u003e\u003cb\u003eשם:\u003c/b\u003e בלהה ווינשטיין\u003cbr/\u003e\u003cb\u003eאתר:\u003c/b\u003e טרק האגמים הקפואים\u003cbr/\u003e\u003cb\u003eתאריך:\u003c/b\u003e 08-05-2025\u003cbr/\u003e\u003cb\u003eID:\u003c/b\u003e 201\u003cbr/\u003e\u003cb\u003eFB:\u003c/b\u003e \u003ca href=\u0027https://www.facebook.com/groups/3235176716775457/posts/3637387319887726/\u0027\u003ehttps://www.facebook.com/groups/3235176716775457/posts/3637387319887726/\u003c/a\u003e\u003cbr/\u003e\u003cbr/\u003e\u003cimg src=\u0027https://drive.google.com/uc?export=view\u0026amp;id=1FlV_og1Xex-so2flFLkuz9yLGHXHwpqT\u0027 width=\u0027450\u0027/\u003e\u003cbr/\u003e\u003c/div\u003e",
                                            "tessellate":  -1,
                                            "extrude":  0,
                                            "visibility":  -1
                                        },
                         "geometry":  {
                                          "type":  "Point",
                                          "coordinates":  [
                                                              85.5438048,
                                                              28.1288506,
                                                              0.0
                                                          ]
                                      }
                     },
                     {
                         "type":  "Feature",
                         "properties":  {
                                            "Name":  "#270",
                                            "description":  "\u003cdiv dir=\u0027rtl\u0027 style=\u0027font-family:Arial;\u0027\u003e\u003cb\u003eשם:\u003c/b\u003e בלהה ווינשטיין\u003cbr/\u003e\u003cb\u003eאתר:\u003c/b\u003e Gosain Kund - Laurebina Pass\u003cbr/\u003e\u003cb\u003eתאריך:\u003c/b\u003e 13-05-2025\u003cbr/\u003e\u003cb\u003eID:\u003c/b\u003e 431\u003cbr/\u003e\u003cb\u003eFB:\u003c/b\u003e \u003ca href=\u0027https://www.facebook.com/groups/3235176716775457/posts/3641098556183269/\u0027\u003ehttps://www.facebook.com/groups/3235176716775457/posts/3641098556183269/\u003c/a\u003e\u003cbr/\u003e\u003cbr/\u003e\u003cimg src=\u0027https://drive.google.com/uc?export=view\u0026amp;id=1UrBSOkM5pwZL8Li8DqqjrghcpLUvMhLP\u0027 width=\u0027450\u0027/\u003e\u003cbr/\u003e\u003c/div\u003e",
                                            "tessellate":  -1,
                                            "extrude":  0,
                                            "visibility":  -1
                                        },
                         "geometry":  {
                                          "type":  "Point",
                                          "coordinates":  [
                                                              85.43467,
                                                              28.07213,
                                                              0.0
                                                          ]
                                      }
                     },
                     {
                         "type":  "Feature",
                         "properties":  {
                                            "Name":  "#270",
                                            "description":  "\u003cdiv dir=\u0027rtl\u0027 style=\u0027font-family:Arial;\u0027\u003e\u003cb\u003eשם:\u003c/b\u003e בלהה ווינשטיין\u003cbr/\u003e\u003cb\u003eאתר:\u003c/b\u003e \u003cbr/\u003e\u003cb\u003eתאריך:\u003c/b\u003e 21-06-2025\u003cbr/\u003e\u003cb\u003eID:\u003c/b\u003e 1045\u003cbr/\u003e\u003cb\u003eFB:\u003c/b\u003e \u003ca href=\u0027https://www.facebook.com/groups/beshvil.yael/posts/3673466416279816\u0027\u003ehttps://www.facebook.com/groups/beshvil.yael/posts/3673466416279816\u003c/a\u003e\u003cbr/\u003e\u003cbr/\u003e\u003cimg src=\u0027https://drive.google.com/uc?export=view\u0026amp;id=1AlBPahnRBpiAZmzwn8himN4SggsqK9Q4\u0027 width=\u0027450\u0027/\u003e\u003cbr/\u003e\u003c/div\u003e",
                                            "tessellate":  -1,
                                            "extrude":  0,
                                            "visibility":  -1
                                        },
                         "geometry":  {
                                          "type":  "Point",
                                          "coordinates":  [
                                                              100.6054823,
                                                              13.9150135,
                                                              0.0
                                                          ]
                                      }
                     },
                     {
                         "type":  "Feature",
                         "properties":  {
                                            "Name":  "#270",
                                            "description":  "\u003cdiv dir=\u0027rtl\u0027 style=\u0027font-family:Arial;\u0027\u003e\u003cb\u003eשם:\u003c/b\u003e בלהה ווינשטיין\u003cbr/\u003e\u003cb\u003eאתר:\u003c/b\u003e \u003cbr/\u003e\u003cb\u003eתאריך:\u003c/b\u003e 09-07-2025\u003cbr/\u003e\u003cb\u003eID:\u003c/b\u003e 1135\u003cbr/\u003e\u003cb\u003eFB:\u003c/b\u003e \u003ca href=\u0027https://www.facebook.com/groups/beshvil.yael/posts/3688987814727676/\u0027\u003ehttps://www.facebook.com/groups/beshvil.yael/posts/3688987814727676/\u003c/a\u003e\u003cbr/\u003e\u003cbr/\u003e\u003cimg src=\u0027https://drive.google.com/uc?export=view\u0026amp;id=1lpM-zOTAxy_WNDTRkrei2nzYm1-rqn99\u0027 width=\u0027450\u0027/\u003e\u003cbr/\u003e\u003c/div\u003e",
                                            "tessellate":  -1,
                                            "extrude":  0,
                                            "visibility":  -1
                                        },
                         "geometry":  {
                                          "type":  "Point",
                                          "coordinates":  [
                                                              77.4508384,
                                                              32.0081506,
                                                              0.0
                                                          ]
                                      }
                     },
                     {
                         "type":  "Feature",
                         "properties":  {
                                            "Name":  "#270",
                                            "description":  "\u003cdiv dir=\u0027rtl\u0027 style=\u0027font-family:Arial;\u0027\u003e\u003cb\u003eשם:\u003c/b\u003e בלהה ווינשטיין\u003cbr/\u003e\u003cb\u003eאתר:\u003c/b\u003e Livraria Bertrand\u003cbr/\u003e\u003cb\u003eתאריך:\u003c/b\u003e 16-12-2025\u003cbr/\u003e\u003cb\u003eID:\u003c/b\u003e 3073\u003cbr/\u003e\u003cb\u003eFB:\u003c/b\u003e \u003ca href=\u0027https://www.facebook.com/groups/beshvil.yael/posts/3837260879900368\u0027\u003ehttps://www.facebook.com/groups/beshvil.yael/posts/3837260879900368\u003c/a\u003e\u003cbr/\u003e\u003cbr/\u003e\u003cimg src=\u0027https://drive.google.com/uc?export=view\u0026amp;id=1fOCS8MRTo2vvfYZyalQjm8sZpxpkN9A5\u0027 width=\u0027450\u0027/\u003e\u003cbr/\u003e\u003c/div\u003e",
                                            "tessellate":  -1,
                                            "extrude":  0,
                                            "visibility":  -1
                                        },
                         "geometry":  {
                                          "type":  "Point",
                                          "coordinates":  [
                                                              -9.14078,
                                                              38.7104,
                                                              0.0
                                                          ]
                                      }
                     },
                     {
                         "type":  "Feature",
                         "properties":  {
                                            "Name":  "#296",
                                            "description":  "\u003cdiv dir=\u0027rtl\u0027 style=\u0027font-family:Arial;\u0027\u003e\u003cb\u003eשם:\u003c/b\u003e אסף סגיר\u003cbr/\u003e\u003cb\u003eאתר:\u003c/b\u003e \u003cbr/\u003e\u003cb\u003eתאריך:\u003c/b\u003e 28-03-2025\u003cbr/\u003e\u003cb\u003eID:\u003c/b\u003e 674\u003cbr/\u003e\u003cb\u003eFB:\u003c/b\u003e \u003ca href=\u0027https://www.facebook.com/groups/3235176716775457/permalink/3597127557247036/\u0027\u003ehttps://www.facebook.com/groups/3235176716775457/permalink/3597127557247036/\u003c/a\u003e\u003cbr/\u003e\u003cbr/\u003e\u003cimg src=\u0027https://drive.google.com/uc?export=view\u0026amp;id=1nTLOhVrFRYeXVdmKk3CYOhH66y_RAdmw\u0027 width=\u0027450\u0027/\u003e\u003cbr/\u003e\u003c/div\u003e",
                                            "tessellate":  -1,
                                            "extrude":  0,
                                            "visibility":  -1
                                        },
                         "geometry":  {
                                          "type":  "Point",
                                          "coordinates":  [
                                                              108.277199,
                                                              14.058324,
                                                              0.0
                                                          ]
                                      }
                     },
                     {
                         "type":  "Feature",
                         "properties":  {
                                            "Name":  "#296",
                                            "description":  "\u003cdiv dir=\u0027rtl\u0027 style=\u0027font-family:Arial;\u0027\u003e\u003cb\u003eשם:\u003c/b\u003e אסף סגיר\u003cbr/\u003e\u003cb\u003eאתר:\u003c/b\u003e Aigüestortes i Estany\u003cbr/\u003e\u003cb\u003eתאריך:\u003c/b\u003e 22-08-2025\u003cbr/\u003e\u003cb\u003eID:\u003c/b\u003e 1622\u003cbr/\u003e\u003cb\u003eFB:\u003c/b\u003e \u003ca href=\u0027https://www.facebook.com/groups/beshvil.yael/posts/3729067940719663/\u0027\u003ehttps://www.facebook.com/groups/beshvil.yael/posts/3729067940719663/\u003c/a\u003e\u003cbr/\u003e\u003cbr/\u003e\u003cimg src=\u0027https://drive.google.com/uc?export=view\u0026amp;id=1dE5VzWpvZ1uW8k1W2WXY0C6n9r0U8QsL\u0027 width=\u0027450\u0027/\u003e\u003cbr/\u003e\u003c/div\u003e",
                                            "tessellate":  -1,
                                            "extrude":  0,
                                            "visibility":  -1
                                        },
                         "geometry":  {
                                          "type":  "Point",
                                          "coordinates":  [
                                                              0.93084,
                                                              42.56621,
                                                              0.0
                                                          ]
                                      }
                     },
                     {
                         "type":  "Feature",
                         "properties":  {
                                            "Name":  "#296",
                                            "description":  "\u003cdiv dir=\u0027rtl\u0027 style=\u0027font-family:Arial;\u0027\u003e\u003cb\u003eשם:\u003c/b\u003e אסף סגיר\u003cbr/\u003e\u003cb\u003eאתר:\u003c/b\u003e Weligama Bay Beach\u003cbr/\u003e\u003cb\u003eתאריך:\u003c/b\u003e 10-10-2025\u003cbr/\u003e\u003cb\u003eID:\u003c/b\u003e 2305\u003cbr/\u003e\u003cb\u003eFB:\u003c/b\u003e \u003ca href=\u0027https://www.facebook.com/groups/beshvil.yael/posts/3775091072784016\u0027\u003ehttps://www.facebook.com/groups/beshvil.yael/posts/3775091072784016\u003c/a\u003e\u003cbr/\u003e\u003cbr/\u003e\u003cimg src=\u0027https://drive.google.com/uc?export=view\u0026amp;id=1nfoIESKPV-jzwRv31mWCLU3Tdy8B8MWU\u0027 width=\u0027450\u0027/\u003e\u003cbr/\u003e\u003c/div\u003e",
                                            "tessellate":  -1,
                                            "extrude":  0,
                                            "visibility":  -1
                                        },
                         "geometry":  {
                                          "type":  "Point",
                                          "coordinates":  [
                                                              80.42553,
                                                              5.96954,
                                                              0.0
                                                          ]
                                      }
                     },
                     {
                         "type":  "Feature",
                         "properties":  {
                                            "Name":  "#300",
                                            "description":  "\u003cdiv dir=\u0027rtl\u0027 style=\u0027font-family:Arial;\u0027\u003e\u003cb\u003eשם:\u003c/b\u003e רינת רוסו\u003cbr/\u003e\u003cb\u003eאתר:\u003c/b\u003e הרי הבלקן\u003cbr/\u003e\u003cb\u003eתאריך:\u003c/b\u003e 31-05-2025\u003cbr/\u003e\u003cb\u003eID:\u003c/b\u003e 837\u003cbr/\u003e\u003cb\u003eFB:\u003c/b\u003e \u003ca href=\u0027https://www.facebook.com/groups/3235176716775457/posts/3655539728072485/\u0027\u003ehttps://www.facebook.com/groups/3235176716775457/posts/3655539728072485/\u003c/a\u003e\u003cbr/\u003e\u003cbr/\u003e\u003cimg src=\u0027https://drive.google.com/uc?export=view\u0026amp;id=1GHdS9ib-87s5BVMJdnoB2AwOKkZ5GVwO\u0027 width=\u0027450\u0027/\u003e\u003cbr/\u003e\u003c/div\u003e",
                                            "tessellate":  -1,
                                            "extrude":  0,
                                            "visibility":  -1
                                        },
                         "geometry":  {
                                          "type":  "Point",
                                          "coordinates":  [
                                                              19.03422,
                                                              43.12779,
                                                              0.0
                                                          ]
                                      }
                     },
                     {
                         "type":  "Feature",
                         "properties":  {
                                            "Name":  "#305",
                                            "description":  "\u003cdiv dir=\u0027rtl\u0027 style=\u0027font-family:Arial;\u0027\u003e\u003cb\u003eשם:\u003c/b\u003e עינב רז\u003cbr/\u003e\u003cb\u003eאתר:\u003c/b\u003e טין\u003cbr/\u003e\u003cb\u003eתאריך:\u003c/b\u003e 28-03-2025\u003cbr/\u003e\u003cb\u003eID:\u003c/b\u003e 578\u003cbr/\u003e\u003cb\u003eFB:\u003c/b\u003e \u003ca href=\u0027https://www.facebook.com/groups/3235176716775457/permalink/3597090880584037/\u0027\u003ehttps://www.facebook.com/groups/3235176716775457/permalink/3597090880584037/\u003c/a\u003e\u003cbr/\u003e\u003cbr/\u003e\u003cimg src=\u0027https://drive.google.com/uc?export=view\u0026amp;id=1gUeTGAVGlg8S-0ejAty29ARN5ToAk8Nq\u0027 width=\u0027450\u0027/\u003e\u003cbr/\u003e\u003c/div\u003e",
                                            "tessellate":  -1,
                                            "extrude":  0,
                                            "visibility":  -1
                                        },
                         "geometry":  {
                                          "type":  "Point",
                                          "coordinates":  [
                                                              6.9081303,
                                                              45.470698,
                                                              0.0
                                                          ]
                                      }
                     },
                     {
                         "type":  "Feature",
                         "properties":  {
                                            "Name":  "#305",
                                            "description":  "\u003cdiv dir=\u0027rtl\u0027 style=\u0027font-family:Arial;\u0027\u003e\u003cb\u003eשם:\u003c/b\u003e עינב רז\u003cbr/\u003e\u003cb\u003eאתר:\u003c/b\u003e קניון הויקוס\u003cbr/\u003e\u003cb\u003eתאריך:\u003c/b\u003e 26-09-2025\u003cbr/\u003e\u003cb\u003eID:\u003c/b\u003e 2060\u003cbr/\u003e\u003cb\u003eFB:\u003c/b\u003e \u003ca href=\u0027https://www.facebook.com/groups/beshvil.yael/posts/3761246334168490\u0027\u003ehttps://www.facebook.com/groups/beshvil.yael/posts/3761246334168490\u003c/a\u003e\u003cbr/\u003e\u003cbr/\u003e\u003cimg src=\u0027https://drive.google.com/uc?export=view\u0026amp;id=1mnrrVzh-V5H8sVGUT9jRZorU6an27HtN\u0027 width=\u0027450\u0027/\u003e\u003cbr/\u003e\u003c/div\u003e",
                                            "tessellate":  -1,
                                            "extrude":  0,
                                            "visibility":  -1
                                        },
                         "geometry":  {
                                          "type":  "Point",
                                          "coordinates":  [
                                                              20.75391,
                                                              39.92084,
                                                              0.0
                                                          ]
                                      }
                     },
                     {
                         "type":  "Feature",
                         "properties":  {
                                            "Name":  "#305",
                                            "description":  "\u003cdiv dir=\u0027rtl\u0027 style=\u0027font-family:Arial;\u0027\u003e\u003cb\u003eשם:\u003c/b\u003e עינב רז\u003cbr/\u003e\u003cb\u003eאתר:\u003c/b\u003e \u003cbr/\u003e\u003cb\u003eתאריך:\u003c/b\u003e 30-09-2025\u003cbr/\u003e\u003cb\u003eID:\u003c/b\u003e 2103\u003cbr/\u003e\u003cb\u003eFB:\u003c/b\u003e \u003ca href=\u0027https://www.facebook.com/groups/beshvil.yael/posts/3765145133778610\u0027\u003ehttps://www.facebook.com/groups/beshvil.yael/posts/3765145133778610\u003c/a\u003e\u003cbr/\u003e\u003cbr/\u003e\u003cimg src=\u0027https://drive.google.com/uc?export=view\u0026amp;id=1zhxibFrNmqv_UnitvxcuFXfaqSUTYmFJ\u0027 width=\u0027450\u0027/\u003e\u003cbr/\u003e\u003c/div\u003e",
                                            "tessellate":  -1,
                                            "extrude":  0,
                                            "visibility":  -1
                                        },
                         "geometry":  {
                                          "type":  "Point",
                                          "coordinates":  [
                                                              20.70354,
                                                              39.89264,
                                                              0.0
                                                          ]
                                      }
                     },
                     {
                         "type":  "Feature",
                         "properties":  {
                                            "Name":  "#305",
                                            "description":  "\u003cdiv dir=\u0027rtl\u0027 style=\u0027font-family:Arial;\u0027\u003e\u003cb\u003eשם:\u003c/b\u003e עינב רז\u003cbr/\u003e\u003cb\u003eאתר:\u003c/b\u003e סקיוולט\u003cbr/\u003e\u003cb\u003eתאריך:\u003c/b\u003e 28-01-2026\u003cbr/\u003e\u003cb\u003eID:\u003c/b\u003e 3498\u003cbr/\u003e\u003cb\u003eFB:\u003c/b\u003e \u003ca href=\u0027https://www.facebook.com/groups/beshvil.yael/posts/3874414409518348\u0027\u003ehttps://www.facebook.com/groups/beshvil.yael/posts/3874414409518348\u003c/a\u003e\u003cbr/\u003e\u003cbr/\u003e\u003cimg src=\u0027https://drive.google.com/uc?export=view\u0026amp;id=1TAZvnco3OJwmU8b-zlXyKaqeNYhjnm-u\u0027 width=\u0027450\u0027/\u003e\u003cbr/\u003e\u003c/div\u003e",
                                            "tessellate":  -1,
                                            "extrude":  0,
                                            "visibility":  -1
                                        },
                         "geometry":  {
                                          "type":  "Point",
                                          "coordinates":  [
                                                              12.25449,
                                                              47.51815,
                                                              0.0
                                                          ]
                                      }
                     },
                     {
                         "type":  "Feature",
                         "properties":  {
                                            "Name":  "#305",
                                            "description":  "\u003cdiv dir=\u0027rtl\u0027 style=\u0027font-family:Arial;\u0027\u003e\u003cb\u003eשם:\u003c/b\u003e עינב רז\u003cbr/\u003e\u003cb\u003eאתר:\u003c/b\u003e האלשטאט\u003cbr/\u003e\u003cb\u003eתאריך:\u003c/b\u003e 31-01-2026\u003cbr/\u003e\u003cb\u003eID:\u003c/b\u003e 3527\u003cbr/\u003e\u003cb\u003eFB:\u003c/b\u003e \u003ca href=\u0027https://www.facebook.com/groups/beshvil.yael/posts/3876898209269968/\u0027\u003ehttps://www.facebook.com/groups/beshvil.yael/posts/3876898209269968/\u003c/a\u003e\u003cbr/\u003e\u003cbr/\u003e\u003cimg src=\u0027https://drive.google.com/uc?export=view\u0026amp;id=1LMlk5uKavYrWwHGE4VrEaWIwgWiqYwEi\u0027 width=\u0027450\u0027/\u003e\u003cbr/\u003e\u003c/div\u003e",
                                            "tessellate":  -1,
                                            "extrude":  0,
                                            "visibility":  -1
                                        },
                         "geometry":  {
                                          "type":  "Point",
                                          "coordinates":  [
                                                              13.6369,
                                                              47.57103,
                                                              0.0
                                                          ]
                                      }
                     },
                     {
                         "type":  "Feature",
                         "properties":  {
                                            "Name":  "#313",
                                            "description":  "\u003cdiv dir=\u0027rtl\u0027 style=\u0027font-family:Arial;\u0027\u003e\u003cb\u003eשם:\u003c/b\u003e יעל רויטמן\u003cbr/\u003e\u003cb\u003eאתר:\u003c/b\u003e מאצ\u0027ו פיצ\u0027ו\u003cbr/\u003e\u003cb\u003eתאריך:\u003c/b\u003e 06-05-2025\u003cbr/\u003e\u003cb\u003eID:\u003c/b\u003e 119\u003cbr/\u003e\u003cb\u003eFB:\u003c/b\u003e \u003ca href=\u0027https://www.facebook.com/groups/3235176716775457/posts/3635765213383270/\u0027\u003ehttps://www.facebook.com/groups/3235176716775457/posts/3635765213383270/\u003c/a\u003e\u003cbr/\u003e\u003cbr/\u003e\u003cimg src=\u0027https://drive.google.com/uc?export=view\u0026amp;id=1Aax9QYOXFKwcSRRAIVe_-ef17LpEqUU_\u0027 width=\u0027450\u0027/\u003e\u003cbr/\u003e\u003c/div\u003e",
                                            "tessellate":  -1,
                                            "extrude":  0,
                                            "visibility":  -1
                                        },
                         "geometry":  {
                                          "type":  "Point",
                                          "coordinates":  [
                                                              -72.54526,
                                                              -13.16319,
                                                              0.0
                                                          ]
                                      }
                     },
                     {
                         "type":  "Feature",
                         "properties":  {
                                            "Name":  "#315",
                                            "description":  "\u003cdiv dir=\u0027rtl\u0027 style=\u0027font-family:Arial;\u0027\u003e\u003cb\u003eשם:\u003c/b\u003e ליהי נבון פרי\u003cbr/\u003e\u003cb\u003eאתר:\u003c/b\u003e TMB\u003cbr/\u003e\u003cb\u003eתאריך:\u003c/b\u003e 09-08-2025\u003cbr/\u003e\u003cb\u003eID:\u003c/b\u003e 1471\u003cbr/\u003e\u003cb\u003eFB:\u003c/b\u003e \u003ca href=\u0027https://www.facebook.com/groups/beshvil.yael/posts/3717162791910178\u0027\u003ehttps://www.facebook.com/groups/beshvil.yael/posts/3717162791910178\u003c/a\u003e\u003cbr/\u003e\u003cbr/\u003e\u003cimg src=\u0027https://drive.google.com/uc?export=view\u0026amp;id=1jtdsmbmbnBeTkvjZ3F19S6g6cx6P2VYX\u0027 width=\u0027450\u0027/\u003e\u003cbr/\u003e\u003c/div\u003e",
                                            "tessellate":  -1,
                                            "extrude":  0,
                                            "visibility":  -1
                                        },
                         "geometry":  {
                                          "type":  "Point",
                                          "coordinates":  [
                                                              6.8588234,
                                                              45.8305591,
                                                              0.0
                                                          ]
                                      }
                     },
                     {
                         "type":  "Feature",
                         "properties":  {
                                            "Name":  "#315",
                                            "description":  "\u003cdiv dir=\u0027rtl\u0027 style=\u0027font-family:Arial;\u0027\u003e\u003cb\u003eשם:\u003c/b\u003e ליהי נבון פרי\u003cbr/\u003e\u003cb\u003eאתר:\u003c/b\u003e חצי מרתון\u003cbr/\u003e\u003cb\u003eתאריך:\u003c/b\u003e 29-10-2025\u003cbr/\u003e\u003cb\u003eID:\u003c/b\u003e 2555\u003cbr/\u003e\u003cb\u003eFB:\u003c/b\u003e \u003ca href=\u0027https://www.facebook.com/groups/beshvil.yael/posts/3794610570832066\u0027\u003ehttps://www.facebook.com/groups/beshvil.yael/posts/3794610570832066\u003c/a\u003e\u003cbr/\u003e\u003cbr/\u003e\u003cimg src=\u0027https://drive.google.com/uc?export=view\u0026amp;id=1mBcxxxotiziW3XszPb8gD3dWeSioIafs\u0027 width=\u0027450\u0027/\u003e\u003cbr/\u003e\u003c/div\u003e",
                                            "tessellate":  -1,
                                            "extrude":  0,
                                            "visibility":  -1
                                        },
                         "geometry":  {
                                          "type":  "Point",
                                          "coordinates":  [
                                                              -0.39623,
                                                              39.48549,
                                                              0.0
                                                          ]
                                      }
                     },
                     {
                         "type":  "Feature",
                         "properties":  {
                                            "Name":  "#316",
                                            "description":  "\u003cdiv dir=\u0027rtl\u0027 style=\u0027font-family:Arial;\u0027\u003e\u003cb\u003eשם:\u003c/b\u003e יעל מה\u003cbr/\u003e\u003cb\u003eאתר:\u003c/b\u003e חוף Curl Curle\u003cbr/\u003e\u003cb\u003eתאריך:\u003c/b\u003e 06-05-2025\u003cbr/\u003e\u003cb\u003eID:\u003c/b\u003e 116\u003cbr/\u003e\u003cb\u003eFB:\u003c/b\u003e \u003ca href=\u0027https://www.facebook.com/groups/3235176716775457/posts/3635495346743590/\u0027\u003ehttps://www.facebook.com/groups/3235176716775457/posts/3635495346743590/\u003c/a\u003e\u003cbr/\u003e\u003cbr/\u003e\u003cimg src=\u0027https://drive.google.com/uc?export=view\u0026amp;id=18tnX03hb0ZJ_o3gMkCYGtCuJoIi0_gnh\u0027 width=\u0027450\u0027/\u003e\u003cbr/\u003e\u003c/div\u003e",
                                            "tessellate":  -1,
                                            "extrude":  0,
                                            "visibility":  -1
                                        },
                         "geometry":  {
                                          "type":  "Point",
                                          "coordinates":  [
                                                              151.2956886,
                                                              -33.7695859,
                                                              0.0
                                                          ]
                                      }
                     },
                     {
                         "type":  "Feature",
                         "properties":  {
                                            "Name":  "#316",
                                            "description":  "\u003cdiv dir=\u0027rtl\u0027 style=\u0027font-family:Arial;\u0027\u003e\u003cb\u003eשם:\u003c/b\u003e יעל מה\u003cbr/\u003e\u003cb\u003eאתר:\u003c/b\u003e \u003cbr/\u003e\u003cb\u003eתאריך:\u003c/b\u003e 17-05-2025\u003cbr/\u003e\u003cb\u003eID:\u003c/b\u003e 656\u003cbr/\u003e\u003cb\u003eFB:\u003c/b\u003e \u003ca href=\u0027https://www.facebook.com/groups/3235176716775457/permalink/3643862465906878/\u0027\u003ehttps://www.facebook.com/groups/3235176716775457/permalink/3643862465906878/\u003c/a\u003e\u003cbr/\u003e\u003cbr/\u003e\u003cimg src=\u0027https://drive.google.com/uc?export=view\u0026amp;id=1mIx0dyKcZa1Ot4Oq16AziU727WQ2mPzc\u0027 width=\u0027450\u0027/\u003e\u003cbr/\u003e\u003c/div\u003e",
                                            "tessellate":  -1,
                                            "extrude":  0,
                                            "visibility":  -1
                                        },
                         "geometry":  {
                                          "type":  "Point",
                                          "coordinates":  [
                                                              151.21529670000001,
                                                              -33.8567844,
                                                              0.0
                                                          ]
                                      }
                     },
                     {
                         "type":  "Feature",
                         "properties":  {
                                            "Name":  "#316",
                                            "description":  "\u003cdiv dir=\u0027rtl\u0027 style=\u0027font-family:Arial;\u0027\u003e\u003cb\u003eשם:\u003c/b\u003e יעל מה\u003cbr/\u003e\u003cb\u003eאתר:\u003c/b\u003e מפרץ ביירוןן\u003cbr/\u003e\u003cb\u003eתאריך:\u003c/b\u003e 26-05-2025\u003cbr/\u003e\u003cb\u003eID:\u003c/b\u003e 778\u003cbr/\u003e\u003cb\u003eFB:\u003c/b\u003e \u003ca href=\u0027https://www.facebook.com/groups/3235176716775457/posts/3651171658509292/\u0027\u003ehttps://www.facebook.com/groups/3235176716775457/posts/3651171658509292/\u003c/a\u003e\u003cbr/\u003e\u003cbr/\u003e\u003cimg src=\u0027https://drive.google.com/uc?export=view\u0026amp;id=1IU86oXrDbyLUmKZNYdXQv07phHSel5NX\u0027 width=\u0027450\u0027/\u003e\u003cbr/\u003e\u003c/div\u003e",
                                            "tessellate":  -1,
                                            "extrude":  0,
                                            "visibility":  -1
                                        },
                         "geometry":  {
                                          "type":  "Point",
                                          "coordinates":  [
                                                              153.6108065,
                                                              -28.6421823,
                                                              0.0
                                                          ]
                                      }
                     },
                     {
                         "type":  "Feature",
                         "properties":  {
                                            "Name":  "#316",
                                            "description":  "\u003cdiv dir=\u0027rtl\u0027 style=\u0027font-family:Arial;\u0027\u003e\u003cb\u003eשם:\u003c/b\u003e יעל מה\u003cbr/\u003e\u003cb\u003eאתר:\u003c/b\u003e Bondi Beach, Sydney\u003cbr/\u003e\u003cb\u003eתאריך:\u003c/b\u003e 28-05-2025\u003cbr/\u003e\u003cb\u003eID:\u003c/b\u003e 807\u003cbr/\u003e\u003cb\u003eFB:\u003c/b\u003e \u003ca href=\u0027https://www.facebook.com/groups/3235176716775457/posts/3653270258299432/\u0027\u003ehttps://www.facebook.com/groups/3235176716775457/posts/3653270258299432/\u003c/a\u003e\u003cbr/\u003e\u003cbr/\u003e\u003cimg src=\u0027https://drive.google.com/uc?export=view\u0026amp;id=1PVSZ5aXZefcZjdq2bfiAgTDd4Mi6R7vZ\u0027 width=\u0027450\u0027/\u003e\u003cbr/\u003e\u003c/div\u003e",
                                            "tessellate":  -1,
                                            "extrude":  0,
                                            "visibility":  -1
                                        },
                         "geometry":  {
                                          "type":  "Point",
                                          "coordinates":  [
                                                              151.276684499999988,
                                                              -33.8914755,
                                                              0.0
                                                          ]
                                      }
                     },
                     {
                         "type":  "Feature",
                         "properties":  {
                                            "Name":  "#316",
                                            "description":  "\u003cdiv dir=\u0027rtl\u0027 style=\u0027font-family:Arial;\u0027\u003e\u003cb\u003eשם:\u003c/b\u003e יעל מה\u003cbr/\u003e\u003cb\u003eאתר:\u003c/b\u003e Phantom Falls Waterfall\u003cbr/\u003e\u003cb\u003eתאריך:\u003c/b\u003e 01-06-2025\u003cbr/\u003e\u003cb\u003eID:\u003c/b\u003e 866\u003cbr/\u003e\u003cb\u003eFB:\u003c/b\u003e \u003ca href=\u0027https://www.facebook.com/groups/3235176716775457/posts/3656555831304208/\u0027\u003ehttps://www.facebook.com/groups/3235176716775457/posts/3656555831304208/\u003c/a\u003e\u003cbr/\u003e\u003cbr/\u003e\u003cimg src=\u0027https://drive.google.com/uc?export=view\u0026amp;id=1fC_Gm6q1HMtRv-r4_OuDUR0NX1LmhSl_\u0027 width=\u0027450\u0027/\u003e\u003cbr/\u003e\u003c/div\u003e",
                                            "tessellate":  -1,
                                            "extrude":  0,
                                            "visibility":  -1
                                        },
                         "geometry":  {
                                          "type":  "Point",
                                          "coordinates":  [
                                                              151.173594,
                                                              -33.701425,
                                                              0.0
                                                          ]
                                      }
                     },
                     {
                         "type":  "Feature",
                         "properties":  {
                                            "Name":  "#316",
                                            "description":  "\u003cdiv dir=\u0027rtl\u0027 style=\u0027font-family:Arial;\u0027\u003e\u003cb\u003eשם:\u003c/b\u003e יעל מה\u003cbr/\u003e\u003cb\u003eאתר:\u003c/b\u003e המוזיאון הארכאולוגי\u003cbr/\u003e\u003cb\u003eתאריך:\u003c/b\u003e 05-07-2025\u003cbr/\u003e\u003cb\u003eID:\u003c/b\u003e 1114\u003cbr/\u003e\u003cb\u003eFB:\u003c/b\u003e \u003ca href=\u0027https://www.facebook.com/groups/beshvil.yael/posts/3686279408331850\u0027\u003ehttps://www.facebook.com/groups/beshvil.yael/posts/3686279408331850\u003c/a\u003e\u003cbr/\u003e\u003cbr/\u003e\u003cimg src=\u0027https://drive.google.com/uc?export=view\u0026amp;id=1SVnqJjUsKih6xsfUnAWzlW-UjHJR7lje\u0027 width=\u0027450\u0027/\u003e\u003cbr/\u003e\u003c/div\u003e",
                                            "tessellate":  -1,
                                            "extrude":  0,
                                            "visibility":  -1
                                        },
                         "geometry":  {
                                          "type":  "Point",
                                          "coordinates":  [
                                                              23.7308454,
                                                              37.9881477,
                                                              0.0
                                                          ]
                                      }
                     },
                     {
                         "type":  "Feature",
                         "properties":  {
                                            "Name":  "#316",
                                            "description":  "\u003cdiv dir=\u0027rtl\u0027 style=\u0027font-family:Arial;\u0027\u003e\u003cb\u003eשם:\u003c/b\u003e יעל מה\u003cbr/\u003e\u003cb\u003eאתר:\u003c/b\u003e Port stephens\u003cbr/\u003e\u003cb\u003eתאריך:\u003c/b\u003e 13-07-2025\u003cbr/\u003e\u003cb\u003eID:\u003c/b\u003e 1178\u003cbr/\u003e\u003cb\u003eFB:\u003c/b\u003e \u003ca href=\u0027https://www.facebook.com/groups/beshvil.yael/posts/3692907787669012/\u0027\u003ehttps://www.facebook.com/groups/beshvil.yael/posts/3692907787669012/\u003c/a\u003e\u003cbr/\u003e\u003cbr/\u003e\u003cimg src=\u0027https://drive.google.com/uc?export=view\u0026amp;id=1Vj5vEPkcMo8lNTpGerXAiAmnaxztc2Az\u0027 width=\u0027450\u0027/\u003e\u003cbr/\u003e\u003c/div\u003e",
                                            "tessellate":  -1,
                                            "extrude":  0,
                                            "visibility":  -1
                                        },
                         "geometry":  {
                                          "type":  "Point",
                                          "coordinates":  [
                                                              152.1443449,
                                                              -32.7227436,
                                                              0.0
                                                          ]
                                      }
                     },
                     {
                         "type":  "Feature",
                         "properties":  {
                                            "Name":  "#316",
                                            "description":  "\u003cdiv dir=\u0027rtl\u0027 style=\u0027font-family:Arial;\u0027\u003e\u003cb\u003eשם:\u003c/b\u003e יעל מה\u003cbr/\u003e\u003cb\u003eאתר:\u003c/b\u003e Kurri Kurri\u003cbr/\u003e\u003cb\u003eתאריך:\u003c/b\u003e 16-07-2025\u003cbr/\u003e\u003cb\u003eID:\u003c/b\u003e 1197\u003cbr/\u003e\u003cbr/\u003e\u003cimg src=\u0027https://drive.google.com/uc?export=view\u0026amp;id=1nozmFlDBneVDJpFzOGBFGbzSxQpjAdSh\u0027 width=\u0027450\u0027/\u003e\u003cbr/\u003e\u003c/div\u003e",
                                            "tessellate":  -1,
                                            "extrude":  0,
                                            "visibility":  -1
                                        },
                         "geometry":  {
                                          "type":  "Point",
                                          "coordinates":  [
                                                              151.480494599999986,
                                                              -32.819165,
                                                              0.0
                                                          ]
                                      }
                     },
                     {
                         "type":  "Feature",
                         "properties":  {
                                            "Name":  "#316",
                                            "description":  "\u003cdiv dir=\u0027rtl\u0027 style=\u0027font-family:Arial;\u0027\u003e\u003cb\u003eשם:\u003c/b\u003e יעל מה\u003cbr/\u003e\u003cb\u003eאתר:\u003c/b\u003e Brisbane\u003cbr/\u003e\u003cb\u003eתאריך:\u003c/b\u003e 27-07-2025\u003cbr/\u003e\u003cb\u003eID:\u003c/b\u003e 1313\u003cbr/\u003e\u003cb\u003eFB:\u003c/b\u003e \u003ca href=\u0027https://www.facebook.com/groups/beshvil.yael/posts/3704656163160841/\u0027\u003ehttps://www.facebook.com/groups/beshvil.yael/posts/3704656163160841/\u003c/a\u003e\u003cbr/\u003e\u003cbr/\u003e\u003cimg src=\u0027https://drive.google.com/uc?export=view\u0026amp;id=1njInzM3kfpD_Jat4N965v5cbdm_DKQ8N\u0027 width=\u0027450\u0027/\u003e\u003cbr/\u003e\u003c/div\u003e",
                                            "tessellate":  -1,
                                            "extrude":  0,
                                            "visibility":  -1
                                        },
                         "geometry":  {
                                          "type":  "Point",
                                          "coordinates":  [
                                                              153.0438868,
                                                              -27.4763918,
                                                              0.0
                                                          ]
                                      }
                     },
                     {
                         "type":  "Feature",
                         "properties":  {
                                            "Name":  "#316",
                                            "description":  "\u003cdiv dir=\u0027rtl\u0027 style=\u0027font-family:Arial;\u0027\u003e\u003cb\u003eשם:\u003c/b\u003e יעל מה\u003cbr/\u003e\u003cb\u003eאתר:\u003c/b\u003e סידני\u003cbr/\u003e\u003cb\u003eתאריך:\u003c/b\u003e 04-09-2025\u003cbr/\u003e\u003cb\u003eID:\u003c/b\u003e 1739\u003cbr/\u003e\u003cb\u003eFB:\u003c/b\u003e \u003ca href=\u0027https://www.facebook.com/groups/beshvil.yael/posts/3740278769598580/\u0027\u003ehttps://www.facebook.com/groups/beshvil.yael/posts/3740278769598580/\u003c/a\u003e\u003cbr/\u003e\u003cbr/\u003e\u003cimg src=\u0027https://drive.google.com/uc?export=view\u0026amp;id=1XTPS2EUski8V6CZqQnL0-OTmX1DxaF2Z\u0027 width=\u0027450\u0027/\u003e\u003cbr/\u003e\u003c/div\u003e",
                                            "tessellate":  -1,
                                            "extrude":  0,
                                            "visibility":  -1
                                        },
                         "geometry":  {
                                          "type":  "Point",
                                          "coordinates":  [
                                                              151.1837406,
                                                              -33.8869932,
                                                              0.0
                                                          ]
                                      }
                     },
                     {
                         "type":  "Feature",
                         "properties":  {
                                            "Name":  "#316",
                                            "description":  "\u003cdiv dir=\u0027rtl\u0027 style=\u0027font-family:Arial;\u0027\u003e\u003cb\u003eשם:\u003c/b\u003e יעל מה\u003cbr/\u003e\u003cb\u003eאתר:\u003c/b\u003e Qween Victoria Building\u003cbr/\u003e\u003cb\u003eתאריך:\u003c/b\u003e 30-12-2025\u003cbr/\u003e\u003cb\u003eID:\u003c/b\u003e 3206\u003cbr/\u003e\u003cb\u003eFB:\u003c/b\u003e \u003ca href=\u0027https://www.facebook.com/groups/beshvil.yael/posts/3848309815462141/\u0027\u003ehttps://www.facebook.com/groups/beshvil.yael/posts/3848309815462141/\u003c/a\u003e\u003cbr/\u003e\u003cbr/\u003e\u003cimg src=\u0027https://drive.google.com/uc?export=view\u0026amp;id=1Bhf_iq8ONpSUTeiB017Jf0Osn73mbg-V\u0027 width=\u0027450\u0027/\u003e\u003cbr/\u003e\u003c/div\u003e",
                                            "tessellate":  -1,
                                            "extrude":  0,
                                            "visibility":  -1
                                        },
                         "geometry":  {
                                          "type":  "Point",
                                          "coordinates":  [
                                                              151.20651,
                                                              -33.8715,
                                                              0.0
                                                          ]
                                      }
                     },
                     {
                         "type":  "Feature",
                         "properties":  {
                                            "Name":  "#316",
                                            "description":  "\u003cdiv dir=\u0027rtl\u0027 style=\u0027font-family:Arial;\u0027\u003e\u003cb\u003eשם:\u003c/b\u003e יעל מה\u003cbr/\u003e\u003cb\u003eאתר:\u003c/b\u003e Sydney Tower\u003cbr/\u003e\u003cb\u003eתאריך:\u003c/b\u003e 07-01-2026\u003cbr/\u003e\u003cb\u003eID:\u003c/b\u003e 3287\u003cbr/\u003e\u003cb\u003eFB:\u003c/b\u003e \u003ca href=\u0027https://www.facebook.com/groups/beshvil.yael/posts/3847522105540912\u0027\u003ehttps://www.facebook.com/groups/beshvil.yael/posts/3847522105540912\u003c/a\u003e\u003cbr/\u003e\u003cbr/\u003e\u003cimg src=\u0027https://drive.google.com/uc?export=view\u0026amp;id=1TIotnlj2nfah9Ejfhk9ZIHq3iqGiia2b\u0027 width=\u0027450\u0027/\u003e\u003cbr/\u003e\u003c/div\u003e",
                                            "tessellate":  -1,
                                            "extrude":  0,
                                            "visibility":  -1
                                        },
                         "geometry":  {
                                          "type":  "Point",
                                          "coordinates":  [
                                                              151.20849,
                                                              -33.87047,
                                                              0.0
                                                          ]
                                      }
                     },
                     {
                         "type":  "Feature",
                         "properties":  {
                                            "Name":  "#316",
                                            "description":  "\u003cdiv dir=\u0027rtl\u0027 style=\u0027font-family:Arial;\u0027\u003e\u003cb\u003eשם:\u003c/b\u003e יעל מה\u003cbr/\u003e\u003cb\u003eאתר:\u003c/b\u003e  Wave Rock\u003cbr/\u003e\u003cb\u003eתאריך:\u003c/b\u003e 19-04-2026\u003cbr/\u003e\u003cb\u003eID:\u003c/b\u003e 4165\u003cbr/\u003e\u003cb\u003eFB:\u003c/b\u003e \u003ca href=\u0027https://www.facebook.com/groups/beshvil.yael/posts/3948403718786083\u0027\u003ehttps://www.facebook.com/groups/beshvil.yael/posts/3948403718786083\u003c/a\u003e\u003cbr/\u003e\u003cbr/\u003e\u003cimg src=\u0027https://drive.google.com/uc?export=view\u0026amp;id=1R8uD24fEg5rQ1MRtV1uNdzH_az_8zNGP\u0027 width=\u0027450\u0027/\u003e\u003cbr/\u003e\u003c/div\u003e",
                                            "tessellate":  -1,
                                            "extrude":  0,
                                            "visibility":  -1
                                        },
                         "geometry":  {
                                          "type":  "Point",
                                          "coordinates":  [
                                                              118.89666,
                                                              -32.44398,
                                                              0.0
                                                          ]
                                      }
                     },
                     {
                         "type":  "Feature",
                         "properties":  {
                                            "Name":  "#323",
                                            "description":  "\u003cdiv dir=\u0027rtl\u0027 style=\u0027font-family:Arial;\u0027\u003e\u003cb\u003eשם:\u003c/b\u003e חגית ענתר\u003cbr/\u003e\u003cb\u003eאתר:\u003c/b\u003e לימסול\u003cbr/\u003e\u003cb\u003eתאריך:\u003c/b\u003e 28-03-2025\u003cbr/\u003e\u003cb\u003eID:\u003c/b\u003e 604\u003cbr/\u003e\u003cb\u003eFB:\u003c/b\u003e \u003ca href=\u0027https://www.facebook.com/groups/3235176716775457/permalink/3596684503958008/\u0027\u003ehttps://www.facebook.com/groups/3235176716775457/permalink/3596684503958008/\u003c/a\u003e\u003cbr/\u003e\u003cbr/\u003e\u003cimg src=\u0027https://drive.google.com/uc?export=view\u0026amp;id=1iRwNQnuBhq5vQzdrB8v5MswD8nQKzcB3\u0027 width=\u0027450\u0027/\u003e\u003cbr/\u003e\u003c/div\u003e",
                                            "tessellate":  -1,
                                            "extrude":  0,
                                            "visibility":  -1
                                        },
                         "geometry":  {
                                          "type":  "Point",
                                          "coordinates":  [
                                                              33.0413055,
                                                              34.6786322,
                                                              0.0
                                                          ]
                                      }
                     },
                     {
                         "type":  "Feature",
                         "properties":  {
                                            "Name":  "#323",
                                            "description":  "\u003cdiv dir=\u0027rtl\u0027 style=\u0027font-family:Arial;\u0027\u003e\u003cb\u003eשם:\u003c/b\u003e חגית ענתר\u003cbr/\u003e\u003cb\u003eאתר:\u003c/b\u003e פסגת ההר\u003cbr/\u003e\u003cb\u003eתאריך:\u003c/b\u003e 15-08-2025\u003cbr/\u003e\u003cb\u003eID:\u003c/b\u003e 1540\u003cbr/\u003e\u003cb\u003eFB:\u003c/b\u003e \u003ca href=\u0027https://www.facebook.com/groups/beshvil.yael/posts/3722424898050634/\u0027\u003ehttps://www.facebook.com/groups/beshvil.yael/posts/3722424898050634/\u003c/a\u003e\u003cbr/\u003e\u003cbr/\u003e\u003cimg src=\u0027https://drive.google.com/uc?export=view\u0026amp;id=19rz6Qk8AT24dX2nknS7kkLeG8UzFUXg7\u0027 width=\u0027450\u0027/\u003e\u003cbr/\u003e\u003c/div\u003e",
                                            "tessellate":  -1,
                                            "extrude":  0,
                                            "visibility":  -1
                                        },
                         "geometry":  {
                                          "type":  "Point",
                                          "coordinates":  [
                                                              37.8087693,
                                                              -4.1336927,
                                                              0.0
                                                          ]
                                      }
                     },
                     {
                         "type":  "Feature",
                         "properties":  {
                                            "Name":  "#323",
                                            "description":  "\u003cdiv dir=\u0027rtl\u0027 style=\u0027font-family:Arial;\u0027\u003e\u003cb\u003eשם:\u003c/b\u003e מיכל הררי\u003cbr/\u003e\u003cb\u003eאתר:\u003c/b\u003e מקדש מייג\u0027י\u003cbr/\u003e\u003cb\u003eתאריך:\u003c/b\u003e 21-09-2025\u003cbr/\u003e\u003cb\u003eID:\u003c/b\u003e 1983\u003cbr/\u003e\u003cb\u003eFB:\u003c/b\u003e \u003ca href=\u0027https://www.facebook.com/groups/beshvil.yael/posts/3756676814625442\u0027\u003ehttps://www.facebook.com/groups/beshvil.yael/posts/3756676814625442\u003c/a\u003e\u003cbr/\u003e\u003cbr/\u003e\u003cimg src=\u0027https://drive.google.com/uc?export=view\u0026amp;id=1bK0p8uzb5h95lqFewcK2Q_w3n-lU-utb\u0027 width=\u0027450\u0027/\u003e\u003cbr/\u003e\u003c/div\u003e",
                                            "tessellate":  -1,
                                            "extrude":  0,
                                            "visibility":  -1
                                        },
                         "geometry":  {
                                          "type":  "Point",
                                          "coordinates":  [
                                                              139.69866,
                                                              35.677,
                                                              0.0
                                                          ]
                                      }
                     },
                     {
                         "type":  "Feature",
                         "properties":  {
                                            "Name":  "#326",
                                            "description":  "\u003cdiv dir=\u0027rtl\u0027 style=\u0027font-family:Arial;\u0027\u003e\u003cb\u003eשם:\u003c/b\u003e נוגה דרור\u003cbr/\u003e\u003cb\u003eאתר:\u003c/b\u003e הר פוג\u0027י\u003cbr/\u003e\u003cb\u003eתאריך:\u003c/b\u003e 18-03-2025\u003cbr/\u003e\u003cb\u003eID:\u003c/b\u003e 709\u003cbr/\u003e\u003cb\u003eFB:\u003c/b\u003e \u003ca href=\u0027https://www.facebook.com/groups/3235176716775457/posts/3588063518153440/\u0027\u003ehttps://www.facebook.com/groups/3235176716775457/posts/3588063518153440/\u003c/a\u003e\u003cbr/\u003e\u003cbr/\u003e\u003cimg src=\u0027https://drive.google.com/uc?export=view\u0026amp;id=1pebcT02bjgc_ooRHa67XTlbx7VnatFgs\u0027 width=\u0027450\u0027/\u003e\u003cbr/\u003e\u003c/div\u003e",
                                            "tessellate":  -1,
                                            "extrude":  0,
                                            "visibility":  -1
                                        },
                         "geometry":  {
                                          "type":  "Point",
                                          "coordinates":  [
                                                              138.711074700000012,
                                                              35.3484787,
                                                              0.0
                                                          ]
                                      }
                     },
                     {
                         "type":  "Feature",
                         "properties":  {
                                            "Name":  "#568",
                                            "description":  "\u003cdiv dir=\u0027rtl\u0027 style=\u0027font-family:Arial;\u0027\u003e\u003cb\u003eשם:\u003c/b\u003e מיכל פורה\u003cbr/\u003e\u003cb\u003eאתר:\u003c/b\u003e שמורת צינגי\u003cbr/\u003e\u003cb\u003eתאריך:\u003c/b\u003e 03-08-2025\u003cbr/\u003e\u003cb\u003eID:\u003c/b\u003e 1386\u003cbr/\u003e\u003cb\u003eFB:\u003c/b\u003e \u003ca href=\u0027https://www.facebook.com/groups/beshvil.yael/posts/3711651965794594\u0027\u003ehttps://www.facebook.com/groups/beshvil.yael/posts/3711651965794594\u003c/a\u003e\u003cbr/\u003e\u003cbr/\u003e\u003cimg src=\u0027https://drive.google.com/uc?export=view\u0026amp;id=18XwTwxGvC5OGmhTB0UQX-X3RaW5cAE9c\u0027 width=\u0027450\u0027/\u003e\u003cbr/\u003e\u003c/div\u003e",
                                            "tessellate":  -1,
                                            "extrude":  0,
                                            "visibility":  -1
                                        },
                         "geometry":  {
                                          "type":  "Point",
                                          "coordinates":  [
                                                              45.6841943,
                                                              -18.0521323,
                                                              0.0
                                                          ]
                                      }
                     },
                     {
                         "type":  "Feature",
                         "properties":  {
                                            "Name":  "#568",
                                            "description":  "\u003cdiv dir=\u0027rtl\u0027 style=\u0027font-family:Arial;\u0027\u003e\u003cb\u003eשם:\u003c/b\u003e מיכל פורה\u003cbr/\u003e\u003cb\u003eאתר:\u003c/b\u003e \u003cbr/\u003e\u003cb\u003eתאריך:\u003c/b\u003e 13-08-2025\u003cbr/\u003e\u003cb\u003eID:\u003c/b\u003e 1521\u003cbr/\u003e\u003cb\u003eFB:\u003c/b\u003e \u003ca href=\u0027https://www.facebook.com/groups/beshvil.yael/posts/3720646128228511/\u0027\u003ehttps://www.facebook.com/groups/beshvil.yael/posts/3720646128228511/\u003c/a\u003e\u003cbr/\u003e\u003cbr/\u003e\u003cimg src=\u0027https://drive.google.com/uc?export=view\u0026amp;id=1SHMPRtbnKtceZ7viQl2Ymz5qFdPrjEuc\u0027 width=\u0027450\u0027/\u003e\u003cbr/\u003e\u003c/div\u003e",
                                            "tessellate":  -1,
                                            "extrude":  0,
                                            "visibility":  -1
                                        },
                         "geometry":  {
                                          "type":  "Point",
                                          "coordinates":  [
                                                              45.6342789,
                                                              -19.9758562,
                                                              0.0
                                                          ]
                                      }
                     },
                     {
                         "type":  "Feature",
                         "properties":  {
                                            "Name":  "#568",
                                            "description":  "\u003cdiv dir=\u0027rtl\u0027 style=\u0027font-family:Arial;\u0027\u003e\u003cb\u003eשם:\u003c/b\u003e מיכל פורה\u003cbr/\u003e\u003cb\u003eאתר:\u003c/b\u003e סייגון\u003cbr/\u003e\u003cb\u003eתאריך:\u003c/b\u003e 18-11-2025\u003cbr/\u003e\u003cb\u003eID:\u003c/b\u003e 2774\u003cbr/\u003e\u003cb\u003eFB:\u003c/b\u003e \u003ca href=\u0027https://www.facebook.com/groups/beshvil.yael/posts/3812625525697237/\u0027\u003ehttps://www.facebook.com/groups/beshvil.yael/posts/3812625525697237/\u003c/a\u003e\u003cbr/\u003e\u003cbr/\u003e\u003cimg src=\u0027https://drive.google.com/uc?export=view\u0026amp;id=1ht7QUPN_e99VGicOFXva4nsfQuTO21rD\u0027 width=\u0027450\u0027/\u003e\u003cbr/\u003e\u003c/div\u003e",
                                            "tessellate":  -1,
                                            "extrude":  0,
                                            "visibility":  -1
                                        },
                         "geometry":  {
                                          "type":  "Point",
                                          "coordinates":  [
                                                              106.561,
                                                              10.76374,
                                                              0.0
                                                          ]
                                      }
                     },
                     {
                         "type":  "Feature",
                         "properties":  {
                                            "Name":  "#582",
                                            "description":  "\u003cdiv dir=\u0027rtl\u0027 style=\u0027font-family:Arial;\u0027\u003e\u003cb\u003eשם:\u003c/b\u003e יעל פרידמן בן בשט\u003cbr/\u003e\u003cb\u003eאתר:\u003c/b\u003e \u003cbr/\u003e\u003cb\u003eתאריך:\u003c/b\u003e 26-07-2025\u003cbr/\u003e\u003cb\u003eID:\u003c/b\u003e 1300\u003cbr/\u003e\u003cb\u003eFB:\u003c/b\u003e \u003ca href=\u0027https://www.facebook.com/groups/beshvil.yael/posts/3703687489924375\u0027\u003ehttps://www.facebook.com/groups/beshvil.yael/posts/3703687489924375\u003c/a\u003e\u003cbr/\u003e\u003cbr/\u003e\u003cimg src=\u0027https://drive.google.com/uc?export=view\u0026amp;id=13Vv2SpRbZXB9pCzp_32bAhTCHisSqRDu\u0027 width=\u0027450\u0027/\u003e\u003cbr/\u003e\u003c/div\u003e",
                                            "tessellate":  -1,
                                            "extrude":  0,
                                            "visibility":  -1
                                        },
                         "geometry":  {
                                          "type":  "Point",
                                          "coordinates":  [
                                                              20.5988359,
                                                              41.0051363,
                                                              0.0
                                                          ]
                                      }
                     },
                     {
                         "type":  "Feature",
                         "properties":  {
                                            "Name":  "#582",
                                            "description":  "\u003cdiv dir=\u0027rtl\u0027 style=\u0027font-family:Arial;\u0027\u003e\u003cb\u003eשם:\u003c/b\u003e יעל פרידמן בן בשט\u003cbr/\u003e\u003cb\u003eאתר:\u003c/b\u003e עמק theth\u003cbr/\u003e\u003cb\u003eתאריך:\u003c/b\u003e 31-07-2025\u003cbr/\u003e\u003cb\u003eID:\u003c/b\u003e 1347\u003cbr/\u003e\u003cb\u003eFB:\u003c/b\u003e \u003ca href=\u0027https://www.facebook.com/groups/beshvil.yael/posts/3708455892780868/\u0027\u003ehttps://www.facebook.com/groups/beshvil.yael/posts/3708455892780868/\u003c/a\u003e\u003cbr/\u003e\u003cbr/\u003e\u003cimg src=\u0027https://drive.google.com/uc?export=view\u0026amp;id=1A70-902SHVFml5y8kfUhc39u5w0k9lus\u0027 width=\u0027450\u0027/\u003e\u003cbr/\u003e\u003c/div\u003e",
                                            "tessellate":  -1,
                                            "extrude":  0,
                                            "visibility":  -1
                                        },
                         "geometry":  {
                                          "type":  "Point",
                                          "coordinates":  [
                                                              19.770063,
                                                              42.3944021,
                                                              0.0
                                                          ]
                                      }
                     },
                     {
                         "type":  "Feature",
                         "properties":  {
                                            "Name":  "#1097",
                                            "description":  "\u003cdiv dir=\u0027rtl\u0027 style=\u0027font-family:Arial;\u0027\u003e\u003cb\u003eשם:\u003c/b\u003e סמדר הרפז סעד\u003cbr/\u003e\u003cb\u003eאתר:\u003c/b\u003e הר השולחן\u003cbr/\u003e\u003cb\u003eתאריך:\u003c/b\u003e 06-11-2025\u003cbr/\u003e\u003cb\u003eID:\u003c/b\u003e 2633\u003cbr/\u003e\u003cb\u003eFB:\u003c/b\u003e \u003ca href=\u0027https://www.facebook.com/groups/beshvil.yael/posts/3802302780062845/\u0027\u003ehttps://www.facebook.com/groups/beshvil.yael/posts/3802302780062845/\u003c/a\u003e\u003cbr/\u003e\u003cbr/\u003e\u003cimg src=\u0027https://drive.google.com/uc?export=view\u0026amp;id=1oDt_yILp8Zx-wDIxMekhUHA61x4nAFWb\u0027 width=\u0027450\u0027/\u003e\u003cbr/\u003e\u003c/div\u003e",
                                            "tessellate":  -1,
                                            "extrude":  0,
                                            "visibility":  -1
                                        },
                         "geometry":  {
                                          "type":  "Point",
                                          "coordinates":  [
                                                              18.40962,
                                                              -33.96295,
                                                              0.0
                                                          ]
                                      }
                     },
                     {
                         "type":  "Feature",
                         "properties":  {
                                            "Name":  "#1099",
                                            "description":  "\u003cdiv dir=\u0027rtl\u0027 style=\u0027font-family:Arial;\u0027\u003e\u003cb\u003eשם:\u003c/b\u003e \u003cbr/\u003e\u003cb\u003eאתר:\u003c/b\u003e דוי אינתנון\u003cbr/\u003e\u003cb\u003eתאריך:\u003c/b\u003e 02-09-2025\u003cbr/\u003e\u003cb\u003eID:\u003c/b\u003e 198\u003cbr/\u003e\u003cb\u003eFB:\u003c/b\u003e \u003ca href=\u0027https://www.facebook.com/groups/beshvil.yael/posts/3738556986437425/\u0027\u003ehttps://www.facebook.com/groups/beshvil.yael/posts/3738556986437425/\u003c/a\u003e\u003cbr/\u003e\u003cbr/\u003e\u003cimg src=\u0027https://drive.google.com/uc?export=view\u0026amp;id=1UntbBv_UliiLOwxuin0_hes8Jxm9CAZ9\u0027 width=\u0027450\u0027/\u003e\u003cbr/\u003e\u003c/div\u003e",
                                            "tessellate":  -1,
                                            "extrude":  0,
                                            "visibility":  -1
                                        },
                         "geometry":  {
                                          "type":  "Point",
                                          "coordinates":  [
                                                              98.4868734,
                                                              18.5887046,
                                                              0.0
                                                          ]
                                      }
                     },
                     {
                         "type":  "Feature",
                         "properties":  {
                                            "Name":  "#1100",
                                            "description":  "\u003cdiv dir=\u0027rtl\u0027 style=\u0027font-family:Arial;\u0027\u003e\u003cb\u003eשם:\u003c/b\u003e עדי ברקאי\u003cbr/\u003e\u003cb\u003eאתר:\u003c/b\u003e דוי אינתנון\u003cbr/\u003e\u003cb\u003eתאריך:\u003c/b\u003e 02-09-2025\u003cbr/\u003e\u003cb\u003eID:\u003c/b\u003e 1726\u003cbr/\u003e\u003cb\u003eFB:\u003c/b\u003e \u003ca href=\u0027https://www.facebook.com/groups/beshvil.yael/posts/3738556986437425/\u0027\u003ehttps://www.facebook.com/groups/beshvil.yael/posts/3738556986437425/\u003c/a\u003e\u003cbr/\u003e\u003cbr/\u003e\u003cimg src=\u0027https://drive.google.com/uc?export=view\u0026amp;id=1UntbBv_UliiLOwxuin0_hes8Jxm9CAZ9\u0027 width=\u0027450\u0027/\u003e\u003cbr/\u003e\u003c/div\u003e",
                                            "tessellate":  -1,
                                            "extrude":  0,
                                            "visibility":  -1
                                        },
                         "geometry":  {
                                          "type":  "Point",
                                          "coordinates":  [
                                                              98.4868734,
                                                              18.5884346,
                                                              0.0
                                                          ]
                                      }
                     },
                     {
                         "type":  "Feature",
                         "properties":  {
                                            "Name":  "#1106",
                                            "description":  "\u003cdiv dir=\u0027rtl\u0027 style=\u0027font-family:Arial;\u0027\u003e\u003cb\u003eשם:\u003c/b\u003e אלגרה אילוז\u003cbr/\u003e\u003cb\u003eאתר:\u003c/b\u003e \u003cbr/\u003e\u003cb\u003eתאריך:\u003c/b\u003e 23-05-2025\u003cbr/\u003e\u003cb\u003eID:\u003c/b\u003e 748\u003cbr/\u003e\u003cb\u003eFB:\u003c/b\u003e \u003ca href=\u0027https://www.facebook.com/groups/3235176716775457/posts/3648655275427597/\u0027\u003ehttps://www.facebook.com/groups/3235176716775457/posts/3648655275427597/\u003c/a\u003e\u003cbr/\u003e\u003cbr/\u003e\u003cimg src=\u0027https://drive.google.com/uc?export=view\u0026amp;id=1zL-t0TiauU2nuxwv8Vw6TRYbyBM-6NAh\u0027 width=\u0027450\u0027/\u003e\u003cbr/\u003e\u003c/div\u003e",
                                            "tessellate":  -1,
                                            "extrude":  0,
                                            "visibility":  -1
                                        },
                         "geometry":  {
                                          "type":  "Point",
                                          "coordinates":  [
                                                              116.4072503,
                                                              39.9045204,
                                                              0.0
                                                          ]
                                      }
                     },
                     {
                         "type":  "Feature",
                         "properties":  {
                                            "Name":  "#1107",
                                            "description":  "\u003cdiv dir=\u0027rtl\u0027 style=\u0027font-family:Arial;\u0027\u003e\u003cb\u003eשם:\u003c/b\u003e יאיר אילוז\u003cbr/\u003e\u003cb\u003eאתר:\u003c/b\u003e \u003cbr/\u003e\u003cb\u003eתאריך:\u003c/b\u003e 23-05-2025\u003cbr/\u003e\u003cb\u003eID:\u003c/b\u003e 258\u003cbr/\u003e\u003cb\u003eFB:\u003c/b\u003e \u003ca href=\u0027https://www.facebook.com/groups/3235176716775457/posts/3648655275427597/\u0027\u003ehttps://www.facebook.com/groups/3235176716775457/posts/3648655275427597/\u003c/a\u003e\u003cbr/\u003e\u003cbr/\u003e\u003cimg src=\u0027https://drive.google.com/uc?export=view\u0026amp;id=1zL-t0TiauU2nuxwv8Vw6TRYbyBM-6NAh\u0027 width=\u0027450\u0027/\u003e\u003cbr/\u003e\u003c/div\u003e",
                                            "tessellate":  -1,
                                            "extrude":  0,
                                            "visibility":  -1
                                        },
                         "geometry":  {
                                          "type":  "Point",
                                          "coordinates":  [
                                                              116.4072503,
                                                              39.9047904,
                                                              0.0
                                                          ]
                                      }
                     },
                     {
                         "type":  "Feature",
                         "properties":  {
                                            "Name":  "#1107",
                                            "description":  "\u003cdiv dir=\u0027rtl\u0027 style=\u0027font-family:Arial;\u0027\u003e\u003cb\u003eשם:\u003c/b\u003e יאיר אילוז\u003cbr/\u003e\u003cb\u003eאתר:\u003c/b\u003e העיר האסורה\u003cbr/\u003e\u003cb\u003eתאריך:\u003c/b\u003e 31-05-2025\u003cbr/\u003e\u003cb\u003eID:\u003c/b\u003e 835\u003cbr/\u003e\u003cb\u003eFB:\u003c/b\u003e \u003ca href=\u0027https://www.facebook.com/groups/3235176716775457/posts/3655343244758800/\u0027\u003ehttps://www.facebook.com/groups/3235176716775457/posts/3655343244758800/\u003c/a\u003e\u003cbr/\u003e\u003cbr/\u003e\u003cimg src=\u0027https://drive.google.com/uc?export=view\u0026amp;id=1FrWW-13BTKjFm6ra0-hte3gfnB2uMq3N\u0027 width=\u0027450\u0027/\u003e\u003cbr/\u003e\u003c/div\u003e",
                                            "tessellate":  -1,
                                            "extrude":  0,
                                            "visibility":  -1
                                        },
                         "geometry":  {
                                          "type":  "Point",
                                          "coordinates":  [
                                                              116.3971621,
                                                              39.9168038,
                                                              0.0
                                                          ]
                                      }
                     },
                     {
                         "type":  "Feature",
                         "properties":  {
                                            "Name":  "#1107",
                                            "description":  "\u003cdiv dir=\u0027rtl\u0027 style=\u0027font-family:Arial;\u0027\u003e\u003cb\u003eשם:\u003c/b\u003e יאיר אילוז\u003cbr/\u003e\u003cb\u003eאתר:\u003c/b\u003e מגדל סיאול\u003cbr/\u003e\u003cb\u003eתאריך:\u003c/b\u003e 03-06-2025\u003cbr/\u003e\u003cb\u003eID:\u003c/b\u003e 896\u003cbr/\u003e\u003cb\u003eFB:\u003c/b\u003e \u003ca href=\u0027https://www.facebook.com/groups/3235176716775457/posts/3657975701162221/\u0027\u003ehttps://www.facebook.com/groups/3235176716775457/posts/3657975701162221/\u003c/a\u003e\u003cbr/\u003e\u003cbr/\u003e\u003cimg src=\u0027https://drive.google.com/uc?export=view\u0026amp;id=1maw8H_3mMXHbiGpFN4H4Yt_QRpQXUBQ9\u0027 width=\u0027450\u0027/\u003e\u003cbr/\u003e\u003c/div\u003e",
                                            "tessellate":  -1,
                                            "extrude":  0,
                                            "visibility":  -1
                                        },
                         "geometry":  {
                                          "type":  "Point",
                                          "coordinates":  [
                                                              126.9882266,
                                                              37.5511694,
                                                              0.0
                                                          ]
                                      }
                     },
                     {
                         "type":  "Feature",
                         "properties":  {
                                            "Name":  "#1107",
                                            "description":  "\u003cdiv dir=\u0027rtl\u0027 style=\u0027font-family:Arial;\u0027\u003e\u003cb\u003eשם:\u003c/b\u003e יאיר אילוז\u003cbr/\u003e\u003cb\u003eאתר:\u003c/b\u003e לליבלה\u003cbr/\u003e\u003cb\u003eתאריך:\u003c/b\u003e 21-01-2026\u003cbr/\u003e\u003cb\u003eID:\u003c/b\u003e 3419\u003cbr/\u003e\u003cb\u003eFB:\u003c/b\u003e \u003ca href=\u0027https://www.facebook.com/groups/beshvil.yael/posts/3867540986872357\u0027\u003ehttps://www.facebook.com/groups/beshvil.yael/posts/3867540986872357\u003c/a\u003e\u003cbr/\u003e\u003cbr/\u003e\u003cimg src=\u0027https://drive.google.com/uc?export=view\u0026amp;id=1hV2dGCQ66RneY-9K3g7K4km5H97MlcO7\u0027 width=\u0027450\u0027/\u003e\u003cbr/\u003e\u003c/div\u003e",
                                            "tessellate":  -1,
                                            "extrude":  0,
                                            "visibility":  -1
                                        },
                         "geometry":  {
                                          "type":  "Point",
                                          "coordinates":  [
                                                              39.04638,
                                                              12.0324,
                                                              0.0
                                                          ]
                                      }
                     },
                     {
                         "type":  "Feature",
                         "properties":  {
                                            "Name":  "#341",
                                            "description":  "\u003cdiv dir=\u0027rtl\u0027 style=\u0027font-family:Arial;\u0027\u003e\u003cb\u003eשם:\u003c/b\u003e אורן שוהם\u003cbr/\u003e\u003cb\u003eאתר:\u003c/b\u003e עמק האוסטה\u003cbr/\u003e\u003cb\u003eתאריך:\u003c/b\u003e 04-10-2025\u003cbr/\u003e\u003cb\u003eID:\u003c/b\u003e 2148\u003cbr/\u003e\u003cb\u003eFB:\u003c/b\u003e \u003ca href=\u0027https://www.facebook.com/groups/beshvil.yael/posts/3769043720055418\u0027\u003ehttps://www.facebook.com/groups/beshvil.yael/posts/3769043720055418\u003c/a\u003e\u003cbr/\u003e\u003cbr/\u003e\u003cimg src=\u0027https://drive.google.com/uc?export=view\u0026amp;id=1U2PhnSCUWx0tzzSOqA34OfyoDvy4NhzD\u0027 width=\u0027450\u0027/\u003e\u003cbr/\u003e\u003c/div\u003e",
                                            "tessellate":  -1,
                                            "extrude":  0,
                                            "visibility":  -1
                                        },
                         "geometry":  {
                                          "type":  "Point",
                                          "coordinates":  [
                                                              7.21469,
                                                              45.72834,
                                                              0.0
                                                          ]
                                      }
                     },
                     {
                         "type":  "Feature",
                         "properties":  {
                                            "Name":  "#347",
                                            "description":  "\u003cdiv dir=\u0027rtl\u0027 style=\u0027font-family:Arial;\u0027\u003e\u003cb\u003eשם:\u003c/b\u003e רון רוזן\u003cbr/\u003e\u003cb\u003eאתר:\u003c/b\u003e הר פוג\u0027י\u003cbr/\u003e\u003cb\u003eתאריך:\u003c/b\u003e 05-05-2025\u003cbr/\u003e\u003cb\u003eID:\u003c/b\u003e 88\u003cbr/\u003e\u003cb\u003eFB:\u003c/b\u003e \u003ca href=\u0027https://www.facebook.com/groups/3235176716775457/posts/3634183923541399\u0027\u003ehttps://www.facebook.com/groups/3235176716775457/posts/3634183923541399\u003c/a\u003e\u003cbr/\u003e\u003cbr/\u003e\u003cimg src=\u0027https://drive.google.com/uc?export=view\u0026amp;id=16XD41qjwfTjBzocTvFhUZQIUmQXtobgK\u0027 width=\u0027450\u0027/\u003e\u003cbr/\u003e\u003c/div\u003e",
                                            "tessellate":  -1,
                                            "extrude":  0,
                                            "visibility":  -1
                                        },
                         "geometry":  {
                                          "type":  "Point",
                                          "coordinates":  [
                                                              138.7273812,
                                                              35.3606228,
                                                              0.0
                                                          ]
                                      }
                     },
                     {
                         "type":  "Feature",
                         "properties":  {
                                            "Name":  "#347",
                                            "description":  "\u003cdiv dir=\u0027rtl\u0027 style=\u0027font-family:Arial;\u0027\u003e\u003cb\u003eשם:\u003c/b\u003e רון רוזן\u003cbr/\u003e\u003cb\u003eאתר:\u003c/b\u003e גבעת גלרט\u003cbr/\u003e\u003cb\u003eתאריך:\u003c/b\u003e 27-01-2026\u003cbr/\u003e\u003cb\u003eID:\u003c/b\u003e 3485\u003cbr/\u003e\u003cb\u003eFB:\u003c/b\u003e \u003ca href=\u0027https://www.facebook.com/groups/beshvil.yael/posts/3873103699649419\u0027\u003ehttps://www.facebook.com/groups/beshvil.yael/posts/3873103699649419\u003c/a\u003e\u003cbr/\u003e\u003cbr/\u003e\u003cimg src=\u0027https://drive.google.com/uc?export=view\u0026amp;id=1HwBTR2uErNgRPOcqWvq9qb1MqZv4XuMo\u0027 width=\u0027450\u0027/\u003e\u003cbr/\u003e\u003c/div\u003e",
                                            "tessellate":  -1,
                                            "extrude":  0,
                                            "visibility":  -1
                                        },
                         "geometry":  {
                                          "type":  "Point",
                                          "coordinates":  [
                                                              19.04023,
                                                              47.49791,
                                                              0.0
                                                          ]
                                      }
                     },
                     {
                         "type":  "Feature",
                         "properties":  {
                                            "Name":  "#350",
                                            "description":  "\u003cdiv dir=\u0027rtl\u0027 style=\u0027font-family:Arial;\u0027\u003e\u003cb\u003eשם:\u003c/b\u003e רחל בר\u003cbr/\u003e\u003cb\u003eאתר:\u003c/b\u003e Lech\u003cbr/\u003e\u003cb\u003eתאריך:\u003c/b\u003e 30-07-2025\u003cbr/\u003e\u003cb\u003eID:\u003c/b\u003e 1346\u003cbr/\u003e\u003cb\u003eFB:\u003c/b\u003e \u003ca href=\u0027https://www.facebook.com/groups/beshvil.yael/posts/3708049772821480/\u0027\u003ehttps://www.facebook.com/groups/beshvil.yael/posts/3708049772821480/\u003c/a\u003e\u003cbr/\u003e\u003cbr/\u003e\u003cimg src=\u0027https://drive.google.com/uc?export=view\u0026amp;id=1HPZHg8BXqLzSmPosmAXFd-YLkCk1M5Zc\u0027 width=\u0027450\u0027/\u003e\u003cbr/\u003e\u003c/div\u003e",
                                            "tessellate":  -1,
                                            "extrude":  0,
                                            "visibility":  -1
                                        },
                         "geometry":  {
                                          "type":  "Point",
                                          "coordinates":  [
                                                              10.14181,
                                                              47.20646,
                                                              0.0
                                                          ]
                                      }
                     },
                     {
                         "type":  "Feature",
                         "properties":  {
                                            "Name":  "#357",
                                            "description":  "\u003cdiv dir=\u0027rtl\u0027 style=\u0027font-family:Arial;\u0027\u003e\u003cb\u003eשם:\u003c/b\u003e עדנה אלדובי\u003cbr/\u003e\u003cb\u003eאתר:\u003c/b\u003e בארי\u003cbr/\u003e\u003cb\u003eתאריך:\u003c/b\u003e 01-06-2025\u003cbr/\u003e\u003cb\u003eID:\u003c/b\u003e 860\u003cbr/\u003e\u003cb\u003eFB:\u003c/b\u003e \u003ca href=\u0027https://www.facebook.com/groups/3235176716775457/posts/3656380137988444/\u0027\u003ehttps://www.facebook.com/groups/3235176716775457/posts/3656380137988444/\u003c/a\u003e\u003cbr/\u003e\u003cbr/\u003e\u003cimg src=\u0027https://drive.google.com/uc?export=view\u0026amp;id=1va9mkto7nE-3tKBRZJ6Hb2Rlqt2RfOPn\u0027 width=\u0027450\u0027/\u003e\u003cbr/\u003e\u003c/div\u003e",
                                            "tessellate":  -1,
                                            "extrude":  0,
                                            "visibility":  -1
                                        },
                         "geometry":  {
                                          "type":  "Point",
                                          "coordinates":  [
                                                              16.90096,
                                                              41.10679,
                                                              0.0
                                                          ]
                                      }
                     },
                     {
                         "type":  "Feature",
                         "properties":  {
                                            "Name":  "#357",
                                            "description":  "\u003cdiv dir=\u0027rtl\u0027 style=\u0027font-family:Arial;\u0027\u003e\u003cb\u003eשם:\u003c/b\u003e עדנה  אלדובי\u003cbr/\u003e\u003cb\u003eאתר:\u003c/b\u003e חוף הים היוני\u003cbr/\u003e\u003cb\u003eתאריך:\u003c/b\u003e 04-06-2025\u003cbr/\u003e\u003cb\u003eID:\u003c/b\u003e 910\u003cbr/\u003e\u003cb\u003eFB:\u003c/b\u003e \u003ca href=\u0027https://www.facebook.com/groups/3235176716775457/posts/3659120914381033\u0027\u003ehttps://www.facebook.com/groups/3235176716775457/posts/3659120914381033\u003c/a\u003e\u003cbr/\u003e\u003cbr/\u003e\u003cimg src=\u0027https://drive.google.com/uc?export=view\u0026amp;id=1_-37eFMpyb0RtCjyZXHDiGMDpYRoO5ZR\u0027 width=\u0027450\u0027/\u003e\u003cbr/\u003e\u003c/div\u003e",
                                            "tessellate":  -1,
                                            "extrude":  0,
                                            "visibility":  -1
                                        },
                         "geometry":  {
                                          "type":  "Point",
                                          "coordinates":  [
                                                              17.9918,
                                                              40.0558,
                                                              0.0
                                                          ]
                                      }
                     },
                     {
                         "type":  "Feature",
                         "properties":  {
                                            "Name":  "#357",
                                            "description":  "\u003cdiv dir=\u0027rtl\u0027 style=\u0027font-family:Arial;\u0027\u003e\u003cb\u003eשם:\u003c/b\u003e עדנה אלדובי\u003cbr/\u003e\u003cb\u003eאתר:\u003c/b\u003e Leche\u003cbr/\u003e\u003cb\u003eתאריך:\u003c/b\u003e 04-06-2025\u003cbr/\u003e\u003cb\u003eID:\u003c/b\u003e 911\u003cbr/\u003e\u003cb\u003eFB:\u003c/b\u003e \u003ca href=\u0027https://www.facebook.com/groups/3235176716775457/posts/3659125601047231/\u0027\u003ehttps://www.facebook.com/groups/3235176716775457/posts/3659125601047231/\u003c/a\u003e\u003cbr/\u003e\u003cbr/\u003e\u003cimg src=\u0027https://drive.google.com/uc?export=view\u0026amp;id=1loLrl4ReMkw9auTlurPFCtXGftdabVvn\u0027 width=\u0027450\u0027/\u003e\u003cbr/\u003e\u003c/div\u003e",
                                            "tessellate":  -1,
                                            "extrude":  0,
                                            "visibility":  -1
                                        },
                         "geometry":  {
                                          "type":  "Point",
                                          "coordinates":  [
                                                              18.183,
                                                              40.4077,
                                                              0.0
                                                          ]
                                      }
                     },
                     {
                         "type":  "Feature",
                         "properties":  {
                                            "Name":  "#357",
                                            "description":  "\u003cdiv dir=\u0027rtl\u0027 style=\u0027font-family:Arial;\u0027\u003e\u003cb\u003eשם:\u003c/b\u003e עדנה אלדובי\u003cbr/\u003e\u003cb\u003eאתר:\u003c/b\u003e טאורמינה\u003cbr/\u003e\u003cb\u003eתאריך:\u003c/b\u003e 10-10-2025\u003cbr/\u003e\u003cb\u003eID:\u003c/b\u003e 2308\u003cbr/\u003e\u003cb\u003eFB:\u003c/b\u003e \u003ca href=\u0027https://www.facebook.com/groups/beshvil.yael/posts/3775407652752358/\u0027\u003ehttps://www.facebook.com/groups/beshvil.yael/posts/3775407652752358/\u003c/a\u003e\u003cbr/\u003e\u003cbr/\u003e\u003cimg src=\u0027https://drive.google.com/uc?export=view\u0026amp;id=1TLjsflQDHgP2PSkMoGAeIhmyXEFNOszO\u0027 width=\u0027450\u0027/\u003e\u003cbr/\u003e\u003c/div\u003e",
                                            "tessellate":  -1,
                                            "extrude":  0,
                                            "visibility":  -1
                                        },
                         "geometry":  {
                                          "type":  "Point",
                                          "coordinates":  [
                                                              15.29143,
                                                              37.85569,
                                                              0.0
                                                          ]
                                      }
                     },
                     {
                         "type":  "Feature",
                         "properties":  {
                                            "Name":  "#361",
                                            "description":  "\u003cdiv dir=\u0027rtl\u0027 style=\u0027font-family:Arial;\u0027\u003e\u003cb\u003eשם:\u003c/b\u003e חני שילטון\u003cbr/\u003e\u003cb\u003eאתר:\u003c/b\u003e \u003cbr/\u003e\u003cb\u003eתאריך:\u003c/b\u003e 27-05-2025\u003cbr/\u003e\u003cb\u003eID:\u003c/b\u003e 790\u003cbr/\u003e\u003cb\u003eFB:\u003c/b\u003e \u003ca href=\u0027https://www.facebook.com/groups/3235176716775457/posts/3652204881739303/\u0027\u003ehttps://www.facebook.com/groups/3235176716775457/posts/3652204881739303/\u003c/a\u003e\u003cbr/\u003e\u003cbr/\u003e\u003cimg src=\u0027https://drive.google.com/uc?export=view\u0026amp;id=1JMDNSmmqJbIHDxv4QvpUj9U--yYpJ5rZ\u0027 width=\u0027450\u0027/\u003e\u003cbr/\u003e\u003c/div\u003e",
                                            "tessellate":  -1,
                                            "extrude":  0,
                                            "visibility":  -1
                                        },
                         "geometry":  {
                                          "type":  "Point",
                                          "coordinates":  [
                                                              174.7921227,
                                                              -36.8231398,
                                                              0.0
                                                          ]
                                      }
                     },
                     {
                         "type":  "Feature",
                         "properties":  {
                                            "Name":  "#361",
                                            "description":  "\u003cdiv dir=\u0027rtl\u0027 style=\u0027font-family:Arial;\u0027\u003e\u003cb\u003eשם:\u003c/b\u003e חני שילטון\u003cbr/\u003e\u003cb\u003eאתר:\u003c/b\u003e דבון\u003cbr/\u003e\u003cb\u003eתאריך:\u003c/b\u003e 27-05-2025\u003cbr/\u003e\u003cb\u003eID:\u003c/b\u003e 791\u003cbr/\u003e\u003cb\u003eFB:\u003c/b\u003e \u003ca href=\u0027https://www.facebook.com/groups/3235176716775457/posts/3652204881739303/\u0027\u003ehttps://www.facebook.com/groups/3235176716775457/posts/3652204881739303/\u003c/a\u003e\u003cbr/\u003e\u003cbr/\u003e\u003cimg src=\u0027https://drive.google.com/uc?export=view\u0026amp;id=1JMhMhZMs3jsR8jNVqR31oMwQscWaULam\u0027 width=\u0027450\u0027/\u003e\u003cbr/\u003e\u003c/div\u003e",
                                            "tessellate":  -1,
                                            "extrude":  0,
                                            "visibility":  -1
                                        },
                         "geometry":  {
                                          "type":  "Point",
                                          "coordinates":  [
                                                              174.7921227,
                                                              -36.8231398,
                                                              0.0
                                                          ]
                                      }
                     },
                     {
                         "type":  "Feature",
                         "properties":  {
                                            "Name":  "#361",
                                            "description":  "\u003cdiv dir=\u0027rtl\u0027 style=\u0027font-family:Arial;\u0027\u003e\u003cb\u003eשם:\u003c/b\u003e חני שילטון\u003cbr/\u003e\u003cb\u003eאתר:\u003c/b\u003e Nouméa\u003cbr/\u003e\u003cb\u003eתאריך:\u003c/b\u003e 02-06-2025\u003cbr/\u003e\u003cb\u003eID:\u003c/b\u003e 877\u003cbr/\u003e\u003cb\u003eFB:\u003c/b\u003e \u003ca href=\u0027https://www.facebook.com/groups/3235176716775457/posts/3656989811260810/\u0027\u003ehttps://www.facebook.com/groups/3235176716775457/posts/3656989811260810/\u003c/a\u003e\u003cbr/\u003e\u003cbr/\u003e\u003cimg src=\u0027https://drive.google.com/uc?export=view\u0026amp;id=1c1EthXYPVs_QrQ9woNJLL9YBr48WB6Sl\u0027 width=\u0027450\u0027/\u003e\u003cbr/\u003e\u003c/div\u003e",
                                            "tessellate":  -1,
                                            "extrude":  0,
                                            "visibility":  -1
                                        },
                         "geometry":  {
                                          "type":  "Point",
                                          "coordinates":  [
                                                              166.4398627,
                                                              -22.2716866,
                                                              0.0
                                                          ]
                                      }
                     },
                     {
                         "type":  "Feature",
                         "properties":  {
                                            "Name":  "#361",
                                            "description":  "\u003cdiv dir=\u0027rtl\u0027 style=\u0027font-family:Arial;\u0027\u003e\u003cb\u003eשם:\u003c/b\u003e חני שילטון\u003cbr/\u003e\u003cb\u003eאתר:\u003c/b\u003e Mystery Island\u003cbr/\u003e\u003cb\u003eתאריך:\u003c/b\u003e 04-06-2025\u003cbr/\u003e\u003cb\u003eID:\u003c/b\u003e 905\u003cbr/\u003e\u003cb\u003eFB:\u003c/b\u003e \u003ca href=\u0027https://www.facebook.com/groups/3235176716775457/posts/3658755324417592/\u0027\u003ehttps://www.facebook.com/groups/3235176716775457/posts/3658755324417592/\u003c/a\u003e\u003cbr/\u003e\u003cbr/\u003e\u003cimg src=\u0027https://drive.google.com/uc?export=view\u0026amp;id=1VfBKjSTOEoWm_R138l3bpTgZWR-RbNTb\u0027 width=\u0027450\u0027/\u003e\u003cbr/\u003e\u003c/div\u003e",
                                            "tessellate":  -1,
                                            "extrude":  0,
                                            "visibility":  -1
                                        },
                         "geometry":  {
                                          "type":  "Point",
                                          "coordinates":  [
                                                              169.7709131,
                                                              -20.2487496,
                                                              0.0
                                                          ]
                                      }
                     },
                     {
                         "type":  "Feature",
                         "properties":  {
                                            "Name":  "#361",
                                            "description":  "\u003cdiv dir=\u0027rtl\u0027 style=\u0027font-family:Arial;\u0027\u003e\u003cb\u003eשם:\u003c/b\u003e חני שילטון\u003cbr/\u003e\u003cb\u003eאתר:\u003c/b\u003e בדרך לאיי פיג\u0027י\u003cbr/\u003e\u003cb\u003eתאריך:\u003c/b\u003e 06-06-2025\u003cbr/\u003e\u003cb\u003eID:\u003c/b\u003e 930\u003cbr/\u003e\u003cb\u003eFB:\u003c/b\u003e \u003ca href=\u0027https://www.facebook.com/groups/3235176716775457/posts/3660681317558326/\u0027\u003ehttps://www.facebook.com/groups/3235176716775457/posts/3660681317558326/\u003c/a\u003e\u003cbr/\u003e\u003cbr/\u003e\u003cimg src=\u0027https://drive.google.com/uc?export=view\u0026amp;id=1j2SEZFLGihxgDWgEXL1oqngQGs--dB_m\u0027 width=\u0027450\u0027/\u003e\u003cbr/\u003e\u003c/div\u003e",
                                            "tessellate":  -1,
                                            "extrude":  0,
                                            "visibility":  -1
                                        },
                         "geometry":  {
                                          "type":  "Point",
                                          "coordinates":  [
                                                              173.571384,
                                                              -18.4229906,
                                                              0.0
                                                          ]
                                      }
                     },
                     {
                         "type":  "Feature",
                         "properties":  {
                                            "Name":  "#361",
                                            "description":  "\u003cdiv dir=\u0027rtl\u0027 style=\u0027font-family:Arial;\u0027\u003e\u003cb\u003eשם:\u003c/b\u003e חני שילטון\u003cbr/\u003e\u003cb\u003eאתר:\u003c/b\u003e בשוק בLautoke\u003cbr/\u003e\u003cb\u003eתאריך:\u003c/b\u003e 07-06-2025\u003cbr/\u003e\u003cb\u003eID:\u003c/b\u003e 937\u003cbr/\u003e\u003cb\u003eFB:\u003c/b\u003e \u003ca href=\u0027https://www.facebook.com/groups/3235176716775457/posts/3661344164158708/\u0027\u003ehttps://www.facebook.com/groups/3235176716775457/posts/3661344164158708/\u003c/a\u003e\u003cbr/\u003e\u003cbr/\u003e\u003cimg src=\u0027https://drive.google.com/uc?export=view\u0026amp;id=1BaMXtDQaToavGeD3Q7k_JyyzlCBzCmWH\u0027 width=\u0027450\u0027/\u003e\u003cbr/\u003e\u003c/div\u003e",
                                            "tessellate":  -1,
                                            "extrude":  0,
                                            "visibility":  -1
                                        },
                         "geometry":  {
                                          "type":  "Point",
                                          "coordinates":  [
                                                              177.52462,
                                                              -17.5992,
                                                              0.0
                                                          ]
                                      }
                     },
                     {
                         "type":  "Feature",
                         "properties":  {
                                            "Name":  "#361",
                                            "description":  "\u003cdiv dir=\u0027rtl\u0027 style=\u0027font-family:Arial;\u0027\u003e\u003cb\u003eשם:\u003c/b\u003e חני שילטון\u003cbr/\u003e\u003cb\u003eאתר:\u003c/b\u003e SUVA\u003cbr/\u003e\u003cb\u003eתאריך:\u003c/b\u003e 08-06-2025\u003cbr/\u003e\u003cb\u003eID:\u003c/b\u003e 951\u003cbr/\u003e\u003cb\u003eFB:\u003c/b\u003e \u003ca href=\u0027https://www.facebook.com/groups/3235176716775457/posts/3662095630750228/\u0027\u003ehttps://www.facebook.com/groups/3235176716775457/posts/3662095630750228/\u003c/a\u003e\u003cbr/\u003e\u003cbr/\u003e\u003cimg src=\u0027https://drive.google.com/uc?export=view\u0026amp;id=17WGEMpThTfd8qfqIWZarw86WdOOz3SaE\u0027 width=\u0027450\u0027/\u003e\u003cbr/\u003e\u003c/div\u003e",
                                            "tessellate":  -1,
                                            "extrude":  0,
                                            "visibility":  -1
                                        },
                         "geometry":  {
                                          "type":  "Point",
                                          "coordinates":  [
                                                              178.444951300000014,
                                                              -18.1219062,
                                                              0.0
                                                          ]
                                      }
                     },
                     {
                         "type":  "Feature",
                         "properties":  {
                                            "Name":  "#361",
                                            "description":  "\u003cdiv dir=\u0027rtl\u0027 style=\u0027font-family:Arial;\u0027\u003e\u003cb\u003eשם:\u003c/b\u003e חני שילטון\u003cbr/\u003e\u003cb\u003eאתר:\u003c/b\u003e \u003cbr/\u003e\u003cb\u003eתאריך:\u003c/b\u003e 10-06-2025\u003cbr/\u003e\u003cb\u003eID:\u003c/b\u003e 969\u003cbr/\u003e\u003cb\u003eFB:\u003c/b\u003e \u003ca href=\u0027https://www.facebook.com/groups/3235176716775457/posts/3663881383904986\u0027\u003ehttps://www.facebook.com/groups/3235176716775457/posts/3663881383904986\u003c/a\u003e\u003cbr/\u003e\u003cbr/\u003e\u003cimg src=\u0027https://drive.google.com/uc?export=view\u0026amp;id=1P-BidwcyRIvTFJ-grhPTm3hxjNsM15RK\u0027 width=\u0027450\u0027/\u003e\u003cbr/\u003e\u003c/div\u003e",
                                            "tessellate":  -1,
                                            "extrude":  0,
                                            "visibility":  -1
                                        },
                         "geometry":  {
                                          "type":  "Point",
                                          "coordinates":  [
                                                              -171.7219976,
                                                              -14.015443,
                                                              0.0
                                                          ]
                                      }
                     },
                     {
                         "type":  "Feature",
                         "properties":  {
                                            "Name":  "#361",
                                            "description":  "\u003cdiv dir=\u0027rtl\u0027 style=\u0027font-family:Arial;\u0027\u003e\u003cb\u003eשם:\u003c/b\u003e חני שילטון\u003cbr/\u003e\u003cb\u003eאתר:\u003c/b\u003e בורה בורה\u003cbr/\u003e\u003cb\u003eתאריך:\u003c/b\u003e 14-06-2025\u003cbr/\u003e\u003cb\u003eID:\u003c/b\u003e 1012\u003cbr/\u003e\u003cb\u003eFB:\u003c/b\u003e \u003ca href=\u0027https://www.facebook.com/groups/beshvil.yael/posts/3667299493563175/\u0027\u003ehttps://www.facebook.com/groups/beshvil.yael/posts/3667299493563175/\u003c/a\u003e\u003cbr/\u003e\u003cbr/\u003e\u003cimg src=\u0027https://drive.google.com/uc?export=view\u0026amp;id=1mBnbAwEhCnEx3zSd3RMzzPzQazXUYPHu\u0027 width=\u0027450\u0027/\u003e\u003cbr/\u003e\u003c/div\u003e",
                                            "tessellate":  -1,
                                            "extrude":  0,
                                            "visibility":  -1
                                        },
                         "geometry":  {
                                          "type":  "Point",
                                          "coordinates":  [
                                                              -151.730847399999988,
                                                              -16.5004126,
                                                              0.0
                                                          ]
                                      }
                     },
                     {
                         "type":  "Feature",
                         "properties":  {
                                            "Name":  "#361",
                                            "description":  "\u003cdiv dir=\u0027rtl\u0027 style=\u0027font-family:Arial;\u0027\u003e\u003cb\u003eשם:\u003c/b\u003e חני שילטון\u003cbr/\u003e\u003cb\u003eאתר:\u003c/b\u003e Taha\u0027a\u003cbr/\u003e\u003cb\u003eתאריך:\u003c/b\u003e 16-06-2025\u003cbr/\u003e\u003cb\u003eID:\u003c/b\u003e 1020\u003cbr/\u003e\u003cb\u003eFB:\u003c/b\u003e \u003ca href=\u0027https://www.facebook.com/groups/beshvil.yael/posts/3669136250046166\u0027\u003ehttps://www.facebook.com/groups/beshvil.yael/posts/3669136250046166\u003c/a\u003e\u003cbr/\u003e\u003cbr/\u003e\u003cimg src=\u0027https://drive.google.com/uc?export=view\u0026amp;id=1vNvxS-EBxZXGeNA3LEWna2K6uFwm9JSy\u0027 width=\u0027450\u0027/\u003e\u003cbr/\u003e\u003c/div\u003e",
                                            "tessellate":  -1,
                                            "extrude":  0,
                                            "visibility":  -1
                                        },
                         "geometry":  {
                                          "type":  "Point",
                                          "coordinates":  [
                                                              -151.516353,
                                                              -16.5876237,
                                                              0.0
                                                          ]
                                      }
                     },
                     {
                         "type":  "Feature",
                         "properties":  {
                                            "Name":  "#361",
                                            "description":  "\u003cdiv dir=\u0027rtl\u0027 style=\u0027font-family:Arial;\u0027\u003e\u003cb\u003eשם:\u003c/b\u003e חני שילטון\u003cbr/\u003e\u003cb\u003eאתר:\u003c/b\u003e טהיטי\u003cbr/\u003e\u003cb\u003eתאריך:\u003c/b\u003e 18-06-2025\u003cbr/\u003e\u003cb\u003eID:\u003c/b\u003e 1029\u003cbr/\u003e\u003cb\u003eFB:\u003c/b\u003e \u003ca href=\u0027https://www.facebook.com/groups/beshvil.yael/posts/3670677253225399/\u0027\u003ehttps://www.facebook.com/groups/beshvil.yael/posts/3670677253225399/\u003c/a\u003e\u003cbr/\u003e\u003cbr/\u003e\u003cimg src=\u0027https://drive.google.com/uc?export=view\u0026amp;id=1XcrSif5mzAvZAg0Z2VE4R4U8IKsn-BLY\u0027 width=\u0027450\u0027/\u003e\u003cbr/\u003e\u003c/div\u003e",
                                            "tessellate":  -1,
                                            "extrude":  0,
                                            "visibility":  -1
                                        },
                         "geometry":  {
                                          "type":  "Point",
                                          "coordinates":  [
                                                              -149.5237181,
                                                              -17.6687422,
                                                              0.0
                                                          ]
                                      }
                     },
                     {
                         "type":  "Feature",
                         "properties":  {
                                            "Name":  "#361",
                                            "description":  "\u003cdiv dir=\u0027rtl\u0027 style=\u0027font-family:Arial;\u0027\u003e\u003cb\u003eשם:\u003c/b\u003e חני שילטון\u003cbr/\u003e\u003cb\u003eאתר:\u003c/b\u003e מפלי פאארומאי (Cascades de Faarumai\u003cbr/\u003e\u003cb\u003eתאריך:\u003c/b\u003e 19-06-2025\u003cbr/\u003e\u003cb\u003eID:\u003c/b\u003e 1034\u003cbr/\u003e\u003cb\u003eFB:\u003c/b\u003e \u003ca href=\u0027https://www.facebook.com/groups/beshvil.yael/posts/3671477749812016/\u0027\u003ehttps://www.facebook.com/groups/beshvil.yael/posts/3671477749812016/\u003c/a\u003e\u003cbr/\u003e\u003cbr/\u003e\u003cimg src=\u0027https://drive.google.com/uc?export=view\u0026amp;id=1agUIU9hUr3fBimYtif8u7E8FNL0IIUJ7\u0027 width=\u0027450\u0027/\u003e\u003cbr/\u003e\u003c/div\u003e",
                                            "tessellate":  -1,
                                            "extrude":  0,
                                            "visibility":  -1
                                        },
                         "geometry":  {
                                          "type":  "Point",
                                          "coordinates":  [
                                                              -149.4031191,
                                                              -17.5320944,
                                                              0.0
                                                          ]
                                      }
                     },
                     {
                         "type":  "Feature",
                         "properties":  {
                                            "Name":  "#364",
                                            "description":  "\u003cdiv dir=\u0027rtl\u0027 style=\u0027font-family:Arial;\u0027\u003e\u003cb\u003eשם:\u003c/b\u003e מיקה מזרחי\u003cbr/\u003e\u003cb\u003eאתר:\u003c/b\u003e Louvre Abu Dhabi\u003cbr/\u003e\u003cb\u003eתאריך:\u003c/b\u003e 22-04-2026\u003cbr/\u003e\u003cb\u003eID:\u003c/b\u003e 4214\u003cbr/\u003e\u003cb\u003eFB:\u003c/b\u003e \u003ca href=\u0027https://www.facebook.com/groups/beshvil.yael/posts/3950943738532081/\u0027\u003ehttps://www.facebook.com/groups/beshvil.yael/posts/3950943738532081/\u003c/a\u003e\u003cbr/\u003e\u003cbr/\u003e\u003cimg src=\u0027https://drive.google.com/uc?export=view\u0026amp;id=1G8gGAP3WSosNf7fsiRZZS9OrKa0oeMyD\u0027 width=\u0027450\u0027/\u003e\u003cbr/\u003e\u003c/div\u003e",
                                            "tessellate":  -1,
                                            "extrude":  0,
                                            "visibility":  -1
                                        },
                         "geometry":  {
                                          "type":  "Point",
                                          "coordinates":  [
                                                              54.39823,
                                                              24.53393,
                                                              0.0
                                                          ]
                                      }
                     },
                     {
                         "type":  "Feature",
                         "properties":  {
                                            "Name":  "#379",
                                            "description":  "\u003cdiv dir=\u0027rtl\u0027 style=\u0027font-family:Arial;\u0027\u003e\u003cb\u003eשם:\u003c/b\u003e רעות אודם\u003cbr/\u003e\u003cb\u003eאתר:\u003c/b\u003e אולימפוס\u003cbr/\u003e\u003cb\u003eתאריך:\u003c/b\u003e 10-06-2025\u003cbr/\u003e\u003cb\u003eID:\u003c/b\u003e 983\u003cbr/\u003e\u003cb\u003eFB:\u003c/b\u003e \u003ca href=\u0027https://www.facebook.com/groups/beshvil.yael/posts/3664484113844713/\u0027\u003ehttps://www.facebook.com/groups/beshvil.yael/posts/3664484113844713/\u003c/a\u003e\u003cbr/\u003e\u003cbr/\u003e\u003cimg src=\u0027https://drive.google.com/uc?export=view\u0026amp;id=1Lyjm0WoFexZvq1YjK_4B_hHiVdSY1Z6q\u0027 width=\u0027450\u0027/\u003e\u003cbr/\u003e\u003c/div\u003e",
                                            "tessellate":  -1,
                                            "extrude":  0,
                                            "visibility":  -1
                                        },
                         "geometry":  {
                                          "type":  "Point",
                                          "coordinates":  [
                                                              22.3559439,
                                                              40.0926882,
                                                              0.0
                                                          ]
                                      }
                     },
                     {
                         "type":  "Feature",
                         "properties":  {
                                            "Name":  "#379",
                                            "description":  "\u003cdiv dir=\u0027rtl\u0027 style=\u0027font-family:Arial;\u0027\u003e\u003cb\u003eשם:\u003c/b\u003e רעות אודם\u003cbr/\u003e\u003cb\u003eאתר:\u003c/b\u003e אקרופוליס\u003cbr/\u003e\u003cb\u003eתאריך:\u003c/b\u003e 28-05-2026\u003cbr/\u003e\u003cb\u003eID:\u003c/b\u003e 4555\u003cbr/\u003e\u003cb\u003eFB:\u003c/b\u003e \u003ca href=\u0027https://www.facebook.com/groups/beshvil.yael/posts/3984674711825650/\u0027\u003ehttps://www.facebook.com/groups/beshvil.yael/posts/3984674711825650/\u003c/a\u003e\u003cbr/\u003e\u003cbr/\u003e\u003cimg src=\u0027https://drive.google.com/uc?export=view\u0026amp;id=1qk0xlQSXyCsG1RpmfBF_sVElteKmhzmJ\u0027 width=\u0027450\u0027/\u003e\u003cbr/\u003e\u003c/div\u003e",
                                            "tessellate":  -1,
                                            "extrude":  0,
                                            "visibility":  -1
                                        },
                         "geometry":  {
                                          "type":  "Point",
                                          "coordinates":  [
                                                              23.72535,
                                                              37.97194,
                                                              0.0
                                                          ]
                                      }
                     },
                     {
                         "type":  "Feature",
                         "properties":  {
                                            "Name":  "#383",
                                            "description":  "\u003cdiv dir=\u0027rtl\u0027 style=\u0027font-family:Arial;\u0027\u003e\u003cb\u003eשם:\u003c/b\u003e מתן כתריאלי\u003cbr/\u003e\u003cb\u003eאתר:\u003c/b\u003e זלצבורג\u003cbr/\u003e\u003cb\u003eתאריך:\u003c/b\u003e 12-11-2025\u003cbr/\u003e\u003cb\u003eID:\u003c/b\u003e 2706\u003cbr/\u003e\u003cb\u003eFB:\u003c/b\u003e \u003ca href=\u0027https://www.facebook.com/groups/beshvil.yael/posts/3808165946143195\u0027\u003ehttps://www.facebook.com/groups/beshvil.yael/posts/3808165946143195\u003c/a\u003e\u003cbr/\u003e\u003cbr/\u003e\u003cimg src=\u0027https://drive.google.com/uc?export=view\u0026amp;id=1uG6H9zfNVH2yrXbajihAHB8zpjDOER5P\u0027 width=\u0027450\u0027/\u003e\u003cbr/\u003e\u003c/div\u003e",
                                            "tessellate":  -1,
                                            "extrude":  0,
                                            "visibility":  -1
                                        },
                         "geometry":  {
                                          "type":  "Point",
                                          "coordinates":  [
                                                              13.03351,
                                                              47.80902,
                                                              0.0
                                                          ]
                                      }
                     },
                     {
                         "type":  "Feature",
                         "properties":  {
                                            "Name":  "#401",
                                            "description":  "\u003cdiv dir=\u0027rtl\u0027 style=\u0027font-family:Arial;\u0027\u003e\u003cb\u003eשם:\u003c/b\u003e אודי אורי\u003cbr/\u003e\u003cb\u003eאתר:\u003c/b\u003e איסלנד\u003cbr/\u003e\u003cb\u003eתאריך:\u003c/b\u003e 15-03-2025\u003cbr/\u003e\u003cb\u003eID:\u003c/b\u003e 724\u003cbr/\u003e\u003cb\u003eFB:\u003c/b\u003e \u003ca href=\u0027https://www.facebook.com/groups/3235176716775457/permalink/3584689018490890\u0027\u003ehttps://www.facebook.com/groups/3235176716775457/permalink/3584689018490890\u003c/a\u003e\u003cbr/\u003e\u003cbr/\u003e\u003cimg src=\u0027https://drive.google.com/uc?export=view\u0026amp;id=1szdLqlKX1Uj8kC3bVYvF7cZPiTInRzEX\u0027 width=\u0027450\u0027/\u003e\u003cbr/\u003e\u003c/div\u003e",
                                            "tessellate":  -1,
                                            "extrude":  0,
                                            "visibility":  -1
                                        },
                         "geometry":  {
                                          "type":  "Point",
                                          "coordinates":  [
                                                              -18.3178734,
                                                              65.2019216,
                                                              0.0
                                                          ]
                                      }
                     },
                     {
                         "type":  "Feature",
                         "properties":  {
                                            "Name":  "#403",
                                            "description":  "\u003cdiv dir=\u0027rtl\u0027 style=\u0027font-family:Arial;\u0027\u003e\u003cb\u003eשם:\u003c/b\u003e לילך סספורטס טינסקי\u003cbr/\u003e\u003cb\u003eאתר:\u003c/b\u003e פסגת הר קריפנשטיין\u003cbr/\u003e\u003cb\u003eתאריך:\u003c/b\u003e 06-10-2025\u003cbr/\u003e\u003cb\u003eID:\u003c/b\u003e 2208\u003cbr/\u003e\u003cb\u003eFB:\u003c/b\u003e \u003ca href=\u0027https://www.facebook.com/groups/beshvil.yael/posts/3771676783125445\u0027\u003ehttps://www.facebook.com/groups/beshvil.yael/posts/3771676783125445\u003c/a\u003e\u003cbr/\u003e\u003cbr/\u003e\u003cimg src=\u0027https://drive.google.com/uc?export=view\u0026amp;id=1mG-e7_QOUO2o4WRPnadIBvWEy3FT4bTe\u0027 width=\u0027450\u0027/\u003e\u003cbr/\u003e\u003c/div\u003e",
                                            "tessellate":  -1,
                                            "extrude":  0,
                                            "visibility":  -1
                                        },
                         "geometry":  {
                                          "type":  "Point",
                                          "coordinates":  [
                                                              13.71071,
                                                              47.54423,
                                                              0.0
                                                          ]
                                      }
                     },
                     {
                         "type":  "Feature",
                         "properties":  {
                                            "Name":  "#409",
                                            "description":  "\u003cdiv dir=\u0027rtl\u0027 style=\u0027font-family:Arial;\u0027\u003e\u003cb\u003eשם:\u003c/b\u003e עינב קוצר\u003cbr/\u003e\u003cb\u003eאתר:\u003c/b\u003e סלאר דה אויוני\u003cbr/\u003e\u003cb\u003eתאריך:\u003c/b\u003e 17-11-2025\u003cbr/\u003e\u003cb\u003eID:\u003c/b\u003e 2765\u003cbr/\u003e\u003cb\u003eFB:\u003c/b\u003e \u003ca href=\u0027https://www.facebook.com/groups/beshvil.yael/posts/3812169279076195\u0027\u003ehttps://www.facebook.com/groups/beshvil.yael/posts/3812169279076195\u003c/a\u003e\u003cbr/\u003e\u003cbr/\u003e\u003cimg src=\u0027https://drive.google.com/uc?export=view\u0026amp;id=1LWoYB_Dazpr8y4VrGqvHa1EJNG0H6L32\u0027 width=\u0027450\u0027/\u003e\u003cbr/\u003e\u003c/div\u003e",
                                            "tessellate":  -1,
                                            "extrude":  0,
                                            "visibility":  -1
                                        },
                         "geometry":  {
                                          "type":  "Point",
                                          "coordinates":  [
                                                              -67.42733,
                                                              -20.14731,
                                                              0.0
                                                          ]
                                      }
                     },
                     {
                         "type":  "Feature",
                         "properties":  {
                                            "Name":  "#423",
                                            "description":  "\u003cdiv dir=\u0027rtl\u0027 style=\u0027font-family:Arial;\u0027\u003e\u003cb\u003eשם:\u003c/b\u003e יעל מישייקר\u003cbr/\u003e\u003cb\u003eאתר:\u003c/b\u003e כרתים\u003cbr/\u003e\u003cb\u003eתאריך:\u003c/b\u003e 10-06-2025\u003cbr/\u003e\u003cb\u003eID:\u003c/b\u003e 980\u003cbr/\u003e\u003cb\u003eFB:\u003c/b\u003e \u003ca href=\u0027https://www.facebook.com/groups/beshvil.yael/posts/3664419580517833/\u0027\u003ehttps://www.facebook.com/groups/beshvil.yael/posts/3664419580517833/\u003c/a\u003e\u003cbr/\u003e\u003cbr/\u003e\u003cimg src=\u0027https://drive.google.com/uc?export=view\u0026amp;id=1aag9MHwQGG_wFgHNUKbpBCKjbQCFYiDN\u0027 width=\u0027450\u0027/\u003e\u003cbr/\u003e\u003c/div\u003e",
                                            "tessellate":  -1,
                                            "extrude":  0,
                                            "visibility":  -1
                                        },
                         "geometry":  {
                                          "type":  "Point",
                                          "coordinates":  [
                                                              24.9887725,
                                                              35.3835453,
                                                              0.0
                                                          ]
                                      }
                     },
                     {
                         "type":  "Feature",
                         "properties":  {
                                            "Name":  "#423",
                                            "description":  "\u003cdiv dir=\u0027rtl\u0027 style=\u0027font-family:Arial;\u0027\u003e\u003cb\u003eשם:\u003c/b\u003e יעל מישייקר\u003cbr/\u003e\u003cb\u003eאתר:\u003c/b\u003e גודוארי\u003cbr/\u003e\u003cb\u003eתאריך:\u003c/b\u003e 22-10-2025\u003cbr/\u003e\u003cb\u003eID:\u003c/b\u003e 2487\u003cbr/\u003e\u003cb\u003eFB:\u003c/b\u003e \u003ca href=\u0027https://www.facebook.com/groups/beshvil.yael/posts/3787522198207570/\u0027\u003ehttps://www.facebook.com/groups/beshvil.yael/posts/3787522198207570/\u003c/a\u003e\u003cbr/\u003e\u003cbr/\u003e\u003cimg src=\u0027https://drive.google.com/uc?export=view\u0026amp;id=1ItjmEa4aFFOmwnG6H6RJCtGu4pKPJaa5\u0027 width=\u0027450\u0027/\u003e\u003cbr/\u003e\u003c/div\u003e",
                                            "tessellate":  -1,
                                            "extrude":  0,
                                            "visibility":  -1
                                        },
                         "geometry":  {
                                          "type":  "Point",
                                          "coordinates":  [
                                                              44.47987,
                                                              42.47573,
                                                              0.0
                                                          ]
                                      }
                     },
                     {
                         "type":  "Feature",
                         "properties":  {
                                            "Name":  "#430",
                                            "description":  "\u003cdiv dir=\u0027rtl\u0027 style=\u0027font-family:Arial;\u0027\u003e\u003cb\u003eשם:\u003c/b\u003e אביב כהן\u003cbr/\u003e\u003cb\u003eאתר:\u003c/b\u003e קו טאו\u003cbr/\u003e\u003cb\u003eתאריך:\u003c/b\u003e 19-09-2025\u003cbr/\u003e\u003cb\u003eID:\u003c/b\u003e 1944\u003cbr/\u003e\u003cb\u003eFB:\u003c/b\u003e \u003ca href=\u0027https://www.facebook.com/groups/beshvil.yael/posts/3754390994854024\u0027\u003ehttps://www.facebook.com/groups/beshvil.yael/posts/3754390994854024\u003c/a\u003e\u003cbr/\u003e\u003cbr/\u003e\u003cimg src=\u0027https://drive.google.com/uc?export=view\u0026amp;id=1hr45jaO5U9GyxzGsJglhN422oXrOWdOv\u0027 width=\u0027450\u0027/\u003e\u003cbr/\u003e\u003c/div\u003e",
                                            "tessellate":  -1,
                                            "extrude":  0,
                                            "visibility":  -1
                                        },
                         "geometry":  {
                                          "type":  "Point",
                                          "coordinates":  [
                                                              99.84142,
                                                              10.09814,
                                                              0.0
                                                          ]
                                      }
                     },
                     {
                         "type":  "Feature",
                         "properties":  {
                                            "Name":  "#458",
                                            "description":  "\u003cdiv dir=\u0027rtl\u0027 style=\u0027font-family:Arial;\u0027\u003e\u003cb\u003eשם:\u003c/b\u003e דורית נימן\u003cbr/\u003e\u003cb\u003eאתר:\u003c/b\u003e \u003cbr/\u003e\u003cb\u003eתאריך:\u003c/b\u003e 11-07-2025\u003cbr/\u003e\u003cb\u003eID:\u003c/b\u003e 1161\u003cbr/\u003e\u003cb\u003eFB:\u003c/b\u003e \u003ca href=\u0027https://www.facebook.com/groups/beshvil.yael/posts/3691400877819703/\u0027\u003ehttps://www.facebook.com/groups/beshvil.yael/posts/3691400877819703/\u003c/a\u003e\u003cbr/\u003e\u003cbr/\u003e\u003cimg src=\u0027https://drive.google.com/uc?export=view\u0026amp;id=1hPfpJN1Lkr1eaec0XwZqwq9knGw2fszk\u0027 width=\u0027450\u0027/\u003e\u003cbr/\u003e\u003c/div\u003e",
                                            "tessellate":  -1,
                                            "extrude":  0,
                                            "visibility":  -1
                                        },
                         "geometry":  {
                                          "type":  "Point",
                                          "coordinates":  [
                                                              25.54501,
                                                              45.33212,
                                                              0.0
                                                          ]
                                      }
                     },
                     {
                         "type":  "Feature",
                         "properties":  {
                                            "Name":  "#494",
                                            "description":  "\u003cdiv dir=\u0027rtl\u0027 style=\u0027font-family:Arial;\u0027\u003e\u003cb\u003eשם:\u003c/b\u003e אלישבע רונן\u003cbr/\u003e\u003cb\u003eאתר:\u003c/b\u003e סמרקנד\u003cbr/\u003e\u003cb\u003eתאריך:\u003c/b\u003e 09-09-2025\u003cbr/\u003e\u003cb\u003eID:\u003c/b\u003e 1820\u003cbr/\u003e\u003cb\u003eFB:\u003c/b\u003e \u003ca href=\u0027https://www.facebook.com/groups/beshvil.yael/posts/3745446145748509/\u0027\u003ehttps://www.facebook.com/groups/beshvil.yael/posts/3745446145748509/\u003c/a\u003e\u003cbr/\u003e\u003cbr/\u003e\u003cimg src=\u0027https://drive.google.com/uc?export=view\u0026amp;id=1jdY04RqyyC-2mk997pLz2r0_QRJ1L5_6\u0027 width=\u0027450\u0027/\u003e\u003cbr/\u003e\u003c/div\u003e",
                                            "tessellate":  -1,
                                            "extrude":  0,
                                            "visibility":  -1
                                        },
                         "geometry":  {
                                          "type":  "Point",
                                          "coordinates":  [
                                                              66.91453,
                                                              39.61907,
                                                              0.0
                                                          ]
                                      }
                     },
                     {
                         "type":  "Feature",
                         "properties":  {
                                            "Name":  "#494",
                                            "description":  "\u003cdiv dir=\u0027rtl\u0027 style=\u0027font-family:Arial;\u0027\u003e\u003cb\u003eשם:\u003c/b\u003e אלישבע רונן\u003cbr/\u003e\u003cb\u003eאתר:\u003c/b\u003e אתר הסקי Amirsoy\u003cbr/\u003e\u003cb\u003eתאריך:\u003c/b\u003e 11-09-2025\u003cbr/\u003e\u003cb\u003eID:\u003c/b\u003e 1841\u003cbr/\u003e\u003cb\u003eFB:\u003c/b\u003e \u003ca href=\u0027https://www.facebook.com/groups/beshvil.yael/posts/3747239735569150/\u0027\u003ehttps://www.facebook.com/groups/beshvil.yael/posts/3747239735569150/\u003c/a\u003e\u003cbr/\u003e\u003cbr/\u003e\u003cimg src=\u0027https://drive.google.com/uc?export=view\u0026amp;id=1fJZfqUx_9vV0dnR6q1SvChFzn-fj0sYz\u0027 width=\u0027450\u0027/\u003e\u003cbr/\u003e\u003c/div\u003e",
                                            "tessellate":  -1,
                                            "extrude":  0,
                                            "visibility":  -1
                                        },
                         "geometry":  {
                                          "type":  "Point",
                                          "coordinates":  [
                                                              69.93889,
                                                              41.48708,
                                                              0.0
                                                          ]
                                      }
                     },
                     {
                         "type":  "Feature",
                         "properties":  {
                                            "Name":  "#494",
                                            "description":  "\u003cdiv dir=\u0027rtl\u0027 style=\u0027font-family:Arial;\u0027\u003e\u003cb\u003eשם:\u003c/b\u003e אלישבע רונן\u003cbr/\u003e\u003cb\u003eאתר:\u003c/b\u003e סמרקנד\u003cbr/\u003e\u003cb\u003eתאריך:\u003c/b\u003e 14-09-2025\u003cbr/\u003e\u003cb\u003eID:\u003c/b\u003e 1874\u003cbr/\u003e\u003cb\u003eFB:\u003c/b\u003e \u003ca href=\u0027https://www.facebook.com/groups/beshvil.yael/posts/3750188845274239\u0027\u003ehttps://www.facebook.com/groups/beshvil.yael/posts/3750188845274239\u003c/a\u003e\u003cbr/\u003e\u003cbr/\u003e\u003cimg src=\u0027https://drive.google.com/uc?export=view\u0026amp;id=1Tt-UIvzCldLOF9rPLbvBOiAa4di8xi_N\u0027 width=\u0027450\u0027/\u003e\u003cbr/\u003e\u003c/div\u003e",
                                            "tessellate":  -1,
                                            "extrude":  0,
                                            "visibility":  -1
                                        },
                         "geometry":  {
                                          "type":  "Point",
                                          "coordinates":  [
                                                              66.99899,
                                                              39.66929,
                                                              0.0
                                                          ]
                                      }
                     },
                     {
                         "type":  "Feature",
                         "properties":  {
                                            "Name":  "#494",
                                            "description":  "\u003cdiv dir=\u0027rtl\u0027 style=\u0027font-family:Arial;\u0027\u003e\u003cb\u003eשם:\u003c/b\u003e אלישבע רונן\u003cbr/\u003e\u003cb\u003eאתר:\u003c/b\u003e מומבסה\u003cbr/\u003e\u003cb\u003eתאריך:\u003c/b\u003e 19-01-2026\u003cbr/\u003e\u003cb\u003eID:\u003c/b\u003e 3408\u003cbr/\u003e\u003cb\u003eFB:\u003c/b\u003e \u003ca href=\u0027https://www.facebook.com/groups/beshvil.yael/posts/3865895650370224\u0027\u003ehttps://www.facebook.com/groups/beshvil.yael/posts/3865895650370224\u003c/a\u003e\u003cbr/\u003e\u003cbr/\u003e\u003cimg src=\u0027https://drive.google.com/uc?export=view\u0026amp;id=1nqqTYjtVqEsv2aA5yL4bp8YBWE2VXfYJ\u0027 width=\u0027450\u0027/\u003e\u003cbr/\u003e\u003c/div\u003e",
                                            "tessellate":  -1,
                                            "extrude":  0,
                                            "visibility":  -1
                                        },
                         "geometry":  {
                                          "type":  "Point",
                                          "coordinates":  [
                                                              39.65516,
                                                              -4.05751,
                                                              0.0
                                                          ]
                                      }
                     },
                     {
                         "type":  "Feature",
                         "properties":  {
                                            "Name":  "#511",
                                            "description":  "\u003cdiv dir=\u0027rtl\u0027 style=\u0027font-family:Arial;\u0027\u003e\u003cb\u003eשם:\u003c/b\u003e כינרת לוי\u003cbr/\u003e\u003cb\u003eאתר:\u003c/b\u003e בדרך לשמיים\u003cbr/\u003e\u003cb\u003eתאריך:\u003c/b\u003e 24-09-2025\u003cbr/\u003e\u003cb\u003eID:\u003c/b\u003e 2020\u003cbr/\u003e\u003cb\u003eFB:\u003c/b\u003e \u003ca href=\u0027https://www.facebook.com/groups/beshvil.yael/posts/3759322664360857/\u0027\u003ehttps://www.facebook.com/groups/beshvil.yael/posts/3759322664360857/\u003c/a\u003e\u003cbr/\u003e\u003cbr/\u003e\u003cimg src=\u0027https://drive.google.com/uc?export=view\u0026amp;id=1reB-LOXkz9wuY1ie70C2l3B21OKgfYQF\u0027 width=\u0027450\u0027/\u003e\u003cbr/\u003e\u003c/div\u003e",
                                            "tessellate":  -1,
                                            "extrude":  0,
                                            "visibility":  -1
                                        },
                         "geometry":  {
                                          "type":  "Point",
                                          "coordinates":  [
                                                              23.00002,
                                                              46.50009,
                                                              0.0
                                                          ]
                                      }
                     },
                     {
                         "type":  "Feature",
                         "properties":  {
                                            "Name":  "#514",
                                            "description":  "\u003cdiv dir=\u0027rtl\u0027 style=\u0027font-family:Arial;\u0027\u003e\u003cb\u003eשם:\u003c/b\u003e רווית גולן בן זאב\u003cbr/\u003e\u003cb\u003eאתר:\u003c/b\u003e קטמנדו\u003cbr/\u003e\u003cb\u003eתאריך:\u003c/b\u003e 03-10-2025\u003cbr/\u003e\u003cb\u003eID:\u003c/b\u003e 2130\u003cbr/\u003e\u003cb\u003eFB:\u003c/b\u003e \u003ca href=\u0027https://www.facebook.com/groups/beshvil.yael/posts/3768270870132703\u0027\u003ehttps://www.facebook.com/groups/beshvil.yael/posts/3768270870132703\u003c/a\u003e\u003cbr/\u003e\u003cbr/\u003e\u003cimg src=\u0027https://drive.google.com/uc?export=view\u0026amp;id=1JN8pElZpVxYFvuB3sGN8R2gdi6901UGi\u0027 width=\u0027450\u0027/\u003e\u003cbr/\u003e\u003c/div\u003e",
                                            "tessellate":  -1,
                                            "extrude":  0,
                                            "visibility":  -1
                                        },
                         "geometry":  {
                                          "type":  "Point",
                                          "coordinates":  [
                                                              84.64063,
                                                              27.98864,
                                                              0.0
                                                          ]
                                      }
                     },
                     {
                         "type":  "Feature",
                         "properties":  {
                                            "Name":  "#518",
                                            "description":  "\u003cdiv dir=\u0027rtl\u0027 style=\u0027font-family:Arial;\u0027\u003e\u003cb\u003eשם:\u003c/b\u003e טליה גולן\u003cbr/\u003e\u003cb\u003eאתר:\u003c/b\u003e ליגוריה\u003cbr/\u003e\u003cb\u003eתאריך:\u003c/b\u003e 26-03-2025\u003cbr/\u003e\u003cb\u003eID:\u003c/b\u003e 658\u003cbr/\u003e\u003cb\u003eFB:\u003c/b\u003e \u003ca href=\u0027https://www.facebook.com/groups/3235176716775457/permalink/3595093570783768/\u0027\u003ehttps://www.facebook.com/groups/3235176716775457/permalink/3595093570783768/\u003c/a\u003e\u003cbr/\u003e\u003cbr/\u003e\u003cimg src=\u0027https://drive.google.com/uc?export=view\u0026amp;id=1mResFv_7hf1OYZ63PKnodRkbYH-Ymx_1\u0027 width=\u0027450\u0027/\u003e\u003cbr/\u003e\u003c/div\u003e",
                                            "tessellate":  -1,
                                            "extrude":  0,
                                            "visibility":  -1
                                        },
                         "geometry":  {
                                          "type":  "Point",
                                          "coordinates":  [
                                                              8.6031186,
                                                              44.3725583,
                                                              0.0
                                                          ]
                                      }
                     },
                     {
                         "type":  "Feature",
                         "properties":  {
                                            "Name":  "#518",
                                            "description":  "\u003cdiv dir=\u0027rtl\u0027 style=\u0027font-family:Arial;\u0027\u003e\u003cb\u003eשם:\u003c/b\u003e טליה גולן\u003cbr/\u003e\u003cb\u003eאתר:\u003c/b\u003e צפון\u003cbr/\u003e\u003cb\u003eתאריך:\u003c/b\u003e 19-05-2025\u003cbr/\u003e\u003cb\u003eID:\u003c/b\u003e 659\u003cbr/\u003e\u003cb\u003eFB:\u003c/b\u003e \u003ca href=\u0027https://www.facebook.com/groups/3235176716775457/permalink/3596277277332064/\u0027\u003ehttps://www.facebook.com/groups/3235176716775457/permalink/3596277277332064/\u003c/a\u003e\u003cbr/\u003e\u003cbr/\u003e\u003cimg src=\u0027https://drive.google.com/uc?export=view\u0026amp;id=1mX1prwyUvYFcGSAkA2fbkZI4SoaPaAuj\u0027 width=\u0027450\u0027/\u003e\u003cbr/\u003e\u003c/div\u003e",
                                            "tessellate":  -1,
                                            "extrude":  0,
                                            "visibility":  -1
                                        },
                         "geometry":  {
                                          "type":  "Point",
                                          "coordinates":  [
                                                              9.7100307,
                                                              44.1198619,
                                                              0.0
                                                          ]
                                      }
                     },
                     {
                         "type":  "Feature",
                         "properties":  {
                                            "Name":  "#520",
                                            "description":  "\u003cdiv dir=\u0027rtl\u0027 style=\u0027font-family:Arial;\u0027\u003e\u003cb\u003eשם:\u003c/b\u003e גילי כהן\u003cbr/\u003e\u003cb\u003eאתר:\u003c/b\u003e ברך הדנובה\u003cbr/\u003e\u003cb\u003eתאריך:\u003c/b\u003e 06-08-2025\u003cbr/\u003e\u003cb\u003eID:\u003c/b\u003e 1420\u003cbr/\u003e\u003cb\u003eFB:\u003c/b\u003e \u003ca href=\u0027https://www.facebook.com/groups/beshvil.yael/posts/3714364452190012/\u0027\u003ehttps://www.facebook.com/groups/beshvil.yael/posts/3714364452190012/\u003c/a\u003e\u003cbr/\u003e\u003cbr/\u003e\u003cimg src=\u0027https://drive.google.com/uc?export=view\u0026amp;id=1v17ICGVtGiP-cgRAxFXzk5na40eY8ZVv\u0027 width=\u0027450\u0027/\u003e\u003cbr/\u003e\u003c/div\u003e",
                                            "tessellate":  -1,
                                            "extrude":  0,
                                            "visibility":  -1
                                        },
                         "geometry":  {
                                          "type":  "Point",
                                          "coordinates":  [
                                                              19.0374211,
                                                              47.3869082,
                                                              0.0
                                                          ]
                                      }
                     },
                     {
                         "type":  "Feature",
                         "properties":  {
                                            "Name":  "#520",
                                            "description":  "\u003cdiv dir=\u0027rtl\u0027 style=\u0027font-family:Arial;\u0027\u003e\u003cb\u003eשם:\u003c/b\u003e נילי כהן\u003cbr/\u003e\u003cb\u003eאתר:\u003c/b\u003e \u003cbr/\u003e\u003cb\u003eתאריך:\u003c/b\u003e 23-09-2025\u003cbr/\u003e\u003cb\u003eID:\u003c/b\u003e 2013\u003cbr/\u003e\u003cb\u003eFB:\u003c/b\u003e \u003ca href=\u0027https://www.facebook.com/groups/beshvil.yael/posts/3758703797756077\u0027\u003ehttps://www.facebook.com/groups/beshvil.yael/posts/3758703797756077\u003c/a\u003e\u003cbr/\u003e\u003cbr/\u003e\u003cimg src=\u0027https://drive.google.com/uc?export=view\u0026amp;id=13WQ9QA5ymyDAhKAaK6q_56-NE8mman3E\u0027 width=\u0027450\u0027/\u003e\u003cbr/\u003e\u003c/div\u003e",
                                            "tessellate":  -1,
                                            "extrude":  0,
                                            "visibility":  -1
                                        },
                         "geometry":  {
                                          "type":  "Point",
                                          "coordinates":  [
                                                              23.45623,
                                                              37.50133,
                                                              0.0
                                                          ]
                                      }
                     },
                     {
                         "type":  "Feature",
                         "properties":  {
                                            "Name":  "#521",
                                            "description":  "\u003cdiv dir=\u0027rtl\u0027 style=\u0027font-family:Arial;\u0027\u003e\u003cb\u003eשם:\u003c/b\u003e נילי כהן\u003cbr/\u003e\u003cb\u003eאתר:\u003c/b\u003e \u003cbr/\u003e\u003cb\u003eתאריך:\u003c/b\u003e 23-09-2025\u003cbr/\u003e\u003cb\u003eID:\u003c/b\u003e 178\u003cbr/\u003e\u003cb\u003eFB:\u003c/b\u003e \u003ca href=\u0027https://www.facebook.com/groups/beshvil.yael/posts/3758703797756077\u0027\u003ehttps://www.facebook.com/groups/beshvil.yael/posts/3758703797756077\u003c/a\u003e\u003cbr/\u003e\u003cbr/\u003e\u003cimg src=\u0027https://drive.google.com/uc?export=view\u0026amp;id=13WQ9QA5ymyDAhKAaK6q_56-NE8mman3E\u0027 width=\u0027450\u0027/\u003e\u003cbr/\u003e\u003c/div\u003e",
                                            "tessellate":  -1,
                                            "extrude":  0,
                                            "visibility":  -1
                                        },
                         "geometry":  {
                                          "type":  "Point",
                                          "coordinates":  [
                                                              23.45623,
                                                              37.5016,
                                                              0.0
                                                          ]
                                      }
                     },
                     {
                         "type":  "Feature",
                         "properties":  {
                                            "Name":  "#594",
                                            "description":  "\u003cdiv dir=\u0027rtl\u0027 style=\u0027font-family:Arial;\u0027\u003e\u003cb\u003eשם:\u003c/b\u003e חגית פורת\u003cbr/\u003e\u003cb\u003eאתר:\u003c/b\u003e \u003cbr/\u003e\u003cb\u003eתאריך:\u003c/b\u003e 23-07-2025\u003cbr/\u003e\u003cb\u003eID:\u003c/b\u003e 1279\u003cbr/\u003e\u003cb\u003eFB:\u003c/b\u003e \u003ca href=\u0027https://www.facebook.com/groups/beshvil.yael/posts/3701307943495663/\u0027\u003ehttps://www.facebook.com/groups/beshvil.yael/posts/3701307943495663/\u003c/a\u003e\u003cbr/\u003e\u003cbr/\u003e\u003cimg src=\u0027https://drive.google.com/uc?export=view\u0026amp;id=1qk8jGmtFQcJT6sejX-1-h3LW9jlKwjOk\u0027 width=\u0027450\u0027/\u003e\u003cbr/\u003e\u003c/div\u003e",
                                            "tessellate":  -1,
                                            "extrude":  0,
                                            "visibility":  -1
                                        },
                         "geometry":  {
                                          "type":  "Point",
                                          "coordinates":  [
                                                              14.1153567,
                                                              46.7240857,
                                                              0.0
                                                          ]
                                      }
                     },
                     {
                         "type":  "Feature",
                         "properties":  {
                                            "Name":  "#594",
                                            "description":  "\u003cdiv dir=\u0027rtl\u0027 style=\u0027font-family:Arial;\u0027\u003e\u003cb\u003eשם:\u003c/b\u003e חגית פורת\u003cbr/\u003e\u003cb\u003eאתר:\u003c/b\u003e LA שדרת הכוכבים\u003cbr/\u003e\u003cb\u003eתאריך:\u003c/b\u003e 19-02-2026\u003cbr/\u003e\u003cb\u003eID:\u003c/b\u003e 3767\u003cbr/\u003e\u003cb\u003eFB:\u003c/b\u003e \u003ca href=\u0027https://www.facebook.com/groups/beshvil.yael/posts/3894531767506612/\u0027\u003ehttps://www.facebook.com/groups/beshvil.yael/posts/3894531767506612/\u003c/a\u003e\u003cbr/\u003e\u003cbr/\u003e\u003cimg src=\u0027https://drive.google.com/uc?export=view\u0026amp;id=1nc-K05XJey9_VA083N_i26olde1KLaNL\u0027 width=\u0027450\u0027/\u003e\u003cbr/\u003e\u003c/div\u003e",
                                            "tessellate":  -1,
                                            "extrude":  0,
                                            "visibility":  -1
                                        },
                         "geometry":  {
                                          "type":  "Point",
                                          "coordinates":  [
                                                              -118.33049,
                                                              34.10242,
                                                              0.0
                                                          ]
                                      }
                     },
                     {
                         "type":  "Feature",
                         "properties":  {
                                            "Name":  "#595",
                                            "description":  "\u003cdiv dir=\u0027rtl\u0027 style=\u0027font-family:Arial;\u0027\u003e\u003cb\u003eשם:\u003c/b\u003e הדס רגולסקי\u003cbr/\u003e\u003cb\u003eאתר:\u003c/b\u003e ניו יורק\u003cbr/\u003e\u003cb\u003eתאריך:\u003c/b\u003e 25-06-2025\u003cbr/\u003e\u003cb\u003eID:\u003c/b\u003e 1055\u003cbr/\u003e\u003cb\u003eFB:\u003c/b\u003e \u003ca href=\u0027https://www.facebook.com/groups/beshvil.yael/posts/3677097662583358/\u0027\u003ehttps://www.facebook.com/groups/beshvil.yael/posts/3677097662583358/\u003c/a\u003e\u003cbr/\u003e\u003cbr/\u003e\u003cimg src=\u0027https://drive.google.com/uc?export=view\u0026amp;id=1LXNhkkywo033ufBNWl2EN943pjx8KpKa\u0027 width=\u0027450\u0027/\u003e\u003cbr/\u003e\u003c/div\u003e",
                                            "tessellate":  -1,
                                            "extrude":  0,
                                            "visibility":  -1
                                        },
                         "geometry":  {
                                          "type":  "Point",
                                          "coordinates":  [
                                                              -73.9965253,
                                                              40.7251471,
                                                              0.0
                                                          ]
                                      }
                     },
                     {
                         "type":  "Feature",
                         "properties":  {
                                            "Name":  "#595",
                                            "description":  "\u003cdiv dir=\u0027rtl\u0027 style=\u0027font-family:Arial;\u0027\u003e\u003cb\u003eשם:\u003c/b\u003e הדס רגולסקי\u003cbr/\u003e\u003cb\u003eאתר:\u003c/b\u003e בנין האו\u0026quot;ם\u003cbr/\u003e\u003cb\u003eתאריך:\u003c/b\u003e 06-11-2025\u003cbr/\u003e\u003cb\u003eID:\u003c/b\u003e 2630\u003cbr/\u003e\u003cb\u003eFB:\u003c/b\u003e \u003ca href=\u0027https://www.facebook.com/groups/beshvil.yael/posts/3802050450088078/\u0027\u003ehttps://www.facebook.com/groups/beshvil.yael/posts/3802050450088078/\u003c/a\u003e\u003cbr/\u003e\u003cbr/\u003e\u003cimg src=\u0027https://drive.google.com/uc?export=view\u0026amp;id=1Lvk4f6EYvhLXmQW8xDLR534uATvdWYEh\u0027 width=\u0027450\u0027/\u003e\u003cbr/\u003e\u003c/div\u003e",
                                            "tessellate":  -1,
                                            "extrude":  0,
                                            "visibility":  -1
                                        },
                         "geometry":  {
                                          "type":  "Point",
                                          "coordinates":  [
                                                              -73.96796,
                                                              40.7497,
                                                              0.0
                                                          ]
                                      }
                     },
                     {
                         "type":  "Feature",
                         "properties":  {
                                            "Name":  "#627",
                                            "description":  "\u003cdiv dir=\u0027rtl\u0027 style=\u0027font-family:Arial;\u0027\u003e\u003cb\u003eשם:\u003c/b\u003e אפרת קפלן\u003cbr/\u003e\u003cb\u003eאתר:\u003c/b\u003e אגם גואסו\u003cbr/\u003e\u003cb\u003eתאריך:\u003c/b\u003e 09-04-2025\u003cbr/\u003e\u003cb\u003eID:\u003c/b\u003e 466\u003cbr/\u003e\u003cb\u003eFB:\u003c/b\u003e \u003ca href=\u0027https://www.facebook.com/groups/3235176716775457/posts/3609229326036859/\u0027\u003ehttps://www.facebook.com/groups/3235176716775457/posts/3609229326036859/\u003c/a\u003e\u003cbr/\u003e\u003cbr/\u003e\u003cimg src=\u0027https://drive.google.com/uc?export=view\u0026amp;id=1XBfLx4Z90lXaLpWsT0FXW9_ejKUIyz95\u0027 width=\u0027450\u0027/\u003e\u003cbr/\u003e\u003c/div\u003e",
                                            "tessellate":  -1,
                                            "extrude":  0,
                                            "visibility":  -1
                                        },
                         "geometry":  {
                                          "type":  "Point",
                                          "coordinates":  [
                                                              13.49808,
                                                              47.52881,
                                                              0.0
                                                          ]
                                      }
                     },
                     {
                         "type":  "Feature",
                         "properties":  {
                                            "Name":  "#627",
                                            "description":  "\u003cdiv dir=\u0027rtl\u0027 style=\u0027font-family:Arial;\u0027\u003e\u003cb\u003eשם:\u003c/b\u003e אפרת קפלן\u003cbr/\u003e\u003cb\u003eאתר:\u003c/b\u003e אגם גואסו\u003cbr/\u003e\u003cb\u003eתאריך:\u003c/b\u003e 09-04-2025\u003cbr/\u003e\u003cb\u003eID:\u003c/b\u003e 467\u003cbr/\u003e\u003cb\u003eFB:\u003c/b\u003e \u003ca href=\u0027https://www.facebook.com/groups/3235176716775457/posts/3609229326036859/\u0027\u003ehttps://www.facebook.com/groups/3235176716775457/posts/3609229326036859/\u003c/a\u003e\u003cbr/\u003e\u003cbr/\u003e\u003cimg src=\u0027https://drive.google.com/uc?export=view\u0026amp;id=1XClm2kddVonyPXrJ3ZHTzX8nevh9FB3w\u0027 width=\u0027450\u0027/\u003e\u003cbr/\u003e\u003c/div\u003e",
                                            "tessellate":  -1,
                                            "extrude":  0,
                                            "visibility":  -1
                                        },
                         "geometry":  {
                                          "type":  "Point",
                                          "coordinates":  [
                                                              13.49739,
                                                              47.52957,
                                                              0.0
                                                          ]
                                      }
                     },
                     {
                         "type":  "Feature",
                         "properties":  {
                                            "Name":  "#646",
                                            "description":  "\u003cdiv dir=\u0027rtl\u0027 style=\u0027font-family:Arial;\u0027\u003e\u003cb\u003eשם:\u003c/b\u003e אילה ספיבק קואלו\u003cbr/\u003e\u003cb\u003eאתר:\u003c/b\u003e Coves de Sant Josep\u003cbr/\u003e\u003cb\u003eתאריך:\u003c/b\u003e 06-03-2026\u003cbr/\u003e\u003cb\u003eID:\u003c/b\u003e 3923\u003cbr/\u003e\u003cb\u003eFB:\u003c/b\u003e \u003ca href=\u0027https://www.facebook.com/groups/beshvil.yael/posts/3905401249752997/\u0027\u003ehttps://www.facebook.com/groups/beshvil.yael/posts/3905401249752997/\u003c/a\u003e\u003cbr/\u003e\u003cbr/\u003e\u003cimg src=\u0027https://drive.google.com/uc?export=view\u0026amp;id=1pKaMGBjUexKeLzAFgK2gOvIJrRZahi6Z\u0027 width=\u0027450\u0027/\u003e\u003cbr/\u003e\u003c/div\u003e",
                                            "tessellate":  -1,
                                            "extrude":  0,
                                            "visibility":  -1
                                        },
                         "geometry":  {
                                          "type":  "Point",
                                          "coordinates":  [
                                                              -0.24995,
                                                              39.82356,
                                                              0.0
                                                          ]
                                      }
                     },
                     {
                         "type":  "Feature",
                         "properties":  {
                                            "Name":  "#650",
                                            "description":  "\u003cdiv dir=\u0027rtl\u0027 style=\u0027font-family:Arial;\u0027\u003e\u003cb\u003eשם:\u003c/b\u003e עמית גל אוסם\u003cbr/\u003e\u003cb\u003eאתר:\u003c/b\u003e פוג\u0027י\u003cbr/\u003e\u003cb\u003eתאריך:\u003c/b\u003e 08-12-2025\u003cbr/\u003e\u003cb\u003eID:\u003c/b\u003e 3009\u003cbr/\u003e\u003cb\u003eFB:\u003c/b\u003e \u003ca href=\u0027https://www.facebook.com/groups/beshvil.yael/posts/3829353454024444/\u0027\u003ehttps://www.facebook.com/groups/beshvil.yael/posts/3829353454024444/\u003c/a\u003e\u003cbr/\u003e\u003cbr/\u003e\u003cimg src=\u0027https://drive.google.com/uc?export=view\u0026amp;id=1Tbyyl-Gcx_Xd_ODd6paayh7v6EH0rKdG\u0027 width=\u0027450\u0027/\u003e\u003cbr/\u003e\u003c/div\u003e",
                                            "tessellate":  -1,
                                            "extrude":  0,
                                            "visibility":  -1
                                        },
                         "geometry":  {
                                          "type":  "Point",
                                          "coordinates":  [
                                                              138.72708,
                                                              35.36046,
                                                              0.0
                                                          ]
                                      }
                     },
                     {
                         "type":  "Feature",
                         "properties":  {
                                            "Name":  "#686",
                                            "description":  "\u003cdiv dir=\u0027rtl\u0027 style=\u0027font-family:Arial;\u0027\u003e\u003cb\u003eשם:\u003c/b\u003e ענת קצינת נפגעים\u003cbr/\u003e\u003cb\u003eאתר:\u003c/b\u003e \u003cbr/\u003e\u003cb\u003eתאריך:\u003c/b\u003e 29-07-2025\u003cbr/\u003e\u003cb\u003eID:\u003c/b\u003e 1325\u003cbr/\u003e\u003cb\u003eFB:\u003c/b\u003e \u003ca href=\u0027https://www.facebook.com/groups/beshvil.yael/posts/3706295309663593/\u0027\u003ehttps://www.facebook.com/groups/beshvil.yael/posts/3706295309663593/\u003c/a\u003e\u003cbr/\u003e\u003cbr/\u003e\u003cimg src=\u0027https://drive.google.com/uc?export=view\u0026amp;id=1x2Sc7f9yElX5L3dCkK1S95nSsK-H0LiU\u0027 width=\u0027450\u0027/\u003e\u003cbr/\u003e\u003c/div\u003e",
                                            "tessellate":  -1,
                                            "extrude":  0,
                                            "visibility":  -1
                                        },
                         "geometry":  {
                                          "type":  "Point",
                                          "coordinates":  [
                                                              19.67039,
                                                              52.83808,
                                                              0.0
                                                          ]
                                      }
                     },
                     {
                         "type":  "Feature",
                         "properties":  {
                                            "Name":  "#714",
                                            "description":  "\u003cdiv dir=\u0027rtl\u0027 style=\u0027font-family:Arial;\u0027\u003e\u003cb\u003eשם:\u003c/b\u003e אלי בסקין\u003cbr/\u003e\u003cb\u003eאתר:\u003c/b\u003e \u003cbr/\u003e\u003cb\u003eתאריך:\u003c/b\u003e 09-05-2025\u003cbr/\u003e\u003cb\u003eID:\u003c/b\u003e 254\u003cbr/\u003e\u003cb\u003eFB:\u003c/b\u003e \u003ca href=\u0027https://www.facebook.com/groups/3235176716775457/posts/3638094309817027/\u0027\u003ehttps://www.facebook.com/groups/3235176716775457/posts/3638094309817027/\u003c/a\u003e\u003cbr/\u003e\u003cbr/\u003e\u003cimg src=\u0027https://drive.google.com/uc?export=view\u0026amp;id=1J4cAkNGKgD7efXM8l2Rh3qamblEOQQxn\u0027 width=\u0027450\u0027/\u003e\u003cbr/\u003e\u003c/div\u003e",
                                            "tessellate":  -1,
                                            "extrude":  0,
                                            "visibility":  -1
                                        },
                         "geometry":  {
                                          "type":  "Point",
                                          "coordinates":  [
                                                              -4.20264,
                                                              56.49067,
                                                              0.0
                                                          ]
                                      }
                     },
                     {
                         "type":  "Feature",
                         "properties":  {
                                            "Name":  "#714",
                                            "description":  "\u003cdiv dir=\u0027rtl\u0027 style=\u0027font-family:Arial;\u0027\u003e\u003cb\u003eשם:\u003c/b\u003e אלי בסקין\u003cbr/\u003e\u003cb\u003eאתר:\u003c/b\u003e Ben Macdui\u003cbr/\u003e\u003cb\u003eתאריך:\u003c/b\u003e 14-05-2025\u003cbr/\u003e\u003cb\u003eID:\u003c/b\u003e 508\u003cbr/\u003e\u003cb\u003eFB:\u003c/b\u003e \u003ca href=\u0027https://www.facebook.com/groups/3235176716775457/posts/3641861419440316\u0027\u003ehttps://www.facebook.com/groups/3235176716775457/posts/3641861419440316\u003c/a\u003e\u003cbr/\u003e\u003cbr/\u003e\u003cimg src=\u0027https://drive.google.com/uc?export=view\u0026amp;id=1zIjPECOpk3e6z-eDtl2R9kwxJkfiwUKr\u0027 width=\u0027450\u0027/\u003e\u003cbr/\u003e\u003c/div\u003e",
                                            "tessellate":  -1,
                                            "extrude":  0,
                                            "visibility":  -1
                                        },
                         "geometry":  {
                                          "type":  "Point",
                                          "coordinates":  [
                                                              -5.06087,
                                                              57.02686,
                                                              0.0
                                                          ]
                                      }
                     },
                     {
                         "type":  "Feature",
                         "properties":  {
                                            "Name":  "#714",
                                            "description":  "\u003cdiv dir=\u0027rtl\u0027 style=\u0027font-family:Arial;\u0027\u003e\u003cb\u003eשם:\u003c/b\u003e אלי בסקין\u003cbr/\u003e\u003cb\u003eאתר:\u003c/b\u003e Ben Macdui\u003cbr/\u003e\u003cb\u003eתאריך:\u003c/b\u003e 14-05-2025\u003cbr/\u003e\u003cb\u003eID:\u003c/b\u003e 509\u003cbr/\u003e\u003cb\u003eFB:\u003c/b\u003e \u003ca href=\u0027https://www.facebook.com/groups/3235176716775457/posts/3641861419440316\u0027\u003ehttps://www.facebook.com/groups/3235176716775457/posts/3641861419440316\u003c/a\u003e\u003cbr/\u003e\u003cbr/\u003e\u003cimg src=\u0027https://drive.google.com/uc?export=view\u0026amp;id=1zYDDlRhBl4e2R4nWl6KJav2Qa6AYwA-Z\u0027 width=\u0027450\u0027/\u003e\u003cbr/\u003e\u003c/div\u003e",
                                            "tessellate":  -1,
                                            "extrude":  0,
                                            "visibility":  -1
                                        },
                         "geometry":  {
                                          "type":  "Point",
                                          "coordinates":  [
                                                              -5.0608763,
                                                              57.0268641,
                                                              0.0
                                                          ]
                                      }
                     },
                     {
                         "type":  "Feature",
                         "properties":  {
                                            "Name":  "#714",
                                            "description":  "\u003cdiv dir=\u0027rtl\u0027 style=\u0027font-family:Arial;\u0027\u003e\u003cb\u003eשם:\u003c/b\u003e אלי בסקין\u003cbr/\u003e\u003cb\u003eאתר:\u003c/b\u003e \u003cbr/\u003e\u003cb\u003eתאריך:\u003c/b\u003e 14-05-2025\u003cbr/\u003e\u003cb\u003eID:\u003c/b\u003e 514\u003cbr/\u003e\u003cb\u003eFB:\u003c/b\u003e \u003ca href=\u0027https://www.facebook.com/groups/3235176716775457/posts/3641583162801475/\u0027\u003ehttps://www.facebook.com/groups/3235176716775457/posts/3641583162801475/\u003c/a\u003e\u003cbr/\u003e\u003cbr/\u003e\u003cimg src=\u0027https://drive.google.com/uc?export=view\u0026amp;id=1zcvm8oMndh4R46NaJQ51g7_7N4OdJp_6\u0027 width=\u0027450\u0027/\u003e\u003cbr/\u003e\u003c/div\u003e",
                                            "tessellate":  -1,
                                            "extrude":  0,
                                            "visibility":  -1
                                        },
                         "geometry":  {
                                          "type":  "Point",
                                          "coordinates":  [
                                                              -3.742,
                                                              57.22822,
                                                              0.0
                                                          ]
                                      }
                     },
                     {
                         "type":  "Feature",
                         "properties":  {
                                            "Name":  "#714",
                                            "description":  "\u003cdiv dir=\u0027rtl\u0027 style=\u0027font-family:Arial;\u0027\u003e\u003cb\u003eשם:\u003c/b\u003e אלי בסקין\u003cbr/\u003e\u003cb\u003eאתר:\u003c/b\u003e \u003cbr/\u003e\u003cb\u003eתאריך:\u003c/b\u003e 19-05-2025\u003cbr/\u003e\u003cb\u003eID:\u003c/b\u003e 684\u003cbr/\u003e\u003cb\u003eFB:\u003c/b\u003e \u003ca href=\u0027https://www.facebook.com/groups/3235176716775457/permalink/3645487099077748/\u0027\u003ehttps://www.facebook.com/groups/3235176716775457/permalink/3645487099077748/\u003c/a\u003e\u003cbr/\u003e\u003cbr/\u003e\u003cimg src=\u0027https://drive.google.com/uc?export=view\u0026amp;id=1nqzKXALkunq47rO8thF-l0zQezQkS1UY\u0027 width=\u0027450\u0027/\u003e\u003cbr/\u003e\u003c/div\u003e",
                                            "tessellate":  -1,
                                            "extrude":  0,
                                            "visibility":  -1
                                        },
                         "geometry":  {
                                          "type":  "Point",
                                          "coordinates":  [
                                                              -4.1152081,
                                                              57.0674184,
                                                              0.0
                                                          ]
                                      }
                     },
                     {
                         "type":  "Feature",
                         "properties":  {
                                            "Name":  "#764",
                                            "description":  "\u003cdiv dir=\u0027rtl\u0027 style=\u0027font-family:Arial;\u0027\u003e\u003cb\u003eשם:\u003c/b\u003e קלאודיה קובי\u003cbr/\u003e\u003cb\u003eאתר:\u003c/b\u003e ג׳אייפור\u003cbr/\u003e\u003cb\u003eתאריך:\u003c/b\u003e 18-11-2025\u003cbr/\u003e\u003cb\u003eID:\u003c/b\u003e 2777\u003cbr/\u003e\u003cb\u003eFB:\u003c/b\u003e \u003ca href=\u0027https://www.facebook.com/groups/beshvil.yael/posts/3812823542344102/\u0027\u003ehttps://www.facebook.com/groups/beshvil.yael/posts/3812823542344102/\u003c/a\u003e\u003cbr/\u003e\u003cbr/\u003e\u003cimg src=\u0027https://drive.google.com/uc?export=view\u0026amp;id=1jZA7hZQS8tvWhliHGN9cmwKyTa6wk9eV\u0027 width=\u0027450\u0027/\u003e\u003cbr/\u003e\u003c/div\u003e",
                                            "tessellate":  -1,
                                            "extrude":  0,
                                            "visibility":  -1
                                        },
                         "geometry":  {
                                          "type":  "Point",
                                          "coordinates":  [
                                                              75.71585,
                                                              26.87079,
                                                              0.0
                                                          ]
                                      }
                     },
                     {
                         "type":  "Feature",
                         "properties":  {
                                            "Name":  "#780",
                                            "description":  "\u003cdiv dir=\u0027rtl\u0027 style=\u0027font-family:Arial;\u0027\u003e\u003cb\u003eשם:\u003c/b\u003e אינה כץ גולד\u003cbr/\u003e\u003cb\u003eאתר:\u003c/b\u003e \u003cbr/\u003e\u003cb\u003eתאריך:\u003c/b\u003e 16-10-2025\u003cbr/\u003e\u003cb\u003eID:\u003c/b\u003e 2403\u003cbr/\u003e\u003cb\u003eFB:\u003c/b\u003e \u003ca href=\u0027https://www.facebook.com/groups/beshvil.yael/posts/3781604898799300/\u0027\u003ehttps://www.facebook.com/groups/beshvil.yael/posts/3781604898799300/\u003c/a\u003e\u003cbr/\u003e\u003cbr/\u003e\u003cimg src=\u0027https://drive.google.com/uc?export=view\u0026amp;id=1HA2SIqm6qA2EzfYs7q7N91XBQtqOqY-s\u0027 width=\u0027450\u0027/\u003e\u003cbr/\u003e\u003c/div\u003e",
                                            "tessellate":  -1,
                                            "extrude":  0,
                                            "visibility":  -1
                                        },
                         "geometry":  {
                                          "type":  "Point",
                                          "coordinates":  [
                                                              19.13004,
                                                              42.71697,
                                                              0.0
                                                          ]
                                      }
                     },
                     {
                         "type":  "Feature",
                         "properties":  {
                                            "Name":  "#780",
                                            "description":  "\u003cdiv dir=\u0027rtl\u0027 style=\u0027font-family:Arial;\u0027\u003e\u003cb\u003eשם:\u003c/b\u003e אינה כץ גולד\u003cbr/\u003e\u003cb\u003eאתר:\u003c/b\u003e \u003cbr/\u003e\u003cb\u003eתאריך:\u003c/b\u003e 06-12-2025\u003cbr/\u003e\u003cb\u003eID:\u003c/b\u003e 2989\u003cbr/\u003e\u003cb\u003eFB:\u003c/b\u003e \u003ca href=\u0027https://www.facebook.com/groups/beshvil.yael/posts/3828696217423501/\u0027\u003ehttps://www.facebook.com/groups/beshvil.yael/posts/3828696217423501/\u003c/a\u003e\u003cbr/\u003e\u003cbr/\u003e\u003cimg src=\u0027https://drive.google.com/uc?export=view\u0026amp;id=166wZYhstNuqxe2Qp8XLdvxnOpbvUpaRu\u0027 width=\u0027450\u0027/\u003e\u003cbr/\u003e\u003c/div\u003e",
                                            "tessellate":  -1,
                                            "extrude":  0,
                                            "visibility":  -1
                                        },
                         "geometry":  {
                                          "type":  "Point",
                                          "coordinates":  [
                                                              11.083,
                                                              46.87981,
                                                              0.0
                                                          ]
                                      }
                     },
                     {
                         "type":  "Feature",
                         "properties":  {
                                            "Name":  "#805",
                                            "description":  "\u003cdiv dir=\u0027rtl\u0027 style=\u0027font-family:Arial;\u0027\u003e\u003cb\u003eשם:\u003c/b\u003e אורי להבי\u003cbr/\u003e\u003cb\u003eאתר:\u003c/b\u003e פארק ציון\u003cbr/\u003e\u003cb\u003eתאריך:\u003c/b\u003e 16-04-2025\u003cbr/\u003e\u003cb\u003eID:\u003c/b\u003e 332\u003cbr/\u003e\u003cb\u003eFB:\u003c/b\u003e \u003ca href=\u0027https://www.facebook.com/groups/3235176716775457/posts/3616357755324016/\u0027\u003ehttps://www.facebook.com/groups/3235176716775457/posts/3616357755324016/\u003c/a\u003e\u003cbr/\u003e\u003cbr/\u003e\u003cimg src=\u0027https://drive.google.com/uc?export=view\u0026amp;id=1OYidcnRm--SJhzSli6GHvRUsnLQDT24p\u0027 width=\u0027450\u0027/\u003e\u003cbr/\u003e\u003c/div\u003e",
                                            "tessellate":  -1,
                                            "extrude":  0,
                                            "visibility":  -1
                                        },
                         "geometry":  {
                                          "type":  "Point",
                                          "coordinates":  [
                                                              -112.99334,
                                                              37.34514,
                                                              0.0
                                                          ]
                                      }
                     },
                     {
                         "type":  "Feature",
                         "properties":  {
                                            "Name":  "#805",
                                            "description":  "\u003cdiv dir=\u0027rtl\u0027 style=\u0027font-family:Arial;\u0027\u003e\u003cb\u003eשם:\u003c/b\u003e אורי להבי\u003cbr/\u003e\u003cb\u003eאתר:\u003c/b\u003e Snow Canyon\u003cbr/\u003e\u003cb\u003eתאריך:\u003c/b\u003e 18-04-2025\u003cbr/\u003e\u003cb\u003eID:\u003c/b\u003e 277\u003cbr/\u003e\u003cb\u003eFB:\u003c/b\u003e \u003ca href=\u0027https://www.facebook.com/groups/3235176716775457/posts/3618447965114995/\u0027\u003ehttps://www.facebook.com/groups/3235176716775457/posts/3618447965114995/\u003c/a\u003e\u003cbr/\u003e\u003cbr/\u003e\u003cimg src=\u0027https://drive.google.com/uc?export=view\u0026amp;id=1KU8YxEU-H6hQlj5AQK_LON1fE30BbtA9\u0027 width=\u0027450\u0027/\u003e\u003cbr/\u003e\u003c/div\u003e",
                                            "tessellate":  -1,
                                            "extrude":  0,
                                            "visibility":  -1
                                        },
                         "geometry":  {
                                          "type":  "Point",
                                          "coordinates":  [
                                                              -113.6395961,
                                                              37.2178145,
                                                              0.0
                                                          ]
                                      }
                     },
                     {
                         "type":  "Feature",
                         "properties":  {
                                            "Name":  "#805",
                                            "description":  "\u003cdiv dir=\u0027rtl\u0027 style=\u0027font-family:Arial;\u0027\u003e\u003cb\u003eשם:\u003c/b\u003e אורי להבי\u003cbr/\u003e\u003cb\u003eאתר:\u003c/b\u003e סנודה\u003cbr/\u003e\u003cb\u003eתאריך:\u003c/b\u003e 28-11-2025\u003cbr/\u003e\u003cb\u003eID:\u003c/b\u003e 2886\u003cbr/\u003e\u003cb\u003eFB:\u003c/b\u003e \u003ca href=\u0027https://www.facebook.com/groups/beshvil.yael/posts/3821670151459441/\u0027\u003ehttps://www.facebook.com/groups/beshvil.yael/posts/3821670151459441/\u003c/a\u003e\u003cbr/\u003e\u003cbr/\u003e\u003cimg src=\u0027https://drive.google.com/uc?export=view\u0026amp;id=1ElHEQ0Sw0ywLGbojjVAkBcG5L4d9TJjl\u0027 width=\u0027450\u0027/\u003e\u003cbr/\u003e\u003c/div\u003e",
                                            "tessellate":  -1,
                                            "extrude":  0,
                                            "visibility":  -1
                                        },
                         "geometry":  {
                                          "type":  "Point",
                                          "coordinates":  [
                                                              -111.7612,
                                                              34.80928,
                                                              0.0
                                                          ]
                                      }
                     },
                     {
                         "type":  "Feature",
                         "properties":  {
                                            "Name":  "#805",
                                            "description":  "\u003cdiv dir=\u0027rtl\u0027 style=\u0027font-family:Arial;\u0027\u003e\u003cb\u003eשם:\u003c/b\u003e אורי להבי\u003cbr/\u003e\u003cb\u003eאתר:\u003c/b\u003e Whitewater Preserve\u003cbr/\u003e\u003cb\u003eתאריך:\u003c/b\u003e 31-12-2025\u003cbr/\u003e\u003cb\u003eID:\u003c/b\u003e 3219\u003cbr/\u003e\u003cb\u003eFB:\u003c/b\u003e \u003ca href=\u0027https://www.facebook.com/groups/beshvil.yael/posts/3849985068627949\u0027\u003ehttps://www.facebook.com/groups/beshvil.yael/posts/3849985068627949\u003c/a\u003e\u003cbr/\u003e\u003cbr/\u003e\u003cimg src=\u0027https://drive.google.com/uc?export=view\u0026amp;id=1XQQv13PVJnqMFUiFeBJsMGud-3QG_7N4\u0027 width=\u0027450\u0027/\u003e\u003cbr/\u003e\u003c/div\u003e",
                                            "tessellate":  -1,
                                            "extrude":  0,
                                            "visibility":  -1
                                        },
                         "geometry":  {
                                          "type":  "Point",
                                          "coordinates":  [
                                                              -116.6568,
                                                              34.00114,
                                                              0.0
                                                          ]
                                      }
                     },
                     {
                         "type":  "Feature",
                         "properties":  {
                                            "Name":  "#814",
                                            "description":  "\u003cdiv dir=\u0027rtl\u0027 style=\u0027font-family:Arial;\u0027\u003e\u003cb\u003eשם:\u003c/b\u003e יעל לוי\u003cbr/\u003e\u003cb\u003eאתר:\u003c/b\u003e לוס אנג\u0027לס\u003cbr/\u003e\u003cb\u003eתאריך:\u003c/b\u003e 04-05-2025\u003cbr/\u003e\u003cb\u003eID:\u003c/b\u003e 64\u003cbr/\u003e\u003cb\u003eFB:\u003c/b\u003e \u003ca href=\u0027https://www.facebook.com/groups/3235176716775457/posts/3633206446972480/\u0027\u003ehttps://www.facebook.com/groups/3235176716775457/posts/3633206446972480/\u003c/a\u003e\u003cbr/\u003e\u003cbr/\u003e\u003cimg src=\u0027https://drive.google.com/uc?export=view\u0026amp;id=140t653nGkduz8AIKulZZLjUuKq6GH1fy\u0027 width=\u0027450\u0027/\u003e\u003cbr/\u003e\u003c/div\u003e",
                                            "tessellate":  -1,
                                            "extrude":  0,
                                            "visibility":  -1
                                        },
                         "geometry":  {
                                          "type":  "Point",
                                          "coordinates":  [
                                                              -118.4356632,
                                                              33.9305304,
                                                              0.0
                                                          ]
                                      }
                     },
                     {
                         "type":  "Feature",
                         "properties":  {
                                            "Name":  "#814",
                                            "description":  "\u003cdiv dir=\u0027rtl\u0027 style=\u0027font-family:Arial;\u0027\u003e\u003cb\u003eשם:\u003c/b\u003e יעל לוי\u003cbr/\u003e\u003cb\u003eאתר:\u003c/b\u003e סנטה ברברה\u003cbr/\u003e\u003cb\u003eתאריך:\u003c/b\u003e 17-06-2025\u003cbr/\u003e\u003cb\u003eID:\u003c/b\u003e 1028\u003cbr/\u003e\u003cb\u003eFB:\u003c/b\u003e \u003ca href=\u0027https://www.facebook.com/groups/beshvil.yael/posts/3670407049919086\u0027\u003ehttps://www.facebook.com/groups/beshvil.yael/posts/3670407049919086\u003c/a\u003e\u003cbr/\u003e\u003cbr/\u003e\u003cimg src=\u0027https://drive.google.com/uc?export=view\u0026amp;id=16W562c58xeEqV8CCkWyl_WP-75Ug_Fd8\u0027 width=\u0027450\u0027/\u003e\u003cbr/\u003e\u003c/div\u003e",
                                            "tessellate":  -1,
                                            "extrude":  0,
                                            "visibility":  -1
                                        },
                         "geometry":  {
                                          "type":  "Point",
                                          "coordinates":  [
                                                              -119.8427611,
                                                              34.4124135,
                                                              0.0
                                                          ]
                                      }
                     },
                     {
                         "type":  "Feature",
                         "properties":  {
                                            "Name":  "#879",
                                            "description":  "\u003cdiv dir=\u0027rtl\u0027 style=\u0027font-family:Arial;\u0027\u003e\u003cb\u003eשם:\u003c/b\u003e שמי גולן\u003cbr/\u003e\u003cb\u003eאתר:\u003c/b\u003e \u003cbr/\u003e\u003cb\u003eתאריך:\u003c/b\u003e 27-03-2025\u003cbr/\u003e\u003cb\u003eID:\u003c/b\u003e 643\u003cbr/\u003e\u003cb\u003eFB:\u003c/b\u003e \u003ca href=\u0027https://www.facebook.com/groups/3235176716775457/permalink/3595789287380863/\u0027\u003ehttps://www.facebook.com/groups/3235176716775457/permalink/3595789287380863/\u003c/a\u003e\u003cbr/\u003e\u003cbr/\u003e\u003cimg src=\u0027https://drive.google.com/uc?export=view\u0026amp;id=1lRG072P_nAXkw6pF4B4cAbXCTLLoFY63\u0027 width=\u0027450\u0027/\u003e\u003cbr/\u003e\u003c/div\u003e",
                                            "tessellate":  -1,
                                            "extrude":  0,
                                            "visibility":  -1
                                        },
                         "geometry":  {
                                          "type":  "Point",
                                          "coordinates":  [
                                                              34.1272569,
                                                              33.9803417,
                                                              0.0
                                                          ]
                                      }
                     },
                     {
                         "type":  "Feature",
                         "properties":  {
                                            "Name":  "#881",
                                            "description":  "\u003cdiv dir=\u0027rtl\u0027 style=\u0027font-family:Arial;\u0027\u003e\u003cb\u003eשם:\u003c/b\u003e שירי לייבושור גולן\u003cbr/\u003e\u003cb\u003eאתר:\u003c/b\u003e פיאטרה ניימץ\u003cbr/\u003e\u003cb\u003eתאריך:\u003c/b\u003e 11-04-2025\u003cbr/\u003e\u003cb\u003eID:\u003c/b\u003e 411\u003cbr/\u003e\u003cb\u003eFB:\u003c/b\u003e \u003ca href=\u0027https://www.facebook.com/groups/3235176716775457/posts/3611251739167951/\u0027\u003ehttps://www.facebook.com/groups/3235176716775457/posts/3611251739167951/\u003c/a\u003e\u003cbr/\u003e\u003cbr/\u003e\u003cimg src=\u0027https://drive.google.com/uc?export=view\u0026amp;id=1TUpRPurAFZqVK5_ml9xsM0zGQMLkDvdQ\u0027 width=\u0027450\u0027/\u003e\u003cbr/\u003e\u003c/div\u003e",
                                            "tessellate":  -1,
                                            "extrude":  0,
                                            "visibility":  -1
                                        },
                         "geometry":  {
                                          "type":  "Point",
                                          "coordinates":  [
                                                              26.37797,
                                                              46.92996,
                                                              0.0
                                                          ]
                                      }
                     },
                     {
                         "type":  "Feature",
                         "properties":  {
                                            "Name":  "#890",
                                            "description":  "\u003cdiv dir=\u0027rtl\u0027 style=\u0027font-family:Arial;\u0027\u003e\u003cb\u003eשם:\u003c/b\u003e שגית פלד\u003cbr/\u003e\u003cb\u003eאתר:\u003c/b\u003e ג\u0027בל אוּם שומר\u003cbr/\u003e\u003cb\u003eתאריך:\u003c/b\u003e 10-10-2025\u003cbr/\u003e\u003cb\u003eID:\u003c/b\u003e 2313\u003cbr/\u003e\u003cb\u003eFB:\u003c/b\u003e \u003ca href=\u0027https://www.facebook.com/groups/beshvil.yael/posts/3775660822727041/\u0027\u003ehttps://www.facebook.com/groups/beshvil.yael/posts/3775660822727041/\u003c/a\u003e\u003cbr/\u003e\u003cbr/\u003e\u003cimg src=\u0027https://drive.google.com/uc?export=view\u0026amp;id=1JY9xiaRR-Bra0GJBjAaH9T_Yfa89A_Gj\u0027 width=\u0027450\u0027/\u003e\u003cbr/\u003e\u003c/div\u003e",
                                            "tessellate":  -1,
                                            "extrude":  0,
                                            "visibility":  -1
                                        },
                         "geometry":  {
                                          "type":  "Point",
                                          "coordinates":  [
                                                              34.01913,
                                                              28.58209,
                                                              0.0
                                                          ]
                                      }
                     },
                     {
                         "type":  "Feature",
                         "properties":  {
                                            "Name":  "#912",
                                            "description":  "\u003cdiv dir=\u0027rtl\u0027 style=\u0027font-family:Arial;\u0027\u003e\u003cb\u003eשם:\u003c/b\u003e שבי כרמי\u003cbr/\u003e\u003cb\u003eאתר:\u003c/b\u003e גבול מקדוניה אלבניה ויוון\u003cbr/\u003e\u003cb\u003eתאריך:\u003c/b\u003e 30-10-2025\u003cbr/\u003e\u003cb\u003eID:\u003c/b\u003e 2563\u003cbr/\u003e\u003cb\u003eFB:\u003c/b\u003e \u003ca href=\u0027https://www.facebook.com/groups/beshvil.yael/posts/3795270290766094\u0027\u003ehttps://www.facebook.com/groups/beshvil.yael/posts/3795270290766094\u003c/a\u003e\u003cbr/\u003e\u003cbr/\u003e\u003cimg src=\u0027https://drive.google.com/uc?export=view\u0026amp;id=1CrUgsNqYQkkEOxsAeADPmngVtm804lYC\u0027 width=\u0027450\u0027/\u003e\u003cbr/\u003e\u003c/div\u003e",
                                            "tessellate":  -1,
                                            "extrude":  0,
                                            "visibility":  -1
                                        },
                         "geometry":  {
                                          "type":  "Point",
                                          "coordinates":  [
                                                              21.1775033,
                                                              40.6305422,
                                                              0.0
                                                          ]
                                      }
                     },
                     {
                         "type":  "Feature",
                         "properties":  {
                                            "Name":  "#923",
                                            "description":  "\u003cdiv dir=\u0027rtl\u0027 style=\u0027font-family:Arial;\u0027\u003e\u003cb\u003eשם:\u003c/b\u003e צילה רוכין\u003cbr/\u003e\u003cb\u003eאתר:\u003c/b\u003e סטמניצה\u003cbr/\u003e\u003cb\u003eתאריך:\u003c/b\u003e 04-11-2025\u003cbr/\u003e\u003cb\u003eID:\u003c/b\u003e 2611\u003cbr/\u003e\u003cb\u003eFB:\u003c/b\u003e \u003ca href=\u0027https://www.facebook.com/groups/beshvil.yael/posts/3800163566943433\u0027\u003ehttps://www.facebook.com/groups/beshvil.yael/posts/3800163566943433\u003c/a\u003e\u003cbr/\u003e\u003cbr/\u003e\u003cimg src=\u0027https://drive.google.com/uc?export=view\u0026amp;id=1f4f8guad32u_dh0I3cJiKeJF5iud0rio\u0027 width=\u0027450\u0027/\u003e\u003cbr/\u003e\u003c/div\u003e",
                                            "tessellate":  -1,
                                            "extrude":  0,
                                            "visibility":  -1
                                        },
                         "geometry":  {
                                          "type":  "Point",
                                          "coordinates":  [
                                                              22.08144,
                                                              37.55436,
                                                              0.0
                                                          ]
                                      }
                     },
                     {
                         "type":  "Feature",
                         "properties":  {
                                            "Name":  "#923",
                                            "description":  "\u003cdiv dir=\u0027rtl\u0027 style=\u0027font-family:Arial;\u0027\u003e\u003cb\u003eשם:\u003c/b\u003e צילה רוכין\u003cbr/\u003e\u003cb\u003eאתר:\u003c/b\u003e \u003cbr/\u003e\u003cb\u003eתאריך:\u003c/b\u003e 05-11-2025\u003cbr/\u003e\u003cb\u003eID:\u003c/b\u003e 2619\u003cbr/\u003e\u003cb\u003eFB:\u003c/b\u003e \u003ca href=\u0027https://www.facebook.com/groups/beshvil.yael/posts/3800884823537974/\u0027\u003ehttps://www.facebook.com/groups/beshvil.yael/posts/3800884823537974/\u003c/a\u003e\u003cbr/\u003e\u003cbr/\u003e\u003cimg src=\u0027https://drive.google.com/uc?export=view\u0026amp;id=154qxgCsRQKKY45ySN7O2R25tEl--_LVo\u0027 width=\u0027450\u0027/\u003e\u003cbr/\u003e\u003c/div\u003e",
                                            "tessellate":  -1,
                                            "extrude":  0,
                                            "visibility":  -1
                                        },
                         "geometry":  {
                                          "type":  "Point",
                                          "coordinates":  [
                                                              22.33196,
                                                              37.33389,
                                                              0.0
                                                          ]
                                      }
                     },
                     {
                         "type":  "Feature",
                         "properties":  {
                                            "Name":  "#923",
                                            "description":  "\u003cdiv dir=\u0027rtl\u0027 style=\u0027font-family:Arial;\u0027\u003e\u003cb\u003eשם:\u003c/b\u003e צילה רוכין\u003cbr/\u003e\u003cb\u003eאתר:\u003c/b\u003e מונמבסיה\u003cbr/\u003e\u003cb\u003eתאריך:\u003c/b\u003e 08-11-2025\u003cbr/\u003e\u003cb\u003eID:\u003c/b\u003e 2658\u003cbr/\u003e\u003cb\u003eFB:\u003c/b\u003e \u003ca href=\u0027https://www.facebook.com/groups/beshvil.yael/posts/3804284143198042/\u0027\u003ehttps://www.facebook.com/groups/beshvil.yael/posts/3804284143198042/\u003c/a\u003e\u003cbr/\u003e\u003cbr/\u003e\u003cimg src=\u0027https://drive.google.com/uc?export=view\u0026amp;id=1nrpIsBsLZ-TvDp65BHuNiyncrUxjYDL-\u0027 width=\u0027450\u0027/\u003e\u003cbr/\u003e\u003c/div\u003e",
                                            "tessellate":  -1,
                                            "extrude":  0,
                                            "visibility":  -1
                                        },
                         "geometry":  {
                                          "type":  "Point",
                                          "coordinates":  [
                                                              23.04796,
                                                              36.68849,
                                                              0.0
                                                          ]
                                      }
                     },
                     {
                         "type":  "Feature",
                         "properties":  {
                                            "Name":  "#923",
                                            "description":  "\u003cdiv dir=\u0027rtl\u0027 style=\u0027font-family:Arial;\u0027\u003e\u003cb\u003eשם:\u003c/b\u003e צילה רוכין\u003cbr/\u003e\u003cb\u003eאתר:\u003c/b\u003e טירת פלמידי\u003cbr/\u003e\u003cb\u003eתאריך:\u003c/b\u003e 09-11-2025\u003cbr/\u003e\u003cb\u003eID:\u003c/b\u003e 2668\u003cbr/\u003e\u003cb\u003eFB:\u003c/b\u003e \u003ca href=\u0027https://www.facebook.com/groups/beshvil.yael/posts/3805001086459681\u0027\u003ehttps://www.facebook.com/groups/beshvil.yael/posts/3805001086459681\u003c/a\u003e\u003cbr/\u003e\u003cbr/\u003e\u003cimg src=\u0027https://drive.google.com/uc?export=view\u0026amp;id=1W354au2XYH-aoFaTeXK9VBMPFyhnHp4L\u0027 width=\u0027450\u0027/\u003e\u003cbr/\u003e\u003c/div\u003e",
                                            "tessellate":  -1,
                                            "extrude":  0,
                                            "visibility":  -1
                                        },
                         "geometry":  {
                                          "type":  "Point",
                                          "coordinates":  [
                                                              22.80166,
                                                              37.56356,
                                                              0.0
                                                          ]
                                      }
                     },
                     {
                         "type":  "Feature",
                         "properties":  {
                                            "Name":  "#932",
                                            "description":  "\u003cdiv dir=\u0027rtl\u0027 style=\u0027font-family:Arial;\u0027\u003e\u003cb\u003eשם:\u003c/b\u003e לירון חורש וסרמן\u003cbr/\u003e\u003cb\u003eאתר:\u003c/b\u003e אוושויץ\u003cbr/\u003e\u003cb\u003eתאריך:\u003c/b\u003e 27-11-2025\u003cbr/\u003e\u003cb\u003eID:\u003c/b\u003e 2880\u003cbr/\u003e\u003cb\u003eFB:\u003c/b\u003e \u003ca href=\u0027https://www.facebook.com/groups/beshvil.yael/posts/3821249471501509/\u0027\u003ehttps://www.facebook.com/groups/beshvil.yael/posts/3821249471501509/\u003c/a\u003e\u003cbr/\u003e\u003cbr/\u003e\u003cimg src=\u0027https://drive.google.com/uc?export=view\u0026amp;id=1FTlEpCfSmY68YJ1KXuMkHA79KTFS7Cnp\u0027 width=\u0027450\u0027/\u003e\u003cbr/\u003e\u003c/div\u003e",
                                            "tessellate":  -1,
                                            "extrude":  0,
                                            "visibility":  -1
                                        },
                         "geometry":  {
                                          "type":  "Point",
                                          "coordinates":  [
                                                              19.20259,
                                                              50.02793,
                                                              0.0
                                                          ]
                                      }
                     },
                     {
                         "type":  "Feature",
                         "properties":  {
                                            "Name":  "#940",
                                            "description":  "\u003cdiv dir=\u0027rtl\u0027 style=\u0027font-family:Arial;\u0027\u003e\u003cb\u003eשם:\u003c/b\u003e הראל טיקטין\u003cbr/\u003e\u003cb\u003eאתר:\u003c/b\u003e מערב היילנד\u003cbr/\u003e\u003cb\u003eתאריך:\u003c/b\u003e 02-06-2025\u003cbr/\u003e\u003cb\u003eID:\u003c/b\u003e 871\u003cbr/\u003e\u003cb\u003eFB:\u003c/b\u003e \u003ca href=\u0027https://www.facebook.com/groups/3235176716775457/posts/3656783024614822/\u0027\u003ehttps://www.facebook.com/groups/3235176716775457/posts/3656783024614822/\u003c/a\u003e\u003cbr/\u003e\u003cbr/\u003e\u003cimg src=\u0027https://drive.google.com/uc?export=view\u0026amp;id=1rMv2RkqzhU9VrimpNAuWTRxuQxBq_qeK\u0027 width=\u0027450\u0027/\u003e\u003cbr/\u003e\u003c/div\u003e",
                                            "tessellate":  -1,
                                            "extrude":  0,
                                            "visibility":  -1
                                        },
                         "geometry":  {
                                          "type":  "Point",
                                          "coordinates":  [
                                                              -5.0992763,
                                                              57.3596139,
                                                              0.0
                                                          ]
                                      }
                     },
                     {
                         "type":  "Feature",
                         "properties":  {
                                            "Name":  "#965",
                                            "description":  "\u003cdiv dir=\u0027rtl\u0027 style=\u0027font-family:Arial;\u0027\u003e\u003cb\u003eשם:\u003c/b\u003e תרצה אקרמן\u003cbr/\u003e\u003cb\u003eאתר:\u003c/b\u003e בדרך לסנטיאגו דה קומפוסטל\u003cbr/\u003e\u003cb\u003eתאריך:\u003c/b\u003e 21-09-2025\u003cbr/\u003e\u003cb\u003eID:\u003c/b\u003e 1984\u003cbr/\u003e\u003cb\u003eFB:\u003c/b\u003e \u003ca href=\u0027https://www.facebook.com/groups/beshvil.yael/posts/3756864104606713/\u0027\u003ehttps://www.facebook.com/groups/beshvil.yael/posts/3756864104606713/\u003c/a\u003e\u003cbr/\u003e\u003cbr/\u003e\u003cimg src=\u0027https://drive.google.com/uc?export=view\u0026amp;id=18i6CSrcfumaK5MDXV6X3CJLcoSzCbWFi\u0027 width=\u0027450\u0027/\u003e\u003cbr/\u003e\u003c/div\u003e",
                                            "tessellate":  -1,
                                            "extrude":  0,
                                            "visibility":  -1
                                        },
                         "geometry":  {
                                          "type":  "Point",
                                          "coordinates":  [
                                                              3.8848,
                                                              45.0455,
                                                              0.0
                                                          ]
                                      }
                     },
                     {
                         "type":  "Feature",
                         "properties":  {
                                            "Name":  "#966",
                                            "description":  "\u003cdiv dir=\u0027rtl\u0027 style=\u0027font-family:Arial;\u0027\u003e\u003cb\u003eשם:\u003c/b\u003e \u003cbr/\u003e\u003cb\u003eאתר:\u003c/b\u003e בדרך לסנטיאגו דה קומפוסטל\u003cbr/\u003e\u003cb\u003eתאריך:\u003c/b\u003e 21-09-2025\u003cbr/\u003e\u003cb\u003eID:\u003c/b\u003e 50\u003cbr/\u003e\u003cb\u003eFB:\u003c/b\u003e \u003ca href=\u0027https://www.facebook.com/groups/beshvil.yael/posts/3756864104606713/\u0027\u003ehttps://www.facebook.com/groups/beshvil.yael/posts/3756864104606713/\u003c/a\u003e\u003cbr/\u003e\u003cbr/\u003e\u003cimg src=\u0027https://drive.google.com/uc?export=view\u0026amp;id=18i6CSrcfumaK5MDXV6X3CJLcoSzCbWFi\u0027 width=\u0027450\u0027/\u003e\u003cbr/\u003e\u003c/div\u003e",
                                            "tessellate":  -1,
                                            "extrude":  0,
                                            "visibility":  -1
                                        },
                         "geometry":  {
                                          "type":  "Point",
                                          "coordinates":  [
                                                              3.8848,
                                                              45.04577,
                                                              0.0
                                                          ]
                                      }
                     },
                     {
                         "type":  "Feature",
                         "properties":  {
                                            "Name":  "#970",
                                            "description":  "\u003cdiv dir=\u0027rtl\u0027 style=\u0027font-family:Arial;\u0027\u003e\u003cb\u003eשם:\u003c/b\u003e טליה קרן\u003cbr/\u003e\u003cb\u003eאתר:\u003c/b\u003e מיאמי\u003cbr/\u003e\u003cb\u003eתאריך:\u003c/b\u003e 19-05-2025\u003cbr/\u003e\u003cb\u003eID:\u003c/b\u003e 582\u003cbr/\u003e\u003cb\u003eFB:\u003c/b\u003e \u003ca href=\u0027https://www.facebook.com/groups/3235176716775457/permalink/3645025552457236/\u0027\u003ehttps://www.facebook.com/groups/3235176716775457/permalink/3645025552457236/\u003c/a\u003e\u003cbr/\u003e\u003cbr/\u003e\u003cimg src=\u0027https://drive.google.com/uc?export=view\u0026amp;id=1gZsTQVjkGwS2KpF47X2YlCa6OT0Tbyub\u0027 width=\u0027450\u0027/\u003e\u003cbr/\u003e\u003c/div\u003e",
                                            "tessellate":  -1,
                                            "extrude":  0,
                                            "visibility":  -1
                                        },
                         "geometry":  {
                                          "type":  "Point",
                                          "coordinates":  [
                                                              -80.2391264,
                                                              25.737256,
                                                              0.0
                                                          ]
                                      }
                     },
                     {
                         "type":  "Feature",
                         "properties":  {
                                            "Name":  "#970",
                                            "description":  "\u003cdiv dir=\u0027rtl\u0027 style=\u0027font-family:Arial;\u0027\u003e\u003cb\u003eשם:\u003c/b\u003e טליה קרן\u003cbr/\u003e\u003cb\u003eאתר:\u003c/b\u003e  lagoon city\u003cbr/\u003e\u003cb\u003eתאריך:\u003c/b\u003e 08-06-2025\u003cbr/\u003e\u003cb\u003eID:\u003c/b\u003e 953\u003cbr/\u003e\u003cb\u003eFB:\u003c/b\u003e \u003ca href=\u0027https://www.facebook.com/groups/3235176716775457/posts/3662440817382376\u0027\u003ehttps://www.facebook.com/groups/3235176716775457/posts/3662440817382376\u003c/a\u003e\u003cbr/\u003e\u003cbr/\u003e\u003cimg src=\u0027https://drive.google.com/uc?export=view\u0026amp;id=1zu2M0oTZfNfLySMWQzbTZgM2wUhi8Exi\u0027 width=\u0027450\u0027/\u003e\u003cbr/\u003e\u003c/div\u003e",
                                            "tessellate":  -1,
                                            "extrude":  0,
                                            "visibility":  -1
                                        },
                         "geometry":  {
                                          "type":  "Point",
                                          "coordinates":  [
                                                              -79.2205492,
                                                              44.5534485,
                                                              0.0
                                                          ]
                                      }
                     },
                     {
                         "type":  "Feature",
                         "properties":  {
                                            "Name":  "#970",
                                            "description":  "\u003cdiv dir=\u0027rtl\u0027 style=\u0027font-family:Arial;\u0027\u003e\u003cb\u003eשם:\u003c/b\u003e טליה קרן\u003cbr/\u003e\u003cb\u003eאתר:\u003c/b\u003e רומא\u003cbr/\u003e\u003cb\u003eתאריך:\u003c/b\u003e 14-10-2025\u003cbr/\u003e\u003cb\u003eID:\u003c/b\u003e 2387\u003cbr/\u003e\u003cb\u003eFB:\u003c/b\u003e \u003ca href=\u0027https://www.facebook.com/groups/beshvil.yael/posts/3779973742295749\u0027\u003ehttps://www.facebook.com/groups/beshvil.yael/posts/3779973742295749\u003c/a\u003e\u003cbr/\u003e\u003cbr/\u003e\u003cimg src=\u0027https://drive.google.com/uc?export=view\u0026amp;id=1hhJ3qzi8lyPrgDGh9J9tv4DlLpr_BiDd\u0027 width=\u0027450\u0027/\u003e\u003cbr/\u003e\u003c/div\u003e",
                                            "tessellate":  -1,
                                            "extrude":  0,
                                            "visibility":  -1
                                        },
                         "geometry":  {
                                          "type":  "Point",
                                          "coordinates":  [
                                                              12.44237,
                                                              41.87268,
                                                              0.0
                                                          ]
                                      }
                     },
                     {
                         "type":  "Feature",
                         "properties":  {
                                            "Name":  "#970",
                                            "description":  "\u003cdiv dir=\u0027rtl\u0027 style=\u0027font-family:Arial;\u0027\u003e\u003cb\u003eשם:\u003c/b\u003e טליה קרן\u003cbr/\u003e\u003cb\u003eאתר:\u003c/b\u003e \u003cbr/\u003e\u003cb\u003eתאריך:\u003c/b\u003e 07-02-2026\u003cbr/\u003e\u003cb\u003eID:\u003c/b\u003e 3663\u003cbr/\u003e\u003cb\u003eFB:\u003c/b\u003e \u003ca href=\u0027https://www.facebook.com/groups/beshvil.yael/posts/3883796345246821/\u0027\u003ehttps://www.facebook.com/groups/beshvil.yael/posts/3883796345246821/\u003c/a\u003e\u003cbr/\u003e\u003cbr/\u003e\u003cimg src=\u0027https://drive.google.com/uc?export=view\u0026amp;id=13VoZtkRPQypc65cj2dP7j1V3kV9MUAK5\u0027 width=\u0027450\u0027/\u003e\u003cbr/\u003e\u003c/div\u003e",
                                            "tessellate":  -1,
                                            "extrude":  0,
                                            "visibility":  -1
                                        },
                         "geometry":  {
                                          "type":  "Point",
                                          "coordinates":  [
                                                              -51.92528,
                                                              -14.235004,
                                                              0.0
                                                          ]
                                      }
                     },
                     {
                         "type":  "Feature",
                         "properties":  {
                                            "Name":  "#977",
                                            "description":  "\u003cdiv dir=\u0027rtl\u0027 style=\u0027font-family:Arial;\u0027\u003e\u003cb\u003eשם:\u003c/b\u003e יפעת אמריליו\u003cbr/\u003e\u003cb\u003eאתר:\u003c/b\u003e פאלו אלטו\u003cbr/\u003e\u003cb\u003eתאריך:\u003c/b\u003e 06-10-2025\u003cbr/\u003e\u003cb\u003eID:\u003c/b\u003e 2186\u003cbr/\u003e\u003cb\u003eFB:\u003c/b\u003e \u003ca href=\u0027https://www.facebook.com/groups/beshvil.yael/posts/3770811363211987\u0027\u003ehttps://www.facebook.com/groups/beshvil.yael/posts/3770811363211987\u003c/a\u003e\u003cbr/\u003e\u003cbr/\u003e\u003cimg src=\u0027https://drive.google.com/uc?export=view\u0026amp;id=1yBMnJO8xkJq3i_0iPykgoV_0LFqb7CWD\u0027 width=\u0027450\u0027/\u003e\u003cbr/\u003e\u003c/div\u003e",
                                            "tessellate":  -1,
                                            "extrude":  0,
                                            "visibility":  -1
                                        },
                         "geometry":  {
                                          "type":  "Point",
                                          "coordinates":  [
                                                              -122.14198,
                                                              37.4277,
                                                              0.0
                                                          ]
                                      }
                     },
                     {
                         "type":  "Feature",
                         "properties":  {
                                            "Name":  "#977",
                                            "description":  "\u003cdiv dir=\u0027rtl\u0027 style=\u0027font-family:Arial;\u0027\u003e\u003cb\u003eשם:\u003c/b\u003e יפעת אמריליו\u003cbr/\u003e\u003cb\u003eאתר:\u003c/b\u003e מאונטיין וייו\u003cbr/\u003e\u003cb\u003eתאריך:\u003c/b\u003e 30-01-2026\u003cbr/\u003e\u003cb\u003eID:\u003c/b\u003e 3521\u003cbr/\u003e\u003cb\u003eFB:\u003c/b\u003e \u003ca href=\u0027https://www.facebook.com/groups/beshvil.yael/posts/3876336819326107/\u0027\u003ehttps://www.facebook.com/groups/beshvil.yael/posts/3876336819326107/\u003c/a\u003e\u003cbr/\u003e\u003cbr/\u003e\u003cimg src=\u0027https://drive.google.com/uc?export=view\u0026amp;id=1DgDIVQjLfU8OZunZCcdHlDq9MJeeVT5m\u0027 width=\u0027450\u0027/\u003e\u003cbr/\u003e\u003c/div\u003e",
                                            "tessellate":  -1,
                                            "extrude":  0,
                                            "visibility":  -1
                                        },
                         "geometry":  {
                                          "type":  "Point",
                                          "coordinates":  [
                                                              -122.0824,
                                                              37.42846,
                                                              0.0
                                                          ]
                                      }
                     },
                     {
                         "type":  "Feature",
                         "properties":  {
                                            "Name":  "#977",
                                            "description":  "\u003cdiv dir=\u0027rtl\u0027 style=\u0027font-family:Arial;\u0027\u003e\u003cb\u003eשם:\u003c/b\u003e יפעת אמריליו\u003cbr/\u003e\u003cb\u003eאתר:\u003c/b\u003e Los Cabos\u003cbr/\u003e\u003cb\u003eתאריך:\u003c/b\u003e 11-04-2026\u003cbr/\u003e\u003cb\u003eID:\u003c/b\u003e 4115\u003cbr/\u003e\u003cb\u003eFB:\u003c/b\u003e \u003ca href=\u0027https://www.facebook.com/groups/beshvil.yael/posts/3941550852804703/\u0027\u003ehttps://www.facebook.com/groups/beshvil.yael/posts/3941550852804703/\u003c/a\u003e\u003cbr/\u003e\u003cbr/\u003e\u003cimg src=\u0027https://drive.google.com/uc?export=view\u0026amp;id=1EvhBhLhy4xBHo0N0GqVYY1Z1jhymuvEm\u0027 width=\u0027450\u0027/\u003e\u003cbr/\u003e\u003c/div\u003e",
                                            "tessellate":  -1,
                                            "extrude":  0,
                                            "visibility":  -1
                                        },
                         "geometry":  {
                                          "type":  "Point",
                                          "coordinates":  [
                                                              -109.92826,
                                                              22.87931,
                                                              0.0
                                                          ]
                                      }
                     },
                     {
                         "type":  "Feature",
                         "properties":  {
                                            "Name":  "#984",
                                            "description":  "\u003cdiv dir=\u0027rtl\u0027 style=\u0027font-family:Arial;\u0027\u003e\u003cb\u003eשם:\u003c/b\u003e יעל זיסר\u003cbr/\u003e\u003cb\u003eאתר:\u003c/b\u003e ניס\u003cbr/\u003e\u003cb\u003eתאריך:\u003c/b\u003e 16-09-2025\u003cbr/\u003e\u003cb\u003eID:\u003c/b\u003e 1905\u003cbr/\u003e\u003cb\u003eFB:\u003c/b\u003e \u003ca href=\u0027https://www.facebook.com/groups/beshvil.yael/posts/3752113341748456\u0027\u003ehttps://www.facebook.com/groups/beshvil.yael/posts/3752113341748456\u003c/a\u003e\u003cbr/\u003e\u003cbr/\u003e\u003cimg src=\u0027https://drive.google.com/uc?export=view\u0026amp;id=1IFviA3hVckGqnjVg1MnWFpxw9jrYOl2F\u0027 width=\u0027450\u0027/\u003e\u003cbr/\u003e\u003c/div\u003e",
                                            "tessellate":  -1,
                                            "extrude":  0,
                                            "visibility":  -1
                                        },
                         "geometry":  {
                                          "type":  "Point",
                                          "coordinates":  [
                                                              7.23586,
                                                              43.70645,
                                                              0.0
                                                          ]
                                      }
                     },
                     {
                         "type":  "Feature",
                         "properties":  {
                                            "Name":  "#984",
                                            "description":  "\u003cdiv dir=\u0027rtl\u0027 style=\u0027font-family:Arial;\u0027\u003e\u003cb\u003eשם:\u003c/b\u003e יעל זיסר\u003cbr/\u003e\u003cb\u003eאתר:\u003c/b\u003e \u003cbr/\u003e\u003cb\u003eתאריך:\u003c/b\u003e 17-09-2025\u003cbr/\u003e\u003cb\u003eID:\u003c/b\u003e 1915\u003cbr/\u003e\u003cb\u003eFB:\u003c/b\u003e \u003ca href=\u0027https://www.facebook.com/groups/beshvil.yael/posts/3752898648336592/\u0027\u003ehttps://www.facebook.com/groups/beshvil.yael/posts/3752898648336592/\u003c/a\u003e\u003cbr/\u003e\u003cbr/\u003e\u003cimg src=\u0027https://drive.google.com/uc?export=view\u0026amp;id=1axR648mddOhTbB440QTf8QIxNzq3CWLm\u0027 width=\u0027450\u0027/\u003e\u003cbr/\u003e\u003c/div\u003e",
                                            "tessellate":  -1,
                                            "extrude":  0,
                                            "visibility":  -1
                                        },
                         "geometry":  {
                                          "type":  "Point",
                                          "coordinates":  [
                                                              7.02251,
                                                              43.55594,
                                                              0.0
                                                          ]
                                      }
                     },
                     {
                         "type":  "Feature",
                         "properties":  {
                                            "Name":  "#1002",
                                            "description":  "\u003cdiv dir=\u0027rtl\u0027 style=\u0027font-family:Arial;\u0027\u003e\u003cb\u003eשם:\u003c/b\u003e אמי לם\u003cbr/\u003e\u003cb\u003eאתר:\u003c/b\u003e \u003cbr/\u003e\u003cb\u003eתאריך:\u003c/b\u003e 20-05-2025\u003cbr/\u003e\u003cb\u003eID:\u003c/b\u003e 701\u003cbr/\u003e\u003cb\u003eFB:\u003c/b\u003e \u003ca href=\u0027https://www.facebook.com/groups/3235176716775457/posts/3646061179020340/\u0027\u003ehttps://www.facebook.com/groups/3235176716775457/posts/3646061179020340/\u003c/a\u003e\u003cbr/\u003e\u003cbr/\u003e\u003cimg src=\u0027https://drive.google.com/uc?export=view\u0026amp;id=1pBw2BHNFouYNSxy2sYomGoUbDxDnqxCM\u0027 width=\u0027450\u0027/\u003e\u003cbr/\u003e\u003c/div\u003e",
                                            "tessellate":  -1,
                                            "extrude":  0,
                                            "visibility":  -1
                                        },
                         "geometry":  {
                                          "type":  "Point",
                                          "coordinates":  [
                                                              121.774017,
                                                              12.879721,
                                                              0.0
                                                          ]
                                      }
                     },
                     {
                         "type":  "Feature",
                         "properties":  {
                                            "Name":  "#1010",
                                            "description":  "\u003cdiv dir=\u0027rtl\u0027 style=\u0027font-family:Arial;\u0027\u003e\u003cb\u003eשם:\u003c/b\u003e \u003cbr/\u003e\u003cb\u003eאתר:\u003c/b\u003e לה\u003cbr/\u003e\u003cb\u003eתאריך:\u003c/b\u003e 31-07-2025\u003cbr/\u003e\u003cb\u003eID:\u003c/b\u003e 221\u003cbr/\u003e\u003cb\u003eFB:\u003c/b\u003e \u003ca href=\u0027https://www.facebook.com/groups/beshvil.yael/posts/3708551659437958/\u0027\u003ehttps://www.facebook.com/groups/beshvil.yael/posts/3708551659437958/\u003c/a\u003e\u003cbr/\u003e\u003cbr/\u003e\u003cimg src=\u0027https://drive.google.com/uc?export=view\u0026amp;id=10I8sRkJvEJ_ARrhCsMXr5XBcYrSzGg2G\u0027 width=\u0027450\u0027/\u003e\u003cbr/\u003e\u003c/div\u003e",
                                            "tessellate":  -1,
                                            "extrude":  0,
                                            "visibility":  -1
                                        },
                         "geometry":  {
                                          "type":  "Point",
                                          "coordinates":  [
                                                              77.5564542,
                                                              34.1554133,
                                                              0.0
                                                          ]
                                      }
                     },
                     {
                         "type":  "Feature",
                         "properties":  {
                                            "Name":  "#1023",
                                            "description":  "\u003cdiv dir=\u0027rtl\u0027 style=\u0027font-family:Arial;\u0027\u003e\u003cb\u003eשם:\u003c/b\u003e \u003cbr/\u003e\u003cb\u003eאתר:\u003c/b\u003e \u003cbr/\u003e\u003cb\u003eתאריך:\u003c/b\u003e 08-10-2025\u003cbr/\u003e\u003cb\u003eID:\u003c/b\u003e 402\u003cbr/\u003e\u003cb\u003eFB:\u003c/b\u003e \u003ca href=\u0027https://www.facebook.com/groups/beshvil.yael/posts/3773252586301198\u0027\u003ehttps://www.facebook.com/groups/beshvil.yael/posts/3773252586301198\u003c/a\u003e\u003cbr/\u003e\u003cbr/\u003e\u003cimg src=\u0027https://drive.google.com/uc?export=view\u0026amp;id=1Vwm8od6Mq1z5RFfw907DI8UDel1StNZc\u0027 width=\u0027450\u0027/\u003e\u003cbr/\u003e\u003c/div\u003e",
                                            "tessellate":  -1,
                                            "extrude":  0,
                                            "visibility":  -1
                                        },
                         "geometry":  {
                                          "type":  "Point",
                                          "coordinates":  [
                                                              13.7749,
                                                              46.34844,
                                                              0.0
                                                          ]
                                      }
                     },
                     {
                         "type":  "Feature",
                         "properties":  {
                                            "Name":  "#1025",
                                            "description":  "\u003cdiv dir=\u0027rtl\u0027 style=\u0027font-family:Arial;\u0027\u003e\u003cb\u003eשם:\u003c/b\u003e מרים רויטמן\u003cbr/\u003e\u003cb\u003eאתר:\u003c/b\u003e  ב\u0026quot;טחנה צהובה\u0026quot; של הליצן סלבה פולוני\u003cbr/\u003e\u003cb\u003eתאריך:\u003c/b\u003e 09-06-2025\u003cbr/\u003e\u003cb\u003eID:\u003c/b\u003e 962\u003cbr/\u003e\u003cb\u003eFB:\u003c/b\u003e \u003ca href=\u0027https://www.facebook.com/groups/3235176716775457/posts/3663295057296952/\u0027\u003ehttps://www.facebook.com/groups/3235176716775457/posts/3663295057296952/\u003c/a\u003e\u003cbr/\u003e\u003cbr/\u003e\u003cimg src=\u0027https://drive.google.com/uc?export=view\u0026amp;id=192oq0QC68ypBivJ7txn_XfoczHH6K3BI\u0027 width=\u0027450\u0027/\u003e\u003cbr/\u003e\u003c/div\u003e",
                                            "tessellate":  -1,
                                            "extrude":  0,
                                            "visibility":  -1
                                        },
                         "geometry":  {
                                          "type":  "Point",
                                          "coordinates":  [
                                                              2.90977,
                                                              48.85807,
                                                              0.0
                                                          ]
                                      }
                     },
                     {
                         "type":  "Feature",
                         "properties":  {
                                            "Name":  "#1025",
                                            "description":  "\u003cdiv dir=\u0027rtl\u0027 style=\u0027font-family:Arial;\u0027\u003e\u003cb\u003eשם:\u003c/b\u003e מרים רויטמן\u003cbr/\u003e\u003cb\u003eאתר:\u003c/b\u003e המפל הכסוף\u003cbr/\u003e\u003cb\u003eתאריך:\u003c/b\u003e 06-02-2026\u003cbr/\u003e\u003cb\u003eID:\u003c/b\u003e 3574\u003cbr/\u003e\u003cb\u003eFB:\u003c/b\u003e \u003ca href=\u0027https://www.facebook.com/groups/beshvil.yael/posts/3880359782257144/\u0027\u003ehttps://www.facebook.com/groups/beshvil.yael/posts/3880359782257144/\u003c/a\u003e\u003cbr/\u003e\u003cbr/\u003e\u003cimg src=\u0027https://drive.google.com/uc?export=view\u0026amp;id=1sg4OGQmHFAdUm6I1xtlrqX8yNYIsgYPr\u0027 width=\u0027450\u0027/\u003e\u003cbr/\u003e\u003c/div\u003e",
                                            "tessellate":  -1,
                                            "extrude":  0,
                                            "visibility":  -1
                                        },
                         "geometry":  {
                                          "type":  "Point",
                                          "coordinates":  [
                                                              103.77896,
                                                              22.36359,
                                                              0.0
                                                          ]
                                      }
                     },
                     {
                         "type":  "Feature",
                         "properties":  {
                                            "Name":  "#1025",
                                            "description":  "\u003cdiv dir=\u0027rtl\u0027 style=\u0027font-family:Arial;\u0027\u003e\u003cb\u003eשם:\u003c/b\u003e מרים רויטמן\u003cbr/\u003e\u003cb\u003eאתר:\u003c/b\u003e אי הקופים\u003cbr/\u003e\u003cb\u003eתאריך:\u003c/b\u003e 12-02-2026\u003cbr/\u003e\u003cb\u003eID:\u003c/b\u003e 3682\u003cbr/\u003e\u003cb\u003eFB:\u003c/b\u003e \u003ca href=\u0027https://www.facebook.com/groups/beshvil.yael/posts/3888170888142700/\u0027\u003ehttps://www.facebook.com/groups/beshvil.yael/posts/3888170888142700/\u003c/a\u003e\u003cbr/\u003e\u003cbr/\u003e\u003cimg src=\u0027https://drive.google.com/uc?export=view\u0026amp;id=1zoxnBLRUjmMqTEQA1P3a1VcEUVgBjAA0\u0027 width=\u0027450\u0027/\u003e\u003cbr/\u003e\u003c/div\u003e",
                                            "tessellate":  -1,
                                            "extrude":  0,
                                            "visibility":  -1
                                        },
                         "geometry":  {
                                          "type":  "Point",
                                          "coordinates":  [
                                                              108.2783,
                                                              16.09968,
                                                              0.0
                                                          ]
                                      }
                     },
                     {
                         "type":  "Feature",
                         "properties":  {
                                            "Name":  "#1025",
                                            "description":  "\u003cdiv dir=\u0027rtl\u0027 style=\u0027font-family:Arial;\u0027\u003e\u003cb\u003eשם:\u003c/b\u003e מרים רויטמן\u003cbr/\u003e\u003cb\u003eאתר:\u003c/b\u003e דלתת נהר המקונג\u003cbr/\u003e\u003cb\u003eתאריך:\u003c/b\u003e 15-02-2026\u003cbr/\u003e\u003cb\u003eID:\u003c/b\u003e 3726\u003cbr/\u003e\u003cb\u003eFB:\u003c/b\u003e \u003ca href=\u0027https://www.facebook.com/groups/beshvil.yael/posts/3891122517847537/\u0027\u003ehttps://www.facebook.com/groups/beshvil.yael/posts/3891122517847537/\u003c/a\u003e\u003cbr/\u003e\u003cbr/\u003e\u003cimg src=\u0027https://drive.google.com/uc?export=view\u0026amp;id=1MXC_8Wl4xc2rtjcR8G4no8fCSIXWIcmK\u0027 width=\u0027450\u0027/\u003e\u003cbr/\u003e\u003c/div\u003e",
                                            "tessellate":  -1,
                                            "extrude":  0,
                                            "visibility":  -1
                                        },
                         "geometry":  {
                                          "type":  "Point",
                                          "coordinates":  [
                                                              106.21691,
                                                              10.22442,
                                                              0.0
                                                          ]
                                      }
                     },
                     {
                         "type":  "Feature",
                         "properties":  {
                                            "Name":  "#1037",
                                            "description":  "\u003cdiv dir=\u0027rtl\u0027 style=\u0027font-family:Arial;\u0027\u003e\u003cb\u003eשם:\u003c/b\u003e יעל שוסטר\u003cbr/\u003e\u003cb\u003eאתר:\u003c/b\u003e Fürsrenberg/Habel\u003cbr/\u003e\u003cb\u003eתאריך:\u003c/b\u003e 18-10-2025\u003cbr/\u003e\u003cb\u003eID:\u003c/b\u003e 2431\u003cbr/\u003e\u003cb\u003eFB:\u003c/b\u003e \u003ca href=\u0027https://www.facebook.com/groups/beshvil.yael/posts/3783678811925242\u0027\u003ehttps://www.facebook.com/groups/beshvil.yael/posts/3783678811925242\u003c/a\u003e\u003cbr/\u003e\u003cbr/\u003e\u003cimg src=\u0027https://drive.google.com/uc?export=view\u0026amp;id=1FPW9X4EgxWMwKKu9oWTGNJTQsGqDks3T\u0027 width=\u0027450\u0027/\u003e\u003cbr/\u003e\u003c/div\u003e",
                                            "tessellate":  -1,
                                            "extrude":  0,
                                            "visibility":  -1
                                        },
                         "geometry":  {
                                          "type":  "Point",
                                          "coordinates":  [
                                                              13.12986,
                                                              53.18591,
                                                              0.0
                                                          ]
                                      }
                     },
                     {
                         "type":  "Feature",
                         "properties":  {
                                            "Name":  "#1045",
                                            "description":  "\u003cdiv dir=\u0027rtl\u0027 style=\u0027font-family:Arial;\u0027\u003e\u003cb\u003eשם:\u003c/b\u003e מיכאל קורנקוב\u003cbr/\u003e\u003cb\u003eאתר:\u003c/b\u003e WTC\u003cbr/\u003e\u003cb\u003eתאריך:\u003c/b\u003e 07-09-2025\u003cbr/\u003e\u003cb\u003eID:\u003c/b\u003e 1794\u003cbr/\u003e\u003cb\u003eFB:\u003c/b\u003e \u003ca href=\u0027https://www.facebook.com/groups/beshvil.yael/posts/3743017062658084/\u0027\u003ehttps://www.facebook.com/groups/beshvil.yael/posts/3743017062658084/\u003c/a\u003e\u003cbr/\u003e\u003cbr/\u003e\u003cimg src=\u0027https://drive.google.com/uc?export=view\u0026amp;id=1Z_khHyMRvQlI2vJdCZrNDqXJv5uJ0dSc\u0027 width=\u0027450\u0027/\u003e\u003cbr/\u003e\u003c/div\u003e",
                                            "tessellate":  -1,
                                            "extrude":  0,
                                            "visibility":  -1
                                        },
                         "geometry":  {
                                          "type":  "Point",
                                          "coordinates":  [
                                                              -74.0136668,
                                                              40.7123216,
                                                              0.0
                                                          ]
                                      }
                     },
                     {
                         "type":  "Feature",
                         "properties":  {
                                            "Name":  "#1045",
                                            "description":  "\u003cdiv dir=\u0027rtl\u0027 style=\u0027font-family:Arial;\u0027\u003e\u003cb\u003eשם:\u003c/b\u003e מיכאל קורנקוב\u003cbr/\u003e\u003cb\u003eאתר:\u003c/b\u003e Empire State building\u003cbr/\u003e\u003cb\u003eתאריך:\u003c/b\u003e 08-09-2025\u003cbr/\u003e\u003cb\u003eID:\u003c/b\u003e 1801\u003cbr/\u003e\u003cb\u003eFB:\u003c/b\u003e \u003ca href=\u0027https://www.facebook.com/groups/beshvil.yael/posts/3743837222576068/\u0027\u003ehttps://www.facebook.com/groups/beshvil.yael/posts/3743837222576068/\u003c/a\u003e\u003cbr/\u003e\u003cbr/\u003e\u003cimg src=\u0027https://drive.google.com/uc?export=view\u0026amp;id=13X-51b-UmewD0G__zaOdptrARn2DkJ6y\u0027 width=\u0027450\u0027/\u003e\u003cbr/\u003e\u003c/div\u003e",
                                            "tessellate":  -1,
                                            "extrude":  0,
                                            "visibility":  -1
                                        },
                         "geometry":  {
                                          "type":  "Point",
                                          "coordinates":  [
                                                              -73.986512,
                                                              40.7486762,
                                                              0.0
                                                          ]
                                      }
                     },
                     {
                         "type":  "Feature",
                         "properties":  {
                                            "Name":  "#1045",
                                            "description":  "\u003cdiv dir=\u0027rtl\u0027 style=\u0027font-family:Arial;\u0027\u003e\u003cb\u003eשם:\u003c/b\u003e מיכאל קורנקוב\u003cbr/\u003e\u003cb\u003eאתר:\u003c/b\u003e לאס וגאס\u003cbr/\u003e\u003cb\u003eתאריך:\u003c/b\u003e 19-09-2025\u003cbr/\u003e\u003cb\u003eID:\u003c/b\u003e 1945\u003cbr/\u003e\u003cb\u003eFB:\u003c/b\u003e \u003ca href=\u0027https://www.facebook.com/groups/beshvil.yael/posts/3754405264852597\u0027\u003ehttps://www.facebook.com/groups/beshvil.yael/posts/3754405264852597\u003c/a\u003e\u003cbr/\u003e\u003cbr/\u003e\u003cimg src=\u0027https://drive.google.com/uc?export=view\u0026amp;id=1GXS1ldYC63KPsahndjRFKY64epKTwcnU\u0027 width=\u0027450\u0027/\u003e\u003cbr/\u003e\u003c/div\u003e",
                                            "tessellate":  -1,
                                            "extrude":  0,
                                            "visibility":  -1
                                        },
                         "geometry":  {
                                          "type":  "Point",
                                          "coordinates":  [
                                                              -115.16381,
                                                              36.19483,
                                                              0.0
                                                          ]
                                      }
                     },
                     {
                         "type":  "Feature",
                         "properties":  {
                                            "Name":  "#1045",
                                            "description":  "\u003cdiv dir=\u0027rtl\u0027 style=\u0027font-family:Arial;\u0027\u003e\u003cb\u003eשם:\u003c/b\u003e מיכאל קורנקוב\u003cbr/\u003e\u003cb\u003eאתר:\u003c/b\u003e גרנד קנין\u003cbr/\u003e\u003cb\u003eתאריך:\u003c/b\u003e 21-09-2025\u003cbr/\u003e\u003cb\u003eID:\u003c/b\u003e 1976\u003cbr/\u003e\u003cb\u003eFB:\u003c/b\u003e \u003ca href=\u0027https://www.facebook.com/groups/beshvil.yael/posts/3756342664658857\u0027\u003ehttps://www.facebook.com/groups/beshvil.yael/posts/3756342664658857\u003c/a\u003e\u003cbr/\u003e\u003cbr/\u003e\u003cimg src=\u0027https://drive.google.com/uc?export=view\u0026amp;id=1kEYS9CczWCNvG6fHuwJG335fWGglgJj3\u0027 width=\u0027450\u0027/\u003e\u003cbr/\u003e\u003c/div\u003e",
                                            "tessellate":  -1,
                                            "extrude":  0,
                                            "visibility":  -1
                                        },
                         "geometry":  {
                                          "type":  "Point",
                                          "coordinates":  [
                                                              -112.11353,
                                                              36.1001,
                                                              0.0
                                                          ]
                                      }
                     },
                     {
                         "type":  "Feature",
                         "properties":  {
                                            "Name":  "#1045",
                                            "description":  "\u003cdiv dir=\u0027rtl\u0027 style=\u0027font-family:Arial;\u0027\u003e\u003cb\u003eשם:\u003c/b\u003e מיכאל קורנקוב\u003cbr/\u003e\u003cb\u003eאתר:\u003c/b\u003e פארק ארצ\u0027ס\u003cbr/\u003e\u003cb\u003eתאריך:\u003c/b\u003e 23-09-2025\u003cbr/\u003e\u003cb\u003eID:\u003c/b\u003e 2005\u003cbr/\u003e\u003cb\u003eFB:\u003c/b\u003e \u003ca href=\u0027https://www.facebook.com/groups/beshvil.yael/posts/3758234537803003/\u0027\u003ehttps://www.facebook.com/groups/beshvil.yael/posts/3758234537803003/\u003c/a\u003e\u003cbr/\u003e\u003cbr/\u003e\u003cimg src=\u0027https://drive.google.com/uc?export=view\u0026amp;id=1fKDnCzyljBKqyYtG9i-lav8awv0MERin\u0027 width=\u0027450\u0027/\u003e\u003cbr/\u003e\u003c/div\u003e",
                                            "tessellate":  -1,
                                            "extrude":  0,
                                            "visibility":  -1
                                        },
                         "geometry":  {
                                          "type":  "Point",
                                          "coordinates":  [
                                                              -109.6089551,
                                                              38.7403139,
                                                              0.0
                                                          ]
                                      }
                     },
                     {
                         "type":  "Feature",
                         "properties":  {
                                            "Name":  "#1045",
                                            "description":  "\u003cdiv dir=\u0027rtl\u0027 style=\u0027font-family:Arial;\u0027\u003e\u003cb\u003eשם:\u003c/b\u003e מיכאל קורנקוב\u003cbr/\u003e\u003cb\u003eאתר:\u003c/b\u003e מרכז רוקפלר\u003cbr/\u003e\u003cb\u003eתאריך:\u003c/b\u003e 24-09-2025\u003cbr/\u003e\u003cb\u003eID:\u003c/b\u003e 2028\u003cbr/\u003e\u003cb\u003eFB:\u003c/b\u003e \u003ca href=\u0027https://www.facebook.com/groups/beshvil.yael/posts/3759470294346094\u0027\u003ehttps://www.facebook.com/groups/beshvil.yael/posts/3759470294346094\u003c/a\u003e\u003cbr/\u003e\u003cbr/\u003e\u003cimg src=\u0027https://drive.google.com/uc?export=view\u0026amp;id=1fwSWF4mo4g77oLVZAyInz-2luXBx8V0u\u0027 width=\u0027450\u0027/\u003e\u003cbr/\u003e\u003c/div\u003e",
                                            "tessellate":  -1,
                                            "extrude":  0,
                                            "visibility":  -1
                                        },
                         "geometry":  {
                                          "type":  "Point",
                                          "coordinates":  [
                                                              -73.97892,
                                                              40.75897,
                                                              0.0
                                                          ]
                                      }
                     },
                     {
                         "type":  "Feature",
                         "properties":  {
                                            "Name":  "#1045",
                                            "description":  "\u003cdiv dir=\u0027rtl\u0027 style=\u0027font-family:Arial;\u0027\u003e\u003cb\u003eשם:\u003c/b\u003e מיכאל קורנקוב\u003cbr/\u003e\u003cb\u003eאתר:\u003c/b\u003e פסל החירות\u003cbr/\u003e\u003cb\u003eתאריך:\u003c/b\u003e 27-09-2025\u003cbr/\u003e\u003cb\u003eID:\u003c/b\u003e 2066\u003cbr/\u003e\u003cb\u003eFB:\u003c/b\u003e \u003ca href=\u0027https://www.facebook.com/groups/beshvil.yael/posts/3761883764104747\u0027\u003ehttps://www.facebook.com/groups/beshvil.yael/posts/3761883764104747\u003c/a\u003e\u003cbr/\u003e\u003cbr/\u003e\u003cimg src=\u0027https://drive.google.com/uc?export=view\u0026amp;id=1bKYfCvjT_yjSszXIOz_kFD_pAGtY9YV5\u0027 width=\u0027450\u0027/\u003e\u003cbr/\u003e\u003c/div\u003e",
                                            "tessellate":  -1,
                                            "extrude":  0,
                                            "visibility":  -1
                                        },
                         "geometry":  {
                                          "type":  "Point",
                                          "coordinates":  [
                                                              -74.04402,
                                                              40.69051,
                                                              0.0
                                                          ]
                                      }
                     },
                     {
                         "type":  "Feature",
                         "properties":  {
                                            "Name":  "#1045",
                                            "description":  "\u003cdiv dir=\u0027rtl\u0027 style=\u0027font-family:Arial;\u0027\u003e\u003cb\u003eשם:\u003c/b\u003e מיכאל קורנקוב\u003cbr/\u003e\u003cb\u003eאתר:\u003c/b\u003e Rynek Starego Miasta\u003cbr/\u003e\u003cb\u003eתאריך:\u003c/b\u003e 29-09-2025\u003cbr/\u003e\u003cb\u003eID:\u003c/b\u003e 2091\u003cbr/\u003e\u003cb\u003eFB:\u003c/b\u003e \u003ca href=\u0027https://www.facebook.com/groups/beshvil.yael/posts/3763603940599396\u0027\u003ehttps://www.facebook.com/groups/beshvil.yael/posts/3763603940599396\u003c/a\u003e\u003cbr/\u003e\u003cbr/\u003e\u003cimg src=\u0027https://drive.google.com/uc?export=view\u0026amp;id=1X0I9ezQiYtK2X5IL93jPEGc6txI0KHbZ\u0027 width=\u0027450\u0027/\u003e\u003cbr/\u003e\u003c/div\u003e",
                                            "tessellate":  -1,
                                            "extrude":  0,
                                            "visibility":  -1
                                        },
                         "geometry":  {
                                          "type":  "Point",
                                          "coordinates":  [
                                                              21.01191,
                                                              52.25001,
                                                              0.0
                                                          ]
                                      }
                     },
                     {
                         "type":  "Feature",
                         "properties":  {
                                            "Name":  "#1047",
                                            "description":  "\u003cdiv dir=\u0027rtl\u0027 style=\u0027font-family:Arial;\u0027\u003e\u003cb\u003eשם:\u003c/b\u003e אוריין לניאדו לוין\u003cbr/\u003e\u003cb\u003eאתר:\u003c/b\u003e שמורת הגורילות\u003cbr/\u003e\u003cb\u003eתאריך:\u003c/b\u003e 04-08-2025\u003cbr/\u003e\u003cb\u003eID:\u003c/b\u003e 1395\u003cbr/\u003e\u003cb\u003eFB:\u003c/b\u003e \u003ca href=\u0027https://www.facebook.com/groups/beshvil.yael/posts/3712705815689209/\u0027\u003ehttps://www.facebook.com/groups/beshvil.yael/posts/3712705815689209/\u003c/a\u003e\u003cbr/\u003e\u003cbr/\u003e\u003cimg src=\u0027https://drive.google.com/uc?export=view\u0026amp;id=1zcylAOkj2Y_oj0ZANww4qNkcI2xKpIYE\u0027 width=\u0027450\u0027/\u003e\u003cbr/\u003e\u003c/div\u003e",
                                            "tessellate":  -1,
                                            "extrude":  0,
                                            "visibility":  -1
                                        },
                         "geometry":  {
                                          "type":  "Point",
                                          "coordinates":  [
                                                              29.6225332,
                                                              -1.4182961,
                                                              0.0
                                                          ]
                                      }
                     },
                     {
                         "type":  "Feature",
                         "properties":  {
                                            "Name":  "#1048",
                                            "description":  "\u003cdiv dir=\u0027rtl\u0027 style=\u0027font-family:Arial;\u0027\u003e\u003cb\u003eשם:\u003c/b\u003e ענת לייבפלד בן שלמה\u003cbr/\u003e\u003cb\u003eאתר:\u003c/b\u003e \u003cbr/\u003e\u003cb\u003eתאריך:\u003c/b\u003e 22-08-2025\u003cbr/\u003e\u003cb\u003eID:\u003c/b\u003e 1618\u003cbr/\u003e\u003cb\u003eFB:\u003c/b\u003e \u003ca href=\u0027https://www.facebook.com/groups/beshvil.yael/posts/3728379274121863/\u0027\u003ehttps://www.facebook.com/groups/beshvil.yael/posts/3728379274121863/\u003c/a\u003e\u003cbr/\u003e\u003cbr/\u003e\u003cimg src=\u0027https://drive.google.com/uc?export=view\u0026amp;id=1SYyC1gQJPgNoaZ7YSAuGyD1oNFGewJ7a\u0027 width=\u0027450\u0027/\u003e\u003cbr/\u003e\u003c/div\u003e",
                                            "tessellate":  -1,
                                            "extrude":  0,
                                            "visibility":  -1
                                        },
                         "geometry":  {
                                          "type":  "Point",
                                          "coordinates":  [
                                                              -19.6566098,
                                                              64.4771471,
                                                              0.0
                                                          ]
                                      }
                     },
                     {
                         "type":  "Feature",
                         "properties":  {
                                            "Name":  "#1048",
                                            "description":  "\u003cdiv dir=\u0027rtl\u0027 style=\u0027font-family:Arial;\u0027\u003e\u003cb\u003eשם:\u003c/b\u003e ענת לייבפלד בן שלמה\u003cbr/\u003e\u003cb\u003eאתר:\u003c/b\u003e \u003cbr/\u003e\u003cb\u003eתאריך:\u003c/b\u003e 31-08-2025\u003cbr/\u003e\u003cb\u003eID:\u003c/b\u003e 1712\u003cbr/\u003e\u003cb\u003eFB:\u003c/b\u003e \u003ca href=\u0027https://www.facebook.com/groups/beshvil.yael/posts/3737447376548386/\u0027\u003ehttps://www.facebook.com/groups/beshvil.yael/posts/3737447376548386/\u003c/a\u003e\u003cbr/\u003e\u003cbr/\u003e\u003cimg src=\u0027https://drive.google.com/uc?export=view\u0026amp;id=1n9KVsWKf2DKrsvQPmlCotH9GOJq9AY_z\u0027 width=\u0027450\u0027/\u003e\u003cbr/\u003e\u003c/div\u003e",
                                            "tessellate":  -1,
                                            "extrude":  0,
                                            "visibility":  -1
                                        },
                         "geometry":  {
                                          "type":  "Point",
                                          "coordinates":  [
                                                              -21.9644446,
                                                              64.1402497,
                                                              0.0
                                                          ]
                                      }
                     },
                     {
                         "type":  "Feature",
                         "properties":  {
                                            "Name":  "#1058",
                                            "description":  "\u003cdiv dir=\u0027rtl\u0027 style=\u0027font-family:Arial;\u0027\u003e\u003cb\u003eשם:\u003c/b\u003e ענת לייבפלד בן שלמה\u003cbr/\u003e\u003cb\u003eאתר:\u003c/b\u003e אגם טאהו\u003cbr/\u003e\u003cb\u003eתאריך:\u003c/b\u003e 27-07-2025\u003cbr/\u003e\u003cb\u003eID:\u003c/b\u003e 1312\u003cbr/\u003e\u003cb\u003eFB:\u003c/b\u003e \u003ca href=\u0027https://www.facebook.com/groups/beshvil.yael/posts/3704615816498209/\u0027\u003ehttps://www.facebook.com/groups/beshvil.yael/posts/3704615816498209/\u003c/a\u003e\u003cbr/\u003e\u003cbr/\u003e\u003cimg src=\u0027https://drive.google.com/uc?export=view\u0026amp;id=1w3jdPCUl5z4Lizxkso2Kq40uIapyNZJe\u0027 width=\u0027450\u0027/\u003e\u003cbr/\u003e\u003c/div\u003e",
                                            "tessellate":  -1,
                                            "extrude":  0,
                                            "visibility":  -1
                                        },
                         "geometry":  {
                                          "type":  "Point",
                                          "coordinates":  [
                                                              -119.9073819,
                                                              39.1277431,
                                                              0.0
                                                          ]
                                      }
                     },
                     {
                         "type":  "Feature",
                         "properties":  {
                                            "Name":  "#1066",
                                            "description":  "\u003cdiv dir=\u0027rtl\u0027 style=\u0027font-family:Arial;\u0027\u003e\u003cb\u003eשם:\u003c/b\u003e \u003cbr/\u003e\u003cb\u003eאתר:\u003c/b\u003e Ithaca,\u003cbr/\u003e\u003cb\u003eתאריך:\u003c/b\u003e 09-12-2025\u003cbr/\u003e\u003cb\u003eID:\u003c/b\u003e 3012\u003cbr/\u003e\u003cb\u003eFB:\u003c/b\u003e \u003ca href=\u0027https://www.facebook.com/groups/beshvil.yael/posts/3830780993881690\u0027\u003ehttps://www.facebook.com/groups/beshvil.yael/posts/3830780993881690\u003c/a\u003e\u003cbr/\u003e\u003cbr/\u003e\u003cimg src=\u0027https://drive.google.com/uc?export=view\u0026amp;id=1MBX6FRW8zWUKVCThiajeuxeNxLN3ohWm\u0027 width=\u0027450\u0027/\u003e\u003cbr/\u003e\u003c/div\u003e",
                                            "tessellate":  -1,
                                            "extrude":  0,
                                            "visibility":  -1
                                        },
                         "geometry":  {
                                          "type":  "Point",
                                          "coordinates":  [
                                                              -76.51561,
                                                              42.43408,
                                                              0.0
                                                          ]
                                      }
                     },
                     {
                         "type":  "Feature",
                         "properties":  {
                                            "Name":  "#1067",
                                            "description":  "\u003cdiv dir=\u0027rtl\u0027 style=\u0027font-family:Arial;\u0027\u003e\u003cb\u003eשם:\u003c/b\u003e \u003cbr/\u003e\u003cb\u003eאתר:\u003c/b\u003e Ithaca,\u003cbr/\u003e\u003cb\u003eתאריך:\u003c/b\u003e 09-12-2025\u003cbr/\u003e\u003cb\u003eID:\u003c/b\u003e 129\u003cbr/\u003e\u003cb\u003eFB:\u003c/b\u003e \u003ca href=\u0027https://www.facebook.com/groups/beshvil.yael/posts/3830780993881690\u0027\u003ehttps://www.facebook.com/groups/beshvil.yael/posts/3830780993881690\u003c/a\u003e\u003cbr/\u003e\u003cbr/\u003e\u003cimg src=\u0027https://drive.google.com/uc?export=view\u0026amp;id=1MBX6FRW8zWUKVCThiajeuxeNxLN3ohWm\u0027 width=\u0027450\u0027/\u003e\u003cbr/\u003e\u003c/div\u003e",
                                            "tessellate":  -1,
                                            "extrude":  0,
                                            "visibility":  -1
                                        },
                         "geometry":  {
                                          "type":  "Point",
                                          "coordinates":  [
                                                              -76.51561,
                                                              42.43435,
                                                              0.0
                                                          ]
                                      }
                     },
                     {
                         "type":  "Feature",
                         "properties":  {
                                            "Name":  "#1084",
                                            "description":  "\u003cdiv dir=\u0027rtl\u0027 style=\u0027font-family:Arial;\u0027\u003e\u003cb\u003eשם:\u003c/b\u003e ענת לייבפלד בן שלמה\u003cbr/\u003e\u003cb\u003eאתר:\u003c/b\u003e \u003cbr/\u003e\u003cb\u003eתאריך:\u003c/b\u003e 07-05-2025\u003cbr/\u003e\u003cb\u003eID:\u003c/b\u003e 134\u003cbr/\u003e\u003cb\u003eFB:\u003c/b\u003e \u003ca href=\u0027https://www.facebook.com/groups/3235176716775457/posts/3636402156652909/\u0027\u003ehttps://www.facebook.com/groups/3235176716775457/posts/3636402156652909/\u003c/a\u003e\u003cbr/\u003e\u003cbr/\u003e\u003cimg src=\u0027https://drive.google.com/uc?export=view\u0026amp;id=1BY-XFXOIzFn33vfSN7B9aUut30o3C-1H\u0027 width=\u0027450\u0027/\u003e\u003cbr/\u003e\u003c/div\u003e",
                                            "tessellate":  -1,
                                            "extrude":  0,
                                            "visibility":  -1
                                        },
                         "geometry":  {
                                          "type":  "Point",
                                          "coordinates":  [
                                                              20.168331,
                                                              41.153332,
                                                              0.0
                                                          ]
                                      }
                     },
                     {
                         "type":  "Feature",
                         "properties":  {
                                            "Name":  "#1084",
                                            "description":  "\u003cdiv dir=\u0027rtl\u0027 style=\u0027font-family:Arial;\u0027\u003e\u003cb\u003eשם:\u003c/b\u003e ענת לייבפלד בן שלמה\u003cbr/\u003e\u003cb\u003eאתר:\u003c/b\u003e פריז\u003cbr/\u003e\u003cb\u003eתאריך:\u003c/b\u003e 02-09-2025\u003cbr/\u003e\u003cb\u003eID:\u003c/b\u003e 1725\u003cbr/\u003e\u003cb\u003eFB:\u003c/b\u003e \u003ca href=\u0027https://www.facebook.com/groups/beshvil.yael/posts/3738342423125548/\u0027\u003ehttps://www.facebook.com/groups/beshvil.yael/posts/3738342423125548/\u003c/a\u003e\u003cbr/\u003e\u003cbr/\u003e\u003cimg src=\u0027https://drive.google.com/uc?export=view\u0026amp;id=16IlLg0txsCy5OoBRLwl0e3mVdo0td8T7\u0027 width=\u0027450\u0027/\u003e\u003cbr/\u003e\u003c/div\u003e",
                                            "tessellate":  -1,
                                            "extrude":  0,
                                            "visibility":  -1
                                        },
                         "geometry":  {
                                          "type":  "Point",
                                          "coordinates":  [
                                                              2.3216092,
                                                              48.8619102,
                                                              0.0
                                                          ]
                                      }
                     },
                     {
                         "type":  "Feature",
                         "properties":  {
                                            "Name":  "#1088",
                                            "description":  "\u003cdiv dir=\u0027rtl\u0027 style=\u0027font-family:Arial;\u0027\u003e\u003cb\u003eשם:\u003c/b\u003e משה קמנסקי\u003cbr/\u003e\u003cb\u003eאתר:\u003c/b\u003e \u003cbr/\u003e\u003cb\u003eתאריך:\u003c/b\u003e 29-06-2025\u003cbr/\u003e\u003cb\u003eID:\u003c/b\u003e 1073\u003cbr/\u003e\u003cb\u003eFB:\u003c/b\u003e \u003ca href=\u0027https://www.facebook.com/groups/beshvil.yael/posts/3680917685534689\u0027\u003ehttps://www.facebook.com/groups/beshvil.yael/posts/3680917685534689\u003c/a\u003e\u003cbr/\u003e\u003cbr/\u003e\u003cimg src=\u0027https://drive.google.com/uc?export=view\u0026amp;id=1oCYmdiwsU0Mqgwe0aGK7G0XrfndoRYy-\u0027 width=\u0027450\u0027/\u003e\u003cbr/\u003e\u003c/div\u003e",
                                            "tessellate":  -1,
                                            "extrude":  0,
                                            "visibility":  -1
                                        },
                         "geometry":  {
                                          "type":  "Point",
                                          "coordinates":  [
                                                              -74.0343254,
                                                              4.6069672,
                                                              0.0
                                                          ]
                                      }
                     },
                     {
                         "type":  "Feature",
                         "properties":  {
                                            "Name":  "#1088",
                                            "description":  "\u003cdiv dir=\u0027rtl\u0027 style=\u0027font-family:Arial;\u0027\u003e\u003cb\u003eשם:\u003c/b\u003e משה קמנסקי\u003cbr/\u003e\u003cb\u003eאתר:\u003c/b\u003e אמזונס\u003cbr/\u003e\u003cb\u003eתאריך:\u003c/b\u003e 05-07-2025\u003cbr/\u003e\u003cb\u003eID:\u003c/b\u003e 1113\u003cbr/\u003e\u003cb\u003eFB:\u003c/b\u003e \u003ca href=\u0027https://www.facebook.com/groups/beshvil.yael/posts/3686266624999795/\u0027\u003ehttps://www.facebook.com/groups/beshvil.yael/posts/3686266624999795/\u003c/a\u003e\u003cbr/\u003e\u003cbr/\u003e\u003cimg src=\u0027https://drive.google.com/uc?export=view\u0026amp;id=1dDjtCXWUNqSyxYe-WeiVgo7yxXZMUgZe\u0027 width=\u0027450\u0027/\u003e\u003cbr/\u003e\u003c/div\u003e",
                                            "tessellate":  -1,
                                            "extrude":  0,
                                            "visibility":  -1
                                        },
                         "geometry":  {
                                          "type":  "Point",
                                          "coordinates":  [
                                                              -69.9547898,
                                                              -4.2011962,
                                                              0.0
                                                          ]
                                      }
                     },
                     {
                         "type":  "Feature",
                         "properties":  {
                                            "Name":  "#1088",
                                            "description":  "\u003cdiv dir=\u0027rtl\u0027 style=\u0027font-family:Arial;\u0027\u003e\u003cb\u003eשם:\u003c/b\u003e משה קמנסקי\u003cbr/\u003e\u003cb\u003eאתר:\u003c/b\u003e אמזונס\u003cbr/\u003e\u003cb\u003eתאריך:\u003c/b\u003e 09-07-2025\u003cbr/\u003e\u003cb\u003eID:\u003c/b\u003e 1134\u003cbr/\u003e\u003cb\u003eFB:\u003c/b\u003e \u003ca href=\u0027https://www.facebook.com/groups/beshvil.yael/posts/3688970854729372/\u0027\u003ehttps://www.facebook.com/groups/beshvil.yael/posts/3688970854729372/\u003c/a\u003e\u003cbr/\u003e\u003cbr/\u003e\u003cimg src=\u0027https://drive.google.com/uc?export=view\u0026amp;id=1VZO_3t0pnnGZCmwEN3AFYQPza9M5px56\u0027 width=\u0027450\u0027/\u003e\u003cbr/\u003e\u003c/div\u003e",
                                            "tessellate":  -1,
                                            "extrude":  0,
                                            "visibility":  -1
                                        },
                         "geometry":  {
                                          "type":  "Point",
                                          "coordinates":  [
                                                              -71.6724085,
                                                              -4.0851544,
                                                              0.0
                                                          ]
                                      }
                     },
                     {
                         "type":  "Feature",
                         "properties":  {
                                            "Name":  "#1088",
                                            "description":  "\u003cdiv dir=\u0027rtl\u0027 style=\u0027font-family:Arial;\u0027\u003e\u003cb\u003eשם:\u003c/b\u003e משה קמנסקי\u003cbr/\u003e\u003cb\u003eאתר:\u003c/b\u003e \u003cbr/\u003e\u003cb\u003eתאריך:\u003c/b\u003e 10-07-2025\u003cbr/\u003e\u003cb\u003eID:\u003c/b\u003e 1145\u003cbr/\u003e\u003cb\u003eFB:\u003c/b\u003e \u003ca href=\u0027https://www.facebook.com/groups/beshvil.yael/posts/3689963684630089/\u0027\u003ehttps://www.facebook.com/groups/beshvil.yael/posts/3689963684630089/\u003c/a\u003e\u003cbr/\u003e\u003cbr/\u003e\u003cimg src=\u0027https://drive.google.com/uc?export=view\u0026amp;id=1YDTiUWjEN-BOW1euz0NApo_V6JR--8Ev\u0027 width=\u0027450\u0027/\u003e\u003cbr/\u003e\u003c/div\u003e",
                                            "tessellate":  -1,
                                            "extrude":  0,
                                            "visibility":  -1
                                        },
                         "geometry":  {
                                          "type":  "Point",
                                          "coordinates":  [
                                                              -76.0262118,
                                                              -9.5809819,
                                                              0.0
                                                          ]
                                      }
                     },
                     {
                         "type":  "Feature",
                         "properties":  {
                                            "Name":  "#1088",
                                            "description":  "\u003cdiv dir=\u0027rtl\u0027 style=\u0027font-family:Arial;\u0027\u003e\u003cb\u003eשם:\u003c/b\u003e משה קמנסקי\u003cbr/\u003e\u003cb\u003eאתר:\u003c/b\u003e ואראס Laguna Churup\u003cbr/\u003e\u003cb\u003eתאריך:\u003c/b\u003e 11-07-2025\u003cbr/\u003e\u003cb\u003eID:\u003c/b\u003e 1154\u003cbr/\u003e\u003cb\u003eFB:\u003c/b\u003e \u003ca href=\u0027https://www.facebook.com/groups/beshvil.yael/posts/3690836237876167/\u0027\u003ehttps://www.facebook.com/groups/beshvil.yael/posts/3690836237876167/\u003c/a\u003e\u003cbr/\u003e\u003cbr/\u003e\u003cimg src=\u0027https://drive.google.com/uc?export=view\u0026amp;id=1wYWGimIDoChryC7vYYTwGWgEDIOOSNms\u0027 width=\u0027450\u0027/\u003e\u003cbr/\u003e\u003c/div\u003e",
                                            "tessellate":  -1,
                                            "extrude":  0,
                                            "visibility":  -1
                                        },
                         "geometry":  {
                                          "type":  "Point",
                                          "coordinates":  [
                                                              -77.4312741,
                                                              -9.4838103,
                                                              0.0
                                                          ]
                                      }
                     },
                     {
                         "type":  "Feature",
                         "properties":  {
                                            "Name":  "#1088",
                                            "description":  "\u003cdiv dir=\u0027rtl\u0027 style=\u0027font-family:Arial;\u0027\u003e\u003cb\u003eשם:\u003c/b\u003e משה קמנסקי\u003cbr/\u003e\u003cb\u003eאתר:\u003c/b\u003e \u003cbr/\u003e\u003cb\u003eתאריך:\u003c/b\u003e 21-07-2025\u003cbr/\u003e\u003cb\u003eID:\u003c/b\u003e 1264\u003cbr/\u003e\u003cb\u003eFB:\u003c/b\u003e \u003ca href=\u0027https://www.facebook.com/groups/beshvil.yael/posts/3699817253644732/\u0027\u003ehttps://www.facebook.com/groups/beshvil.yael/posts/3699817253644732/\u003c/a\u003e\u003cbr/\u003e\u003cbr/\u003e\u003cimg src=\u0027https://drive.google.com/uc?export=view\u0026amp;id=11ZO9EpfmFNUhPK1OQLx_XhE9NFi1EOFt\u0027 width=\u0027450\u0027/\u003e\u003cbr/\u003e\u003c/div\u003e",
                                            "tessellate":  -1,
                                            "extrude":  0,
                                            "visibility":  -1
                                        },
                         "geometry":  {
                                          "type":  "Point",
                                          "coordinates":  [
                                                              -72.53378,
                                                              -15.5922,
                                                              0.0
                                                          ]
                                      }
                     },
                     {
                         "type":  "Feature",
                         "properties":  {
                                            "Name":  "#1088",
                                            "description":  "\u003cdiv dir=\u0027rtl\u0027 style=\u0027font-family:Arial;\u0027\u003e\u003cb\u003eשם:\u003c/b\u003e משה קמנסקי\u003cbr/\u003e\u003cb\u003eאתר:\u003c/b\u003e טורונטו\u003cbr/\u003e\u003cb\u003eתאריך:\u003c/b\u003e 01-08-2025\u003cbr/\u003e\u003cb\u003eID:\u003c/b\u003e 1358\u003cbr/\u003e\u003cb\u003eFB:\u003c/b\u003e \u003ca href=\u0027https://www.facebook.com/groups/beshvil.yael/posts/3709144926045298/\u0027\u003ehttps://www.facebook.com/groups/beshvil.yael/posts/3709144926045298/\u003c/a\u003e\u003cbr/\u003e\u003cbr/\u003e\u003cimg src=\u0027https://drive.google.com/uc?export=view\u0026amp;id=1GtGpbOhKQLyWG5r_JhFuKeGU7aYXQmX8\u0027 width=\u0027450\u0027/\u003e\u003cbr/\u003e\u003c/div\u003e",
                                            "tessellate":  -1,
                                            "extrude":  0,
                                            "visibility":  -1
                                        },
                         "geometry":  {
                                          "type":  "Point",
                                          "coordinates":  [
                                                              -79.4333098,
                                                              43.6651463,
                                                              0.0
                                                          ]
                                      }
                     },
                     {
                         "type":  "Feature",
                         "properties":  {
                                            "Name":  "#1088",
                                            "description":  "\u003cdiv dir=\u0027rtl\u0027 style=\u0027font-family:Arial;\u0027\u003e\u003cb\u003eשם:\u003c/b\u003e משה קמנסקי\u003cbr/\u003e\u003cb\u003eאתר:\u003c/b\u003e Puenta Union 4750 m\u003cbr/\u003e\u003cb\u003eתאריך:\u003c/b\u003e 05-08-2025\u003cbr/\u003e\u003cb\u003eID:\u003c/b\u003e 1402\u003cbr/\u003e\u003cb\u003eFB:\u003c/b\u003e \u003ca href=\u0027https://www.facebook.com/groups/beshvil.yael/posts/3703724849920639\u0027\u003ehttps://www.facebook.com/groups/beshvil.yael/posts/3703724849920639\u003c/a\u003e\u003cbr/\u003e\u003cbr/\u003e\u003cimg src=\u0027https://drive.google.com/uc?export=view\u0026amp;id=1vc2pOxgzMg_2tDE8cJLKX2MOqlfcTpuI\u0027 width=\u0027450\u0027/\u003e\u003cbr/\u003e\u003c/div\u003e",
                                            "tessellate":  -1,
                                            "extrude":  0,
                                            "visibility":  -1
                                        },
                         "geometry":  {
                                          "type":  "Point",
                                          "coordinates":  [
                                                              -77.5797668,
                                                              -8.9065219,
                                                              0.0
                                                          ]
                                      }
                     },
                     {
                         "type":  "Feature",
                         "properties":  {
                                            "Name":  "#1088",
                                            "description":  "\u003cdiv dir=\u0027rtl\u0027 style=\u0027font-family:Arial;\u0027\u003e\u003cb\u003eשם:\u003c/b\u003e משה קמנסקי\u003cbr/\u003e\u003cb\u003eאתר:\u003c/b\u003e הר משה\u003cbr/\u003e\u003cb\u003eתאריך:\u003c/b\u003e 26-02-2026\u003cbr/\u003e\u003cb\u003eID:\u003c/b\u003e 3863\u003cbr/\u003e\u003cb\u003eFB:\u003c/b\u003e \u003ca href=\u0027https://www.facebook.com/groups/beshvil.yael/posts/3900427166917072/\u0027\u003ehttps://www.facebook.com/groups/beshvil.yael/posts/3900427166917072/\u003c/a\u003e\u003cbr/\u003e\u003cbr/\u003e\u003cimg src=\u0027https://drive.google.com/uc?export=view\u0026amp;id=1GNYYTbzbSL-51w1aNEMSz0IKUH86GdSt\u0027 width=\u0027450\u0027/\u003e\u003cbr/\u003e\u003c/div\u003e",
                                            "tessellate":  -1,
                                            "extrude":  0,
                                            "visibility":  -1
                                        },
                         "geometry":  {
                                          "type":  "Point",
                                          "coordinates":  [
                                                              33.97491,
                                                              28.53907,
                                                              0.0
                                                          ]
                                      }
                     },
                     {
                         "type":  "Feature",
                         "properties":  {
                                            "Name":  "#1107",
                                            "description":  "\u003cdiv dir=\u0027rtl\u0027 style=\u0027font-family:Arial;\u0027\u003e\u003cb\u003eשם:\u003c/b\u003e יאיר אילוז\u003cbr/\u003e\u003cb\u003eאתר:\u003c/b\u003e מפלי הנילוס הכחול\u003cbr/\u003e\u003cb\u003eתאריך:\u003c/b\u003e 10-02-2026\u003cbr/\u003e\u003cb\u003eID:\u003c/b\u003e 3659\u003cbr/\u003e\u003cb\u003eFB:\u003c/b\u003e \u003ca href=\u0027https://www.facebook.com/groups/beshvil.yael/posts/3869063920053397/\u0027\u003ehttps://www.facebook.com/groups/beshvil.yael/posts/3869063920053397/\u003c/a\u003e\u003cbr/\u003e\u003cbr/\u003e\u003cimg src=\u0027https://drive.google.com/uc?export=view\u0026amp;id=1wcaNV8b5DQAk7QJjB57lvrQVAeCRJsel\u0027 width=\u0027450\u0027/\u003e\u003cbr/\u003e\u003c/div\u003e",
                                            "tessellate":  -1,
                                            "extrude":  0,
                                            "visibility":  -1
                                        },
                         "geometry":  {
                                          "type":  "Point",
                                          "coordinates":  [
                                                              37.58805,
                                                              11.49038,
                                                              0.0
                                                          ]
                                      }
                     },
                     {
                         "type":  "Feature",
                         "properties":  {
                                            "Name":  "#1110",
                                            "description":  "\u003cdiv dir=\u0027rtl\u0027 style=\u0027font-family:Arial;\u0027\u003e\u003cb\u003eשם:\u003c/b\u003e שיר אסא\u003cbr/\u003e\u003cb\u003eאתר:\u003c/b\u003e הקווקז\u003cbr/\u003e\u003cb\u003eתאריך:\u003c/b\u003e 10-09-2025\u003cbr/\u003e\u003cb\u003eID:\u003c/b\u003e 1830\u003cbr/\u003e\u003cb\u003eFB:\u003c/b\u003e \u003ca href=\u0027https://www.facebook.com/groups/beshvil.yael/posts/3746382798988177\u0027\u003ehttps://www.facebook.com/groups/beshvil.yael/posts/3746382798988177\u003c/a\u003e\u003cbr/\u003e\u003cbr/\u003e\u003cimg src=\u0027https://drive.google.com/uc?export=view\u0026amp;id=1gAsJ2wIglWAl-Muki_MnwYdyclybC3ik\u0027 width=\u0027450\u0027/\u003e\u003cbr/\u003e\u003c/div\u003e",
                                            "tessellate":  -1,
                                            "extrude":  0,
                                            "visibility":  -1
                                        },
                         "geometry":  {
                                          "type":  "Point",
                                          "coordinates":  [
                                                              46.49355,
                                                              40.46097,
                                                              0.0
                                                          ]
                                      }
                     },
                     {
                         "type":  "Feature",
                         "properties":  {
                                            "Name":  "#1112",
                                            "description":  "\u003cdiv dir=\u0027rtl\u0027 style=\u0027font-family:Arial;\u0027\u003e\u003cb\u003eשם:\u003c/b\u003e \u003cbr/\u003e\u003cb\u003eאתר:\u003c/b\u003e הקווקז\u003cbr/\u003e\u003cb\u003eתאריך:\u003c/b\u003e 10-09-2025\u003cbr/\u003e\u003cb\u003eID:\u003c/b\u003e 184\u003cbr/\u003e\u003cb\u003eFB:\u003c/b\u003e \u003ca href=\u0027https://www.facebook.com/groups/beshvil.yael/posts/3746382798988177\u0027\u003ehttps://www.facebook.com/groups/beshvil.yael/posts/3746382798988177\u003c/a\u003e\u003cbr/\u003e\u003cbr/\u003e\u003cimg src=\u0027https://drive.google.com/uc?export=view\u0026amp;id=1gAsJ2wIglWAl-Muki_MnwYdyclybC3ik\u0027 width=\u0027450\u0027/\u003e\u003cbr/\u003e\u003c/div\u003e",
                                            "tessellate":  -1,
                                            "extrude":  0,
                                            "visibility":  -1
                                        },
                         "geometry":  {
                                          "type":  "Point",
                                          "coordinates":  [
                                                              46.49355,
                                                              40.46124,
                                                              0.0
                                                          ]
                                      }
                     },
                     {
                         "type":  "Feature",
                         "properties":  {
                                            "Name":  "#1114",
                                            "description":  "\u003cdiv dir=\u0027rtl\u0027 style=\u0027font-family:Arial;\u0027\u003e\u003cb\u003eשם:\u003c/b\u003e אביטל אלבאום כהן\u003cbr/\u003e\u003cb\u003eאתר:\u003c/b\u003e אגם בלטון\u003cbr/\u003e\u003cb\u003eתאריך:\u003c/b\u003e 16-07-2025\u003cbr/\u003e\u003cb\u003eID:\u003c/b\u003e 1209\u003cbr/\u003e\u003cb\u003eFB:\u003c/b\u003e \u003ca href=\u0027https://www.facebook.com/groups/beshvil.yael/posts/3695853897374401/\u0027\u003ehttps://www.facebook.com/groups/beshvil.yael/posts/3695853897374401/\u003c/a\u003e\u003cbr/\u003e\u003cbr/\u003e\u003cimg src=\u0027https://drive.google.com/uc?export=view\u0026amp;id=1pO-Jda60vv86lE5Loz4ZumURsJUeReZO\u0027 width=\u0027450\u0027/\u003e\u003cbr/\u003e\u003c/div\u003e",
                                            "tessellate":  -1,
                                            "extrude":  0,
                                            "visibility":  -1
                                        },
                         "geometry":  {
                                          "type":  "Point",
                                          "coordinates":  [
                                                              17.486852,
                                                              46.8227541,
                                                              0.0
                                                          ]
                                      }
                     },
                     {
                         "type":  "Feature",
                         "properties":  {
                                            "Name":  "#1114",
                                            "description":  "\u003cdiv dir=\u0027rtl\u0027 style=\u0027font-family:Arial;\u0027\u003e\u003cb\u003eשם:\u003c/b\u003e אביטל אלבאום כהן\u003cbr/\u003e\u003cb\u003eאתר:\u003c/b\u003e בגבעות שמעל גראץ\u003cbr/\u003e\u003cb\u003eתאריך:\u003c/b\u003e 01-09-2025\u003cbr/\u003e\u003cb\u003eID:\u003c/b\u003e 1723\u003cbr/\u003e\u003cb\u003eFB:\u003c/b\u003e \u003ca href=\u0027https://www.facebook.com/groups/beshvil.yael/posts/3738165613143229/\u0027\u003ehttps://www.facebook.com/groups/beshvil.yael/posts/3738165613143229/\u003c/a\u003e\u003cbr/\u003e\u003cbr/\u003e\u003cimg src=\u0027https://drive.google.com/uc?export=view\u0026amp;id=1Ro27_-QvLagEBL8j3xO9RQk-UI_l60YJ\u0027 width=\u0027450\u0027/\u003e\u003cbr/\u003e\u003c/div\u003e",
                                            "tessellate":  -1,
                                            "extrude":  0,
                                            "visibility":  -1
                                        },
                         "geometry":  {
                                          "type":  "Point",
                                          "coordinates":  [
                                                              15.3675707,
                                                              47.0786492,
                                                              0.0
                                                          ]
                                      }
                     },
                     {
                         "type":  "Feature",
                         "properties":  {
                                            "Name":  "#1117",
                                            "description":  "\u003cdiv dir=\u0027rtl\u0027 style=\u0027font-family:Arial;\u0027\u003e\u003cb\u003eשם:\u003c/b\u003e אורלי נגר\u003cbr/\u003e\u003cb\u003eאתר:\u003c/b\u003e \u003cbr/\u003e\u003cb\u003eתאריך:\u003c/b\u003e 26-05-2025\u003cbr/\u003e\u003cb\u003eID:\u003c/b\u003e 783\u003cbr/\u003e\u003cb\u003eFB:\u003c/b\u003e \u003ca href=\u0027https://www.facebook.com/groups/3235176716775457/posts/3651611561798635/\u0027\u003ehttps://www.facebook.com/groups/3235176716775457/posts/3651611561798635/\u003c/a\u003e\u003cbr/\u003e\u003cbr/\u003e\u003cimg src=\u0027https://drive.google.com/uc?export=view\u0026amp;id=1ImL3U5T00Yg3qz8qpOFooArRF3U6AdPU\u0027 width=\u0027450\u0027/\u003e\u003cbr/\u003e\u003c/div\u003e",
                                            "tessellate":  -1,
                                            "extrude":  0,
                                            "visibility":  -1
                                        },
                         "geometry":  {
                                          "type":  "Point",
                                          "coordinates":  [
                                                              22.7480731,
                                                              37.3001011,
                                                              0.0
                                                          ]
                                      }
                     },
                     {
                         "type":  "Feature",
                         "properties":  {
                                            "Name":  "#1134",
                                            "description":  "\u003cdiv dir=\u0027rtl\u0027 style=\u0027font-family:Arial;\u0027\u003e\u003cb\u003eשם:\u003c/b\u003e ניצן פרץ\u003cbr/\u003e\u003cb\u003eאתר:\u003c/b\u003e האלפים האלבנים\u003cbr/\u003e\u003cb\u003eתאריך:\u003c/b\u003e 01-06-2025\u003cbr/\u003e\u003cb\u003eID:\u003c/b\u003e 862\u003cbr/\u003e\u003cb\u003eFB:\u003c/b\u003e \u003ca href=\u0027https://www.facebook.com/groups/3235176716775457/posts/3656445267981931/\u0027\u003ehttps://www.facebook.com/groups/3235176716775457/posts/3656445267981931/\u003c/a\u003e\u003cbr/\u003e\u003cbr/\u003e\u003cimg src=\u0027https://drive.google.com/uc?export=view\u0026amp;id=1x6pjHKPJA5zC7rRyVDBS6NMkUV97xbXU\u0027 width=\u0027450\u0027/\u003e\u003cbr/\u003e\u003c/div\u003e",
                                            "tessellate":  -1,
                                            "extrude":  0,
                                            "visibility":  -1
                                        },
                         "geometry":  {
                                          "type":  "Point",
                                          "coordinates":  [
                                                              20.2587715,
                                                              41.7036619,
                                                              0.0
                                                          ]
                                      }
                     },
                     {
                         "type":  "Feature",
                         "properties":  {
                                            "Name":  "#1134",
                                            "description":  "\u003cdiv dir=\u0027rtl\u0027 style=\u0027font-family:Arial;\u0027\u003e\u003cb\u003eשם:\u003c/b\u003e ניצן פרץ\u003cbr/\u003e\u003cb\u003eאתר:\u003c/b\u003e \u003cbr/\u003e\u003cb\u003eתאריך:\u003c/b\u003e 10-11-2025\u003cbr/\u003e\u003cb\u003eID:\u003c/b\u003e 2675\u003cbr/\u003e\u003cb\u003eFB:\u003c/b\u003e \u003ca href=\u0027https://www.facebook.com/groups/beshvil.yael/posts/3805527343073722\u0027\u003ehttps://www.facebook.com/groups/beshvil.yael/posts/3805527343073722\u003c/a\u003e\u003cbr/\u003e\u003cbr/\u003e\u003cimg src=\u0027https://drive.google.com/uc?export=view\u0026amp;id=1cD3w0KV88So908N-m59GYFYAQaEk-65d\u0027 width=\u0027450\u0027/\u003e\u003cbr/\u003e\u003c/div\u003e",
                                            "tessellate":  -1,
                                            "extrude":  0,
                                            "visibility":  -1
                                        },
                         "geometry":  {
                                          "type":  "Point",
                                          "coordinates":  [
                                                              37.72507,
                                                              -72.65141,
                                                              0.0
                                                          ]
                                      }
                     },
                     {
                         "type":  "Feature",
                         "properties":  {
                                            "Name":  "#1140",
                                            "description":  "\u003cdiv dir=\u0027rtl\u0027 style=\u0027font-family:Arial;\u0027\u003e\u003cb\u003eשם:\u003c/b\u003e אירית לובינגר פורת\u003cbr/\u003e\u003cb\u003eאתר:\u003c/b\u003e McConnell State Park\u003cbr/\u003e\u003cb\u003eתאריך:\u003c/b\u003e 19-10-2025\u003cbr/\u003e\u003cb\u003eID:\u003c/b\u003e 2453\u003cbr/\u003e\u003cb\u003eFB:\u003c/b\u003e \u003ca href=\u0027https://www.facebook.com/groups/beshvil.yael/posts/3784826871810436/\u0027\u003ehttps://www.facebook.com/groups/beshvil.yael/posts/3784826871810436/\u003c/a\u003e\u003cbr/\u003e\u003cbr/\u003e\u003cimg src=\u0027https://drive.google.com/uc?export=view\u0026amp;id=1Fsdnz-tubHZDzUYgWarSoVlSX315OaxU\u0027 width=\u0027450\u0027/\u003e\u003cbr/\u003e\u003c/div\u003e",
                                            "tessellate":  -1,
                                            "extrude":  0,
                                            "visibility":  -1
                                        },
                         "geometry":  {
                                          "type":  "Point",
                                          "coordinates":  [
                                                              -80.16919,
                                                              40.95151,
                                                              0.0
                                                          ]
                                      }
                     },
                     {
                         "type":  "Feature",
                         "properties":  {
                                            "Name":  "#1140",
                                            "description":  "\u003cdiv dir=\u0027rtl\u0027 style=\u0027font-family:Arial;\u0027\u003e\u003cb\u003eשם:\u003c/b\u003e אירית לובינגר פורת\u003cbr/\u003e\u003cb\u003eאתר:\u003c/b\u003e Moraine State Park\u003cbr/\u003e\u003cb\u003eתאריך:\u003c/b\u003e 20-10-2025\u003cbr/\u003e\u003cb\u003eID:\u003c/b\u003e 2460\u003cbr/\u003e\u003cb\u003eFB:\u003c/b\u003e \u003ca href=\u0027https://www.facebook.com/groups/beshvil.yael/posts/3784997808460009\u0027\u003ehttps://www.facebook.com/groups/beshvil.yael/posts/3784997808460009\u003c/a\u003e\u003cbr/\u003e\u003cbr/\u003e\u003cimg src=\u0027https://drive.google.com/uc?export=view\u0026amp;id=1AUdZ-plmIn63Hm7gmRBuK1B-fmoFwO1a\u0027 width=\u0027450\u0027/\u003e\u003cbr/\u003e\u003c/div\u003e",
                                            "tessellate":  -1,
                                            "extrude":  0,
                                            "visibility":  -1
                                        },
                         "geometry":  {
                                          "type":  "Point",
                                          "coordinates":  [
                                                              -80.09829,
                                                              40.93932,
                                                              0.0
                                                          ]
                                      }
                     },
                     {
                         "type":  "Feature",
                         "properties":  {
                                            "Name":  "#1155",
                                            "description":  "\u003cdiv dir=\u0027rtl\u0027 style=\u0027font-family:Arial;\u0027\u003e\u003cb\u003eשם:\u003c/b\u003e איתן הראל\u003cbr/\u003e\u003cb\u003eאתר:\u003c/b\u003e \u003cbr/\u003e\u003cb\u003eתאריך:\u003c/b\u003e 26-12-2025\u003cbr/\u003e\u003cb\u003eID:\u003c/b\u003e 3222\u003cbr/\u003e\u003cbr/\u003e\u003cimg src=\u0027https://drive.google.com/uc?export=view\u0026amp;id=19svRtWiX3sZiNclI8rGIg6IKdW3HmjrU\u0027 width=\u0027450\u0027/\u003e\u003cbr/\u003e\u003c/div\u003e",
                                            "tessellate":  -1,
                                            "extrude":  0,
                                            "visibility":  -1
                                        },
                         "geometry":  {
                                          "type":  "Point",
                                          "coordinates":  [
                                                              6.14044,
                                                              46.09498,
                                                              0.0
                                                          ]
                                      }
                     },
                     {
                         "type":  "Feature",
                         "properties":  {
                                            "Name":  "#1155",
                                            "description":  "\u003cdiv dir=\u0027rtl\u0027 style=\u0027font-family:Arial;\u0027\u003e\u003cb\u003eשם:\u003c/b\u003e איתן הראל\u003cbr/\u003e\u003cb\u003eאתר:\u003c/b\u003e קיר הזיכרון לגטו בודפשט\u003cbr/\u003e\u003cb\u003eתאריך:\u003c/b\u003e 26-12-2025\u003cbr/\u003e\u003cb\u003eID:\u003c/b\u003e 3223\u003cbr/\u003e\u003cbr/\u003e\u003cimg src=\u0027https://drive.google.com/uc?export=view\u0026amp;id=1KlVk9T66BmpvpLteP6Tby0ZozjCDindU\u0027 width=\u0027450\u0027/\u003e\u003cbr/\u003e\u003c/div\u003e",
                                            "tessellate":  -1,
                                            "extrude":  0,
                                            "visibility":  -1
                                        },
                         "geometry":  {
                                          "type":  "Point",
                                          "coordinates":  [
                                                              19.06542,
                                                              47.49631,
                                                              0.0
                                                          ]
                                      }
                     },
                     {
                         "type":  "Feature",
                         "properties":  {
                                            "Name":  "#1155",
                                            "description":  "\u003cdiv dir=\u0027rtl\u0027 style=\u0027font-family:Arial;\u0027\u003e\u003cb\u003eשם:\u003c/b\u003e איתן הראל\u003cbr/\u003e\u003cb\u003eאתר:\u003c/b\u003e וישגרד\u003cbr/\u003e\u003cb\u003eתאריך:\u003c/b\u003e 26-12-2025\u003cbr/\u003e\u003cb\u003eID:\u003c/b\u003e 3224\u003cbr/\u003e\u003cbr/\u003e\u003cimg src=\u0027https://drive.google.com/uc?export=view\u0026amp;id=1cx1U3d7WUlonZtfwEgnxnEqNl6VjXRuk\u0027 width=\u0027450\u0027/\u003e\u003cbr/\u003e\u003c/div\u003e",
                                            "tessellate":  -1,
                                            "extrude":  0,
                                            "visibility":  -1
                                        },
                         "geometry":  {
                                          "type":  "Point",
                                          "coordinates":  [
                                                              18.975,
                                                              47.77708,
                                                              0.0
                                                          ]
                                      }
                     },
                     {
                         "type":  "Feature",
                         "properties":  {
                                            "Name":  "#1155",
                                            "description":  "\u003cdiv dir=\u0027rtl\u0027 style=\u0027font-family:Arial;\u0027\u003e\u003cb\u003eשם:\u003c/b\u003e איתן הראל\u003cbr/\u003e\u003cb\u003eאתר:\u003c/b\u003e פויאנה ברשוב\u003cbr/\u003e\u003cb\u003eתאריך:\u003c/b\u003e 26-12-2025\u003cbr/\u003e\u003cb\u003eID:\u003c/b\u003e 3225\u003cbr/\u003e\u003cbr/\u003e\u003cimg src=\u0027https://drive.google.com/uc?export=view\u0026amp;id=148YqHwU7VSNNJ7M8D15XQfqtuux0sDxd\u0027 width=\u0027450\u0027/\u003e\u003cbr/\u003e\u003c/div\u003e",
                                            "tessellate":  -1,
                                            "extrude":  0,
                                            "visibility":  -1
                                        },
                         "geometry":  {
                                          "type":  "Point",
                                          "coordinates":  [
                                                              25.54944,
                                                              45.59994,
                                                              0.0
                                                          ]
                                      }
                     },
                     {
                         "type":  "Feature",
                         "properties":  {
                                            "Name":  "#1155",
                                            "description":  "\u003cdiv dir=\u0027rtl\u0027 style=\u0027font-family:Arial;\u0027\u003e\u003cb\u003eשם:\u003c/b\u003e איתן הראל\u003cbr/\u003e\u003cb\u003eאתר:\u003c/b\u003e Lac Blanc\u003cbr/\u003e\u003cb\u003eתאריך:\u003c/b\u003e 26-12-2025\u003cbr/\u003e\u003cb\u003eID:\u003c/b\u003e 3226\u003cbr/\u003e\u003cbr/\u003e\u003cimg src=\u0027https://drive.google.com/uc?export=view\u0026amp;id=13DRuzu3rkrStSJRck584pJg2ALTi2HIr\u0027 width=\u0027450\u0027/\u003e\u003cbr/\u003e\u003c/div\u003e",
                                            "tessellate":  -1,
                                            "extrude":  0,
                                            "visibility":  -1
                                        },
                         "geometry":  {
                                          "type":  "Point",
                                          "coordinates":  [
                                                              7.09387,
                                                              48.12743,
                                                              0.0
                                                          ]
                                      }
                     },
                     {
                         "type":  "Feature",
                         "properties":  {
                                            "Name":  "#1155",
                                            "description":  "\u003cdiv dir=\u0027rtl\u0027 style=\u0027font-family:Arial;\u0027\u003e\u003cb\u003eשם:\u003c/b\u003e איתן הראל\u003cbr/\u003e\u003cb\u003eאתר:\u003c/b\u003e פוזיטו\u003cbr/\u003e\u003cb\u003eתאריך:\u003c/b\u003e 26-12-2025\u003cbr/\u003e\u003cb\u003eID:\u003c/b\u003e 3227\u003cbr/\u003e\u003cbr/\u003e\u003cimg src=\u0027https://drive.google.com/uc?export=view\u0026amp;id=10tyb977HVAVjYIEdX2M5onIJ2Ci54QYM\u0027 width=\u0027450\u0027/\u003e\u003cbr/\u003e\u003c/div\u003e",
                                            "tessellate":  -1,
                                            "extrude":  0,
                                            "visibility":  -1
                                        },
                         "geometry":  {
                                          "type":  "Point",
                                          "coordinates":  [
                                                              14.47702,
                                                              40.63378,
                                                              0.0
                                                          ]
                                      }
                     },
                     {
                         "type":  "Feature",
                         "properties":  {
                                            "Name":  "#1160",
                                            "description":  "\u003cdiv dir=\u0027rtl\u0027 style=\u0027font-family:Arial;\u0027\u003e\u003cb\u003eשם:\u003c/b\u003e מאיר קפויה\u003cbr/\u003e\u003cb\u003eאתר:\u003c/b\u003e אגם אטיטלן\u003cbr/\u003e\u003cb\u003eתאריך:\u003c/b\u003e 27-08-2025\u003cbr/\u003e\u003cb\u003eID:\u003c/b\u003e 1665\u003cbr/\u003e\u003cb\u003eFB:\u003c/b\u003e \u003ca href=\u0027https://www.facebook.com/groups/beshvil.yael/posts/3733604136932710/\u0027\u003ehttps://www.facebook.com/groups/beshvil.yael/posts/3733604136932710/\u003c/a\u003e\u003cbr/\u003e\u003cbr/\u003e\u003cimg src=\u0027https://drive.google.com/uc?export=view\u0026amp;id=1XsqSfk9_QlfSLDbC5gtqc63mQtr6DCbL\u0027 width=\u0027450\u0027/\u003e\u003cbr/\u003e\u003c/div\u003e",
                                            "tessellate":  -1,
                                            "extrude":  0,
                                            "visibility":  -1
                                        },
                         "geometry":  {
                                          "type":  "Point",
                                          "coordinates":  [
                                                              -91.2495558,
                                                              14.670413,
                                                              0.0
                                                          ]
                                      }
                     },
                     {
                         "type":  "Feature",
                         "properties":  {
                                            "Name":  "#1160",
                                            "description":  "\u003cdiv dir=\u0027rtl\u0027 style=\u0027font-family:Arial;\u0027\u003e\u003cb\u003eשם:\u003c/b\u003e מאיר קפויה\u003cbr/\u003e\u003cb\u003eאתר:\u003c/b\u003e Jaibalito, Solola, Guatemala\u003cbr/\u003e\u003cb\u003eתאריך:\u003c/b\u003e 28-08-2025\u003cbr/\u003e\u003cb\u003eID:\u003c/b\u003e 1672\u003cbr/\u003e\u003cb\u003eFB:\u003c/b\u003e \u003ca href=\u0027https://www.facebook.com/groups/beshvil.yael/posts/3734019153557875\u0027\u003ehttps://www.facebook.com/groups/beshvil.yael/posts/3734019153557875\u003c/a\u003e\u003cbr/\u003e\u003cbr/\u003e\u003cimg src=\u0027https://drive.google.com/uc?export=view\u0026amp;id=1f9dH_YNKvqunfGAMCIrTWJGY6ETK-syJ\u0027 width=\u0027450\u0027/\u003e\u003cbr/\u003e\u003c/div\u003e",
                                            "tessellate":  -1,
                                            "extrude":  0,
                                            "visibility":  -1
                                        },
                         "geometry":  {
                                          "type":  "Point",
                                          "coordinates":  [
                                                              -91.2180869,
                                                              14.7372609,
                                                              0.0
                                                          ]
                                      }
                     },
                     {
                         "type":  "Feature",
                         "properties":  {
                                            "Name":  "#1160",
                                            "description":  "\u003cdiv dir=\u0027rtl\u0027 style=\u0027font-family:Arial;\u0027\u003e\u003cb\u003eשם:\u003c/b\u003e מאיר קפויה\u003cbr/\u003e\u003cb\u003eאתר:\u003c/b\u003e Rivas\u003cbr/\u003e\u003cb\u003eתאריך:\u003c/b\u003e 30-08-2025\u003cbr/\u003e\u003cb\u003eID:\u003c/b\u003e 1705\u003cbr/\u003e\u003cb\u003eFB:\u003c/b\u003e \u003ca href=\u0027https://www.facebook.com/groups/beshvil.yael/posts/3736547819971675\u0027\u003ehttps://www.facebook.com/groups/beshvil.yael/posts/3736547819971675\u003c/a\u003e\u003cbr/\u003e\u003cbr/\u003e\u003cimg src=\u0027https://drive.google.com/uc?export=view\u0026amp;id=15tV3l5w_zKVqfBtr5J75VRBP2jx4ek8c\u0027 width=\u0027450\u0027/\u003e\u003cbr/\u003e\u003c/div\u003e",
                                            "tessellate":  -1,
                                            "extrude":  0,
                                            "visibility":  -1
                                        },
                         "geometry":  {
                                          "type":  "Point",
                                          "coordinates":  [
                                                              -83.6135572,
                                                              9.4648291,
                                                              0.0
                                                          ]
                                      }
                     },
                     {
                         "type":  "Feature",
                         "properties":  {
                                            "Name":  "#1160",
                                            "description":  "\u003cdiv dir=\u0027rtl\u0027 style=\u0027font-family:Arial;\u0027\u003e\u003cb\u003eשם:\u003c/b\u003e מאיר קפויה\u003cbr/\u003e\u003cb\u003eאתר:\u003c/b\u003e Ballena\u003cbr/\u003e\u003cb\u003eתאריך:\u003c/b\u003e 04-09-2025\u003cbr/\u003e\u003cb\u003eID:\u003c/b\u003e 1744\u003cbr/\u003e\u003cb\u003eFB:\u003c/b\u003e \u003ca href=\u0027https://www.facebook.com/groups/beshvil.yael/posts/3740560696237054/\u0027\u003ehttps://www.facebook.com/groups/beshvil.yael/posts/3740560696237054/\u003c/a\u003e\u003cbr/\u003e\u003cbr/\u003e\u003cimg src=\u0027https://drive.google.com/uc?export=view\u0026amp;id=1OLEQZNHpF3EuO8rdgU6LBwsALGZrEM-2\u0027 width=\u0027450\u0027/\u003e\u003cbr/\u003e\u003c/div\u003e",
                                            "tessellate":  -1,
                                            "extrude":  0,
                                            "visibility":  -1
                                        },
                         "geometry":  {
                                          "type":  "Point",
                                          "coordinates":  [
                                                              -83.6960312,
                                                              9.104061,
                                                              0.0
                                                          ]
                                      }
                     },
                     {
                         "type":  "Feature",
                         "properties":  {
                                            "Name":  "#1160",
                                            "description":  "\u003cdiv dir=\u0027rtl\u0027 style=\u0027font-family:Arial;\u0027\u003e\u003cb\u003eשם:\u003c/b\u003e מאיר קפויה\u003cbr/\u003e\u003cb\u003eאתר:\u003c/b\u003e בשמורת טבע Sloth\u003cbr/\u003e\u003cb\u003eתאריך:\u003c/b\u003e 08-09-2025\u003cbr/\u003e\u003cb\u003eID:\u003c/b\u003e 1802\u003cbr/\u003e\u003cb\u003eFB:\u003c/b\u003e \u003ca href=\u0027https://www.facebook.com/groups/beshvil.yael/posts/3743870019239455/\u0027\u003ehttps://www.facebook.com/groups/beshvil.yael/posts/3743870019239455/\u003c/a\u003e\u003cbr/\u003e\u003cbr/\u003e\u003cimg src=\u0027https://drive.google.com/uc?export=view\u0026amp;id=1R4J6k51T-z68_N9ph5HidiNNvGw1pP4h\u0027 width=\u0027450\u0027/\u003e\u003cbr/\u003e\u003c/div\u003e",
                                            "tessellate":  -1,
                                            "extrude":  0,
                                            "visibility":  -1
                                        },
                         "geometry":  {
                                          "type":  "Point",
                                          "coordinates":  [
                                                              -84.6534232,
                                                              10.4689851,
                                                              0.0
                                                          ]
                                      }
                     },
                     {
                         "type":  "Feature",
                         "properties":  {
                                            "Name":  "#1160",
                                            "description":  "\u003cdiv dir=\u0027rtl\u0027 style=\u0027font-family:Arial;\u0027\u003e\u003cb\u003eשם:\u003c/b\u003e מאיר קפויה\u003cbr/\u003e\u003cb\u003eאתר:\u003c/b\u003e Rio Frio\u003cbr/\u003e\u003cb\u003eתאריך:\u003c/b\u003e 10-09-2025\u003cbr/\u003e\u003cb\u003eID:\u003c/b\u003e 1829\u003cbr/\u003e\u003cb\u003eFB:\u003c/b\u003e \u003ca href=\u0027https://www.facebook.com/groups/beshvil.yael/posts/3746324445660679\u0027\u003ehttps://www.facebook.com/groups/beshvil.yael/posts/3746324445660679\u003c/a\u003e\u003cbr/\u003e\u003cbr/\u003e\u003cimg src=\u0027https://drive.google.com/uc?export=view\u0026amp;id=1WxN8kaFJiBk0qJCDrFrzJ9VyaxKMpk9E\u0027 width=\u0027450\u0027/\u003e\u003cbr/\u003e\u003c/div\u003e",
                                            "tessellate":  -1,
                                            "extrude":  0,
                                            "visibility":  -1
                                        },
                         "geometry":  {
                                          "type":  "Point",
                                          "coordinates":  [
                                                              -83.88312,
                                                              10.32503,
                                                              0.0
                                                          ]
                                      }
                     },
                     {
                         "type":  "Feature",
                         "properties":  {
                                            "Name":  "#1160",
                                            "description":  "\u003cdiv dir=\u0027rtl\u0027 style=\u0027font-family:Arial;\u0027\u003e\u003cb\u003eשם:\u003c/b\u003e מאיר קפויה\u003cbr/\u003e\u003cb\u003eאתר:\u003c/b\u003e The Hollow Tree\u003cbr/\u003e\u003cb\u003eתאריך:\u003c/b\u003e 12-09-2025\u003cbr/\u003e\u003cb\u003eID:\u003c/b\u003e 1846\u003cbr/\u003e\u003cb\u003eFB:\u003c/b\u003e \u003ca href=\u0027https://www.facebook.com/groups/beshvil.yael/posts/3747517588874698\u0027\u003ehttps://www.facebook.com/groups/beshvil.yael/posts/3747517588874698\u003c/a\u003e\u003cbr/\u003e\u003cbr/\u003e\u003cimg src=\u0027https://drive.google.com/uc?export=view\u0026amp;id=1OAvMbuXU3BAWRPD9xHKhyeq7LeP4S5jK\u0027 width=\u0027450\u0027/\u003e\u003cbr/\u003e\u003c/div\u003e",
                                            "tessellate":  -1,
                                            "extrude":  0,
                                            "visibility":  -1
                                        },
                         "geometry":  {
                                          "type":  "Point",
                                          "coordinates":  [
                                                              -84.79901,
                                                              10.31737,
                                                              0.0
                                                          ]
                                      }
                     },
                     {
                         "type":  "Feature",
                         "properties":  {
                                            "Name":  "#1160",
                                            "description":  "\u003cdiv dir=\u0027rtl\u0027 style=\u0027font-family:Arial;\u0027\u003e\u003cb\u003eשם:\u003c/b\u003e מאיר קפויה\u003cbr/\u003e\u003cb\u003eאתר:\u003c/b\u003e  Selvatura Adventure Park ..\u003cbr/\u003e\u003cb\u003eתאריך:\u003c/b\u003e 14-09-2025\u003cbr/\u003e\u003cb\u003eID:\u003c/b\u003e 1870\u003cbr/\u003e\u003cb\u003eFB:\u003c/b\u003e \u003ca href=\u0027https://www.facebook.com/groups/beshvil.yael/posts/3749482002011590\u0027\u003ehttps://www.facebook.com/groups/beshvil.yael/posts/3749482002011590\u003c/a\u003e\u003cbr/\u003e\u003cbr/\u003e\u003cimg src=\u0027https://drive.google.com/uc?export=view\u0026amp;id=1Aob1lhJ8OKDBGDarRensFzIN6Y4eze4q\u0027 width=\u0027450\u0027/\u003e\u003cbr/\u003e\u003c/div\u003e",
                                            "tessellate":  -1,
                                            "extrude":  0,
                                            "visibility":  -1
                                        },
                         "geometry":  {
                                          "type":  "Point",
                                          "coordinates":  [
                                                              -84.79826,
                                                              10.34229,
                                                              0.0
                                                          ]
                                      }
                     },
                     {
                         "type":  "Feature",
                         "properties":  {
                                            "Name":  "#1160",
                                            "description":  "\u003cdiv dir=\u0027rtl\u0027 style=\u0027font-family:Arial;\u0027\u003e\u003cb\u003eשם:\u003c/b\u003e מאיר קפויה\u003cbr/\u003e\u003cb\u003eאתר:\u003c/b\u003e Corcovado National Park\u003cbr/\u003e\u003cb\u003eתאריך:\u003c/b\u003e 17-09-2025\u003cbr/\u003e\u003cb\u003eID:\u003c/b\u003e 1906\u003cbr/\u003e\u003cb\u003eFB:\u003c/b\u003e \u003ca href=\u0027https://www.facebook.com/groups/beshvil.yael/posts/3754252468201210\u0027\u003ehttps://www.facebook.com/groups/beshvil.yael/posts/3754252468201210\u003c/a\u003e\u003cbr/\u003e\u003cbr/\u003e\u003cimg src=\u0027https://drive.google.com/uc?export=view\u0026amp;id=1_wrj4izFRbHmKhgGcS64PS9g_V8eOqDF\u0027 width=\u0027450\u0027/\u003e\u003cbr/\u003e\u003c/div\u003e",
                                            "tessellate":  -1,
                                            "extrude":  0,
                                            "visibility":  -1
                                        },
                         "geometry":  {
                                          "type":  "Point",
                                          "coordinates":  [
                                                              -83.5689,
                                                              8.56256,
                                                              0.0
                                                          ]
                                      }
                     },
                     {
                         "type":  "Feature",
                         "properties":  {
                                            "Name":  "#1160",
                                            "description":  "\u003cdiv dir=\u0027rtl\u0027 style=\u0027font-family:Arial;\u0027\u003e\u003cb\u003eשם:\u003c/b\u003e מאיר קפויה\u003cbr/\u003e\u003cb\u003eאתר:\u003c/b\u003e Corcovado National Park\u003cbr/\u003e\u003cb\u003eתאריך:\u003c/b\u003e 17-09-2025\u003cbr/\u003e\u003cb\u003eID:\u003c/b\u003e 393\u003cbr/\u003e\u003cb\u003eFB:\u003c/b\u003e \u003ca href=\u0027https://www.facebook.com/groups/beshvil.yael/posts/3754252468201210\u0027\u003ehttps://www.facebook.com/groups/beshvil.yael/posts/3754252468201210\u003c/a\u003e\u003cbr/\u003e\u003cbr/\u003e\u003cimg src=\u0027https://drive.google.com/uc?export=view\u0026amp;id=1_wrj4izFRbHmKhgGcS64PS9g_V8eOqDF\u0027 width=\u0027450\u0027/\u003e\u003cbr/\u003e\u003c/div\u003e",
                                            "tessellate":  -1,
                                            "extrude":  0,
                                            "visibility":  -1
                                        },
                         "geometry":  {
                                          "type":  "Point",
                                          "coordinates":  [
                                                              -83.5689,
                                                              8.56283,
                                                              0.0
                                                          ]
                                      }
                     },
                     {
                         "type":  "Feature",
                         "properties":  {
                                            "Name":  "#1160",
                                            "description":  "\u003cdiv dir=\u0027rtl\u0027 style=\u0027font-family:Arial;\u0027\u003e\u003cb\u003eשם:\u003c/b\u003e מאיר קפויה\u003cbr/\u003e\u003cb\u003eאתר:\u003c/b\u003e פארק מנואל אנטוניו\u003cbr/\u003e\u003cb\u003eתאריך:\u003c/b\u003e 19-09-2025\u003cbr/\u003e\u003cb\u003eID:\u003c/b\u003e 1939\u003cbr/\u003e\u003cb\u003eFB:\u003c/b\u003e \u003ca href=\u0027https://www.facebook.com/groups/beshvil.yael/posts/3754252468201210\u0027\u003ehttps://www.facebook.com/groups/beshvil.yael/posts/3754252468201210\u003c/a\u003e\u003cbr/\u003e\u003cbr/\u003e\u003cimg src=\u0027https://drive.google.com/uc?export=view\u0026amp;id=1m1H0hO-0Iit8JJpN6Rt_PjmpQNTNVZsJ\u0027 width=\u0027450\u0027/\u003e\u003cbr/\u003e\u003c/div\u003e",
                                            "tessellate":  -1,
                                            "extrude":  0,
                                            "visibility":  -1
                                        },
                         "geometry":  {
                                          "type":  "Point",
                                          "coordinates":  [
                                                              -84.13713,
                                                              9.39271,
                                                              0.0
                                                          ]
                                      }
                     },
                     {
                         "type":  "Feature",
                         "properties":  {
                                            "Name":  "#1160",
                                            "description":  "\u003cdiv dir=\u0027rtl\u0027 style=\u0027font-family:Arial;\u0027\u003e\u003cb\u003eשם:\u003c/b\u003e מאיר קפויה\u003cbr/\u003e\u003cb\u003eאתר:\u003c/b\u003e פארק מנואל אנטוניו\u003cbr/\u003e\u003cb\u003eתאריך:\u003c/b\u003e 19-09-2025\u003cbr/\u003e\u003cb\u003eID:\u003c/b\u003e 394\u003cbr/\u003e\u003cb\u003eFB:\u003c/b\u003e \u003ca href=\u0027https://www.facebook.com/groups/beshvil.yael/posts/3754252468201210\u0027\u003ehttps://www.facebook.com/groups/beshvil.yael/posts/3754252468201210\u003c/a\u003e\u003cbr/\u003e\u003cbr/\u003e\u003cimg src=\u0027https://drive.google.com/uc?export=view\u0026amp;id=1m1H0hO-0Iit8JJpN6Rt_PjmpQNTNVZsJ\u0027 width=\u0027450\u0027/\u003e\u003cbr/\u003e\u003c/div\u003e",
                                            "tessellate":  -1,
                                            "extrude":  0,
                                            "visibility":  -1
                                        },
                         "geometry":  {
                                          "type":  "Point",
                                          "coordinates":  [
                                                              -84.13713,
                                                              9.39298,
                                                              0.0
                                                          ]
                                      }
                     },
                     {
                         "type":  "Feature",
                         "properties":  {
                                            "Name":  "#1160",
                                            "description":  "\u003cdiv dir=\u0027rtl\u0027 style=\u0027font-family:Arial;\u0027\u003e\u003cb\u003eשם:\u003c/b\u003e מאיר קפויה\u003cbr/\u003e\u003cb\u003eאתר:\u003c/b\u003e Lands in Love.\u003cbr/\u003e\u003cb\u003eתאריך:\u003c/b\u003e 20-09-2025\u003cbr/\u003e\u003cb\u003eID:\u003c/b\u003e 1955\u003cbr/\u003e\u003cb\u003eFB:\u003c/b\u003e \u003ca href=\u0027https://www.facebook.com/groups/beshvil.yael/posts/3755196121440178\u0027\u003ehttps://www.facebook.com/groups/beshvil.yael/posts/3755196121440178\u003c/a\u003e\u003cbr/\u003e\u003cbr/\u003e\u003cimg src=\u0027https://drive.google.com/uc?export=view\u0026amp;id=14bhcdQJe9wso5atoF_406a1JiM4Wbeic\u0027 width=\u0027450\u0027/\u003e\u003cbr/\u003e\u003c/div\u003e",
                                            "tessellate":  -1,
                                            "extrude":  0,
                                            "visibility":  -1
                                        },
                         "geometry":  {
                                          "type":  "Point",
                                          "coordinates":  [
                                                              -84.52404,
                                                              10.27231,
                                                              0.0
                                                          ]
                                      }
                     },
                     {
                         "type":  "Feature",
                         "properties":  {
                                            "Name":  "#1160",
                                            "description":  "\u003cdiv dir=\u0027rtl\u0027 style=\u0027font-family:Arial;\u0027\u003e\u003cb\u003eשם:\u003c/b\u003e מאיר קפויה\u003cbr/\u003e\u003cb\u003eאתר:\u003c/b\u003e \u003cbr/\u003e\u003cb\u003eתאריך:\u003c/b\u003e 20-09-2025\u003cbr/\u003e\u003cb\u003eID:\u003c/b\u003e 1968\u003cbr/\u003e\u003cb\u003eFB:\u003c/b\u003e \u003ca href=\u0027https://www.facebook.com/groups/beshvil.yael/posts/3755712401388550\u0027\u003ehttps://www.facebook.com/groups/beshvil.yael/posts/3755712401388550\u003c/a\u003e\u003cbr/\u003e\u003cbr/\u003e\u003cimg src=\u0027https://drive.google.com/uc?export=view\u0026amp;id=1iuMS3iHNFcprvvDRYMgcaq4Xyg7a3C62\u0027 width=\u0027450\u0027/\u003e\u003cbr/\u003e\u003c/div\u003e",
                                            "tessellate":  -1,
                                            "extrude":  0,
                                            "visibility":  -1
                                        },
                         "geometry":  {
                                          "type":  "Point",
                                          "coordinates":  [
                                                              -84.5239,
                                                              10.27195,
                                                              0.0
                                                          ]
                                      }
                     },
                     {
                         "type":  "Feature",
                         "properties":  {
                                            "Name":  "#1160",
                                            "description":  "\u003cdiv dir=\u0027rtl\u0027 style=\u0027font-family:Arial;\u0027\u003e\u003cb\u003eשם:\u003c/b\u003e מאיר קפויה\u003cbr/\u003e\u003cb\u003eאתר:\u003c/b\u003e Canopy Lodge\u003cbr/\u003e\u003cb\u003eתאריך:\u003c/b\u003e 29-09-2025\u003cbr/\u003e\u003cb\u003eID:\u003c/b\u003e 2093\u003cbr/\u003e\u003cb\u003eFB:\u003c/b\u003e \u003ca href=\u0027https://www.facebook.com/groups/beshvil.yael/posts/3763737583919365\u0027\u003ehttps://www.facebook.com/groups/beshvil.yael/posts/3763737583919365\u003c/a\u003e\u003cbr/\u003e\u003cbr/\u003e\u003cimg src=\u0027https://drive.google.com/uc?export=view\u0026amp;id=1UeAjnd2ItvJtzSqbgZEQlnmf084EIlOS\u0027 width=\u0027450\u0027/\u003e\u003cbr/\u003e\u003c/div\u003e",
                                            "tessellate":  -1,
                                            "extrude":  0,
                                            "visibility":  -1
                                        },
                         "geometry":  {
                                          "type":  "Point",
                                          "coordinates":  [
                                                              -80.1398,
                                                              8.62146,
                                                              0.0
                                                          ]
                                      }
                     },
                     {
                         "type":  "Feature",
                         "properties":  {
                                            "Name":  "#1160",
                                            "description":  "\u003cdiv dir=\u0027rtl\u0027 style=\u0027font-family:Arial;\u0027\u003e\u003cb\u003eשם:\u003c/b\u003e מאיר קפויה\u003cbr/\u003e\u003cb\u003eאתר:\u003c/b\u003e שמורת העצים המרובעים\u003cbr/\u003e\u003cb\u003eתאריך:\u003c/b\u003e 01-10-2025\u003cbr/\u003e\u003cb\u003eID:\u003c/b\u003e 2108\u003cbr/\u003e\u003cb\u003eFB:\u003c/b\u003e \u003ca href=\u0027https://www.facebook.com/groups/beshvil.yael/posts/3765714633721660\u0027\u003ehttps://www.facebook.com/groups/beshvil.yael/posts/3765714633721660\u003c/a\u003e\u003cbr/\u003e\u003cbr/\u003e\u003cimg src=\u0027https://drive.google.com/uc?export=view\u0026amp;id=1g97iaMIYPxFwiNLk8zquhJIm1i9hNy4x\u0027 width=\u0027450\u0027/\u003e\u003cbr/\u003e\u003c/div\u003e",
                                            "tessellate":  -1,
                                            "extrude":  0,
                                            "visibility":  -1
                                        },
                         "geometry":  {
                                          "type":  "Point",
                                          "coordinates":  [
                                                              -80.13785,
                                                              8.59545,
                                                              0.0
                                                          ]
                                      }
                     },
                     {
                         "type":  "Feature",
                         "properties":  {
                                            "Name":  "#1160",
                                            "description":  "\u003cdiv dir=\u0027rtl\u0027 style=\u0027font-family:Arial;\u0027\u003e\u003cb\u003eשם:\u003c/b\u003e מאיר קפויה\u003cbr/\u003e\u003cb\u003eאתר:\u003c/b\u003e El Chorro Macho\u003cbr/\u003e\u003cb\u003eתאריך:\u003c/b\u003e 04-10-2025\u003cbr/\u003e\u003cb\u003eID:\u003c/b\u003e 2146\u003cbr/\u003e\u003cb\u003eFB:\u003c/b\u003e \u003ca href=\u0027https://www.facebook.com/groups/beshvil.yael/posts/3768834333409690\u0027\u003ehttps://www.facebook.com/groups/beshvil.yael/posts/3768834333409690\u003c/a\u003e\u003cbr/\u003e\u003cbr/\u003e\u003cimg src=\u0027https://drive.google.com/uc?export=view\u0026amp;id=1mMceIlEaaks5aXf_IPZEaQHxKqRdkclO\u0027 width=\u0027450\u0027/\u003e\u003cbr/\u003e\u003c/div\u003e",
                                            "tessellate":  -1,
                                            "extrude":  0,
                                            "visibility":  -1
                                        },
                         "geometry":  {
                                          "type":  "Point",
                                          "coordinates":  [
                                                              -80.13933,
                                                              8.62651,
                                                              0.0
                                                          ]
                                      }
                     },
                     {
                         "type":  "Feature",
                         "properties":  {
                                            "Name":  "#1160",
                                            "description":  "\u003cdiv dir=\u0027rtl\u0027 style=\u0027font-family:Arial;\u0027\u003e\u003cb\u003eשם:\u003c/b\u003e מאיר קפויה\u003cbr/\u003e\u003cb\u003eאתר:\u003c/b\u003e Comarca de Guna Yala\u003cbr/\u003e\u003cb\u003eתאריך:\u003c/b\u003e 06-10-2025\u003cbr/\u003e\u003cb\u003eID:\u003c/b\u003e 2188\u003cbr/\u003e\u003cb\u003eFB:\u003c/b\u003e \u003ca href=\u0027https://www.facebook.com/groups/beshvil.yael/posts/3770853753207748/\u0027\u003ehttps://www.facebook.com/groups/beshvil.yael/posts/3770853753207748/\u003c/a\u003e\u003cbr/\u003e\u003cbr/\u003e\u003cimg src=\u0027https://drive.google.com/uc?export=view\u0026amp;id=1QHk0-v05JJwFmjmzPtBKZL4vZbY6gfRD\u0027 width=\u0027450\u0027/\u003e\u003cbr/\u003e\u003c/div\u003e",
                                            "tessellate":  -1,
                                            "extrude":  0,
                                            "visibility":  -1
                                        },
                         "geometry":  {
                                          "type":  "Point",
                                          "coordinates":  [
                                                              139.10498,
                                                              35.2351,
                                                              0.0
                                                          ]
                                      }
                     },
                     {
                         "type":  "Feature",
                         "properties":  {
                                            "Name":  "#1160",
                                            "description":  "\u003cdiv dir=\u0027rtl\u0027 style=\u0027font-family:Arial;\u0027\u003e\u003cb\u003eשם:\u003c/b\u003e מאיר קפויה\u003cbr/\u003e\u003cb\u003eאתר:\u003c/b\u003e \u003cbr/\u003e\u003cb\u003eתאריך:\u003c/b\u003e 20-11-2025\u003cbr/\u003e\u003cb\u003eID:\u003c/b\u003e 2801\u003cbr/\u003e\u003cb\u003eFB:\u003c/b\u003e \u003ca href=\u0027https://www.facebook.com/groups/beshvil.yael/posts/3815004365459353\u0027\u003ehttps://www.facebook.com/groups/beshvil.yael/posts/3815004365459353\u003c/a\u003e\u003cbr/\u003e\u003cbr/\u003e\u003cimg src=\u0027https://drive.google.com/uc?export=view\u0026amp;id=1cvR_G9iL7NouGwYGFYOd4bRSRj_y55Ll\u0027 width=\u0027450\u0027/\u003e\u003cbr/\u003e\u003c/div\u003e",
                                            "tessellate":  -1,
                                            "extrude":  0,
                                            "visibility":  -1
                                        },
                         "geometry":  {
                                          "type":  "Point",
                                          "coordinates":  [
                                                              -80.12852,
                                                              9.07537,
                                                              0.0
                                                          ]
                                      }
                     },
                     {
                         "type":  "Feature",
                         "properties":  {
                                            "Name":  "#1160",
                                            "description":  "\u003cdiv dir=\u0027rtl\u0027 style=\u0027font-family:Arial;\u0027\u003e\u003cb\u003eשם:\u003c/b\u003e מאיר קפויה\u003cbr/\u003e\u003cb\u003eאתר:\u003c/b\u003e קיגלי\u003cbr/\u003e\u003cb\u003eתאריך:\u003c/b\u003e 10-01-2026\u003cbr/\u003e\u003cb\u003eID:\u003c/b\u003e 3322\u003cbr/\u003e\u003cb\u003eFB:\u003c/b\u003e \u003ca href=\u0027https://www.facebook.com/groups/beshvil.yael/posts/3858257284467394/\u0027\u003ehttps://www.facebook.com/groups/beshvil.yael/posts/3858257284467394/\u003c/a\u003e\u003cbr/\u003e\u003cbr/\u003e\u003cimg src=\u0027https://drive.google.com/uc?export=view\u0026amp;id=1GXDIRNHja6kHj6mGzWYNfPmVBUkIL1QK\u0027 width=\u0027450\u0027/\u003e\u003cbr/\u003e\u003c/div\u003e",
                                            "tessellate":  -1,
                                            "extrude":  0,
                                            "visibility":  -1
                                        },
                         "geometry":  {
                                          "type":  "Point",
                                          "coordinates":  [
                                                              30.02892,
                                                              -1.97358,
                                                              0.0
                                                          ]
                                      }
                     },
                     {
                         "type":  "Feature",
                         "properties":  {
                                            "Name":  "#1160",
                                            "description":  "\u003cdiv dir=\u0027rtl\u0027 style=\u0027font-family:Arial;\u0027\u003e\u003cb\u003eשם:\u003c/b\u003e מאיר קפויה\u003cbr/\u003e\u003cb\u003eאתר:\u003c/b\u003e Umusambi Village‏\u003cbr/\u003e\u003cb\u003eתאריך:\u003c/b\u003e 12-01-2026\u003cbr/\u003e\u003cb\u003eID:\u003c/b\u003e 3334\u003cbr/\u003e\u003cb\u003eFB:\u003c/b\u003e \u003ca href=\u0027https://www.facebook.com/groups/beshvil.yael/posts/3859316077694848\u0027\u003ehttps://www.facebook.com/groups/beshvil.yael/posts/3859316077694848\u003c/a\u003e\u003cbr/\u003e\u003cbr/\u003e\u003cimg src=\u0027https://drive.google.com/uc?export=view\u0026amp;id=1BelVrMtpJMTuyBBAc3eOxmqFRx0K_P_O\u0027 width=\u0027450\u0027/\u003e\u003cbr/\u003e\u003c/div\u003e",
                                            "tessellate":  -1,
                                            "extrude":  0,
                                            "visibility":  -1
                                        },
                         "geometry":  {
                                          "type":  "Point",
                                          "coordinates":  [
                                                              30.21005,
                                                              -1.98456,
                                                              0.0
                                                          ]
                                      }
                     },
                     {
                         "type":  "Feature",
                         "properties":  {
                                            "Name":  "#1160",
                                            "description":  "\u003cdiv dir=\u0027rtl\u0027 style=\u0027font-family:Arial;\u0027\u003e\u003cb\u003eשם:\u003c/b\u003e מאיר קפויה\u003cbr/\u003e\u003cb\u003eאתר:\u003c/b\u003e גאשורה\u003cbr/\u003e\u003cb\u003eתאריך:\u003c/b\u003e 14-01-2026\u003cbr/\u003e\u003cb\u003eID:\u003c/b\u003e 3342\u003cbr/\u003e\u003cb\u003eFB:\u003c/b\u003e \u003ca href=\u0027https://www.facebook.com/groups/beshvil.yael/posts/3861582490801540\u0027\u003ehttps://www.facebook.com/groups/beshvil.yael/posts/3861582490801540\u003c/a\u003e\u003cbr/\u003e\u003cbr/\u003e\u003cimg src=\u0027https://drive.google.com/uc?export=view\u0026amp;id=1a-4l7TSdtbIC5FjrZtNEeHQpwNvl6cYh\u0027 width=\u0027450\u0027/\u003e\u003cbr/\u003e\u003c/div\u003e",
                                            "tessellate":  -1,
                                            "extrude":  0,
                                            "visibility":  -1
                                        },
                         "geometry":  {
                                          "type":  "Point",
                                          "coordinates":  [
                                                              30.24023,
                                                              -2.20341,
                                                              0.0
                                                          ]
                                      }
                     },
                     {
                         "type":  "Feature",
                         "properties":  {
                                            "Name":  "#1160",
                                            "description":  "\u003cdiv dir=\u0027rtl\u0027 style=\u0027font-family:Arial;\u0027\u003e\u003cb\u003eשם:\u003c/b\u003e מאיר קפויה\u003cbr/\u003e\u003cb\u003eאתר:\u003c/b\u003e מסאי מארה\u003cbr/\u003e\u003cb\u003eתאריך:\u003c/b\u003e 18-01-2026\u003cbr/\u003e\u003cb\u003eID:\u003c/b\u003e 3397\u003cbr/\u003e\u003cb\u003eFB:\u003c/b\u003e \u003ca href=\u0027https://www.facebook.com/groups/beshvil.yael/posts/3864434280516361/\u0027\u003ehttps://www.facebook.com/groups/beshvil.yael/posts/3864434280516361/\u003c/a\u003e\u003cbr/\u003e\u003cbr/\u003e\u003cimg src=\u0027https://drive.google.com/uc?export=view\u0026amp;id=1uh8hghUhfBf24U6mLK9CTgGncnTOxz7l\u0027 width=\u0027450\u0027/\u003e\u003cbr/\u003e\u003c/div\u003e",
                                            "tessellate":  -1,
                                            "extrude":  0,
                                            "visibility":  -1
                                        },
                         "geometry":  {
                                          "type":  "Point",
                                          "coordinates":  [
                                                              35.15363,
                                                              -1.49242,
                                                              0.0
                                                          ]
                                      }
                     },
                     {
                         "type":  "Feature",
                         "properties":  {
                                            "Name":  "#1160",
                                            "description":  "\u003cdiv dir=\u0027rtl\u0027 style=\u0027font-family:Arial;\u0027\u003e\u003cb\u003eשם:\u003c/b\u003e מאיר קפויה\u003cbr/\u003e\u003cb\u003eאתר:\u003c/b\u003e אגם נקורו\u003cbr/\u003e\u003cb\u003eתאריך:\u003c/b\u003e 21-01-2026\u003cbr/\u003e\u003cb\u003eID:\u003c/b\u003e 3414\u003cbr/\u003e\u003cb\u003eFB:\u003c/b\u003e \u003ca href=\u0027https://www.facebook.com/groups/beshvil.yael/posts/3866997263593396\u0027\u003ehttps://www.facebook.com/groups/beshvil.yael/posts/3866997263593396\u003c/a\u003e\u003cbr/\u003e\u003cbr/\u003e\u003cimg src=\u0027https://drive.google.com/uc?export=view\u0026amp;id=1zXEHbzCUhEyTipZQ3UN5qNFg7hcyKnMC\u0027 width=\u0027450\u0027/\u003e\u003cbr/\u003e\u003c/div\u003e",
                                            "tessellate":  -1,
                                            "extrude":  0,
                                            "visibility":  -1
                                        },
                         "geometry":  {
                                          "type":  "Point",
                                          "coordinates":  [
                                                              36.13196,
                                                              -0.33676,
                                                              0.0
                                                          ]
                                      }
                     },
                     {
                         "type":  "Feature",
                         "properties":  {
                                            "Name":  "#1161",
                                            "description":  "\u003cdiv dir=\u0027rtl\u0027 style=\u0027font-family:Arial;\u0027\u003e\u003cb\u003eשם:\u003c/b\u003e \u003cbr/\u003e\u003cb\u003eאתר:\u003c/b\u003e Ballena\u003cbr/\u003e\u003cb\u003eתאריך:\u003c/b\u003e 04-09-2025\u003cbr/\u003e\u003cb\u003eID:\u003c/b\u003e 197\u003cbr/\u003e\u003cb\u003eFB:\u003c/b\u003e \u003ca href=\u0027https://www.facebook.com/groups/beshvil.yael/posts/3740560696237054/\u0027\u003ehttps://www.facebook.com/groups/beshvil.yael/posts/3740560696237054/\u003c/a\u003e\u003cbr/\u003e\u003cbr/\u003e\u003cimg src=\u0027https://drive.google.com/uc?export=view\u0026amp;id=1OLEQZNHpF3EuO8rdgU6LBwsALGZrEM-2\u0027 width=\u0027450\u0027/\u003e\u003cbr/\u003e\u003c/div\u003e",
                                            "tessellate":  -1,
                                            "extrude":  0,
                                            "visibility":  -1
                                        },
                         "geometry":  {
                                          "type":  "Point",
                                          "coordinates":  [
                                                              -83.6960312,
                                                              9.104331,
                                                              0.0
                                                          ]
                                      }
                     },
                     {
                         "type":  "Feature",
                         "properties":  {
                                            "Name":  "#1161",
                                            "description":  "\u003cdiv dir=\u0027rtl\u0027 style=\u0027font-family:Arial;\u0027\u003e\u003cb\u003eשם:\u003c/b\u003e \u003cbr/\u003e\u003cb\u003eאתר:\u003c/b\u003e בשמורת טבע Sloth\u003cbr/\u003e\u003cb\u003eתאריך:\u003c/b\u003e 08-09-2025\u003cbr/\u003e\u003cb\u003eID:\u003c/b\u003e 191\u003cbr/\u003e\u003cb\u003eFB:\u003c/b\u003e \u003ca href=\u0027https://www.facebook.com/groups/beshvil.yael/posts/3743870019239455/\u0027\u003ehttps://www.facebook.com/groups/beshvil.yael/posts/3743870019239455/\u003c/a\u003e\u003cbr/\u003e\u003cbr/\u003e\u003cimg src=\u0027https://drive.google.com/uc?export=view\u0026amp;id=1R4J6k51T-z68_N9ph5HidiNNvGw1pP4h\u0027 width=\u0027450\u0027/\u003e\u003cbr/\u003e\u003c/div\u003e",
                                            "tessellate":  -1,
                                            "extrude":  0,
                                            "visibility":  -1
                                        },
                         "geometry":  {
                                          "type":  "Point",
                                          "coordinates":  [
                                                              -84.6534232,
                                                              10.4692551,
                                                              0.0
                                                          ]
                                      }
                     },
                     {
                         "type":  "Feature",
                         "properties":  {
                                            "Name":  "#1161",
                                            "description":  "\u003cdiv dir=\u0027rtl\u0027 style=\u0027font-family:Arial;\u0027\u003e\u003cb\u003eשם:\u003c/b\u003e \u003cbr/\u003e\u003cb\u003eאתר:\u003c/b\u003e Rio Frio\u003cbr/\u003e\u003cb\u003eתאריך:\u003c/b\u003e 10-09-2025\u003cbr/\u003e\u003cb\u003eID:\u003c/b\u003e 185\u003cbr/\u003e\u003cb\u003eFB:\u003c/b\u003e \u003ca href=\u0027https://www.facebook.com/groups/beshvil.yael/posts/3746324445660679\u0027\u003ehttps://www.facebook.com/groups/beshvil.yael/posts/3746324445660679\u003c/a\u003e\u003cbr/\u003e\u003cbr/\u003e\u003cimg src=\u0027https://drive.google.com/uc?export=view\u0026amp;id=1WxN8kaFJiBk0qJCDrFrzJ9VyaxKMpk9E\u0027 width=\u0027450\u0027/\u003e\u003cbr/\u003e\u003c/div\u003e",
                                            "tessellate":  -1,
                                            "extrude":  0,
                                            "visibility":  -1
                                        },
                         "geometry":  {
                                          "type":  "Point",
                                          "coordinates":  [
                                                              -83.88312,
                                                              10.3253,
                                                              0.0
                                                          ]
                                      }
                     },
                     {
                         "type":  "Feature",
                         "properties":  {
                                            "Name":  "#1161",
                                            "description":  "\u003cdiv dir=\u0027rtl\u0027 style=\u0027font-family:Arial;\u0027\u003e\u003cb\u003eשם:\u003c/b\u003e \u003cbr/\u003e\u003cb\u003eאתר:\u003c/b\u003e The Hollow Tree\u003cbr/\u003e\u003cb\u003eתאריך:\u003c/b\u003e 12-09-2025\u003cbr/\u003e\u003cb\u003eID:\u003c/b\u003e 183\u003cbr/\u003e\u003cb\u003eFB:\u003c/b\u003e \u003ca href=\u0027https://www.facebook.com/groups/beshvil.yael/posts/3747517588874698\u0027\u003ehttps://www.facebook.com/groups/beshvil.yael/posts/3747517588874698\u003c/a\u003e\u003cbr/\u003e\u003cbr/\u003e\u003cimg src=\u0027https://drive.google.com/uc?export=view\u0026amp;id=1OAvMbuXU3BAWRPD9xHKhyeq7LeP4S5jK\u0027 width=\u0027450\u0027/\u003e\u003cbr/\u003e\u003c/div\u003e",
                                            "tessellate":  -1,
                                            "extrude":  0,
                                            "visibility":  -1
                                        },
                         "geometry":  {
                                          "type":  "Point",
                                          "coordinates":  [
                                                              -84.79901,
                                                              10.31764,
                                                              0.0
                                                          ]
                                      }
                     },
                     {
                         "type":  "Feature",
                         "properties":  {
                                            "Name":  "#1161",
                                            "description":  "\u003cdiv dir=\u0027rtl\u0027 style=\u0027font-family:Arial;\u0027\u003e\u003cb\u003eשם:\u003c/b\u003e \u003cbr/\u003e\u003cb\u003eאתר:\u003c/b\u003e שמורת העצים המרובעים\u003cbr/\u003e\u003cb\u003eתאריך:\u003c/b\u003e 01-10-2025\u003cbr/\u003e\u003cb\u003eID:\u003c/b\u003e 169\u003cbr/\u003e\u003cb\u003eFB:\u003c/b\u003e \u003ca href=\u0027https://www.facebook.com/groups/beshvil.yael/posts/3765714633721660\u0027\u003ehttps://www.facebook.com/groups/beshvil.yael/posts/3765714633721660\u003c/a\u003e\u003cbr/\u003e\u003cbr/\u003e\u003cimg src=\u0027https://drive.google.com/uc?export=view\u0026amp;id=1g97iaMIYPxFwiNLk8zquhJIm1i9hNy4x\u0027 width=\u0027450\u0027/\u003e\u003cbr/\u003e\u003c/div\u003e",
                                            "tessellate":  -1,
                                            "extrude":  0,
                                            "visibility":  -1
                                        },
                         "geometry":  {
                                          "type":  "Point",
                                          "coordinates":  [
                                                              -80.13785,
                                                              8.59572,
                                                              0.0
                                                          ]
                                      }
                     },
                     {
                         "type":  "Feature",
                         "properties":  {
                                            "Name":  "#1161",
                                            "description":  "\u003cdiv dir=\u0027rtl\u0027 style=\u0027font-family:Arial;\u0027\u003e\u003cb\u003eשם:\u003c/b\u003e \u003cbr/\u003e\u003cb\u003eאתר:\u003c/b\u003e El Chorro Macho\u003cbr/\u003e\u003cb\u003eתאריך:\u003c/b\u003e 04-10-2025\u003cbr/\u003e\u003cb\u003eID:\u003c/b\u003e 162\u003cbr/\u003e\u003cb\u003eFB:\u003c/b\u003e \u003ca href=\u0027https://www.facebook.com/groups/beshvil.yael/posts/3768834333409690\u0027\u003ehttps://www.facebook.com/groups/beshvil.yael/posts/3768834333409690\u003c/a\u003e\u003cbr/\u003e\u003cbr/\u003e\u003cimg src=\u0027https://drive.google.com/uc?export=view\u0026amp;id=1mMceIlEaaks5aXf_IPZEaQHxKqRdkclO\u0027 width=\u0027450\u0027/\u003e\u003cbr/\u003e\u003c/div\u003e",
                                            "tessellate":  -1,
                                            "extrude":  0,
                                            "visibility":  -1
                                        },
                         "geometry":  {
                                          "type":  "Point",
                                          "coordinates":  [
                                                              -80.13933,
                                                              8.62678,
                                                              0.0
                                                          ]
                                      }
                     },
                     {
                         "type":  "Feature",
                         "properties":  {
                                            "Name":  "#1161",
                                            "description":  "\u003cdiv dir=\u0027rtl\u0027 style=\u0027font-family:Arial;\u0027\u003e\u003cb\u003eשם:\u003c/b\u003e \u003cbr/\u003e\u003cb\u003eאתר:\u003c/b\u003e Umusambi Village‏\u003cbr/\u003e\u003cb\u003eתאריך:\u003c/b\u003e 12-01-2026\u003cbr/\u003e\u003cb\u003eID:\u003c/b\u003e 110\u003cbr/\u003e\u003cb\u003eFB:\u003c/b\u003e \u003ca href=\u0027https://www.facebook.com/groups/beshvil.yael/posts/3859316077694848\u0027\u003ehttps://www.facebook.com/groups/beshvil.yael/posts/3859316077694848\u003c/a\u003e\u003cbr/\u003e\u003cbr/\u003e\u003cimg src=\u0027https://drive.google.com/uc?export=view\u0026amp;id=1BelVrMtpJMTuyBBAc3eOxmqFRx0K_P_O\u0027 width=\u0027450\u0027/\u003e\u003cbr/\u003e\u003c/div\u003e",
                                            "tessellate":  -1,
                                            "extrude":  0,
                                            "visibility":  -1
                                        },
                         "geometry":  {
                                          "type":  "Point",
                                          "coordinates":  [
                                                              30.21005,
                                                              -1.98429,
                                                              0.0
                                                          ]
                                      }
                     },
                     {
                         "type":  "Feature",
                         "properties":  {
                                            "Name":  "#1161",
                                            "description":  "\u003cdiv dir=\u0027rtl\u0027 style=\u0027font-family:Arial;\u0027\u003e\u003cb\u003eשם:\u003c/b\u003e \u003cbr/\u003e\u003cb\u003eאתר:\u003c/b\u003e גאשורה\u003cbr/\u003e\u003cb\u003eתאריך:\u003c/b\u003e 14-01-2026\u003cbr/\u003e\u003cb\u003eID:\u003c/b\u003e 327\u003cbr/\u003e\u003cb\u003eFB:\u003c/b\u003e \u003ca href=\u0027https://www.facebook.com/groups/beshvil.yael/posts/3861582490801540\u0027\u003ehttps://www.facebook.com/groups/beshvil.yael/posts/3861582490801540\u003c/a\u003e\u003cbr/\u003e\u003cbr/\u003e\u003cimg src=\u0027https://drive.google.com/uc?export=view\u0026amp;id=1a-4l7TSdtbIC5FjrZtNEeHQpwNvl6cYh\u0027 width=\u0027450\u0027/\u003e\u003cbr/\u003e\u003c/div\u003e",
                                            "tessellate":  -1,
                                            "extrude":  0,
                                            "visibility":  -1
                                        },
                         "geometry":  {
                                          "type":  "Point",
                                          "coordinates":  [
                                                              30.24023,
                                                              -2.20314,
                                                              0.0
                                                          ]
                                      }
                     },
                     {
                         "type":  "Feature",
                         "properties":  {
                                            "Name":  "#1161",
                                            "description":  "\u003cdiv dir=\u0027rtl\u0027 style=\u0027font-family:Arial;\u0027\u003e\u003cb\u003eשם:\u003c/b\u003e \u003cbr/\u003e\u003cb\u003eאתר:\u003c/b\u003e מסאי מארה\u003cbr/\u003e\u003cb\u003eתאריך:\u003c/b\u003e 18-01-2026\u003cbr/\u003e\u003cb\u003eID:\u003c/b\u003e 104\u003cbr/\u003e\u003cb\u003eFB:\u003c/b\u003e \u003ca href=\u0027https://www.facebook.com/groups/beshvil.yael/posts/3864434280516361/\u0027\u003ehttps://www.facebook.com/groups/beshvil.yael/posts/3864434280516361/\u003c/a\u003e\u003cbr/\u003e\u003cbr/\u003e\u003cimg src=\u0027https://drive.google.com/uc?export=view\u0026amp;id=1uh8hghUhfBf24U6mLK9CTgGncnTOxz7l\u0027 width=\u0027450\u0027/\u003e\u003cbr/\u003e\u003c/div\u003e",
                                            "tessellate":  -1,
                                            "extrude":  0,
                                            "visibility":  -1
                                        },
                         "geometry":  {
                                          "type":  "Point",
                                          "coordinates":  [
                                                              35.15363,
                                                              -1.49215,
                                                              0.0
                                                          ]
                                      }
                     },
                     {
                         "type":  "Feature",
                         "properties":  {
                                            "Name":  "#1174",
                                            "description":  "\u003cdiv dir=\u0027rtl\u0027 style=\u0027font-family:Arial;\u0027\u003e\u003cb\u003eשם:\u003c/b\u003e אלה כהן\u003cbr/\u003e\u003cb\u003eאתר:\u003c/b\u003e בתצפית Artist\u003cbr/\u003e\u003cb\u003eתאריך:\u003c/b\u003e 11-08-2025\u003cbr/\u003e\u003cb\u003eID:\u003c/b\u003e 1496\u003cbr/\u003e\u003cb\u003eFB:\u003c/b\u003e \u003ca href=\u0027https://www.facebook.com/groups/beshvil.yael/posts/3718290868464037/\u0027\u003ehttps://www.facebook.com/groups/beshvil.yael/posts/3718290868464037/\u003c/a\u003e\u003cbr/\u003e\u003cbr/\u003e\u003cimg src=\u0027https://drive.google.com/uc?export=view\u0026amp;id=1gPEILUdcnh1SeCBDC748NzI-2HUuty9a\u0027 width=\u0027450\u0027/\u003e\u003cbr/\u003e\u003c/div\u003e",
                                            "tessellate":  -1,
                                            "extrude":  0,
                                            "visibility":  -1
                                        },
                         "geometry":  {
                                          "type":  "Point",
                                          "coordinates":  [
                                                              -110.479515,
                                                              44.7217245,
                                                              0.0
                                                          ]
                                      }
                     },
                     {
                         "type":  "Feature",
                         "properties":  {
                                            "Name":  "#1174",
                                            "description":  "\u003cdiv dir=\u0027rtl\u0027 style=\u0027font-family:Arial;\u0027\u003e\u003cb\u003eשם:\u003c/b\u003e אלה כהן\u003cbr/\u003e\u003cb\u003eאתר:\u003c/b\u003e פארק גליישר\u003cbr/\u003e\u003cb\u003eתאריך:\u003c/b\u003e 14-08-2025\u003cbr/\u003e\u003cb\u003eID:\u003c/b\u003e 1527\u003cbr/\u003e\u003cb\u003eFB:\u003c/b\u003e \u003ca href=\u0027https://www.facebook.com/groups/beshvil.yael/posts/3721145534845237/\u0027\u003ehttps://www.facebook.com/groups/beshvil.yael/posts/3721145534845237/\u003c/a\u003e\u003cbr/\u003e\u003cbr/\u003e\u003cimg src=\u0027https://drive.google.com/uc?export=view\u0026amp;id=1OwYh4WMY9GlWO0o8GfWG6CynDpJVjNwy\u0027 width=\u0027450\u0027/\u003e\u003cbr/\u003e\u003c/div\u003e",
                                            "tessellate":  -1,
                                            "extrude":  0,
                                            "visibility":  -1
                                        },
                         "geometry":  {
                                          "type":  "Point",
                                          "coordinates":  [
                                                              -113.8731302,
                                                              48.8121153,
                                                              0.0
                                                          ]
                                      }
                     },
                     {
                         "type":  "Feature",
                         "properties":  {
                                            "Name":  "#1190",
                                            "description":  "\u003cdiv dir=\u0027rtl\u0027 style=\u0027font-family:Arial;\u0027\u003e\u003cb\u003eשם:\u003c/b\u003e גפן שמעיה\u003cbr/\u003e\u003cb\u003eאתר:\u003c/b\u003e טרק סובב\u003cbr/\u003e\u003cb\u003eתאריך:\u003c/b\u003e 15-09-2025\u003cbr/\u003e\u003cb\u003eID:\u003c/b\u003e 1893\u003cbr/\u003e\u003cb\u003eFB:\u003c/b\u003e \u003ca href=\u0027https://www.facebook.com/groups/beshvil.yael/posts/3751173365175787\u0027\u003ehttps://www.facebook.com/groups/beshvil.yael/posts/3751173365175787\u003c/a\u003e\u003cbr/\u003e\u003cbr/\u003e\u003cimg src=\u0027https://drive.google.com/uc?export=view\u0026amp;id=1oY9C3fNbX45zPTjkizBX0tmwlzgHaw6m\u0027 width=\u0027450\u0027/\u003e\u003cbr/\u003e\u003c/div\u003e",
                                            "tessellate":  -1,
                                            "extrude":  0,
                                            "visibility":  -1
                                        },
                         "geometry":  {
                                          "type":  "Point",
                                          "coordinates":  [
                                                              6.86472,
                                                              45.83283,
                                                              0.0
                                                          ]
                                      }
                     },
                     {
                         "type":  "Feature",
                         "properties":  {
                                            "Name":  "#1190",
                                            "description":  "\u003cdiv dir=\u0027rtl\u0027 style=\u0027font-family:Arial;\u0027\u003e\u003cb\u003eשם:\u003c/b\u003e גפן שמעיה\u003cbr/\u003e\u003cb\u003eאתר:\u003c/b\u003e \u003cbr/\u003e\u003cb\u003eתאריך:\u003c/b\u003e 03-11-2025\u003cbr/\u003e\u003cb\u003eID:\u003c/b\u003e 2601\u003cbr/\u003e\u003cb\u003eFB:\u003c/b\u003e \u003ca href=\u0027https://www.facebook.com/groups/beshvil.yael/posts/3799012167058573\u0027\u003ehttps://www.facebook.com/groups/beshvil.yael/posts/3799012167058573\u003c/a\u003e\u003cbr/\u003e\u003cbr/\u003e\u003cimg src=\u0027https://drive.google.com/uc?export=view\u0026amp;id=1iK_SEJpVsEglNpOG4gAMYNHV9sTe6frJ\u0027 width=\u0027450\u0027/\u003e\u003cbr/\u003e\u003c/div\u003e",
                                            "tessellate":  -1,
                                            "extrude":  0,
                                            "visibility":  -1
                                        },
                         "geometry":  {
                                          "type":  "Point",
                                          "coordinates":  [
                                                              86.85207,
                                                              28.00232,
                                                              0.0
                                                          ]
                                      }
                     },
                     {
                         "type":  "Feature",
                         "properties":  {
                                            "Name":  "#1190",
                                            "description":  "\u003cdiv dir=\u0027rtl\u0027 style=\u0027font-family:Arial;\u0027\u003e\u003cb\u003eשם:\u003c/b\u003e גפן שמעיה\u003cbr/\u003e\u003cb\u003eאתר:\u003c/b\u003e טרק מערות\u003cbr/\u003e\u003cb\u003eתאריך:\u003c/b\u003e 21-12-2025\u003cbr/\u003e\u003cb\u003eID:\u003c/b\u003e 3125\u003cbr/\u003e\u003cb\u003eFB:\u003c/b\u003e \u003ca href=\u0027https://www.facebook.com/groups/beshvil.yael/posts/3840995896193533/\u0027\u003ehttps://www.facebook.com/groups/beshvil.yael/posts/3840995896193533/\u003c/a\u003e\u003cbr/\u003e\u003cbr/\u003e\u003cimg src=\u0027https://drive.google.com/uc?export=view\u0026amp;id=1rlnQjPM9B4IH0u8ciYOMbyDN4ED5JhW_\u0027 width=\u0027450\u0027/\u003e\u003cbr/\u003e\u003c/div\u003e",
                                            "tessellate":  -1,
                                            "extrude":  0,
                                            "visibility":  -1
                                        },
                         "geometry":  {
                                          "type":  "Point",
                                          "coordinates":  [
                                                              106.28175,
                                                              17.58132,
                                                              0.0
                                                          ]
                                      }
                     },
                     {
                         "type":  "Feature",
                         "properties":  {
                                            "Name":  "#1190",
                                            "description":  "\u003cdiv dir=\u0027rtl\u0027 style=\u0027font-family:Arial;\u0027\u003e\u003cb\u003eשם:\u003c/b\u003e גפן שמעיה\u003cbr/\u003e\u003cb\u003eאתר:\u003c/b\u003e מפל שייפן\u003cbr/\u003e\u003cb\u003eתאריך:\u003c/b\u003e 30-01-2026\u003cbr/\u003e\u003cb\u003eID:\u003c/b\u003e 3505\u003cbr/\u003e\u003cb\u003eFB:\u003c/b\u003e \u003ca href=\u0027https://www.facebook.com/groups/beshvil.yael/posts/3875781156048340/\u0027\u003ehttps://www.facebook.com/groups/beshvil.yael/posts/3875781156048340/\u003c/a\u003e\u003cbr/\u003e\u003cbr/\u003e\u003cimg src=\u0027https://drive.google.com/uc?export=view\u0026amp;id=1QSGti1AypIKuOQ0j_ybH-Rz3yq93LvnQ\u0027 width=\u0027450\u0027/\u003e\u003cbr/\u003e\u003c/div\u003e",
                                            "tessellate":  -1,
                                            "extrude":  0,
                                            "visibility":  -1
                                        },
                         "geometry":  {
                                          "type":  "Point",
                                          "coordinates":  [
                                                              121.78685,
                                                              25.04982,
                                                              0.0
                                                          ]
                                      }
                     },
                     {
                         "type":  "Feature",
                         "properties":  {
                                            "Name":  "#1222",
                                            "description":  "\u003cdiv dir=\u0027rtl\u0027 style=\u0027font-family:Arial;\u0027\u003e\u003cb\u003eשם:\u003c/b\u003e לילך תמם\u003cbr/\u003e\u003cb\u003eאתר:\u003c/b\u003e \u003cbr/\u003e\u003cb\u003eתאריך:\u003c/b\u003e 19-08-2025\u003cbr/\u003e\u003cb\u003eID:\u003c/b\u003e 1587\u003cbr/\u003e\u003cb\u003eFB:\u003c/b\u003e \u003ca href=\u0027https://www.facebook.com/groups/beshvil.yael/posts/3725928914366899/\u0027\u003ehttps://www.facebook.com/groups/beshvil.yael/posts/3725928914366899/\u003c/a\u003e\u003cbr/\u003e\u003cbr/\u003e\u003cimg src=\u0027https://drive.google.com/uc?export=view\u0026amp;id=1fKP4tG3tdlOIVmnR9XKzm1ftYd_8zneO\u0027 width=\u0027450\u0027/\u003e\u003cbr/\u003e\u003c/div\u003e",
                                            "tessellate":  -1,
                                            "extrude":  0,
                                            "visibility":  -1
                                        },
                         "geometry":  {
                                          "type":  "Point",
                                          "coordinates":  [
                                                              26.0850494,
                                                              68.0941579,
                                                              0.0
                                                          ]
                                      }
                     },
                     {
                         "type":  "Feature",
                         "properties":  {
                                            "Name":  "#1223",
                                            "description":  "\u003cdiv dir=\u0027rtl\u0027 style=\u0027font-family:Arial;\u0027\u003e\u003cb\u003eשם:\u003c/b\u003e ליאת שלום\u003cbr/\u003e\u003cb\u003eאתר:\u003c/b\u003e Mafia Island\u003cbr/\u003e\u003cb\u003eתאריך:\u003c/b\u003e 19-10-2025\u003cbr/\u003e\u003cb\u003eID:\u003c/b\u003e 2450\u003cbr/\u003e\u003cb\u003eFB:\u003c/b\u003e \u003ca href=\u0027https://www.facebook.com/groups/beshvil.yael/posts/3784710148488775\u0027\u003ehttps://www.facebook.com/groups/beshvil.yael/posts/3784710148488775\u003c/a\u003e\u003cbr/\u003e\u003cbr/\u003e\u003cimg src=\u0027https://drive.google.com/uc?export=view\u0026amp;id=1CDoBpFPvj6d0FVGuChsC9O64yPQyxjrG\u0027 width=\u0027450\u0027/\u003e\u003cbr/\u003e\u003c/div\u003e",
                                            "tessellate":  -1,
                                            "extrude":  0,
                                            "visibility":  -1
                                        },
                         "geometry":  {
                                          "type":  "Point",
                                          "coordinates":  [
                                                              39.72817,
                                                              -7.83996,
                                                              0.0
                                                          ]
                                      }
                     },
                     {
                         "type":  "Feature",
                         "properties":  {
                                            "Name":  "#1240",
                                            "description":  "\u003cdiv dir=\u0027rtl\u0027 style=\u0027font-family:Arial;\u0027\u003e\u003cb\u003eשם:\u003c/b\u003e גלית רונן\u003cbr/\u003e\u003cb\u003eאתר:\u003c/b\u003e \u003cbr/\u003e\u003cb\u003eתאריך:\u003c/b\u003e 04-11-2025\u003cbr/\u003e\u003cb\u003eID:\u003c/b\u003e 2603\u003cbr/\u003e\u003cb\u003eFB:\u003c/b\u003e \u003ca href=\u0027https://www.facebook.com/groups/beshvil.yael/posts/3799717166988073\u0027\u003ehttps://www.facebook.com/groups/beshvil.yael/posts/3799717166988073\u003c/a\u003e\u003cbr/\u003e\u003cbr/\u003e\u003cimg src=\u0027https://drive.google.com/uc?export=view\u0026amp;id=1B3X1oD9jTLjRX6uKZUWYDIhcIz_UNSS3\u0027 width=\u0027450\u0027/\u003e\u003cbr/\u003e\u003c/div\u003e",
                                            "tessellate":  -1,
                                            "extrude":  0,
                                            "visibility":  -1
                                        },
                         "geometry":  {
                                          "type":  "Point",
                                          "coordinates":  [
                                                              85.50741,
                                                              28.14459,
                                                              0.0
                                                          ]
                                      }
                     },
                     {
                         "type":  "Feature",
                         "properties":  {
                                            "Name":  "#1240",
                                            "description":  "\u003cdiv dir=\u0027rtl\u0027 style=\u0027font-family:Arial;\u0027\u003e\u003cb\u003eשם:\u003c/b\u003e גלית רונן\u003cbr/\u003e\u003cb\u003eאתר:\u003c/b\u003e מקדש ג\u0027אגדיש\u003cbr/\u003e\u003cb\u003eתאריך:\u003c/b\u003e 01-02-2026\u003cbr/\u003e\u003cb\u003eID:\u003c/b\u003e 3560\u003cbr/\u003e\u003cb\u003eFB:\u003c/b\u003e \u003ca href=\u0027https://www.facebook.com/groups/beshvil.yael/posts/3877866095839846\u0027\u003ehttps://www.facebook.com/groups/beshvil.yael/posts/3877866095839846\u003c/a\u003e\u003cbr/\u003e\u003cbr/\u003e\u003cimg src=\u0027https://drive.google.com/uc?export=view\u0026amp;id=1i1EWxB_PZly8LC97M0sGAnV48ZA1V0wc\u0027 width=\u0027450\u0027/\u003e\u003cbr/\u003e\u003c/div\u003e",
                                            "tessellate":  -1,
                                            "extrude":  0,
                                            "visibility":  -1
                                        },
                         "geometry":  {
                                          "type":  "Point",
                                          "coordinates":  [
                                                              73.68314,
                                                              24.57871,
                                                              0.0
                                                          ]
                                      }
                     },
                     {
                         "type":  "Feature",
                         "properties":  {
                                            "Name":  "#1240",
                                            "description":  "\u003cdiv dir=\u0027rtl\u0027 style=\u0027font-family:Arial;\u0027\u003e\u003cb\u003eשם:\u003c/b\u003e גלית רונן\u003cbr/\u003e\u003cb\u003eאתר:\u003c/b\u003e טאונג קלאט\u003cbr/\u003e\u003cb\u003eתאריך:\u003c/b\u003e 14-03-2026\u003cbr/\u003e\u003cb\u003eID:\u003c/b\u003e 3950\u003cbr/\u003e\u003cb\u003eFB:\u003c/b\u003e \u003ca href=\u0027https://www.facebook.com/groups/beshvil.yael/posts/3915473065412482\u0027\u003ehttps://www.facebook.com/groups/beshvil.yael/posts/3915473065412482\u003c/a\u003e\u003cbr/\u003e\u003cbr/\u003e\u003cimg src=\u0027https://drive.google.com/uc?export=view\u0026amp;id=1Jfm25WVfGucwWSVDk0B0suMKs2RY3-Yp\u0027 width=\u0027450\u0027/\u003e\u003cbr/\u003e\u003c/div\u003e",
                                            "tessellate":  -1,
                                            "extrude":  0,
                                            "visibility":  -1
                                        },
                         "geometry":  {
                                          "type":  "Point",
                                          "coordinates":  [
                                                              95.20912,
                                                              20.91333,
                                                              0.0
                                                          ]
                                      }
                     },
                     {
                         "type":  "Feature",
                         "properties":  {
                                            "Name":  "#1240",
                                            "description":  "\u003cdiv dir=\u0027rtl\u0027 style=\u0027font-family:Arial;\u0027\u003e\u003cb\u003eשם:\u003c/b\u003e גלית רונן\u003cbr/\u003e\u003cb\u003eאתר:\u003c/b\u003e Chimi Lhakhang\u003cbr/\u003e\u003cb\u003eתאריך:\u003c/b\u003e 13-04-2026\u003cbr/\u003e\u003cb\u003eID:\u003c/b\u003e 4124\u003cbr/\u003e\u003cb\u003eFB:\u003c/b\u003e \u003ca href=\u0027https://www.facebook.com/groups/beshvil.yael/posts/3942931072666681\u0027\u003ehttps://www.facebook.com/groups/beshvil.yael/posts/3942931072666681\u003c/a\u003e\u003cbr/\u003e\u003cbr/\u003e\u003cimg src=\u0027https://drive.google.com/uc?export=view\u0026amp;id=1vn2_KYG9GusVy87k0Nn4CD6CQMWx5D-W\u0027 width=\u0027450\u0027/\u003e\u003cbr/\u003e\u003c/div\u003e",
                                            "tessellate":  -1,
                                            "extrude":  0,
                                            "visibility":  -1
                                        },
                         "geometry":  {
                                          "type":  "Point",
                                          "coordinates":  [
                                                              89.87817,
                                                              27.52695,
                                                              0.0
                                                          ]
                                      }
                     },
                     {
                         "type":  "Feature",
                         "properties":  {
                                            "Name":  "#1240",
                                            "description":  "\u003cdiv dir=\u0027rtl\u0027 style=\u0027font-family:Arial;\u0027\u003e\u003cb\u003eשם:\u003c/b\u003e גלית רונן\u003cbr/\u003e\u003cb\u003eאתר:\u003c/b\u003e \u003cbr/\u003e\u003cb\u003eתאריך:\u003c/b\u003e 27-04-2026\u003cbr/\u003e\u003cb\u003eID:\u003c/b\u003e 4266\u003cbr/\u003e\u003cb\u003eFB:\u003c/b\u003e \u003ca href=\u0027https://www.facebook.com/groups/beshvil.yael/posts/3955419854751136\u0027\u003ehttps://www.facebook.com/groups/beshvil.yael/posts/3955419854751136\u003c/a\u003e\u003cbr/\u003e\u003cbr/\u003e\u003cimg src=\u0027https://drive.google.com/uc?export=view\u0026amp;id=1yR_MCbwqHB-Soqqxn5Lwqer2Kb6vl41C\u0027 width=\u0027450\u0027/\u003e\u003cbr/\u003e\u003c/div\u003e",
                                            "tessellate":  -1,
                                            "extrude":  0,
                                            "visibility":  -1
                                        },
                         "geometry":  {
                                          "type":  "Point",
                                          "coordinates":  [
                                                              87.42984,
                                                              28.95885,
                                                              0.0
                                                          ]
                                      }
                     },
                     {
                         "type":  "Feature",
                         "properties":  {
                                            "Name":  "#1240",
                                            "description":  "\u003cdiv dir=\u0027rtl\u0027 style=\u0027font-family:Arial;\u0027\u003e\u003cb\u003eשם:\u003c/b\u003e גלית רונן\u003cbr/\u003e\u003cb\u003eאתר:\u003c/b\u003e  עמק צום\u003cbr/\u003e\u003cb\u003eתאריך:\u003c/b\u003e 30-05-2026\u003cbr/\u003e\u003cb\u003eID:\u003c/b\u003e 4577\u003cbr/\u003e\u003cb\u003eFB:\u003c/b\u003e \u003ca href=\u0027https://www.facebook.com/groups/beshvil.yael/posts/3986542714972183\u0027\u003ehttps://www.facebook.com/groups/beshvil.yael/posts/3986542714972183\u003c/a\u003e\u003cbr/\u003e\u003cbr/\u003e\u003cimg src=\u0027https://drive.google.com/uc?export=view\u0026amp;id=1NpDK0r18hA1me0CyMi1XN6_2u938FUfg\u0027 width=\u0027450\u0027/\u003e\u003cbr/\u003e\u003c/div\u003e",
                                            "tessellate":  -1,
                                            "extrude":  0,
                                            "visibility":  -1
                                        },
                         "geometry":  {
                                          "type":  "Point",
                                          "coordinates":  [
                                                              84.86056,
                                                              28.30255,
                                                              0.0
                                                          ]
                                      }
                     },
                     {
                         "type":  "Feature",
                         "properties":  {
                                            "Name":  "#1253",
                                            "description":  "\u003cdiv dir=\u0027rtl\u0027 style=\u0027font-family:Arial;\u0027\u003e\u003cb\u003eשם:\u003c/b\u003e עדן בורשטיין\u003cbr/\u003e\u003cb\u003eאתר:\u003c/b\u003e Doi Inthanon\u003cbr/\u003e\u003cb\u003eתאריך:\u003c/b\u003e 24-02-2026\u003cbr/\u003e\u003cb\u003eID:\u003c/b\u003e 3854\u003cbr/\u003e\u003cb\u003eFB:\u003c/b\u003e \u003ca href=\u0027https://www.facebook.com/groups/beshvil.yael/posts/3899950470298075/\u0027\u003ehttps://www.facebook.com/groups/beshvil.yael/posts/3899950470298075/\u003c/a\u003e\u003cbr/\u003e\u003cbr/\u003e\u003cimg src=\u0027https://drive.google.com/uc?export=view\u0026amp;id=1oyBhPsskNEKVrOGU6lpjrEnRPr7oi2le\u0027 width=\u0027450\u0027/\u003e\u003cbr/\u003e\u003c/div\u003e",
                                            "tessellate":  -1,
                                            "extrude":  0,
                                            "visibility":  -1
                                        },
                         "geometry":  {
                                          "type":  "Point",
                                          "coordinates":  [
                                                              98.48731,
                                                              18.58893,
                                                              0.0
                                                          ]
                                      }
                     },
                     {
                         "type":  "Feature",
                         "properties":  {
                                            "Name":  "#1256",
                                            "description":  "\u003cdiv dir=\u0027rtl\u0027 style=\u0027font-family:Arial;\u0027\u003e\u003cb\u003eשם:\u003c/b\u003e אלון הרמן\u003cbr/\u003e\u003cb\u003eאתר:\u003c/b\u003e top of the rock\u003cbr/\u003e\u003cb\u003eתאריך:\u003c/b\u003e 18-07-2025\u003cbr/\u003e\u003cb\u003eID:\u003c/b\u003e 1229\u003cbr/\u003e\u003cb\u003eFB:\u003c/b\u003e \u003ca href=\u0027https://www.facebook.com/groups/beshvil.yael/posts/3697201793906278/\u0027\u003ehttps://www.facebook.com/groups/beshvil.yael/posts/3697201793906278/\u003c/a\u003e\u003cbr/\u003e\u003cbr/\u003e\u003cimg src=\u0027https://drive.google.com/uc?export=view\u0026amp;id=1iKtK3_90D2zPO5HQDOTDFgBupH2niPf1\u0027 width=\u0027450\u0027/\u003e\u003cbr/\u003e\u003c/div\u003e",
                                            "tessellate":  -1,
                                            "extrude":  0,
                                            "visibility":  -1
                                        },
                         "geometry":  {
                                          "type":  "Point",
                                          "coordinates":  [
                                                              -73.9797842,
                                                              40.759122,
                                                              0.0
                                                          ]
                                      }
                     },
                     {
                         "type":  "Feature",
                         "properties":  {
                                            "Name":  "#1256",
                                            "description":  "\u003cdiv dir=\u0027rtl\u0027 style=\u0027font-family:Arial;\u0027\u003e\u003cb\u003eשם:\u003c/b\u003e אלון הרמן\u003cbr/\u003e\u003cb\u003eאתר:\u003c/b\u003e גן חיות בברונקס\u003cbr/\u003e\u003cb\u003eתאריך:\u003c/b\u003e 20-07-2025\u003cbr/\u003e\u003cb\u003eID:\u003c/b\u003e 1253\u003cbr/\u003e\u003cb\u003eFB:\u003c/b\u003e \u003ca href=\u0027https://www.facebook.com/groups/beshvil.yael/posts/3698514387108352/\u0027\u003ehttps://www.facebook.com/groups/beshvil.yael/posts/3698514387108352/\u003c/a\u003e\u003cbr/\u003e\u003cbr/\u003e\u003cimg src=\u0027https://drive.google.com/uc?export=view\u0026amp;id=1CNvOo8b6rAxWT87TLLwTKRhjQG72JEUO\u0027 width=\u0027450\u0027/\u003e\u003cbr/\u003e\u003c/div\u003e",
                                            "tessellate":  -1,
                                            "extrude":  0,
                                            "visibility":  -1
                                        },
                         "geometry":  {
                                          "type":  "Point",
                                          "coordinates":  [
                                                              -73.8771938,
                                                              40.851375,
                                                              0.0
                                                          ]
                                      }
                     },
                     {
                         "type":  "Feature",
                         "properties":  {
                                            "Name":  "#1256",
                                            "description":  "\u003cdiv dir=\u0027rtl\u0027 style=\u0027font-family:Arial;\u0027\u003e\u003cb\u003eשם:\u003c/b\u003e אלון הרמן\u003cbr/\u003e\u003cb\u003eאתר:\u003c/b\u003e ליד cloud gate בפארק המילניום בשיקאגו\u003cbr/\u003e\u003cb\u003eתאריך:\u003c/b\u003e 23-07-2025\u003cbr/\u003e\u003cb\u003eID:\u003c/b\u003e 1283\u003cbr/\u003e\u003cb\u003eFB:\u003c/b\u003e \u003ca href=\u0027https://www.facebook.com/groups/beshvil.yael/posts/3701630783463379/\u0027\u003ehttps://www.facebook.com/groups/beshvil.yael/posts/3701630783463379/\u003c/a\u003e\u003cbr/\u003e\u003cbr/\u003e\u003cimg src=\u0027https://drive.google.com/uc?export=view\u0026amp;id=15ASDcabfBAuQrRdzfWO5BCtvgcUzVsXP\u0027 width=\u0027450\u0027/\u003e\u003cbr/\u003e\u003c/div\u003e",
                                            "tessellate":  -1,
                                            "extrude":  0,
                                            "visibility":  -1
                                        },
                         "geometry":  {
                                          "type":  "Point",
                                          "coordinates":  [
                                                              -87.6238189,
                                                              41.8829288,
                                                              0.0
                                                          ]
                                      }
                     },
                     {
                         "type":  "Feature",
                         "properties":  {
                                            "Name":  "#1256",
                                            "description":  "\u003cdiv dir=\u0027rtl\u0027 style=\u0027font-family:Arial;\u0027\u003e\u003cb\u003eשם:\u003c/b\u003e אלון הרמן\u003cbr/\u003e\u003cb\u003eאתר:\u003c/b\u003e Bunsen Peak\u003cbr/\u003e\u003cb\u003eתאריך:\u003c/b\u003e 31-07-2025\u003cbr/\u003e\u003cb\u003eID:\u003c/b\u003e 1353\u003cbr/\u003e\u003cb\u003eFB:\u003c/b\u003e \u003ca href=\u0027https://www.facebook.com/reel/1329654715246143\u0027\u003ehttps://www.facebook.com/reel/1329654715246143\u003c/a\u003e\u003cbr/\u003e\u003cbr/\u003e\u003cimg src=\u0027https://drive.google.com/uc?export=view\u0026amp;id=1rEAH_8zOZQTbBj2U1Yve9KwCXzkybGhw\u0027 width=\u0027450\u0027/\u003e\u003cbr/\u003e\u003c/div\u003e",
                                            "tessellate":  -1,
                                            "extrude":  0,
                                            "visibility":  -1
                                        },
                         "geometry":  {
                                          "type":  "Point",
                                          "coordinates":  [
                                                              -110.7079818,
                                                              44.9320047,
                                                              0.0
                                                          ]
                                      }
                     },
                     {
                         "type":  "Feature",
                         "properties":  {
                                            "Name":  "#1256",
                                            "description":  "\u003cdiv dir=\u0027rtl\u0027 style=\u0027font-family:Arial;\u0027\u003e\u003cb\u003eשם:\u003c/b\u003e אלון הרמן\u003cbr/\u003e\u003cb\u003eאתר:\u003c/b\u003e mirror lake ב-Yosemite Valley\u003cbr/\u003e\u003cb\u003eתאריך:\u003c/b\u003e 08-08-2025\u003cbr/\u003e\u003cb\u003eID:\u003c/b\u003e 1453\u003cbr/\u003e\u003cb\u003eFB:\u003c/b\u003e \u003ca href=\u0027https://www.facebook.com/groups/beshvil.yael/posts/3716081762018281/\u0027\u003ehttps://www.facebook.com/groups/beshvil.yael/posts/3716081762018281/\u003c/a\u003e\u003cbr/\u003e\u003cbr/\u003e\u003cimg src=\u0027https://drive.google.com/uc?export=view\u0026amp;id=1HW3YwVf0LuZgRcpUWe1VZgHg2aL5cMJb\u0027 width=\u0027450\u0027/\u003e\u003cbr/\u003e\u003c/div\u003e",
                                            "tessellate":  -1,
                                            "extrude":  0,
                                            "visibility":  -1
                                        },
                         "geometry":  {
                                          "type":  "Point",
                                          "coordinates":  [
                                                              -119.547017,
                                                              37.7454926,
                                                              0.0
                                                          ]
                                      }
                     },
                     {
                         "type":  "Feature",
                         "properties":  {
                                            "Name":  "#1256",
                                            "description":  "\u003cdiv dir=\u0027rtl\u0027 style=\u0027font-family:Arial;\u0027\u003e\u003cb\u003eשם:\u003c/b\u003e אלון הרמן\u003cbr/\u003e\u003cb\u003eאתר:\u003c/b\u003e גרנד קניון\u003cbr/\u003e\u003cb\u003eתאריך:\u003c/b\u003e 15-08-2025\u003cbr/\u003e\u003cb\u003eID:\u003c/b\u003e 1545\u003cbr/\u003e\u003cb\u003eFB:\u003c/b\u003e \u003ca href=\u0027https://www.facebook.com/groups/beshvil.yael/posts/3722712561355201/\u0027\u003ehttps://www.facebook.com/groups/beshvil.yael/posts/3722712561355201/\u003c/a\u003e\u003cbr/\u003e\u003cbr/\u003e\u003cimg src=\u0027https://drive.google.com/uc?export=view\u0026amp;id=1qyUPVW0b2hcGNp3DdTUE5hKkBSe7mn_g\u0027 width=\u0027450\u0027/\u003e\u003cbr/\u003e\u003c/div\u003e",
                                            "tessellate":  -1,
                                            "extrude":  0,
                                            "visibility":  -1
                                        },
                         "geometry":  {
                                          "type":  "Point",
                                          "coordinates":  [
                                                              -112.11287,
                                                              36.09671,
                                                              0.0
                                                          ]
                                      }
                     },
                     {
                         "type":  "Feature",
                         "properties":  {
                                            "Name":  "#1257",
                                            "description":  "\u003cdiv dir=\u0027rtl\u0027 style=\u0027font-family:Arial;\u0027\u003e\u003cb\u003eשם:\u003c/b\u003e נועם הרמן\u003cbr/\u003e\u003cb\u003eאתר:\u003c/b\u003e מוזיאון 9/11\u003cbr/\u003e\u003cb\u003eתאריך:\u003c/b\u003e 20-07-2025\u003cbr/\u003e\u003cb\u003eID:\u003c/b\u003e 1252\u003cbr/\u003e\u003cb\u003eFB:\u003c/b\u003e \u003ca href=\u0027https://www.facebook.com/reel/2548499278839417\u0027\u003ehttps://www.facebook.com/reel/2548499278839417\u003c/a\u003e\u003cbr/\u003e\u003cbr/\u003e\u003cimg src=\u0027https://drive.google.com/uc?export=view\u0026amp;id=1ULoEFYBaBCrgaN7cJHikM16D4zwj4L6i\u0027 width=\u0027450\u0027/\u003e\u003cbr/\u003e\u003c/div\u003e",
                                            "tessellate":  -1,
                                            "extrude":  0,
                                            "visibility":  -1
                                        },
                         "geometry":  {
                                          "type":  "Point",
                                          "coordinates":  [
                                                              -74.0128159,
                                                              40.7118175,
                                                              0.0
                                                          ]
                                      }
                     },
                     {
                         "type":  "Feature",
                         "properties":  {
                                            "Name":  "#1257",
                                            "description":  "\u003cdiv dir=\u0027rtl\u0027 style=\u0027font-family:Arial;\u0027\u003e\u003cb\u003eשם:\u003c/b\u003e נועם הרמן\u003cbr/\u003e\u003cb\u003eאתר:\u003c/b\u003e אושקוש\u003cbr/\u003e\u003cb\u003eתאריך:\u003c/b\u003e 25-07-2025\u003cbr/\u003e\u003cb\u003eID:\u003c/b\u003e 1294\u003cbr/\u003e\u003cb\u003eFB:\u003c/b\u003e \u003ca href=\u0027https://www.facebook.com/groups/beshvil.yael/posts/3702916183334839/\u0027\u003ehttps://www.facebook.com/groups/beshvil.yael/posts/3702916183334839/\u003c/a\u003e\u003cbr/\u003e\u003cbr/\u003e\u003cimg src=\u0027https://drive.google.com/uc?export=view\u0026amp;id=1lK-CkUjHp1Ub4-HYU2YnfJp7qzM_k3Iv\u0027 width=\u0027450\u0027/\u003e\u003cbr/\u003e\u003c/div\u003e",
                                            "tessellate":  -1,
                                            "extrude":  0,
                                            "visibility":  -1
                                        },
                         "geometry":  {
                                          "type":  "Point",
                                          "coordinates":  [
                                                              -88.5302546,
                                                              44.0289022,
                                                              0.0
                                                          ]
                                      }
                     },
                     {
                         "type":  "Feature",
                         "properties":  {
                                            "Name":  "#1258",
                                            "description":  "\u003cdiv dir=\u0027rtl\u0027 style=\u0027font-family:Arial;\u0027\u003e\u003cb\u003eשם:\u003c/b\u003e תום ארצי\u003cbr/\u003e\u003cb\u003eאתר:\u003c/b\u003e מאי צ׳או\u003cbr/\u003e\u003cb\u003eתאריך:\u003c/b\u003e 19-09-2025\u003cbr/\u003e\u003cb\u003eID:\u003c/b\u003e 1946\u003cbr/\u003e\u003cb\u003eFB:\u003c/b\u003e \u003ca href=\u0027https://www.facebook.com/groups/beshvil.yael/posts/3754605294832594/\u0027\u003ehttps://www.facebook.com/groups/beshvil.yael/posts/3754605294832594/\u003c/a\u003e\u003cbr/\u003e\u003cbr/\u003e\u003cimg src=\u0027https://drive.google.com/uc?export=view\u0026amp;id=1dWLaHgwaIeMHpyKHxW49jXFfQ6ofEHdq\u0027 width=\u0027450\u0027/\u003e\u003cbr/\u003e\u003c/div\u003e",
                                            "tessellate":  -1,
                                            "extrude":  0,
                                            "visibility":  -1
                                        },
                         "geometry":  {
                                          "type":  "Point",
                                          "coordinates":  [
                                                              105.00898,
                                                              20.69013,
                                                              0.0
                                                          ]
                                      }
                     },
                     {
                         "type":  "Feature",
                         "properties":  {
                                            "Name":  "#1263",
                                            "description":  "\u003cdiv dir=\u0027rtl\u0027 style=\u0027font-family:Arial;\u0027\u003e\u003cb\u003eשם:\u003c/b\u003e תמר מטקביץ\u003cbr/\u003e\u003cb\u003eאתר:\u003c/b\u003e \u003cbr/\u003e\u003cb\u003eתאריך:\u003c/b\u003e 26-05-2025\u003cbr/\u003e\u003cb\u003eID:\u003c/b\u003e 788\u003cbr/\u003e\u003cb\u003eFB:\u003c/b\u003e \u003ca href=\u0027https://www.facebook.com/groups/3235176716775457/posts/3651818825111242/\u0027\u003ehttps://www.facebook.com/groups/3235176716775457/posts/3651818825111242/\u003c/a\u003e\u003cbr/\u003e\u003cbr/\u003e\u003cimg src=\u0027https://drive.google.com/uc?export=view\u0026amp;id=1JGDG4ylb_NicuMumqh7SWCHsFLjKEXPe\u0027 width=\u0027450\u0027/\u003e\u003cbr/\u003e\u003c/div\u003e",
                                            "tessellate":  -1,
                                            "extrude":  0,
                                            "visibility":  -1
                                        },
                         "geometry":  {
                                          "type":  "Point",
                                          "coordinates":  [
                                                              -121.16153,
                                                              38.74248,
                                                              0.0
                                                          ]
                                      }
                     },
                     {
                         "type":  "Feature",
                         "properties":  {
                                            "Name":  "#1263",
                                            "description":  "\u003cdiv dir=\u0027rtl\u0027 style=\u0027font-family:Arial;\u0027\u003e\u003cb\u003eשם:\u003c/b\u003e תמר מטקביץ\u003cbr/\u003e\u003cb\u003eאתר:\u003c/b\u003e סן פרנסיסקו\u003cbr/\u003e\u003cb\u003eתאריך:\u003c/b\u003e 19-06-2025\u003cbr/\u003e\u003cb\u003eID:\u003c/b\u003e 1033\u003cbr/\u003e\u003cb\u003eFB:\u003c/b\u003e \u003ca href=\u0027https://www.facebook.com/groups/beshvil.yael/posts/3671452283147896/\u0027\u003ehttps://www.facebook.com/groups/beshvil.yael/posts/3671452283147896/\u003c/a\u003e\u003cbr/\u003e\u003cbr/\u003e\u003cimg src=\u0027https://drive.google.com/uc?export=view\u0026amp;id=1yThiEvoZAsKtobd5mtDzzJZ5j0QmExcu\u0027 width=\u0027450\u0027/\u003e\u003cbr/\u003e\u003c/div\u003e",
                                            "tessellate":  -1,
                                            "extrude":  0,
                                            "visibility":  -1
                                        },
                         "geometry":  {
                                          "type":  "Point",
                                          "coordinates":  [
                                                              -122.4266768,
                                                              37.7543036,
                                                              0.0
                                                          ]
                                      }
                     },
                     {
                         "type":  "Feature",
                         "properties":  {
                                            "Name":  "#1263",
                                            "description":  "\u003cdiv dir=\u0027rtl\u0027 style=\u0027font-family:Arial;\u0027\u003e\u003cb\u003eשם:\u003c/b\u003e תמר מטקביץ\u003cbr/\u003e\u003cb\u003eאתר:\u003c/b\u003e אגם טאהו\u003cbr/\u003e\u003cb\u003eתאריך:\u003c/b\u003e 13-07-2025\u003cbr/\u003e\u003cb\u003eID:\u003c/b\u003e 1176\u003cbr/\u003e\u003cb\u003eFB:\u003c/b\u003e \u003ca href=\u0027https://www.facebook.com/groups/beshvil.yael/posts/3692460347713756/\u0027\u003ehttps://www.facebook.com/groups/beshvil.yael/posts/3692460347713756/\u003c/a\u003e\u003cbr/\u003e\u003cbr/\u003e\u003cimg src=\u0027https://drive.google.com/uc?export=view\u0026amp;id=1Rf3lX0aMvixw3fnjTjWfs-HeBIAiUjXY\u0027 width=\u0027450\u0027/\u003e\u003cbr/\u003e\u003c/div\u003e",
                                            "tessellate":  -1,
                                            "extrude":  0,
                                            "visibility":  -1
                                        },
                         "geometry":  {
                                          "type":  "Point",
                                          "coordinates":  [
                                                              -119.9384185,
                                                              39.2373518,
                                                              0.0
                                                          ]
                                      }
                     },
                     {
                         "type":  "Feature",
                         "properties":  {
                                            "Name":  "#1263",
                                            "description":  "\u003cdiv dir=\u0027rtl\u0027 style=\u0027font-family:Arial;\u0027\u003e\u003cb\u003eשם:\u003c/b\u003e תמר מטקביץ\u003cbr/\u003e\u003cb\u003eאתר:\u003c/b\u003e Walnut Creek\u003cbr/\u003e\u003cb\u003eתאריך:\u003c/b\u003e 11-08-2025\u003cbr/\u003e\u003cb\u003eID:\u003c/b\u003e 1495\u003cbr/\u003e\u003cb\u003eFB:\u003c/b\u003e \u003ca href=\u0027https://www.facebook.com/groups/beshvil.yael/posts/3718289251797532/\u0027\u003ehttps://www.facebook.com/groups/beshvil.yael/posts/3718289251797532/\u003c/a\u003e\u003cbr/\u003e\u003cbr/\u003e\u003cimg src=\u0027https://drive.google.com/uc?export=view\u0026amp;id=1FB8gWEO4FhhORhX1GoMzvmvPTSIfTc2s\u0027 width=\u0027450\u0027/\u003e\u003cbr/\u003e\u003c/div\u003e",
                                            "tessellate":  -1,
                                            "extrude":  0,
                                            "visibility":  -1
                                        },
                         "geometry":  {
                                          "type":  "Point",
                                          "coordinates":  [
                                                              -122.0349683,
                                                              37.8824476,
                                                              0.0
                                                          ]
                                      }
                     },
                     {
                         "type":  "Feature",
                         "properties":  {
                                            "Name":  "#1263",
                                            "description":  "\u003cdiv dir=\u0027rtl\u0027 style=\u0027font-family:Arial;\u0027\u003e\u003cb\u003eשם:\u003c/b\u003e תמר מטקביץ\u003cbr/\u003e\u003cb\u003eאתר:\u003c/b\u003e סקרמנטו.\u003cbr/\u003e\u003cb\u003eתאריך:\u003c/b\u003e 05-09-2025\u003cbr/\u003e\u003cb\u003eID:\u003c/b\u003e 1756\u003cbr/\u003e\u003cb\u003eFB:\u003c/b\u003e \u003ca href=\u0027https://www.facebook.com/groups/beshvil.yael/posts/3741760429450414/\u0027\u003ehttps://www.facebook.com/groups/beshvil.yael/posts/3741760429450414/\u003c/a\u003e\u003cbr/\u003e\u003cbr/\u003e\u003cimg src=\u0027https://drive.google.com/uc?export=view\u0026amp;id=1Ot-am-LcvP1h1lHzWkoTwBYgWFNoQ19g\u0027 width=\u0027450\u0027/\u003e\u003cbr/\u003e\u003c/div\u003e",
                                            "tessellate":  -1,
                                            "extrude":  0,
                                            "visibility":  -1
                                        },
                         "geometry":  {
                                          "type":  "Point",
                                          "coordinates":  [
                                                              -121.59871,
                                                              38.40634,
                                                              0.0
                                                          ]
                                      }
                     },
                     {
                         "type":  "Feature",
                         "properties":  {
                                            "Name":  "#1263",
                                            "description":  "\u003cdiv dir=\u0027rtl\u0027 style=\u0027font-family:Arial;\u0027\u003e\u003cb\u003eשם:\u003c/b\u003e תמר מטקביץ\u003cbr/\u003e\u003cb\u003eאתר:\u003c/b\u003e Auburn\u003cbr/\u003e\u003cb\u003eתאריך:\u003c/b\u003e 06-10-2025\u003cbr/\u003e\u003cb\u003eID:\u003c/b\u003e 2185\u003cbr/\u003e\u003cb\u003eFB:\u003c/b\u003e \u003ca href=\u0027https://www.facebook.com/groups/beshvil.yael/posts/3770726016553855\u0027\u003ehttps://www.facebook.com/groups/beshvil.yael/posts/3770726016553855\u003c/a\u003e\u003cbr/\u003e\u003cbr/\u003e\u003cimg src=\u0027https://drive.google.com/uc?export=view\u0026amp;id=1VIeZlTv0KBsD1EtduRnSVQ-OYuAFojAP\u0027 width=\u0027450\u0027/\u003e\u003cbr/\u003e\u003c/div\u003e",
                                            "tessellate":  -1,
                                            "extrude":  0,
                                            "visibility":  -1
                                        },
                         "geometry":  {
                                          "type":  "Point",
                                          "coordinates":  [
                                                              -121.09405,
                                                              38.9003,
                                                              0.0
                                                          ]
                                      }
                     },
                     {
                         "type":  "Feature",
                         "properties":  {
                                            "Name":  "#1263",
                                            "description":  "\u003cdiv dir=\u0027rtl\u0027 style=\u0027font-family:Arial;\u0027\u003e\u003cb\u003eשם:\u003c/b\u003e תמר מטקביץ\u003cbr/\u003e\u003cb\u003eאתר:\u003c/b\u003e \u003cbr/\u003e\u003cb\u003eתאריך:\u003c/b\u003e 07-10-2025\u003cbr/\u003e\u003cb\u003eID:\u003c/b\u003e 2211\u003cbr/\u003e\u003cb\u003eFB:\u003c/b\u003e \u003ca href=\u0027https://www.facebook.com/groups/beshvil.yael/posts/3771741969785593\u0027\u003ehttps://www.facebook.com/groups/beshvil.yael/posts/3771741969785593\u003c/a\u003e\u003cbr/\u003e\u003cbr/\u003e\u003cimg src=\u0027https://drive.google.com/uc?export=view\u0026amp;id=1GlcVmvV3qoLK1C742_0uxA5u8gID3y5M\u0027 width=\u0027450\u0027/\u003e\u003cbr/\u003e\u003c/div\u003e",
                                            "tessellate":  -1,
                                            "extrude":  0,
                                            "visibility":  -1
                                        },
                         "geometry":  {
                                          "type":  "Point",
                                          "coordinates":  [
                                                              -121.29592,
                                                              38.75174,
                                                              0.0
                                                          ]
                                      }
                     },
                     {
                         "type":  "Feature",
                         "properties":  {
                                            "Name":  "#1263",
                                            "description":  "\u003cdiv dir=\u0027rtl\u0027 style=\u0027font-family:Arial;\u0027\u003e\u003cb\u003eשם:\u003c/b\u003e תמר מטקביץ\u003cbr/\u003e\u003cb\u003eאתר:\u003c/b\u003e סקרמנטו\u003cbr/\u003e\u003cb\u003eתאריך:\u003c/b\u003e 08-10-2025\u003cbr/\u003e\u003cb\u003eID:\u003c/b\u003e 2282\u003cbr/\u003e\u003cb\u003eFB:\u003c/b\u003e \u003ca href=\u0027https://www.facebook.com/groups/beshvil.yael/posts/3773770099582780\u0027\u003ehttps://www.facebook.com/groups/beshvil.yael/posts/3773770099582780\u003c/a\u003e\u003cbr/\u003e\u003cbr/\u003e\u003cimg src=\u0027https://drive.google.com/uc?export=view\u0026amp;id=17aX_hiU3fkg5QPWGzkOq87zqRmXux5Rb\u0027 width=\u0027450\u0027/\u003e\u003cbr/\u003e\u003c/div\u003e",
                                            "tessellate":  -1,
                                            "extrude":  0,
                                            "visibility":  -1
                                        },
                         "geometry":  {
                                          "type":  "Point",
                                          "coordinates":  [
                                                              -121.48824,
                                                              38.60281,
                                                              0.0
                                                          ]
                                      }
                     },
                     {
                         "type":  "Feature",
                         "properties":  {
                                            "Name":  "#1263",
                                            "description":  "\u003cdiv dir=\u0027rtl\u0027 style=\u0027font-family:Arial;\u0027\u003e\u003cb\u003eשם:\u003c/b\u003e תמר מטקביץ\u003cbr/\u003e\u003cb\u003eאתר:\u003c/b\u003e Campus Commons\u003cbr/\u003e\u003cb\u003eתאריך:\u003c/b\u003e 27-10-2025\u003cbr/\u003e\u003cb\u003eID:\u003c/b\u003e 2539\u003cbr/\u003e\u003cb\u003eFB:\u003c/b\u003e \u003ca href=\u0027https://www.facebook.com/groups/beshvil.yael/posts/3792651321027991/\u0027\u003ehttps://www.facebook.com/groups/beshvil.yael/posts/3792651321027991/\u003c/a\u003e\u003cbr/\u003e\u003cbr/\u003e\u003cimg src=\u0027https://drive.google.com/uc?export=view\u0026amp;id=1ZPqESG4cEYELzkYwm96VzQii2DtEUQXK\u0027 width=\u0027450\u0027/\u003e\u003cbr/\u003e\u003c/div\u003e",
                                            "tessellate":  -1,
                                            "extrude":  0,
                                            "visibility":  -1
                                        },
                         "geometry":  {
                                          "type":  "Point",
                                          "coordinates":  [
                                                              -121.41977,
                                                              38.56855,
                                                              0.0
                                                          ]
                                      }
                     },
                     {
                         "type":  "Feature",
                         "properties":  {
                                            "Name":  "#1263",
                                            "description":  "\u003cdiv dir=\u0027rtl\u0027 style=\u0027font-family:Arial;\u0027\u003e\u003cb\u003eשם:\u003c/b\u003e תמר מטקביץ\u003cbr/\u003e\u003cb\u003eאתר:\u003c/b\u003e סקרמנטו\u003cbr/\u003e\u003cb\u003eתאריך:\u003c/b\u003e 31-10-2025\u003cbr/\u003e\u003cb\u003eID:\u003c/b\u003e 2568\u003cbr/\u003e\u003cb\u003eFB:\u003c/b\u003e \u003ca href=\u0027https://www.facebook.com/groups/beshvil.yael/posts/3796487267311063\u0027\u003ehttps://www.facebook.com/groups/beshvil.yael/posts/3796487267311063\u003c/a\u003e\u003cbr/\u003e\u003cbr/\u003e\u003cimg src=\u0027https://drive.google.com/uc?export=view\u0026amp;id=16tLowWfyWXFeWjYW2xsk0egeetLTwtUo\u0027 width=\u0027450\u0027/\u003e\u003cbr/\u003e\u003c/div\u003e",
                                            "tessellate":  -1,
                                            "extrude":  0,
                                            "visibility":  -1
                                        },
                         "geometry":  {
                                          "type":  "Point",
                                          "coordinates":  [
                                                              -121.48767,
                                                              38.54129,
                                                              0.0
                                                          ]
                                      }
                     },
                     {
                         "type":  "Feature",
                         "properties":  {
                                            "Name":  "#1263",
                                            "description":  "\u003cdiv dir=\u0027rtl\u0027 style=\u0027font-family:Arial;\u0027\u003e\u003cb\u003eשם:\u003c/b\u003e תמר מטקביץ\u003cbr/\u003e\u003cb\u003eאתר:\u003c/b\u003e סקרמנטו\u003cbr/\u003e\u003cb\u003eתאריך:\u003c/b\u003e 06-11-2025\u003cbr/\u003e\u003cb\u003eID:\u003c/b\u003e 2623\u003cbr/\u003e\u003cb\u003eFB:\u003c/b\u003e \u003ca href=\u0027https://www.facebook.com/groups/beshvil.yael/posts/3801388703487586\u0027\u003ehttps://www.facebook.com/groups/beshvil.yael/posts/3801388703487586\u003c/a\u003e\u003cbr/\u003e\u003cbr/\u003e\u003cimg src=\u0027https://drive.google.com/uc?export=view\u0026amp;id=1NlP56wVjg19yUqm6DeVndKcbCKDDZTlR\u0027 width=\u0027450\u0027/\u003e\u003cbr/\u003e\u003c/div\u003e",
                                            "tessellate":  -1,
                                            "extrude":  0,
                                            "visibility":  -1
                                        },
                         "geometry":  {
                                          "type":  "Point",
                                          "coordinates":  [
                                                              -121.40351,
                                                              38.59632,
                                                              0.0
                                                          ]
                                      }
                     },
                     {
                         "type":  "Feature",
                         "properties":  {
                                            "Name":  "#1263",
                                            "description":  "\u003cdiv dir=\u0027rtl\u0027 style=\u0027font-family:Arial;\u0027\u003e\u003cb\u003eשם:\u003c/b\u003e תמר מטקביץ\u003cbr/\u003e\u003cb\u003eאתר:\u003c/b\u003e \u003cbr/\u003e\u003cb\u003eתאריך:\u003c/b\u003e 09-01-2026\u003cbr/\u003e\u003cb\u003eID:\u003c/b\u003e 3293\u003cbr/\u003e\u003cb\u003eFB:\u003c/b\u003e \u003ca href=\u0027https://www.facebook.com/groups/beshvil.yael/posts/3855860188040437\u0027\u003ehttps://www.facebook.com/groups/beshvil.yael/posts/3855860188040437\u003c/a\u003e\u003cbr/\u003e\u003cbr/\u003e\u003cimg src=\u0027https://drive.google.com/uc?export=view\u0026amp;id=1DYs-NM-z5VHCsbSPZHswSUNK-eqhomri\u0027 width=\u0027450\u0027/\u003e\u003cbr/\u003e\u003c/div\u003e",
                                            "tessellate":  -1,
                                            "extrude":  0,
                                            "visibility":  -1
                                        },
                         "geometry":  {
                                          "type":  "Point",
                                          "coordinates":  [
                                                              -120.36396,
                                                              35.80355,
                                                              0.0
                                                          ]
                                      }
                     },
                     {
                         "type":  "Feature",
                         "properties":  {
                                            "Name":  "#1263",
                                            "description":  "\u003cdiv dir=\u0027rtl\u0027 style=\u0027font-family:Arial;\u0027\u003e\u003cb\u003eשם:\u003c/b\u003e תמר מטקביץ\u003cbr/\u003e\u003cb\u003eאתר:\u003c/b\u003e Folsom Lake\u003cbr/\u003e\u003cb\u003eתאריך:\u003c/b\u003e 15-02-2026\u003cbr/\u003e\u003cb\u003eID:\u003c/b\u003e 3721\u003cbr/\u003e\u003cb\u003eFB:\u003c/b\u003e \u003ca href=\u0027https://www.facebook.com/groups/beshvil.yael/posts/3890875944538861\u0027\u003ehttps://www.facebook.com/groups/beshvil.yael/posts/3890875944538861\u003c/a\u003e\u003cbr/\u003e\u003cbr/\u003e\u003cimg src=\u0027https://drive.google.com/uc?export=view\u0026amp;id=1BfFaADw0O2zbAU1beOw16zl5hL5bg0Nv\u0027 width=\u0027450\u0027/\u003e\u003cbr/\u003e\u003c/div\u003e",
                                            "tessellate":  -1,
                                            "extrude":  0,
                                            "visibility":  -1
                                        },
                         "geometry":  {
                                          "type":  "Point",
                                          "coordinates":  [
                                                              -121.16514,
                                                              38.74527,
                                                              0.0
                                                          ]
                                      }
                     },
                     {
                         "type":  "Feature",
                         "properties":  {
                                            "Name":  "#1263",
                                            "description":  "\u003cdiv dir=\u0027rtl\u0027 style=\u0027font-family:Arial;\u0027\u003e\u003cb\u003eשם:\u003c/b\u003e תמר מטקביץ\u003cbr/\u003e\u003cb\u003eאתר:\u003c/b\u003e קליפורניה\u003cbr/\u003e\u003cb\u003eתאריך:\u003c/b\u003e 01-03-2026\u003cbr/\u003e\u003cb\u003eID:\u003c/b\u003e 3892\u003cbr/\u003e\u003cb\u003eFB:\u003c/b\u003e \u003ca href=\u0027https://www.facebook.com/groups/beshvil.yael/posts/3903945783231877/\u0027\u003ehttps://www.facebook.com/groups/beshvil.yael/posts/3903945783231877/\u003c/a\u003e\u003cbr/\u003e\u003cbr/\u003e\u003cimg src=\u0027https://drive.google.com/uc?export=view\u0026amp;id=1cKHaF8U0B6jHnpq8pAJv6V5qMPKG5Pgt\u0027 width=\u0027450\u0027/\u003e\u003cbr/\u003e\u003c/div\u003e",
                                            "tessellate":  -1,
                                            "extrude":  0,
                                            "visibility":  -1
                                        },
                         "geometry":  {
                                          "type":  "Point",
                                          "coordinates":  [
                                                              -120.36179,
                                                              36.10644,
                                                              0.0
                                                          ]
                                      }
                     },
                     {
                         "type":  "Feature",
                         "properties":  {
                                            "Name":  "#1263",
                                            "description":  "\u003cdiv dir=\u0027rtl\u0027 style=\u0027font-family:Arial;\u0027\u003e\u003cb\u003eשם:\u003c/b\u003e תמר מטקביץ\u003cbr/\u003e\u003cb\u003eאתר:\u003c/b\u003e סקרמנטו\u003cbr/\u003e\u003cb\u003eתאריך:\u003c/b\u003e 09-03-2026\u003cbr/\u003e\u003cb\u003eID:\u003c/b\u003e 3938\u003cbr/\u003e\u003cb\u003eFB:\u003c/b\u003e \u003ca href=\u0027https://www.facebook.com/groups/beshvil.yael/posts/3911671102459345\u0027\u003ehttps://www.facebook.com/groups/beshvil.yael/posts/3911671102459345\u003c/a\u003e\u003cbr/\u003e\u003cbr/\u003e\u003cimg src=\u0027https://drive.google.com/uc?export=view\u0026amp;id=1ly2c-pGdSzykLNizYM47p28T-PWZLgsy\u0027 width=\u0027450\u0027/\u003e\u003cbr/\u003e\u003c/div\u003e",
                                            "tessellate":  -1,
                                            "extrude":  0,
                                            "visibility":  -1
                                        },
                         "geometry":  {
                                          "type":  "Point",
                                          "coordinates":  [
                                                              -121.49373,
                                                              38.55451,
                                                              0.0
                                                          ]
                                      }
                     },
                     {
                         "type":  "Feature",
                         "properties":  {
                                            "Name":  "#1263",
                                            "description":  "\u003cdiv dir=\u0027rtl\u0027 style=\u0027font-family:Arial;\u0027\u003e\u003cb\u003eשם:\u003c/b\u003e תמר מטקביץ\u003cbr/\u003e\u003cb\u003eאתר:\u003c/b\u003e לוס אנג\u0027לס\u003cbr/\u003e\u003cb\u003eתאריך:\u003c/b\u003e 11-03-2026\u003cbr/\u003e\u003cb\u003eID:\u003c/b\u003e 3942\u003cbr/\u003e\u003cb\u003eFB:\u003c/b\u003e \u003ca href=\u0027https://www.facebook.com/groups/beshvil.yael/posts/3912853089007813\u0027\u003ehttps://www.facebook.com/groups/beshvil.yael/posts/3912853089007813\u003c/a\u003e\u003cbr/\u003e\u003cbr/\u003e\u003cimg src=\u0027https://drive.google.com/uc?export=view\u0026amp;id=1CytRVRXAmmaD4Eb8svd90IrakpuG4n2L\u0027 width=\u0027450\u0027/\u003e\u003cbr/\u003e\u003c/div\u003e",
                                            "tessellate":  -1,
                                            "extrude":  0,
                                            "visibility":  -1
                                        },
                         "geometry":  {
                                          "type":  "Point",
                                          "coordinates":  [
                                                              -118.27422,
                                                              34.00825,
                                                              0.0
                                                          ]
                                      }
                     },
                     {
                         "type":  "Feature",
                         "properties":  {
                                            "Name":  "#1263",
                                            "description":  "\u003cdiv dir=\u0027rtl\u0027 style=\u0027font-family:Arial;\u0027\u003e\u003cb\u003eשם:\u003c/b\u003e תמר מטקביץ\u003cbr/\u003e\u003cb\u003eאתר:\u003c/b\u003e Rocklin\u003cbr/\u003e\u003cb\u003eתאריך:\u003c/b\u003e 29-03-2026\u003cbr/\u003e\u003cb\u003eID:\u003c/b\u003e 4013\u003cbr/\u003e\u003cb\u003eFB:\u003c/b\u003e \u003ca href=\u0027https://www.secure.facebook.com/groups/beshvil.yael/posts/3929242607368861\u0027\u003ehttps://www.secure.facebook.com/groups/beshvil.yael/posts/3929242607368861\u003c/a\u003e\u003cbr/\u003e\u003cbr/\u003e\u003cimg src=\u0027https://drive.google.com/uc?export=view\u0026amp;id=1wPyY42sBliO8edgC3DX8yzJv99sQhVuU\u0027 width=\u0027450\u0027/\u003e\u003cbr/\u003e\u003c/div\u003e",
                                            "tessellate":  -1,
                                            "extrude":  0,
                                            "visibility":  -1
                                        },
                         "geometry":  {
                                          "type":  "Point",
                                          "coordinates":  [
                                                              -121.22788,
                                                              38.79381,
                                                              0.0
                                                          ]
                                      }
                     },
                     {
                         "type":  "Feature",
                         "properties":  {
                                            "Name":  "#1263",
                                            "description":  "\u003cdiv dir=\u0027rtl\u0027 style=\u0027font-family:Arial;\u0027\u003e\u003cb\u003eשם:\u003c/b\u003e תמר מטקביץ\u003cbr/\u003e\u003cb\u003eאתר:\u003c/b\u003e Roseville\u003cbr/\u003e\u003cb\u003eתאריך:\u003c/b\u003e 26-04-2026\u003cbr/\u003e\u003cb\u003eID:\u003c/b\u003e 4261\u003cbr/\u003e\u003cb\u003eFB:\u003c/b\u003e \u003ca href=\u0027https://www.facebook.com/groups/beshvil.yael/posts/3954312854861836\u0027\u003ehttps://www.facebook.com/groups/beshvil.yael/posts/3954312854861836\u003c/a\u003e\u003cbr/\u003e\u003cbr/\u003e\u003cimg src=\u0027https://drive.google.com/uc?export=view\u0026amp;id=1eah81N1EOTxzmIz1qPiq83IVAKjP_Fn2\u0027 width=\u0027450\u0027/\u003e\u003cbr/\u003e\u003c/div\u003e",
                                            "tessellate":  -1,
                                            "extrude":  0,
                                            "visibility":  -1
                                        },
                         "geometry":  {
                                          "type":  "Point",
                                          "coordinates":  [
                                                              -121.27978,
                                                              38.75682,
                                                              0.0
                                                          ]
                                      }
                     },
                     {
                         "type":  "Feature",
                         "properties":  {
                                            "Name":  "#1263",
                                            "description":  "\u003cdiv dir=\u0027rtl\u0027 style=\u0027font-family:Arial;\u0027\u003e\u003cb\u003eשם:\u003c/b\u003e תמר מטקביץ\u003cbr/\u003e\u003cb\u003eאתר:\u003c/b\u003e סונומה\u003cbr/\u003e\u003cb\u003eתאריך:\u003c/b\u003e 02-05-2026\u003cbr/\u003e\u003cb\u003eID:\u003c/b\u003e 4332\u003cbr/\u003e\u003cb\u003eFB:\u003c/b\u003e \u003ca href=\u0027https://www.facebook.com/groups/beshvil.yael/posts/3960667644226357\u0027\u003ehttps://www.facebook.com/groups/beshvil.yael/posts/3960667644226357\u003c/a\u003e\u003cbr/\u003e\u003cbr/\u003e\u003cimg src=\u0027https://drive.google.com/uc?export=view\u0026amp;id=1QD0Gg8g-qpmuk2GLvS0XKah70lFTPLmI\u0027 width=\u0027450\u0027/\u003e\u003cbr/\u003e\u003c/div\u003e",
                                            "tessellate":  -1,
                                            "extrude":  0,
                                            "visibility":  -1
                                        },
                         "geometry":  {
                                          "type":  "Point",
                                          "coordinates":  [
                                                              -122.43743,
                                                              38.30748,
                                                              0.0
                                                          ]
                                      }
                     },
                     {
                         "type":  "Feature",
                         "properties":  {
                                            "Name":  "#1270",
                                            "description":  "\u003cdiv dir=\u0027rtl\u0027 style=\u0027font-family:Arial;\u0027\u003e\u003cb\u003eשם:\u003c/b\u003e סהר הימן הלטאי\u003cbr/\u003e\u003cb\u003eאתר:\u003c/b\u003e \u003cbr/\u003e\u003cb\u003eתאריך:\u003c/b\u003e 09-07-2025\u003cbr/\u003e\u003cb\u003eID:\u003c/b\u003e 1142\u003cbr/\u003e\u003cb\u003eFB:\u003c/b\u003e \u003ca href=\u0027https://www.facebook.com/groups/beshvil.yael/posts/3689595701333554/\u0027\u003ehttps://www.facebook.com/groups/beshvil.yael/posts/3689595701333554/\u003c/a\u003e\u003cbr/\u003e\u003cbr/\u003e\u003cimg src=\u0027https://drive.google.com/uc?export=view\u0026amp;id=1SuGx53guwcKBOSS5mGTOpGgcTQwNE4oC\u0027 width=\u0027450\u0027/\u003e\u003cbr/\u003e\u003c/div\u003e",
                                            "tessellate":  -1,
                                            "extrude":  0,
                                            "visibility":  -1
                                        },
                         "geometry":  {
                                          "type":  "Point",
                                          "coordinates":  [
                                                              6.85935,
                                                              45.83517,
                                                              0.0
                                                          ]
                                      }
                     },
                     {
                         "type":  "Feature",
                         "properties":  {
                                            "Name":  "#1270",
                                            "description":  "\u003cdiv dir=\u0027rtl\u0027 style=\u0027font-family:Arial;\u0027\u003e\u003cb\u003eשם:\u003c/b\u003e סהר הימן הלטאי\u003cbr/\u003e\u003cb\u003eאתר:\u003c/b\u003e וגם הונגריה\u003cbr/\u003e\u003cb\u003eתאריך:\u003c/b\u003e 25-08-2025\u003cbr/\u003e\u003cb\u003eID:\u003c/b\u003e 1653\u003cbr/\u003e\u003cb\u003eFB:\u003c/b\u003e \u003ca href=\u0027https://www.facebook.com/groups/beshvil.yael/posts/3731735693786221/\u0027\u003ehttps://www.facebook.com/groups/beshvil.yael/posts/3731735693786221/\u003c/a\u003e\u003cbr/\u003e\u003cbr/\u003e\u003cimg src=\u0027https://drive.google.com/uc?export=view\u0026amp;id=1hRZbdA5PCdYxX_yFE9YNmldzCaIqeTTH\u0027 width=\u0027450\u0027/\u003e\u003cbr/\u003e\u003c/div\u003e",
                                            "tessellate":  -1,
                                            "extrude":  0,
                                            "visibility":  -1
                                        },
                         "geometry":  {
                                          "type":  "Point",
                                          "coordinates":  [
                                                              19.5366728,
                                                              46.6157766,
                                                              0.0
                                                          ]
                                      }
                     },
                     {
                         "type":  "Feature",
                         "properties":  {
                                            "Name":  "#1271",
                                            "description":  "\u003cdiv dir=\u0027rtl\u0027 style=\u0027font-family:Arial;\u0027\u003e\u003cb\u003eשם:\u003c/b\u003e  Xהימן הלטאי\u003cbr/\u003e\u003cb\u003eאתר:\u003c/b\u003e וגם הונגריה\u003cbr/\u003e\u003cb\u003eתאריך:\u003c/b\u003e 25-08-2025\u003cbr/\u003e\u003cb\u003eID:\u003c/b\u003e 205\u003cbr/\u003e\u003cb\u003eFB:\u003c/b\u003e \u003ca href=\u0027https://www.facebook.com/groups/beshvil.yael/posts/3731735693786221/\u0027\u003ehttps://www.facebook.com/groups/beshvil.yael/posts/3731735693786221/\u003c/a\u003e\u003cbr/\u003e\u003cbr/\u003e\u003cimg src=\u0027https://drive.google.com/uc?export=view\u0026amp;id=1hRZbdA5PCdYxX_yFE9YNmldzCaIqeTTH\u0027 width=\u0027450\u0027/\u003e\u003cbr/\u003e\u003c/div\u003e",
                                            "tessellate":  -1,
                                            "extrude":  0,
                                            "visibility":  -1
                                        },
                         "geometry":  {
                                          "type":  "Point",
                                          "coordinates":  [
                                                              19.5366728,
                                                              46.6160466,
                                                              0.0
                                                          ]
                                      }
                     },
                     {
                         "type":  "Feature",
                         "properties":  {
                                            "Name":  "#1277",
                                            "description":  "\u003cdiv dir=\u0027rtl\u0027 style=\u0027font-family:Arial;\u0027\u003e\u003cb\u003eשם:\u003c/b\u003e נוגה קרמין\u003cbr/\u003e\u003cb\u003eאתר:\u003c/b\u003e מפלי איגואסו\u003cbr/\u003e\u003cb\u003eתאריך:\u003c/b\u003e 20-09-2025\u003cbr/\u003e\u003cb\u003eID:\u003c/b\u003e 1965\u003cbr/\u003e\u003cb\u003eFB:\u003c/b\u003e \u003ca href=\u0027https://www.facebook.com/groups/beshvil.yael/posts/3755548704738253\u0027\u003ehttps://www.facebook.com/groups/beshvil.yael/posts/3755548704738253\u003c/a\u003e\u003cbr/\u003e\u003cbr/\u003e\u003cimg src=\u0027https://drive.google.com/uc?export=view\u0026amp;id=1s4JUYKSRJHw8WGEE4JFhZsYPk4tHtOl7\u0027 width=\u0027450\u0027/\u003e\u003cbr/\u003e\u003c/div\u003e",
                                            "tessellate":  -1,
                                            "extrude":  0,
                                            "visibility":  -1
                                        },
                         "geometry":  {
                                          "type":  "Point",
                                          "coordinates":  [
                                                              -54.4383,
                                                              -25.69066,
                                                              0.0
                                                          ]
                                      }
                     },
                     {
                         "type":  "Feature",
                         "properties":  {
                                            "Name":  "#1278",
                                            "description":  "\u003cdiv dir=\u0027rtl\u0027 style=\u0027font-family:Arial;\u0027\u003e\u003cb\u003eשם:\u003c/b\u003e \u003cbr/\u003e\u003cb\u003eאתר:\u003c/b\u003e מפלי איגואסו\u003cbr/\u003e\u003cb\u003eתאריך:\u003c/b\u003e 20-09-2025\u003cbr/\u003e\u003cb\u003eID:\u003c/b\u003e 179\u003cbr/\u003e\u003cb\u003eFB:\u003c/b\u003e \u003ca href=\u0027https://www.facebook.com/groups/beshvil.yael/posts/3755548704738253\u0027\u003ehttps://www.facebook.com/groups/beshvil.yael/posts/3755548704738253\u003c/a\u003e\u003cbr/\u003e\u003cbr/\u003e\u003cimg src=\u0027https://drive.google.com/uc?export=view\u0026amp;id=1s4JUYKSRJHw8WGEE4JFhZsYPk4tHtOl7\u0027 width=\u0027450\u0027/\u003e\u003cbr/\u003e\u003c/div\u003e",
                                            "tessellate":  -1,
                                            "extrude":  0,
                                            "visibility":  -1
                                        },
                         "geometry":  {
                                          "type":  "Point",
                                          "coordinates":  [
                                                              -54.4383,
                                                              -25.69039,
                                                              0.0
                                                          ]
                                      }
                     },
                     {
                         "type":  "Feature",
                         "properties":  {
                                            "Name":  "#1312",
                                            "description":  "\u003cdiv dir=\u0027rtl\u0027 style=\u0027font-family:Arial;\u0027\u003e\u003cb\u003eשם:\u003c/b\u003e עמית שיינפלד\u003cbr/\u003e\u003cb\u003eאתר:\u003c/b\u003e \u003cbr/\u003e\u003cb\u003eתאריך:\u003c/b\u003e 05-10-2025\u003cbr/\u003e\u003cb\u003eID:\u003c/b\u003e 2170\u003cbr/\u003e\u003cb\u003eFB:\u003c/b\u003e \u003ca href=\u0027https://www.facebook.com/groups/beshvil.yael/posts/3769833393309784\u0027\u003ehttps://www.facebook.com/groups/beshvil.yael/posts/3769833393309784\u003c/a\u003e\u003cbr/\u003e\u003cbr/\u003e\u003cimg src=\u0027https://drive.google.com/uc?export=view\u0026amp;id=10QF8TDzCIUOHqz1c_blLTh3WyTJqWYnQ\u0027 width=\u0027450\u0027/\u003e\u003cbr/\u003e\u003c/div\u003e",
                                            "tessellate":  -1,
                                            "extrude":  0,
                                            "visibility":  -1
                                        },
                         "geometry":  {
                                          "type":  "Point",
                                          "coordinates":  [
                                                              44.74616,
                                                              42.58039,
                                                              0.0
                                                          ]
                                      }
                     },
                     {
                         "type":  "Feature",
                         "properties":  {
                                            "Name":  "#1342",
                                            "description":  "\u003cdiv dir=\u0027rtl\u0027 style=\u0027font-family:Arial;\u0027\u003e\u003cb\u003eשם:\u003c/b\u003e טלי ווקסלר מישאלוף\u003cbr/\u003e\u003cb\u003eאתר:\u003c/b\u003e \u003cbr/\u003e\u003cb\u003eתאריך:\u003c/b\u003e 16-04-2025\u003cbr/\u003e\u003cb\u003eID:\u003c/b\u003e 307\u003cbr/\u003e\u003cb\u003eFB:\u003c/b\u003e \u003ca href=\u0027https://www.facebook.com/groups/3235176716775457/posts/3617030205256771/\u0027\u003ehttps://www.facebook.com/groups/3235176716775457/posts/3617030205256771/\u003c/a\u003e\u003cbr/\u003e\u003cbr/\u003e\u003cimg src=\u0027https://drive.google.com/uc?export=view\u0026amp;id=1MQIiJ13NSDG76lv0MrY3FNZnFvcs8C3N\u0027 width=\u0027450\u0027/\u003e\u003cbr/\u003e\u003c/div\u003e",
                                            "tessellate":  -1,
                                            "extrude":  0,
                                            "visibility":  -1
                                        },
                         "geometry":  {
                                          "type":  "Point",
                                          "coordinates":  [
                                                              23.7074403,
                                                              37.9989344,
                                                              0.0
                                                          ]
                                      }
                     },
                     {
                         "type":  "Feature",
                         "properties":  {
                                            "Name":  "#1367",
                                            "description":  "\u003cdiv dir=\u0027rtl\u0027 style=\u0027font-family:Arial;\u0027\u003e\u003cb\u003eשם:\u003c/b\u003e אילן רוטנברג\u003cbr/\u003e\u003cb\u003eאתר:\u003c/b\u003e   לה זארק\u003cbr/\u003e\u003cb\u003eתאריך:\u003c/b\u003e 28-01-2026\u003cbr/\u003e\u003cb\u003eID:\u003c/b\u003e 3496\u003cbr/\u003e\u003cb\u003eFB:\u003c/b\u003e \u003ca href=\u0027https://www.facebook.com/groups/beshvil.yael/posts/3874251046201351/\u0027\u003ehttps://www.facebook.com/groups/beshvil.yael/posts/3874251046201351/\u003c/a\u003e\u003cbr/\u003e\u003cbr/\u003e\u003cimg src=\u0027https://drive.google.com/uc?export=view\u0026amp;id=1DQsemA_2vYaaT81bXtixs5lN7fL5n04S\u0027 width=\u0027450\u0027/\u003e\u003cbr/\u003e\u003c/div\u003e",
                                            "tessellate":  -1,
                                            "extrude":  0,
                                            "visibility":  -1
                                        },
                         "geometry":  {
                                          "type":  "Point",
                                          "coordinates":  [
                                                              6.80886,
                                                              45.57249,
                                                              0.0
                                                          ]
                                      }
                     },
                     {
                         "type":  "Feature",
                         "properties":  {
                                            "Name":  "#1368",
                                            "description":  "\u003cdiv dir=\u0027rtl\u0027 style=\u0027font-family:Arial;\u0027\u003e\u003cb\u003eשם:\u003c/b\u003e יעל וייס\u003cbr/\u003e\u003cb\u003eאתר:\u003c/b\u003e מפלי ויקטוריה\u003cbr/\u003e\u003cb\u003eתאריך:\u003c/b\u003e 11-06-2025\u003cbr/\u003e\u003cb\u003eID:\u003c/b\u003e 990\u003cbr/\u003e\u003cb\u003eFB:\u003c/b\u003e \u003ca href=\u0027https://www.facebook.com/groups/beshvil.yael/posts/3664972200462571/\u0027\u003ehttps://www.facebook.com/groups/beshvil.yael/posts/3664972200462571/\u003c/a\u003e\u003cbr/\u003e\u003cbr/\u003e\u003cimg src=\u0027https://drive.google.com/uc?export=view\u0026amp;id=1kAGpRbA19CXxe0myZm9g5xmzLKYH2aVH\u0027 width=\u0027450\u0027/\u003e\u003cbr/\u003e\u003c/div\u003e",
                                            "tessellate":  -1,
                                            "extrude":  0,
                                            "visibility":  -1
                                        },
                         "geometry":  {
                                          "type":  "Point",
                                          "coordinates":  [
                                                              25.85855,
                                                              -17.92496,
                                                              0.0
                                                          ]
                                      }
                     },
                     {
                         "type":  "Feature",
                         "properties":  {
                                            "Name":  "#1368",
                                            "description":  "\u003cdiv dir=\u0027rtl\u0027 style=\u0027font-family:Arial;\u0027\u003e\u003cb\u003eשם:\u003c/b\u003e יעל וייס\u003cbr/\u003e\u003cb\u003eאתר:\u003c/b\u003e ‏‎Castelrotto‎‏, ‏טרנטינו - אלטו אדיג\u0027ה‏  ·\u003cbr/\u003e\u003cb\u003eתאריך:\u003c/b\u003e 09-07-2025\u003cbr/\u003e\u003cb\u003eID:\u003c/b\u003e 1138\u003cbr/\u003e\u003cb\u003eFB:\u003c/b\u003e \u003ca href=\u0027https://www.facebook.com/groups/beshvil.yael/posts/3689301104696347/\u0027\u003ehttps://www.facebook.com/groups/beshvil.yael/posts/3689301104696347/\u003c/a\u003e\u003cbr/\u003e\u003cbr/\u003e\u003cimg src=\u0027https://drive.google.com/uc?export=view\u0026amp;id=1oeV8zAWQClBepSrP_CYcnfMWSHShWjuQ\u0027 width=\u0027450\u0027/\u003e\u003cbr/\u003e\u003c/div\u003e",
                                            "tessellate":  -1,
                                            "extrude":  0,
                                            "visibility":  -1
                                        },
                         "geometry":  {
                                          "type":  "Point",
                                          "coordinates":  [
                                                              11.6508323,
                                                              46.5528696,
                                                              0.0
                                                          ]
                                      }
                     },
                     {
                         "type":  "Feature",
                         "properties":  {
                                            "Name":  "#1368",
                                            "description":  "\u003cdiv dir=\u0027rtl\u0027 style=\u0027font-family:Arial;\u0027\u003e\u003cb\u003eשם:\u003c/b\u003e יעל וייס\u003cbr/\u003e\u003cb\u003eאתר:\u003c/b\u003e ונטו\u003cbr/\u003e\u003cb\u003eתאריך:\u003c/b\u003e 17-07-2025\u003cbr/\u003e\u003cb\u003eID:\u003c/b\u003e 1223\u003cbr/\u003e\u003cb\u003eFB:\u003c/b\u003e \u003ca href=\u0027https://www.facebook.com/groups/beshvil.yael/posts/3696508610642263/\u0027\u003ehttps://www.facebook.com/groups/beshvil.yael/posts/3696508610642263/\u003c/a\u003e\u003cbr/\u003e\u003cbr/\u003e\u003cimg src=\u0027https://drive.google.com/uc?export=view\u0026amp;id=1vuJjYIk1HB9yz3skyJE4sVnvaWFKKSjs\u0027 width=\u0027450\u0027/\u003e\u003cbr/\u003e\u003c/div\u003e",
                                            "tessellate":  -1,
                                            "extrude":  0,
                                            "visibility":  -1
                                        },
                         "geometry":  {
                                          "type":  "Point",
                                          "coordinates":  [
                                                              12.34437,
                                                              45.4356404,
                                                              0.0
                                                          ]
                                      }
                     },
                     {
                         "type":  "Feature",
                         "properties":  {
                                            "Name":  "#1369",
                                            "description":  "\u003cdiv dir=\u0027rtl\u0027 style=\u0027font-family:Arial;\u0027\u003e\u003cb\u003eשם:\u003c/b\u003e חגית אוחנה\u003cbr/\u003e\u003cb\u003eאתר:\u003c/b\u003e הר חופוק\u003cbr/\u003e\u003cb\u003eתאריך:\u003c/b\u003e 02-08-2025\u003cbr/\u003e\u003cb\u003eID:\u003c/b\u003e 1374\u003cbr/\u003e\u003cb\u003eFB:\u003c/b\u003e \u003ca href=\u0027https://www.facebook.com/groups/beshvil.yael/posts/3710516099241514/\u0027\u003ehttps://www.facebook.com/groups/beshvil.yael/posts/3710516099241514/\u003c/a\u003e\u003cbr/\u003e\u003cbr/\u003e\u003cimg src=\u0027https://drive.google.com/uc?export=view\u0026amp;id=1Btx1QYZiQOh1KeVdQdlJpR0jSa9NnYWE\u0027 width=\u0027450\u0027/\u003e\u003cbr/\u003e\u003c/div\u003e",
                                            "tessellate":  -1,
                                            "extrude":  0,
                                            "visibility":  -1
                                        },
                         "geometry":  {
                                          "type":  "Point",
                                          "coordinates":  [
                                                              19.58736,
                                                              48.94449,
                                                              0.0
                                                          ]
                                      }
                     },
                     {
                         "type":  "Feature",
                         "properties":  {
                                            "Name":  "#1373",
                                            "description":  "\u003cdiv dir=\u0027rtl\u0027 style=\u0027font-family:Arial;\u0027\u003e\u003cb\u003eשם:\u003c/b\u003e מאיה שחם\u003cbr/\u003e\u003cb\u003eאתר:\u003c/b\u003e אגם ג\u0027נבה\u003cbr/\u003e\u003cb\u003eתאריך:\u003c/b\u003e 09-08-2025\u003cbr/\u003e\u003cb\u003eID:\u003c/b\u003e 1468\u003cbr/\u003e\u003cb\u003eFB:\u003c/b\u003e \u003ca href=\u0027https://www.facebook.com/groups/beshvil.yael/posts/3717016398591484/\u0027\u003ehttps://www.facebook.com/groups/beshvil.yael/posts/3717016398591484/\u003c/a\u003e\u003cbr/\u003e\u003cbr/\u003e\u003cimg src=\u0027https://drive.google.com/uc?export=view\u0026amp;id=1y1XnPDCq-sdciZLpT5ylHb96Al-fzlZR\u0027 width=\u0027450\u0027/\u003e\u003cbr/\u003e\u003c/div\u003e",
                                            "tessellate":  -1,
                                            "extrude":  0,
                                            "visibility":  -1
                                        },
                         "geometry":  {
                                          "type":  "Point",
                                          "coordinates":  [
                                                              6.3935699,
                                                              46.4849136,
                                                              0.0
                                                          ]
                                      }
                     },
                     {
                         "type":  "Feature",
                         "properties":  {
                                            "Name":  "#1373",
                                            "description":  "\u003cdiv dir=\u0027rtl\u0027 style=\u0027font-family:Arial;\u0027\u003e\u003cb\u003eשם:\u003c/b\u003e מאיה שחם\u003cbr/\u003e\u003cb\u003eאתר:\u003c/b\u003e Porto Heli\u003cbr/\u003e\u003cb\u003eתאריך:\u003c/b\u003e 21-08-2025\u003cbr/\u003e\u003cb\u003eID:\u003c/b\u003e 1607\u003cbr/\u003e\u003cb\u003eFB:\u003c/b\u003e \u003ca href=\u0027https://www.facebook.com/groups/beshvil.yael/posts/3727446590881798/\u0027\u003ehttps://www.facebook.com/groups/beshvil.yael/posts/3727446590881798/\u003c/a\u003e\u003cbr/\u003e\u003cbr/\u003e\u003cimg src=\u0027https://drive.google.com/uc?export=view\u0026amp;id=1SwzlXlmsOQmstH44GBEog2MMf_RFM6V3\u0027 width=\u0027450\u0027/\u003e\u003cbr/\u003e\u003c/div\u003e",
                                            "tessellate":  -1,
                                            "extrude":  0,
                                            "visibility":  -1
                                        },
                         "geometry":  {
                                          "type":  "Point",
                                          "coordinates":  [
                                                              23.1425732,
                                                              37.3261317,
                                                              0.0
                                                          ]
                                      }
                     },
                     {
                         "type":  "Feature",
                         "properties":  {
                                            "Name":  "#1373",
                                            "description":  "\u003cdiv dir=\u0027rtl\u0027 style=\u0027font-family:Arial;\u0027\u003e\u003cb\u003eשם:\u003c/b\u003e מאיה שחם\u003cbr/\u003e\u003cb\u003eאתר:\u003c/b\u003e אוסקה\u003cbr/\u003e\u003cb\u003eתאריך:\u003c/b\u003e 01-04-2026\u003cbr/\u003e\u003cb\u003eID:\u003c/b\u003e 4019\u003cbr/\u003e\u003cb\u003eFB:\u003c/b\u003e \u003ca href=\u0027https://www.secure.facebook.com/groups/beshvil.yael/posts/3932238593735929/\u0027\u003ehttps://www.secure.facebook.com/groups/beshvil.yael/posts/3932238593735929/\u003c/a\u003e\u003cbr/\u003e\u003cbr/\u003e\u003cimg src=\u0027https://drive.google.com/uc?export=view\u0026amp;id=11RullVVzHvfZOyvHUqTGWOYCVDHz-0GU\u0027 width=\u0027450\u0027/\u003e\u003cbr/\u003e\u003c/div\u003e",
                                            "tessellate":  -1,
                                            "extrude":  0,
                                            "visibility":  -1
                                        },
                         "geometry":  {
                                          "type":  "Point",
                                          "coordinates":  [
                                                              135.43633,
                                                              34.68412,
                                                              0.0
                                                          ]
                                      }
                     },
                     {
                         "type":  "Feature",
                         "properties":  {
                                            "Name":  "#1380",
                                            "description":  "\u003cdiv dir=\u0027rtl\u0027 style=\u0027font-family:Arial;\u0027\u003e\u003cb\u003eשם:\u003c/b\u003e רעות אליהו\u003cbr/\u003e\u003cb\u003eאתר:\u003c/b\u003e \u003cbr/\u003e\u003cb\u003eתאריך:\u003c/b\u003e 19-05-2025\u003cbr/\u003e\u003cb\u003eID:\u003c/b\u003e 625\u003cbr/\u003e\u003cb\u003eFB:\u003c/b\u003e \u003ca href=\u0027https://www.facebook.com/groups/3235176716775457/permalink/3645730039053454/\u0027\u003ehttps://www.facebook.com/groups/3235176716775457/permalink/3645730039053454/\u003c/a\u003e\u003cbr/\u003e\u003cbr/\u003e\u003cimg src=\u0027https://drive.google.com/uc?export=view\u0026amp;id=1k9bV2hFvcvko2DiVmYWAhZnN9FbtjtE6\u0027 width=\u0027450\u0027/\u003e\u003cbr/\u003e\u003c/div\u003e",
                                            "tessellate":  -1,
                                            "extrude":  0,
                                            "visibility":  -1
                                        },
                         "geometry":  {
                                          "type":  "Point",
                                          "coordinates":  [
                                                              -75.1438117,
                                                              39.9500455,
                                                              0.0
                                                          ]
                                      }
                     },
                     {
                         "type":  "Feature",
                         "properties":  {
                                            "Name":  "#1380",
                                            "description":  "\u003cdiv dir=\u0027rtl\u0027 style=\u0027font-family:Arial;\u0027\u003e\u003cb\u003eשם:\u003c/b\u003e רעות אליהו\u003cbr/\u003e\u003cb\u003eאתר:\u003c/b\u003e Peaks of Balkan\u003cbr/\u003e\u003cb\u003eתאריך:\u003c/b\u003e 13-06-2025\u003cbr/\u003e\u003cb\u003eID:\u003c/b\u003e 1004\u003cbr/\u003e\u003cb\u003eFB:\u003c/b\u003e \u003ca href=\u0027https://www.facebook.com/groups/beshvil.yael/posts/3666294493663675/\u0027\u003ehttps://www.facebook.com/groups/beshvil.yael/posts/3666294493663675/\u003c/a\u003e\u003cbr/\u003e\u003cbr/\u003e\u003cimg src=\u0027https://drive.google.com/uc?export=view\u0026amp;id=1FdAP32SWgKmhe6mSBWlpkzi8nUnpBFCc\u0027 width=\u0027450\u0027/\u003e\u003cbr/\u003e\u003c/div\u003e",
                                            "tessellate":  -1,
                                            "extrude":  0,
                                            "visibility":  -1
                                        },
                         "geometry":  {
                                          "type":  "Point",
                                          "coordinates":  [
                                                              21.0937311,
                                                              41.8101472,
                                                              0.0
                                                          ]
                                      }
                     },
                     {
                         "type":  "Feature",
                         "properties":  {
                                            "Name":  "#1380",
                                            "description":  "\u003cdiv dir=\u0027rtl\u0027 style=\u0027font-family:Arial;\u0027\u003e\u003cb\u003eשם:\u003c/b\u003e רעות אליהו\u003cbr/\u003e\u003cb\u003eאתר:\u003c/b\u003e לונדון\u003cbr/\u003e\u003cb\u003eתאריך:\u003c/b\u003e 19-07-2025\u003cbr/\u003e\u003cb\u003eID:\u003c/b\u003e 1237\u003cbr/\u003e\u003cb\u003eFB:\u003c/b\u003e \u003ca href=\u0027https://www.facebook.com/groups/beshvil.yael/posts/3697910293835428/\u0027\u003ehttps://www.facebook.com/groups/beshvil.yael/posts/3697910293835428/\u003c/a\u003e\u003cbr/\u003e\u003cbr/\u003e\u003cimg src=\u0027https://drive.google.com/uc?export=view\u0026amp;id=1XvbaJ6A6Ia3GuqIbKRJWHjoKGz2Jtcdq\u0027 width=\u0027450\u0027/\u003e\u003cbr/\u003e\u003c/div\u003e",
                                            "tessellate":  -1,
                                            "extrude":  0,
                                            "visibility":  -1
                                        },
                         "geometry":  {
                                          "type":  "Point",
                                          "coordinates":  [
                                                              -0.1241962,
                                                              51.5003552,
                                                              0.0
                                                          ]
                                      }
                     },
                     {
                         "type":  "Feature",
                         "properties":  {
                                            "Name":  "#1381",
                                            "description":  "\u003cdiv dir=\u0027rtl\u0027 style=\u0027font-family:Arial;\u0027\u003e\u003cb\u003eשם:\u003c/b\u003e עינת הוברמן\u003cbr/\u003e\u003cb\u003eאתר:\u003c/b\u003e שמורות רנטמבור\u003cbr/\u003e\u003cb\u003eתאריך:\u003c/b\u003e 16-11-2025\u003cbr/\u003e\u003cb\u003eID:\u003c/b\u003e 2750\u003cbr/\u003e\u003cb\u003eFB:\u003c/b\u003e \u003ca href=\u0027https://www.facebook.com/groups/beshvil.yael/posts/3811217749171348\u0027\u003ehttps://www.facebook.com/groups/beshvil.yael/posts/3811217749171348\u003c/a\u003e\u003cbr/\u003e\u003cbr/\u003e\u003cimg src=\u0027https://drive.google.com/uc?export=view\u0026amp;id=1A8VPeKaUrLUWA8SsopRFatWekgdtpxXM\u0027 width=\u0027450\u0027/\u003e\u003cbr/\u003e\u003c/div\u003e",
                                            "tessellate":  -1,
                                            "extrude":  0,
                                            "visibility":  -1
                                        },
                         "geometry":  {
                                          "type":  "Point",
                                          "coordinates":  [
                                                              76.53921,
                                                              25.9674,
                                                              0.0
                                                          ]
                                      }
                     },
                     {
                         "type":  "Feature",
                         "properties":  {
                                            "Name":  "#1386",
                                            "description":  "\u003cdiv dir=\u0027rtl\u0027 style=\u0027font-family:Arial;\u0027\u003e\u003cb\u003eשם:\u003c/b\u003e בועז רוזנברג\u003cbr/\u003e\u003cb\u003eאתר:\u003c/b\u003e \u003cbr/\u003e\u003cb\u003eתאריך:\u003c/b\u003e 30-05-2025\u003cbr/\u003e\u003cb\u003eID:\u003c/b\u003e 819\u003cbr/\u003e\u003cb\u003eFB:\u003c/b\u003e \u003ca href=\u0027https://www.facebook.com/groups/3235176716775457/posts/3654739284819196/\u0027\u003ehttps://www.facebook.com/groups/3235176716775457/posts/3654739284819196/\u003c/a\u003e\u003cbr/\u003e\u003cbr/\u003e\u003cimg src=\u0027https://drive.google.com/uc?export=view\u0026amp;id=1S9kDProab8JlgUjp9zT_1keh8RuJgVmD\u0027 width=\u0027450\u0027/\u003e\u003cbr/\u003e\u003c/div\u003e",
                                            "tessellate":  -1,
                                            "extrude":  0,
                                            "visibility":  -1
                                        },
                         "geometry":  {
                                          "type":  "Point",
                                          "coordinates":  [
                                                              19.9340351,
                                                              49.2510022,
                                                              0.0
                                                          ]
                                      }
                     },
                     {
                         "type":  "Feature",
                         "properties":  {
                                            "Name":  "#1393",
                                            "description":  "\u003cdiv dir=\u0027rtl\u0027 style=\u0027font-family:Arial;\u0027\u003e\u003cb\u003eשם:\u003c/b\u003e אמה אמיר\u003cbr/\u003e\u003cb\u003eאתר:\u003c/b\u003e מבצר סן ג\u0027ובאני\u003cbr/\u003e\u003cb\u003eתאריך:\u003c/b\u003e 31-08-2025\u003cbr/\u003e\u003cb\u003eID:\u003c/b\u003e 1706\u003cbr/\u003e\u003cb\u003eFB:\u003c/b\u003e \u003ca href=\u0027https://www.facebook.com/groups/beshvil.yael/posts/3736976106595513/\u0027\u003ehttps://www.facebook.com/groups/beshvil.yael/posts/3736976106595513/\u003c/a\u003e\u003cbr/\u003e\u003cbr/\u003e\u003cimg src=\u0027https://drive.google.com/uc?export=view\u0026amp;id=1eYR2rd_wYNX2ZgGMsziVnnuAXjFI6CMZ\u0027 width=\u0027450\u0027/\u003e\u003cbr/\u003e\u003c/div\u003e",
                                            "tessellate":  -1,
                                            "extrude":  0,
                                            "visibility":  -1
                                        },
                         "geometry":  {
                                          "type":  "Point",
                                          "coordinates":  [
                                                              18.7747009,
                                                              42.4222785,
                                                              0.0
                                                          ]
                                      }
                     },
                     {
                         "type":  "Feature",
                         "properties":  {
                                            "Name":  "#1393",
                                            "description":  "\u003cdiv dir=\u0027rtl\u0027 style=\u0027font-family:Arial;\u0027\u003e\u003cb\u003eשם:\u003c/b\u003e אמה אמיר\u003cbr/\u003e\u003cb\u003eאתר:\u003c/b\u003e  Shakespeare Lookout\u003cbr/\u003e\u003cb\u003eתאריך:\u003c/b\u003e 11-02-2026\u003cbr/\u003e\u003cb\u003eID:\u003c/b\u003e 3676\u003cbr/\u003e\u003cb\u003eFB:\u003c/b\u003e \u003ca href=\u0027https://www.facebook.com/groups/beshvil.yael/posts/3887705164855939/\u0027\u003ehttps://www.facebook.com/groups/beshvil.yael/posts/3887705164855939/\u003c/a\u003e\u003cbr/\u003e\u003cbr/\u003e\u003cimg src=\u0027https://drive.google.com/uc?export=view\u0026amp;id=1-uTChRpub0WnJRcuBi4WZx1tgYWmE29q\u0027 width=\u0027450\u0027/\u003e\u003cbr/\u003e\u003c/div\u003e",
                                            "tessellate":  -1,
                                            "extrude":  0,
                                            "visibility":  -1
                                        },
                         "geometry":  {
                                          "type":  "Point",
                                          "coordinates":  [
                                                              175.73031,
                                                              -36.82734,
                                                              0.0
                                                          ]
                                      }
                     },
                     {
                         "type":  "Feature",
                         "properties":  {
                                            "Name":  "#1393",
                                            "description":  "\u003cdiv dir=\u0027rtl\u0027 style=\u0027font-family:Arial;\u0027\u003e\u003cb\u003eשם:\u003c/b\u003e אמה אמיר\u003cbr/\u003e\u003cb\u003eאתר:\u003c/b\u003e Pancake Rocks\u003cbr/\u003e\u003cb\u003eתאריך:\u003c/b\u003e 25-02-2026\u003cbr/\u003e\u003cb\u003eID:\u003c/b\u003e 3855\u003cbr/\u003e\u003cb\u003eFB:\u003c/b\u003e \u003ca href=\u0027https://www.facebook.com/groups/beshvil.yael/posts/3900108313615624/\u0027\u003ehttps://www.facebook.com/groups/beshvil.yael/posts/3900108313615624/\u003c/a\u003e\u003cbr/\u003e\u003cbr/\u003e\u003cimg src=\u0027https://drive.google.com/uc?export=view\u0026amp;id=1MwsysjYJlf17GnkddkGZGkq55uTxtfQo\u0027 width=\u0027450\u0027/\u003e\u003cbr/\u003e\u003c/div\u003e",
                                            "tessellate":  -1,
                                            "extrude":  0,
                                            "visibility":  -1
                                        },
                         "geometry":  {
                                          "type":  "Point",
                                          "coordinates":  [
                                                              171.33278,
                                                              -42.11372,
                                                              0.0
                                                          ]
                                      }
                     },
                     {
                         "type":  "Feature",
                         "properties":  {
                                            "Name":  "#1393",
                                            "description":  "\u003cdiv dir=\u0027rtl\u0027 style=\u0027font-family:Arial;\u0027\u003e\u003cb\u003eשם:\u003c/b\u003e אמה אמיר\u003cbr/\u003e\u003cb\u003eאתר:\u003c/b\u003e אגם Pukaki\u003cbr/\u003e\u003cb\u003eתאריך:\u003c/b\u003e 14-03-2026\u003cbr/\u003e\u003cb\u003eID:\u003c/b\u003e 3949\u003cbr/\u003e\u003cb\u003eFB:\u003c/b\u003e \u003ca href=\u0027https://www.facebook.com/groups/beshvil.yael/posts/3915351852091270\u0027\u003ehttps://www.facebook.com/groups/beshvil.yael/posts/3915351852091270\u003c/a\u003e\u003cbr/\u003e\u003cbr/\u003e\u003cimg src=\u0027https://drive.google.com/uc?export=view\u0026amp;id=1_3wwk-vqu_pSKdhr6wtR5jMJF2KR5qNo\u0027 width=\u0027450\u0027/\u003e\u003cbr/\u003e\u003c/div\u003e",
                                            "tessellate":  -1,
                                            "extrude":  0,
                                            "visibility":  -1
                                        },
                         "geometry":  {
                                          "type":  "Point",
                                          "coordinates":  [
                                                              170.11711,
                                                              -44.04548,
                                                              0.0
                                                          ]
                                      }
                     },
                     {
                         "type":  "Feature",
                         "properties":  {
                                            "Name":  "#1396",
                                            "description":  "\u003cdiv dir=\u0027rtl\u0027 style=\u0027font-family:Arial;\u0027\u003e\u003cb\u003eשם:\u003c/b\u003e גלית קורניאנסקי\u003cbr/\u003e\u003cb\u003eאתר:\u003c/b\u003e קמינו פורטוגז\u003cbr/\u003e\u003cb\u003eתאריך:\u003c/b\u003e 03-06-2025\u003cbr/\u003e\u003cb\u003eID:\u003c/b\u003e 898\u003cbr/\u003e\u003cb\u003eFB:\u003c/b\u003e \u003ca href=\u0027https://www.facebook.com/groups/3235176716775457/posts/3658292394463885/\u0027\u003ehttps://www.facebook.com/groups/3235176716775457/posts/3658292394463885/\u003c/a\u003e\u003cbr/\u003e\u003cbr/\u003e\u003cimg src=\u0027https://drive.google.com/uc?export=view\u0026amp;id=1gZIqPKFuVmR378fa6Me5Rdg6BHZChS3O\u0027 width=\u0027450\u0027/\u003e\u003cbr/\u003e\u003c/div\u003e",
                                            "tessellate":  -1,
                                            "extrude":  0,
                                            "visibility":  -1
                                        },
                         "geometry":  {
                                          "type":  "Point",
                                          "coordinates":  [
                                                              -8.6210373,
                                                              41.1606575,
                                                              0.0
                                                          ]
                                      }
                     },
                     {
                         "type":  "Feature",
                         "properties":  {
                                            "Name":  "#1396",
                                            "description":  "\u003cdiv dir=\u0027rtl\u0027 style=\u0027font-family:Arial;\u0027\u003e\u003cb\u003eשם:\u003c/b\u003e גלית קורניאנסקי\u003cbr/\u003e\u003cb\u003eאתר:\u003c/b\u003e קמינו  פורטוגז\u003cbr/\u003e\u003cb\u003eתאריך:\u003c/b\u003e 28-06-2025\u003cbr/\u003e\u003cb\u003eID:\u003c/b\u003e 1069\u003cbr/\u003e\u003cb\u003eFB:\u003c/b\u003e \u003ca href=\u0027https://www.facebook.com/groups/beshvil.yael/posts/3679931935633264\u0027\u003ehttps://www.facebook.com/groups/beshvil.yael/posts/3679931935633264\u003c/a\u003e\u003cbr/\u003e\u003cbr/\u003e\u003cimg src=\u0027https://drive.google.com/uc?export=view\u0026amp;id=1_YfjtY1KVxH-QX4e1JBYH-Z80f-QqRsN\u0027 width=\u0027450\u0027/\u003e\u003cbr/\u003e\u003c/div\u003e",
                                            "tessellate":  -1,
                                            "extrude":  0,
                                            "visibility":  -1
                                        },
                         "geometry":  {
                                          "type":  "Point",
                                          "coordinates":  [
                                                              -8.74786,
                                                              41.35173,
                                                              0.0
                                                          ]
                                      }
                     },
                     {
                         "type":  "Feature",
                         "properties":  {
                                            "Name":  "#1397",
                                            "description":  "\u003cdiv dir=\u0027rtl\u0027 style=\u0027font-family:Arial;\u0027\u003e\u003cb\u003eשם:\u003c/b\u003e \u003cbr/\u003e\u003cb\u003eאתר:\u003c/b\u003e קמינו  פורטוגז\u003cbr/\u003e\u003cb\u003eתאריך:\u003c/b\u003e 28-06-2025\u003cbr/\u003e\u003cb\u003eID:\u003c/b\u003e 237\u003cbr/\u003e\u003cb\u003eFB:\u003c/b\u003e \u003ca href=\u0027https://www.facebook.com/groups/beshvil.yael/posts/3679931935633264\u0027\u003ehttps://www.facebook.com/groups/beshvil.yael/posts/3679931935633264\u003c/a\u003e\u003cbr/\u003e\u003cbr/\u003e\u003cimg src=\u0027https://drive.google.com/uc?export=view\u0026amp;id=1_YfjtY1KVxH-QX4e1JBYH-Z80f-QqRsN\u0027 width=\u0027450\u0027/\u003e\u003cbr/\u003e\u003c/div\u003e",
                                            "tessellate":  -1,
                                            "extrude":  0,
                                            "visibility":  -1
                                        },
                         "geometry":  {
                                          "type":  "Point",
                                          "coordinates":  [
                                                              -8.74786,
                                                              41.352,
                                                              0.0
                                                          ]
                                      }
                     },
                     {
                         "type":  "Feature",
                         "properties":  {
                                            "Name":  "#1398",
                                            "description":  "\u003cdiv dir=\u0027rtl\u0027 style=\u0027font-family:Arial;\u0027\u003e\u003cb\u003eשם:\u003c/b\u003e \u003cbr/\u003e\u003cb\u003eאתר:\u003c/b\u003e קמינו  פורטוגז\u003cbr/\u003e\u003cb\u003eתאריך:\u003c/b\u003e 28-06-2025\u003cbr/\u003e\u003cb\u003eID:\u003c/b\u003e 238\u003cbr/\u003e\u003cb\u003eFB:\u003c/b\u003e \u003ca href=\u0027https://www.facebook.com/groups/beshvil.yael/posts/3679931935633264\u0027\u003ehttps://www.facebook.com/groups/beshvil.yael/posts/3679931935633264\u003c/a\u003e\u003cbr/\u003e\u003cbr/\u003e\u003cimg src=\u0027https://drive.google.com/uc?export=view\u0026amp;id=1_YfjtY1KVxH-QX4e1JBYH-Z80f-QqRsN\u0027 width=\u0027450\u0027/\u003e\u003cbr/\u003e\u003c/div\u003e",
                                            "tessellate":  -1,
                                            "extrude":  0,
                                            "visibility":  -1
                                        },
                         "geometry":  {
                                          "type":  "Point",
                                          "coordinates":  [
                                                              -8.74786,
                                                              41.35227,
                                                              0.0
                                                          ]
                                      }
                     },
                     {
                         "type":  "Feature",
                         "properties":  {
                                            "Name":  "#1399",
                                            "description":  "\u003cdiv dir=\u0027rtl\u0027 style=\u0027font-family:Arial;\u0027\u003e\u003cb\u003eשם:\u003c/b\u003e \u003cbr/\u003e\u003cb\u003eאתר:\u003c/b\u003e קמינו  פורטוגז\u003cbr/\u003e\u003cb\u003eתאריך:\u003c/b\u003e 28-06-2025\u003cbr/\u003e\u003cb\u003eID:\u003c/b\u003e 239\u003cbr/\u003e\u003cb\u003eFB:\u003c/b\u003e \u003ca href=\u0027https://www.facebook.com/groups/beshvil.yael/posts/3679931935633264\u0027\u003ehttps://www.facebook.com/groups/beshvil.yael/posts/3679931935633264\u003c/a\u003e\u003cbr/\u003e\u003cbr/\u003e\u003cimg src=\u0027https://drive.google.com/uc?export=view\u0026amp;id=1_YfjtY1KVxH-QX4e1JBYH-Z80f-QqRsN\u0027 width=\u0027450\u0027/\u003e\u003cbr/\u003e\u003c/div\u003e",
                                            "tessellate":  -1,
                                            "extrude":  0,
                                            "visibility":  -1
                                        },
                         "geometry":  {
                                          "type":  "Point",
                                          "coordinates":  [
                                                              -8.74786,
                                                              41.35254,
                                                              0.0
                                                          ]
                                      }
                     },
                     {
                         "type":  "Feature",
                         "properties":  {
                                            "Name":  "#1401",
                                            "description":  "\u003cdiv dir=\u0027rtl\u0027 style=\u0027font-family:Arial;\u0027\u003e\u003cb\u003eשם:\u003c/b\u003e אמיר ברזילי\u003cbr/\u003e\u003cb\u003eאתר:\u003c/b\u003e קרחון קלאדי\u003cbr/\u003e\u003cb\u003eתאריך:\u003c/b\u003e 20-09-2025\u003cbr/\u003e\u003cb\u003eID:\u003c/b\u003e 1969\u003cbr/\u003e\u003cb\u003eFB:\u003c/b\u003e \u003ca href=\u0027https://www.facebook.com/groups/beshvil.yael/posts/3755714941388296\u0027\u003ehttps://www.facebook.com/groups/beshvil.yael/posts/3755714941388296\u003c/a\u003e\u003cbr/\u003e\u003cbr/\u003e\u003cimg src=\u0027https://drive.google.com/uc?export=view\u0026amp;id=1wmrO4Bq9-SwjWmL9yR3EqFNRx8XAUwhx\u0027 width=\u0027450\u0027/\u003e\u003cbr/\u003e\u003c/div\u003e",
                                            "tessellate":  -1,
                                            "extrude":  0,
                                            "visibility":  -1
                                        },
                         "geometry":  {
                                          "type":  "Point",
                                          "coordinates":  [
                                                              42.71075,
                                                              43.1302,
                                                              0.0
                                                          ]
                                      }
                     },
                     {
                         "type":  "Feature",
                         "properties":  {
                                            "Name":  "#1401",
                                            "description":  "\u003cdiv dir=\u0027rtl\u0027 style=\u0027font-family:Arial;\u0027\u003e\u003cb\u003eשם:\u003c/b\u003e אמיר ברזילי\u003cbr/\u003e\u003cb\u003eאתר:\u003c/b\u003e מפל גוולטי\u003cbr/\u003e\u003cb\u003eתאריך:\u003c/b\u003e 03-10-2025\u003cbr/\u003e\u003cb\u003eID:\u003c/b\u003e 2140\u003cbr/\u003e\u003cb\u003eFB:\u003c/b\u003e \u003ca href=\u0027https://www.facebook.com/groups/beshvil.yael/posts/3768562806770176/\u0027\u003ehttps://www.facebook.com/groups/beshvil.yael/posts/3768562806770176/\u003c/a\u003e\u003cbr/\u003e\u003cbr/\u003e\u003cimg src=\u0027https://drive.google.com/uc?export=view\u0026amp;id=1JmKyeBUwB2Z5Ft3V1fmjvF5NFY4dh_Dj\u0027 width=\u0027450\u0027/\u003e\u003cbr/\u003e\u003c/div\u003e",
                                            "tessellate":  -1,
                                            "extrude":  0,
                                            "visibility":  -1
                                        },
                         "geometry":  {
                                          "type":  "Point",
                                          "coordinates":  [
                                                              44.61354,
                                                              42.70169,
                                                              0.0
                                                          ]
                                      }
                     },
                     {
                         "type":  "Feature",
                         "properties":  {
                                            "Name":  "#1402",
                                            "description":  "\u003cdiv dir=\u0027rtl\u0027 style=\u0027font-family:Arial;\u0027\u003e\u003cb\u003eשם:\u003c/b\u003e לילך ברזילי\u003cbr/\u003e\u003cb\u003eאתר:\u003c/b\u003e \u003cbr/\u003e\u003cb\u003eתאריך:\u003c/b\u003e 25-05-2025\u003cbr/\u003e\u003cb\u003eID:\u003c/b\u003e 769\u003cbr/\u003e\u003cb\u003eFB:\u003c/b\u003e \u003ca href=\u0027https://www.facebook.com/groups/3235176716775457/posts/3650274475265677/\u0027\u003ehttps://www.facebook.com/groups/3235176716775457/posts/3650274475265677/\u003c/a\u003e\u003cbr/\u003e\u003cbr/\u003e\u003cimg src=\u0027https://drive.google.com/uc?export=view\u0026amp;id=1IEfKbwFCrUx6Wa6IHN-BgPlVfeluHKua\u0027 width=\u0027450\u0027/\u003e\u003cbr/\u003e\u003c/div\u003e",
                                            "tessellate":  -1,
                                            "extrude":  0,
                                            "visibility":  -1
                                        },
                         "geometry":  {
                                          "type":  "Point",
                                          "coordinates":  [
                                                              2.3375084,
                                                              48.8583424,
                                                              0.0
                                                          ]
                                      }
                     },
                     {
                         "type":  "Feature",
                         "properties":  {
                                            "Name":  "#1402",
                                            "description":  "\u003cdiv dir=\u0027rtl\u0027 style=\u0027font-family:Arial;\u0027\u003e\u003cb\u003eשם:\u003c/b\u003e לילך ברזילי\u003cbr/\u003e\u003cb\u003eאתר:\u003c/b\u003e מזבישי לאדישי ,\u003cbr/\u003e\u003cb\u003eתאריך:\u003c/b\u003e 22-09-2025\u003cbr/\u003e\u003cb\u003eID:\u003c/b\u003e 1987\u003cbr/\u003e\u003cb\u003eFB:\u003c/b\u003e \u003ca href=\u0027https://www.facebook.com/groups/beshvil.yael/posts/3757064957919961\u0027\u003ehttps://www.facebook.com/groups/beshvil.yael/posts/3757064957919961\u003c/a\u003e\u003cbr/\u003e\u003cbr/\u003e\u003cimg src=\u0027https://drive.google.com/uc?export=view\u0026amp;id=18EwWkX_45fB63kFFV1u3i7IJJSgc2W3w\u0027 width=\u0027450\u0027/\u003e\u003cbr/\u003e\u003c/div\u003e",
                                            "tessellate":  -1,
                                            "extrude":  0,
                                            "visibility":  -1
                                        },
                         "geometry":  {
                                          "type":  "Point",
                                          "coordinates":  [
                                                              42.91059,
                                                              42.99912,
                                                              0.0
                                                          ]
                                      }
                     },
                     {
                         "type":  "Feature",
                         "properties":  {
                                            "Name":  "#1402",
                                            "description":  "\u003cdiv dir=\u0027rtl\u0027 style=\u0027font-family:Arial;\u0027\u003e\u003cb\u003eשם:\u003c/b\u003e לילך ברזילי\u003cbr/\u003e\u003cb\u003eאתר:\u003c/b\u003e מפל גוולטי\u003cbr/\u003e\u003cb\u003eתאריך:\u003c/b\u003e 03-10-2025\u003cbr/\u003e\u003cb\u003eID:\u003c/b\u003e 164\u003cbr/\u003e\u003cb\u003eFB:\u003c/b\u003e \u003ca href=\u0027https://www.facebook.com/groups/beshvil.yael/posts/3768562806770176/\u0027\u003ehttps://www.facebook.com/groups/beshvil.yael/posts/3768562806770176/\u003c/a\u003e\u003cbr/\u003e\u003cbr/\u003e\u003cimg src=\u0027https://drive.google.com/uc?export=view\u0026amp;id=1JmKyeBUwB2Z5Ft3V1fmjvF5NFY4dh_Dj\u0027 width=\u0027450\u0027/\u003e\u003cbr/\u003e\u003c/div\u003e",
                                            "tessellate":  -1,
                                            "extrude":  0,
                                            "visibility":  -1
                                        },
                         "geometry":  {
                                          "type":  "Point",
                                          "coordinates":  [
                                                              44.61354,
                                                              42.70196,
                                                              0.0
                                                          ]
                                      }
                     },
                     {
                         "type":  "Feature",
                         "properties":  {
                                            "Name":  "#1403",
                                            "description":  "\u003cdiv dir=\u0027rtl\u0027 style=\u0027font-family:Arial;\u0027\u003e\u003cb\u003eשם:\u003c/b\u003e \u003cbr/\u003e\u003cb\u003eאתר:\u003c/b\u003e מפל גוולטי\u003cbr/\u003e\u003cb\u003eתאריך:\u003c/b\u003e 03-10-2025\u003cbr/\u003e\u003cb\u003eID:\u003c/b\u003e 165\u003cbr/\u003e\u003cb\u003eFB:\u003c/b\u003e \u003ca href=\u0027https://www.facebook.com/groups/beshvil.yael/posts/3768562806770176/\u0027\u003ehttps://www.facebook.com/groups/beshvil.yael/posts/3768562806770176/\u003c/a\u003e\u003cbr/\u003e\u003cbr/\u003e\u003cimg src=\u0027https://drive.google.com/uc?export=view\u0026amp;id=1JmKyeBUwB2Z5Ft3V1fmjvF5NFY4dh_Dj\u0027 width=\u0027450\u0027/\u003e\u003cbr/\u003e\u003c/div\u003e",
                                            "tessellate":  -1,
                                            "extrude":  0,
                                            "visibility":  -1
                                        },
                         "geometry":  {
                                          "type":  "Point",
                                          "coordinates":  [
                                                              44.61354,
                                                              42.70223,
                                                              0.0
                                                          ]
                                      }
                     },
                     {
                         "type":  "Feature",
                         "properties":  {
                                            "Name":  "#1404",
                                            "description":  "\u003cdiv dir=\u0027rtl\u0027 style=\u0027font-family:Arial;\u0027\u003e\u003cb\u003eשם:\u003c/b\u003e נוגה קרן\u003cbr/\u003e\u003cb\u003eאתר:\u003c/b\u003e \u003cbr/\u003e\u003cb\u003eתאריך:\u003c/b\u003e 06-08-2025\u003cbr/\u003e\u003cb\u003eID:\u003c/b\u003e 1424\u003cbr/\u003e\u003cb\u003eFB:\u003c/b\u003e \u003ca href=\u0027https://www.facebook.com/groups/beshvil.yael/posts/3714445055515285/\u0027\u003ehttps://www.facebook.com/groups/beshvil.yael/posts/3714445055515285/\u003c/a\u003e\u003cbr/\u003e\u003cbr/\u003e\u003cimg src=\u0027https://drive.google.com/uc?export=view\u0026amp;id=19a2KQ4q5Y1CQPa6-4j2QFnqb2iurx2NO\u0027 width=\u0027450\u0027/\u003e\u003cbr/\u003e\u003c/div\u003e",
                                            "tessellate":  -1,
                                            "extrude":  0,
                                            "visibility":  -1
                                        },
                         "geometry":  {
                                          "type":  "Point",
                                          "coordinates":  [
                                                              23.0000201,
                                                              46.5000958,
                                                              0.0
                                                          ]
                                      }
                     },
                     {
                         "type":  "Feature",
                         "properties":  {
                                            "Name":  "#1404",
                                            "description":  "\u003cdiv dir=\u0027rtl\u0027 style=\u0027font-family:Arial;\u0027\u003e\u003cb\u003eשם:\u003c/b\u003e נוגה קרן\u003cbr/\u003e\u003cb\u003eאתר:\u003c/b\u003e גודאורי\u003cbr/\u003e\u003cb\u003eתאריך:\u003c/b\u003e 27-01-2026\u003cbr/\u003e\u003cb\u003eID:\u003c/b\u003e 3487\u003cbr/\u003e\u003cb\u003eFB:\u003c/b\u003e \u003ca href=\u0027https://www.facebook.com/groups/beshvil.yael/posts/3873341179625671/\u0027\u003ehttps://www.facebook.com/groups/beshvil.yael/posts/3873341179625671/\u003c/a\u003e\u003cbr/\u003e\u003cbr/\u003e\u003cimg src=\u0027https://drive.google.com/uc?export=view\u0026amp;id=13kcoC2oqh3E2J3oksBUBRTs-eOFfL8Re\u0027 width=\u0027450\u0027/\u003e\u003cbr/\u003e\u003c/div\u003e",
                                            "tessellate":  -1,
                                            "extrude":  0,
                                            "visibility":  -1
                                        },
                         "geometry":  {
                                          "type":  "Point",
                                          "coordinates":  [
                                                              44.48038,
                                                              42.47599,
                                                              0.0
                                                          ]
                                      }
                     },
                     {
                         "type":  "Feature",
                         "properties":  {
                                            "Name":  "#1410",
                                            "description":  "\u003cdiv dir=\u0027rtl\u0027 style=\u0027font-family:Arial;\u0027\u003e\u003cb\u003eשם:\u003c/b\u003e נועה לנואל\u003cbr/\u003e\u003cb\u003eאתר:\u003c/b\u003e Routeburn\u003cbr/\u003e\u003cb\u003eתאריך:\u003c/b\u003e 09-11-2025\u003cbr/\u003e\u003cb\u003eID:\u003c/b\u003e 2662\u003cbr/\u003e\u003cb\u003eFB:\u003c/b\u003e \u003ca href=\u0027https://www.facebook.com/groups/beshvil.yael/posts/3804425209850602\u0027\u003ehttps://www.facebook.com/groups/beshvil.yael/posts/3804425209850602\u003c/a\u003e\u003cbr/\u003e\u003cbr/\u003e\u003cimg src=\u0027https://drive.google.com/uc?export=view\u0026amp;id=1KxpEsOa2sl58feE0LRLHKHiUh3edKqk6\u0027 width=\u0027450\u0027/\u003e\u003cbr/\u003e\u003c/div\u003e",
                                            "tessellate":  -1,
                                            "extrude":  0,
                                            "visibility":  -1
                                        },
                         "geometry":  {
                                          "type":  "Point",
                                          "coordinates":  [
                                                              168.22486,
                                                              -44.7241,
                                                              0.0
                                                          ]
                                      }
                     },
                     {
                         "type":  "Feature",
                         "properties":  {
                                            "Name":  "#1410",
                                            "description":  "\u003cdiv dir=\u0027rtl\u0027 style=\u0027font-family:Arial;\u0027\u003e\u003cb\u003eשם:\u003c/b\u003e נועה לנואל\u003cbr/\u003e\u003cb\u003eאתר:\u003c/b\u003e Tongariro crossing\u003cbr/\u003e\u003cb\u003eתאריך:\u003c/b\u003e 04-03-2026\u003cbr/\u003e\u003cb\u003eID:\u003c/b\u003e 3912\u003cbr/\u003e\u003cb\u003eFB:\u003c/b\u003e \u003ca href=\u0027https://www.facebook.com/groups/beshvil.yael/posts/3906855616274227/\u0027\u003ehttps://www.facebook.com/groups/beshvil.yael/posts/3906855616274227/\u003c/a\u003e\u003cbr/\u003e\u003cbr/\u003e\u003cimg src=\u0027https://drive.google.com/uc?export=view\u0026amp;id=1R3dlDXUV83Ja5Anq7yyQGUF1lzgFKRBN\u0027 width=\u0027450\u0027/\u003e\u003cbr/\u003e\u003c/div\u003e",
                                            "tessellate":  -1,
                                            "extrude":  0,
                                            "visibility":  -1
                                        },
                         "geometry":  {
                                          "type":  "Point",
                                          "coordinates":  [
                                                              175.59938,
                                                              -39.14258,
                                                              0.0
                                                          ]
                                      }
                     },
                     {
                         "type":  "Feature",
                         "properties":  {
                                            "Name":  "#1410",
                                            "description":  "\u003cdiv dir=\u0027rtl\u0027 style=\u0027font-family:Arial;\u0027\u003e\u003cb\u003eשם:\u003c/b\u003e נועה לנואל\u003cbr/\u003e\u003cb\u003eאתר:\u003c/b\u003e Pinnacles walk\u003cbr/\u003e\u003cb\u003eתאריך:\u003c/b\u003e 17-03-2026\u003cbr/\u003e\u003cb\u003eID:\u003c/b\u003e 3968\u003cbr/\u003e\u003cb\u003eFB:\u003c/b\u003e \u003ca href=\u0027https://www.facebook.com/groups/beshvil.yael/posts/3918227198470402/\u0027\u003ehttps://www.facebook.com/groups/beshvil.yael/posts/3918227198470402/\u003c/a\u003e\u003cbr/\u003e\u003cbr/\u003e\u003cimg src=\u0027https://drive.google.com/uc?export=view\u0026amp;id=1ghC5oa08v9vWEQWjGVZusORu_-uVM57_\u0027 width=\u0027450\u0027/\u003e\u003cbr/\u003e\u003c/div\u003e",
                                            "tessellate":  -1,
                                            "extrude":  0,
                                            "visibility":  -1
                                        },
                         "geometry":  {
                                          "type":  "Point",
                                          "coordinates":  [
                                                              175.6933,
                                                              -37.05088,
                                                              0.0
                                                          ]
                                      }
                     },
                     {
                         "type":  "Feature",
                         "properties":  {
                                            "Name":  "#1411",
                                            "description":  "\u003cdiv dir=\u0027rtl\u0027 style=\u0027font-family:Arial;\u0027\u003e\u003cb\u003eשם:\u003c/b\u003e חגית ברקאי לנואל\u003cbr/\u003e\u003cb\u003eאתר:\u003c/b\u003e Coronet peak\u003cbr/\u003e\u003cb\u003eתאריך:\u003c/b\u003e 16-07-2025\u003cbr/\u003e\u003cb\u003eID:\u003c/b\u003e 1199\u003cbr/\u003e\u003cb\u003eFB:\u003c/b\u003e \u003ca href=\u0027https://www.facebook.com/groups/beshvil.yael/posts/3695431540749970/\u0027\u003ehttps://www.facebook.com/groups/beshvil.yael/posts/3695431540749970/\u003c/a\u003e\u003cbr/\u003e\u003cbr/\u003e\u003cimg src=\u0027https://drive.google.com/uc?export=view\u0026amp;id=1K4-PC6YC9JsuHm8_zl2dOGsd37XnnP8y\u0027 width=\u0027450\u0027/\u003e\u003cbr/\u003e\u003c/div\u003e",
                                            "tessellate":  -1,
                                            "extrude":  0,
                                            "visibility":  -1
                                        },
                         "geometry":  {
                                          "type":  "Point",
                                          "coordinates":  [
                                                              168.64156,
                                                              -44.97547,
                                                              0.0
                                                          ]
                                      }
                     },
                     {
                         "type":  "Feature",
                         "properties":  {
                                            "Name":  "#1420",
                                            "description":  "\u003cdiv dir=\u0027rtl\u0027 style=\u0027font-family:Arial;\u0027\u003e\u003cb\u003eשם:\u003c/b\u003e דלית רינת\u003cbr/\u003e\u003cb\u003eאתר:\u003c/b\u003e אנג\u0027לס פורסט\u003cbr/\u003e\u003cb\u003eתאריך:\u003c/b\u003e 23-03-2025\u003cbr/\u003e\u003cb\u003eID:\u003c/b\u003e 634\u003cbr/\u003e\u003cb\u003eFB:\u003c/b\u003e \u003ca href=\u0027https://www.facebook.com/groups/3235176716775457/permalink/3591920101101115/\u0027\u003ehttps://www.facebook.com/groups/3235176716775457/permalink/3591920101101115/\u003c/a\u003e\u003cbr/\u003e\u003cbr/\u003e\u003cimg src=\u0027https://drive.google.com/uc?export=view\u0026amp;id=1kpyViRGgXNXt8b9HIj8ENmFU81kSX0cC\u0027 width=\u0027450\u0027/\u003e\u003cbr/\u003e\u003c/div\u003e",
                                            "tessellate":  -1,
                                            "extrude":  0,
                                            "visibility":  -1
                                        },
                         "geometry":  {
                                          "type":  "Point",
                                          "coordinates":  [
                                                              -118.0057966,
                                                              34.3166667,
                                                              0.0
                                                          ]
                                      }
                     },
                     {
                         "type":  "Feature",
                         "properties":  {
                                            "Name":  "#1420",
                                            "description":  "\u003cdiv dir=\u0027rtl\u0027 style=\u0027font-family:Arial;\u0027\u003e\u003cb\u003eשם:\u003c/b\u003e דלית רינת\u003cbr/\u003e\u003cb\u003eאתר:\u003c/b\u003e פארק סיקויה\u003cbr/\u003e\u003cb\u003eתאריך:\u003c/b\u003e 02-06-2025\u003cbr/\u003e\u003cb\u003eID:\u003c/b\u003e 878\u003cbr/\u003e\u003cb\u003eFB:\u003c/b\u003e \u003ca href=\u0027https://www.facebook.com/groups/3235176716775457/posts/3657056854587439\u0027\u003ehttps://www.facebook.com/groups/3235176716775457/posts/3657056854587439\u003c/a\u003e\u003cbr/\u003e\u003cbr/\u003e\u003cimg src=\u0027https://drive.google.com/uc?export=view\u0026amp;id=1tZrDIoHj3HCnGw0DJEKOYZfwW6NsWVnS\u0027 width=\u0027450\u0027/\u003e\u003cbr/\u003e\u003c/div\u003e",
                                            "tessellate":  -1,
                                            "extrude":  0,
                                            "visibility":  -1
                                        },
                         "geometry":  {
                                          "type":  "Point",
                                          "coordinates":  [
                                                              -118.6544418,
                                                              36.5039439,
                                                              0.0
                                                          ]
                                      }
                     },
                     {
                         "type":  "Feature",
                         "properties":  {
                                            "Name":  "#1429",
                                            "description":  "\u003cdiv dir=\u0027rtl\u0027 style=\u0027font-family:Arial;\u0027\u003e\u003cb\u003eשם:\u003c/b\u003e ג\u0027סי נאזאריאן פרידלנדר\u003cbr/\u003e\u003cb\u003eאתר:\u003c/b\u003e \u003cbr/\u003e\u003cb\u003eתאריך:\u003c/b\u003e 14-04-2025\u003cbr/\u003e\u003cb\u003eID:\u003c/b\u003e 353\u003cbr/\u003e\u003cb\u003eFB:\u003c/b\u003e \u003ca href=\u0027https://www.facebook.com/groups/3235176716775457/posts/3614964682129990/\u0027\u003ehttps://www.facebook.com/groups/3235176716775457/posts/3614964682129990/\u003c/a\u003e\u003cbr/\u003e\u003cbr/\u003e\u003cimg src=\u0027https://drive.google.com/uc?export=view\u0026amp;id=1QXikFtTDD2wWGYYxLn1GJqmLa-HWbSF_\u0027 width=\u0027450\u0027/\u003e\u003cbr/\u003e\u003c/div\u003e",
                                            "tessellate":  -1,
                                            "extrude":  0,
                                            "visibility":  -1
                                        },
                         "geometry":  {
                                          "type":  "Point",
                                          "coordinates":  [
                                                              15.1804851,
                                                              47.9668974,
                                                              0.0
                                                          ]
                                      }
                     },
                     {
                         "type":  "Feature",
                         "properties":  {
                                            "Name":  "#1429",
                                            "description":  "\u003cdiv dir=\u0027rtl\u0027 style=\u0027font-family:Arial;\u0027\u003e\u003cb\u003eשם:\u003c/b\u003e ג\u0027סי נאזאריאן פרידלנדר\u003cbr/\u003e\u003cb\u003eאתר:\u003c/b\u003e \u003cbr/\u003e\u003cb\u003eתאריך:\u003c/b\u003e 02-05-2025\u003cbr/\u003e\u003cb\u003eID:\u003c/b\u003e 12\u003cbr/\u003e\u003cb\u003eFB:\u003c/b\u003e \u003ca href=\u0027https://www.facebook.com/groups/3235176716775457/posts/3631967380429720\u0027\u003ehttps://www.facebook.com/groups/3235176716775457/posts/3631967380429720\u003c/a\u003e\u003cbr/\u003e\u003cbr/\u003e\u003cimg src=\u0027https://drive.google.com/uc?export=view\u0026amp;id=108q7oWbp8u_tQ6L5cWNDmb-Pkc4HcGkW\u0027 width=\u0027450\u0027/\u003e\u003cbr/\u003e\u003c/div\u003e",
                                            "tessellate":  -1,
                                            "extrude":  0,
                                            "visibility":  -1
                                        },
                         "geometry":  {
                                          "type":  "Point",
                                          "coordinates":  [
                                                              23.11388,
                                                              42.09781,
                                                              0.0
                                                          ]
                                      }
                     },
                     {
                         "type":  "Feature",
                         "properties":  {
                                            "Name":  "#1429",
                                            "description":  "\u003cdiv dir=\u0027rtl\u0027 style=\u0027font-family:Arial;\u0027\u003e\u003cb\u003eשם:\u003c/b\u003e ג\u0027סי נאזאריאן פרידלנדר\u003cbr/\u003e\u003cb\u003eאתר:\u003c/b\u003e \u003cbr/\u003e\u003cb\u003eתאריך:\u003c/b\u003e 02-05-2025\u003cbr/\u003e\u003cb\u003eID:\u003c/b\u003e 13\u003cbr/\u003e\u003cb\u003eFB:\u003c/b\u003e \u003ca href=\u0027https://www.facebook.com/groups/3235176716775457/posts/3631967380429720\u0027\u003ehttps://www.facebook.com/groups/3235176716775457/posts/3631967380429720\u003c/a\u003e\u003cbr/\u003e\u003cbr/\u003e\u003cimg src=\u0027https://drive.google.com/uc?export=view\u0026amp;id=10JUD3_r5YKWvocBsUDI110SkxysPCoBQ\u0027 width=\u0027450\u0027/\u003e\u003cbr/\u003e\u003c/div\u003e",
                                            "tessellate":  -1,
                                            "extrude":  0,
                                            "visibility":  -1
                                        },
                         "geometry":  {
                                          "type":  "Point",
                                          "coordinates":  [
                                                              23.1138842,
                                                              42.0978104,
                                                              0.0
                                                          ]
                                      }
                     },
                     {
                         "type":  "Feature",
                         "properties":  {
                                            "Name":  "#1429",
                                            "description":  "\u003cdiv dir=\u0027rtl\u0027 style=\u0027font-family:Arial;\u0027\u003e\u003cb\u003eשם:\u003c/b\u003e ג\u0027סי נאזאריאן פרידלנדר\u003cbr/\u003e\u003cb\u003eאתר:\u003c/b\u003e \u003cbr/\u003e\u003cb\u003eתאריך:\u003c/b\u003e 14-05-2025\u003cbr/\u003e\u003cb\u003eID:\u003c/b\u003e 553\u003cbr/\u003e\u003cb\u003eFB:\u003c/b\u003e \u003ca href=\u0027https://www.facebook.com/groups/3235176716775457/posts/3641955199430938/\u0027\u003ehttps://www.facebook.com/groups/3235176716775457/posts/3641955199430938/\u003c/a\u003e\u003cbr/\u003e\u003cbr/\u003e\u003cimg src=\u0027https://drive.google.com/uc?export=view\u0026amp;id=1YggdLDMbLPPFR3-S_RfndKvFYIJ530AS\u0027 width=\u0027450\u0027/\u003e\u003cbr/\u003e\u003c/div\u003e",
                                            "tessellate":  -1,
                                            "extrude":  0,
                                            "visibility":  -1
                                        },
                         "geometry":  {
                                          "type":  "Point",
                                          "coordinates":  [
                                                              14.4378,
                                                              50.07553,
                                                              0.0
                                                          ]
                                      }
                     },
                     {
                         "type":  "Feature",
                         "properties":  {
                                            "Name":  "#1430",
                                            "description":  "\u003cdiv dir=\u0027rtl\u0027 style=\u0027font-family:Arial;\u0027\u003e\u003cb\u003eשם:\u003c/b\u003e \u003cbr/\u003e\u003cb\u003eאתר:\u003c/b\u003e \u003cbr/\u003e\u003cb\u003eתאריך:\u003c/b\u003e 14-04-2025\u003cbr/\u003e\u003cb\u003eID:\u003c/b\u003e 275\u003cbr/\u003e\u003cb\u003eFB:\u003c/b\u003e \u003ca href=\u0027https://www.facebook.com/groups/3235176716775457/posts/3614964682129990/\u0027\u003ehttps://www.facebook.com/groups/3235176716775457/posts/3614964682129990/\u003c/a\u003e\u003cbr/\u003e\u003cbr/\u003e\u003cimg src=\u0027https://drive.google.com/uc?export=view\u0026amp;id=1QXikFtTDD2wWGYYxLn1GJqmLa-HWbSF_\u0027 width=\u0027450\u0027/\u003e\u003cbr/\u003e\u003c/div\u003e",
                                            "tessellate":  -1,
                                            "extrude":  0,
                                            "visibility":  -1
                                        },
                         "geometry":  {
                                          "type":  "Point",
                                          "coordinates":  [
                                                              15.1804851,
                                                              47.9671674,
                                                              0.0
                                                          ]
                                      }
                     },
                     {
                         "type":  "Feature",
                         "properties":  {
                                            "Name":  "#1436",
                                            "description":  "\u003cdiv dir=\u0027rtl\u0027 style=\u0027font-family:Arial;\u0027\u003e\u003cb\u003eשם:\u003c/b\u003e עופר ורותם רשקס\u003cbr/\u003e\u003cb\u003eאתר:\u003c/b\u003e \u003cbr/\u003e\u003cb\u003eתאריך:\u003c/b\u003e 10-04-2025\u003cbr/\u003e\u003cb\u003eID:\u003c/b\u003e 437\u003cbr/\u003e\u003cb\u003eFB:\u003c/b\u003e \u003ca href=\u0027https://www.facebook.com/groups/3235176716775457/posts/3610806409212484/\u0027\u003ehttps://www.facebook.com/groups/3235176716775457/posts/3610806409212484/\u003c/a\u003e\u003cbr/\u003e\u003cbr/\u003e\u003cimg src=\u0027https://drive.google.com/uc?export=view\u0026amp;id=1VJb3u2UybFCQ1v5hARbhruW_aIr7tQcf\u0027 width=\u0027450\u0027/\u003e\u003cbr/\u003e\u003c/div\u003e",
                                            "tessellate":  -1,
                                            "extrude":  0,
                                            "visibility":  -1
                                        },
                         "geometry":  {
                                          "type":  "Point",
                                          "coordinates":  [
                                                              22.35222,
                                                              37.34972,
                                                              0.0
                                                          ]
                                      }
                     },
                     {
                         "type":  "Feature",
                         "properties":  {
                                            "Name":  "#1436",
                                            "description":  "\u003cdiv dir=\u0027rtl\u0027 style=\u0027font-family:Arial;\u0027\u003e\u003cb\u003eשם:\u003c/b\u003e עופר ורותם רשקס\u003cbr/\u003e\u003cb\u003eאתר:\u003c/b\u003e ספצס\u003cbr/\u003e\u003cb\u003eתאריך:\u003c/b\u003e 13-04-2025\u003cbr/\u003e\u003cb\u003eID:\u003c/b\u003e 361\u003cbr/\u003e\u003cb\u003eFB:\u003c/b\u003e \u003ca href=\u0027https://www.facebook.com/groups/3235176716775457/posts/3614159432210515/\u0027\u003ehttps://www.facebook.com/groups/3235176716775457/posts/3614159432210515/\u003c/a\u003e\u003cbr/\u003e\u003cbr/\u003e\u003cimg src=\u0027https://drive.google.com/uc?export=view\u0026amp;id=1R-qw5-4-2IWgSiboB1soGBGqZ4CUeOqw\u0027 width=\u0027450\u0027/\u003e\u003cbr/\u003e\u003c/div\u003e",
                                            "tessellate":  -1,
                                            "extrude":  0,
                                            "visibility":  -1
                                        },
                         "geometry":  {
                                          "type":  "Point",
                                          "coordinates":  [
                                                              23.1290147,
                                                              37.2773508,
                                                              0.0
                                                          ]
                                      }
                     },
                     {
                         "type":  "Feature",
                         "properties":  {
                                            "Name":  "#1436",
                                            "description":  "\u003cdiv dir=\u0027rtl\u0027 style=\u0027font-family:Arial;\u0027\u003e\u003cb\u003eשם:\u003c/b\u003e עופר ורותם רשקס\u003cbr/\u003e\u003cb\u003eאתר:\u003c/b\u003e שמורת שומבה\u003cbr/\u003e\u003cb\u003eתאריך:\u003c/b\u003e 03-08-2025\u003cbr/\u003e\u003cb\u003eID:\u003c/b\u003e 1384\u003cbr/\u003e\u003cb\u003eFB:\u003c/b\u003e \u003ca href=\u0027https://www.facebook.com/groups/beshvil.yael/posts/3711633962463061\u0027\u003ehttps://www.facebook.com/groups/beshvil.yael/posts/3711633962463061\u003c/a\u003e\u003cbr/\u003e\u003cbr/\u003e\u003cimg src=\u0027https://drive.google.com/uc?export=view\u0026amp;id=1kLoNTBxdIyBC_wwPMRVdMYJ38L5KqWtI\u0027 width=\u0027450\u0027/\u003e\u003cbr/\u003e\u003c/div\u003e",
                                            "tessellate":  -1,
                                            "extrude":  0,
                                            "visibility":  -1
                                        },
                         "geometry":  {
                                          "type":  "Point",
                                          "coordinates":  [
                                                              13.3241534,
                                                              48.7399299,
                                                              0.0
                                                          ]
                                      }
                     },
                     {
                         "type":  "Feature",
                         "properties":  {
                                            "Name":  "#1436",
                                            "description":  "\u003cdiv dir=\u0027rtl\u0027 style=\u0027font-family:Arial;\u0027\u003e\u003cb\u003eשם:\u003c/b\u003e עופר ורותם רשקס\u003cbr/\u003e\u003cb\u003eאתר:\u003c/b\u003e באגם Plesne jezero\u003cbr/\u003e\u003cb\u003eתאריך:\u003c/b\u003e 07-08-2025\u003cbr/\u003e\u003cb\u003eID:\u003c/b\u003e 1441\u003cbr/\u003e\u003cb\u003eFB:\u003c/b\u003e \u003ca href=\u0027https://www.facebook.com/groups/beshvil.yael/posts/3715283688764755\u0027\u003ehttps://www.facebook.com/groups/beshvil.yael/posts/3715283688764755\u003c/a\u003e\u003cbr/\u003e\u003cbr/\u003e\u003cimg src=\u0027https://drive.google.com/uc?export=view\u0026amp;id=1esA5JNHJBTfGJ7Uw-57fWEPqHKEkMAW0\u0027 width=\u0027450\u0027/\u003e\u003cbr/\u003e\u003c/div\u003e",
                                            "tessellate":  -1,
                                            "extrude":  0,
                                            "visibility":  -1
                                        },
                         "geometry":  {
                                          "type":  "Point",
                                          "coordinates":  [
                                                              13.8647025,
                                                              48.7775735,
                                                              0.0
                                                          ]
                                      }
                     },
                     {
                         "type":  "Feature",
                         "properties":  {
                                            "Name":  "#1454",
                                            "description":  "\u003cdiv dir=\u0027rtl\u0027 style=\u0027font-family:Arial;\u0027\u003e\u003cb\u003eשם:\u003c/b\u003e דידי בניואש\u003cbr/\u003e\u003cb\u003eאתר:\u003c/b\u003e \u003cbr/\u003e\u003cb\u003eתאריך:\u003c/b\u003e 16-04-2025\u003cbr/\u003e\u003cb\u003eID:\u003c/b\u003e 324\u003cbr/\u003e\u003cb\u003eFB:\u003c/b\u003e \u003ca href=\u0027https://www.facebook.com/groups/3235176716775457/posts/3616641118629013/\u0027\u003ehttps://www.facebook.com/groups/3235176716775457/posts/3616641118629013/\u003c/a\u003e\u003cbr/\u003e\u003cbr/\u003e\u003cimg src=\u0027https://drive.google.com/uc?export=view\u0026amp;id=1NxQReAu3Expdh0PnpOxAVv633PpS6vRJ\u0027 width=\u0027450\u0027/\u003e\u003cbr/\u003e\u003c/div\u003e",
                                            "tessellate":  -1,
                                            "extrude":  0,
                                            "visibility":  -1
                                        },
                         "geometry":  {
                                          "type":  "Point",
                                          "coordinates":  [
                                                              14.6587821,
                                                              37.3979297,
                                                              0.0
                                                          ]
                                      }
                     },
                     {
                         "type":  "Feature",
                         "properties":  {
                                            "Name":  "#1454",
                                            "description":  "\u003cdiv dir=\u0027rtl\u0027 style=\u0027font-family:Arial;\u0027\u003e\u003cb\u003eשם:\u003c/b\u003e דידי בניואש\u003cbr/\u003e\u003cb\u003eאתר:\u003c/b\u003e גן העדן הצ\u0027כי\u003cbr/\u003e\u003cb\u003eתאריך:\u003c/b\u003e 02-08-2025\u003cbr/\u003e\u003cb\u003eID:\u003c/b\u003e 1366\u003cbr/\u003e\u003cb\u003eFB:\u003c/b\u003e \u003ca href=\u0027https://www.facebook.com/groups/beshvil.yael/posts/3710289589264165/\u0027\u003ehttps://www.facebook.com/groups/beshvil.yael/posts/3710289589264165/\u003c/a\u003e\u003cbr/\u003e\u003cbr/\u003e\u003cimg src=\u0027https://drive.google.com/uc?export=view\u0026amp;id=1IfMBFUwJGJciVCSREkOXiqYRG8QCYm0T\u0027 width=\u0027450\u0027/\u003e\u003cbr/\u003e\u003c/div\u003e",
                                            "tessellate":  -1,
                                            "extrude":  0,
                                            "visibility":  -1
                                        },
                         "geometry":  {
                                          "type":  "Point",
                                          "coordinates":  [
                                                              15.2850595,
                                                              50.4686322,
                                                              0.0
                                                          ]
                                      }
                     },
                     {
                         "type":  "Feature",
                         "properties":  {
                                            "Name":  "#1454",
                                            "description":  "\u003cdiv dir=\u0027rtl\u0027 style=\u0027font-family:Arial;\u0027\u003e\u003cb\u003eשם:\u003c/b\u003e דידי בניואש\u003cbr/\u003e\u003cb\u003eאתר:\u003c/b\u003e בפארק Efteling\u003cbr/\u003e\u003cb\u003eתאריך:\u003c/b\u003e 19-08-2025\u003cbr/\u003e\u003cb\u003eID:\u003c/b\u003e 1589\u003cbr/\u003e\u003cb\u003eFB:\u003c/b\u003e \u003ca href=\u0027https://www.facebook.com/groups/beshvil.yael/posts/3726164264343364/\u0027\u003ehttps://www.facebook.com/groups/beshvil.yael/posts/3726164264343364/\u003c/a\u003e\u003cbr/\u003e\u003cbr/\u003e\u003cimg src=\u0027https://drive.google.com/uc?export=view\u0026amp;id=1GflSOevUm7bXGu-HOjBgAH0ePVS3QxDR\u0027 width=\u0027450\u0027/\u003e\u003cbr/\u003e\u003c/div\u003e",
                                            "tessellate":  -1,
                                            "extrude":  0,
                                            "visibility":  -1
                                        },
                         "geometry":  {
                                          "type":  "Point",
                                          "coordinates":  [
                                                              5.0467052,
                                                              51.6501591,
                                                              0.0
                                                          ]
                                      }
                     },
                     {
                         "type":  "Feature",
                         "properties":  {
                                            "Name":  "#1454",
                                            "description":  "\u003cdiv dir=\u0027rtl\u0027 style=\u0027font-family:Arial;\u0027\u003e\u003cb\u003eשם:\u003c/b\u003e דידי בניואש\u003cbr/\u003e\u003cb\u003eאתר:\u003c/b\u003e יוון ההררית\u003cbr/\u003e\u003cb\u003eתאריך:\u003c/b\u003e 03-10-2025\u003cbr/\u003e\u003cb\u003eID:\u003c/b\u003e 2126\u003cbr/\u003e\u003cb\u003eFB:\u003c/b\u003e \u003ca href=\u0027https://www.facebook.com/groups/beshvil.yael/posts/3767994023493721\u0027\u003ehttps://www.facebook.com/groups/beshvil.yael/posts/3767994023493721\u003c/a\u003e\u003cbr/\u003e\u003cbr/\u003e\u003cimg src=\u0027https://drive.google.com/uc?export=view\u0026amp;id=1boJsVqv2q_P3wMes7AUHGyIIQwlGEsVZ\u0027 width=\u0027450\u0027/\u003e\u003cbr/\u003e\u003c/div\u003e",
                                            "tessellate":  -1,
                                            "extrude":  0,
                                            "visibility":  -1
                                        },
                         "geometry":  {
                                          "type":  "Point",
                                          "coordinates":  [
                                                              20.74447,
                                                              39.92294,
                                                              0.0
                                                          ]
                                      }
                     },
                     {
                         "type":  "Feature",
                         "properties":  {
                                            "Name":  "#1454",
                                            "description":  "\u003cdiv dir=\u0027rtl\u0027 style=\u0027font-family:Arial;\u0027\u003e\u003cb\u003eשם:\u003c/b\u003e דידי בניואש\u003cbr/\u003e\u003cb\u003eאתר:\u003c/b\u003e וילנה\u003cbr/\u003e\u003cb\u003eתאריך:\u003c/b\u003e 14-12-2025\u003cbr/\u003e\u003cb\u003eID:\u003c/b\u003e 3063\u003cbr/\u003e\u003cb\u003eFB:\u003c/b\u003e \u003ca href=\u0027https://www.facebook.com/groups/beshvil.yael/posts/3835508590075597/\u0027\u003ehttps://www.facebook.com/groups/beshvil.yael/posts/3835508590075597/\u003c/a\u003e\u003cbr/\u003e\u003cbr/\u003e\u003cimg src=\u0027https://drive.google.com/uc?export=view\u0026amp;id=1uWBoGIsk2q33lSXX1cR_bDMeX9ZpWkTd\u0027 width=\u0027450\u0027/\u003e\u003cbr/\u003e\u003c/div\u003e",
                                            "tessellate":  -1,
                                            "extrude":  0,
                                            "visibility":  -1
                                        },
                         "geometry":  {
                                          "type":  "Point",
                                          "coordinates":  [
                                                              25.40824,
                                                              54.71936,
                                                              0.0
                                                          ]
                                      }
                     },
                     {
                         "type":  "Feature",
                         "properties":  {
                                            "Name":  "#1454",
                                            "description":  "\u003cdiv dir=\u0027rtl\u0027 style=\u0027font-family:Arial;\u0027\u003e\u003cb\u003eשם:\u003c/b\u003e דידי בניואש\u003cbr/\u003e\u003cb\u003eאתר:\u003c/b\u003e \u003cbr/\u003e\u003cb\u003eתאריך:\u003c/b\u003e 29-12-2025\u003cbr/\u003e\u003cb\u003eID:\u003c/b\u003e 3205\u003cbr/\u003e\u003cb\u003eFB:\u003c/b\u003e \u003ca href=\u0027https://www.facebook.com/groups/beshvil.yael/posts/3848148805478242\u0027\u003ehttps://www.facebook.com/groups/beshvil.yael/posts/3848148805478242\u003c/a\u003e\u003cbr/\u003e\u003cbr/\u003e\u003cimg src=\u0027https://drive.google.com/uc?export=view\u0026amp;id=1C4OYIzIBnG4asxw37gwVpoNNrNwHdyb3\u0027 width=\u0027450\u0027/\u003e\u003cbr/\u003e\u003c/div\u003e",
                                            "tessellate":  -1,
                                            "extrude":  0,
                                            "visibility":  -1
                                        },
                         "geometry":  {
                                          "type":  "Point",
                                          "coordinates":  [
                                                              2.5909103,
                                                              39.6910787,
                                                              0.0
                                                          ]
                                      }
                     },
                     {
                         "type":  "Feature",
                         "properties":  {
                                            "Name":  "#1468",
                                            "description":  "\u003cdiv dir=\u0027rtl\u0027 style=\u0027font-family:Arial;\u0027\u003e\u003cb\u003eשם:\u003c/b\u003e \u003cbr/\u003e\u003cb\u003eאתר:\u003c/b\u003e \u003cbr/\u003e\u003cb\u003eתאריך:\u003c/b\u003e 07-05-2025\u003cbr/\u003e\u003cb\u003eID:\u003c/b\u003e 11\u003cbr/\u003e\u003cb\u003eFB:\u003c/b\u003e \u003ca href=\u0027https://www.facebook.com/groups/3235176716775457/posts/3636118243347967/\u0027\u003ehttps://www.facebook.com/groups/3235176716775457/posts/3636118243347967/\u003c/a\u003e\u003cbr/\u003e\u003cbr/\u003e\u003cimg src=\u0027https://drive.google.com/uc?export=view\u0026amp;id=1AtMkPkWXBblsZBborOLN0WN0RzY9BdFV\u0027 width=\u0027450\u0027/\u003e\u003cbr/\u003e\u003c/div\u003e",
                                            "tessellate":  -1,
                                            "extrude":  0,
                                            "visibility":  -1
                                        },
                         "geometry":  {
                                          "type":  "Point",
                                          "coordinates":  [
                                                              138.29689,
                                                              36.24045,
                                                              0.0
                                                          ]
                                      }
                     },
                     {
                         "type":  "Feature",
                         "properties":  {
                                            "Name":  "#1469",
                                            "description":  "\u003cdiv dir=\u0027rtl\u0027 style=\u0027font-family:Arial;\u0027\u003e\u003cb\u003eשם:\u003c/b\u003e שרי אמסלם\u003cbr/\u003e\u003cb\u003eאתר:\u003c/b\u003e \u003cbr/\u003e\u003cb\u003eתאריך:\u003c/b\u003e 07-05-2025\u003cbr/\u003e\u003cb\u003eID:\u003c/b\u003e 120\u003cbr/\u003e\u003cb\u003eFB:\u003c/b\u003e \u003ca href=\u0027https://www.facebook.com/groups/3235176716775457/posts/3636118243347967/\u0027\u003ehttps://www.facebook.com/groups/3235176716775457/posts/3636118243347967/\u003c/a\u003e\u003cbr/\u003e\u003cbr/\u003e\u003cimg src=\u0027https://drive.google.com/uc?export=view\u0026amp;id=1AtMkPkWXBblsZBborOLN0WN0RzY9BdFV\u0027 width=\u0027450\u0027/\u003e\u003cbr/\u003e\u003c/div\u003e",
                                            "tessellate":  -1,
                                            "extrude":  0,
                                            "visibility":  -1
                                        },
                         "geometry":  {
                                          "type":  "Point",
                                          "coordinates":  [
                                                              138.29689,
                                                              36.24018,
                                                              0.0
                                                          ]
                                      }
                     },
                     {
                         "type":  "Feature",
                         "properties":  {
                                            "Name":  "#1473",
                                            "description":  "\u003cdiv dir=\u0027rtl\u0027 style=\u0027font-family:Arial;\u0027\u003e\u003cb\u003eשם:\u003c/b\u003e עדי שחר\u003cbr/\u003e\u003cb\u003eאתר:\u003c/b\u003e Lombard St\u003cbr/\u003e\u003cb\u003eתאריך:\u003c/b\u003e 04-02-2026\u003cbr/\u003e\u003cb\u003eID:\u003c/b\u003e 3672\u003cbr/\u003e\u003cbr/\u003e\u003cimg src=\u0027https://drive.google.com/uc?export=view\u0026amp;id=1HjW6iEsvqpB2m8cZ2dFnEdvL-hMEyIdy\u0027 width=\u0027450\u0027/\u003e\u003cbr/\u003e\u003c/div\u003e",
                                            "tessellate":  -1,
                                            "extrude":  0,
                                            "visibility":  -1
                                        },
                         "geometry":  {
                                          "type":  "Point",
                                          "coordinates":  [
                                                              -122.44172,
                                                              37.79852,
                                                              0.0
                                                          ]
                                      }
                     },
                     {
                         "type":  "Feature",
                         "properties":  {
                                            "Name":  "#1473",
                                            "description":  "\u003cdiv dir=\u0027rtl\u0027 style=\u0027font-family:Arial;\u0027\u003e\u003cb\u003eשם:\u003c/b\u003e עדי שחר\u003cbr/\u003e\u003cb\u003eאתר:\u003c/b\u003e Battery East Trailhead\u003cbr/\u003e\u003cb\u003eתאריך:\u003c/b\u003e 15-02-2026\u003cbr/\u003e\u003cb\u003eID:\u003c/b\u003e 3730\u003cbr/\u003e\u003cbr/\u003e\u003cimg src=\u0027G:\\My Drive\\Sfirat_Yeelim\\Photos\\2000-3999\\03730.jpg\u0027 width=\u0027450\u0027/\u003e\u003cbr/\u003e\u003c/div\u003e",
                                            "tessellate":  -1,
                                            "extrude":  0,
                                            "visibility":  -1
                                        },
                         "geometry":  {
                                          "type":  "Point",
                                          "coordinates":  [
                                                              -122.47339,
                                                              37.80768,
                                                              0.0
                                                          ]
                                      }
                     },
                     {
                         "type":  "Feature",
                         "properties":  {
                                            "Name":  "#1473",
                                            "description":  "\u003cdiv dir=\u0027rtl\u0027 style=\u0027font-family:Arial;\u0027\u003e\u003cb\u003eשם:\u003c/b\u003e עדי שחר\u003cbr/\u003e\u003cb\u003eאתר:\u003c/b\u003e carnelian by the sea\u003cbr/\u003e\u003cb\u003eתאריך:\u003c/b\u003e 15-02-2026\u003cbr/\u003e\u003cb\u003eID:\u003c/b\u003e 3731\u003cbr/\u003e\u003cbr/\u003e\u003cimg src=\u0027G:\\My Drive\\Sfirat_Yeelim\\Photos\\2000-3999\\03731.jpg\u0027 width=\u0027450\u0027/\u003e\u003cbr/\u003e\u003c/div\u003e",
                                            "tessellate":  -1,
                                            "extrude":  0,
                                            "visibility":  -1
                                        },
                         "geometry":  {
                                          "type":  "Point",
                                          "coordinates":  [
                                                              -121.92995,
                                                              36.55335,
                                                              0.0
                                                          ]
                                      }
                     },
                     {
                         "type":  "Feature",
                         "properties":  {
                                            "Name":  "#1486",
                                            "description":  "\u003cdiv dir=\u0027rtl\u0027 style=\u0027font-family:Arial;\u0027\u003e\u003cb\u003eשם:\u003c/b\u003e \u003cbr/\u003e\u003cb\u003eאתר:\u003c/b\u003e \u003cbr/\u003e\u003cb\u003eתאריך:\u003c/b\u003e 26-07-2025\u003cbr/\u003e\u003cb\u003eID:\u003c/b\u003e 224\u003cbr/\u003e\u003cb\u003eFB:\u003c/b\u003e \u003ca href=\u0027https://www.facebook.com/groups/beshvil.yael/posts/3703687489924375\u0027\u003ehttps://www.facebook.com/groups/beshvil.yael/posts/3703687489924375\u003c/a\u003e\u003cbr/\u003e\u003cbr/\u003e\u003cimg src=\u0027https://drive.google.com/uc?export=view\u0026amp;id=13Vv2SpRbZXB9pCzp_32bAhTCHisSqRDu\u0027 width=\u0027450\u0027/\u003e\u003cbr/\u003e\u003c/div\u003e",
                                            "tessellate":  -1,
                                            "extrude":  0,
                                            "visibility":  -1
                                        },
                         "geometry":  {
                                          "type":  "Point",
                                          "coordinates":  [
                                                              20.5988359,
                                                              41.0054063,
                                                              0.0
                                                          ]
                                      }
                     },
                     {
                         "type":  "Feature",
                         "properties":  {
                                            "Name":  "#1493",
                                            "description":  "\u003cdiv dir=\u0027rtl\u0027 style=\u0027font-family:Arial;\u0027\u003e\u003cb\u003eשם:\u003c/b\u003e דולב קרני\u003cbr/\u003e\u003cb\u003eאתר:\u003c/b\u003e Aama Bablam\u003cbr/\u003e\u003cb\u003eתאריך:\u003c/b\u003e 22-09-2025\u003cbr/\u003e\u003cb\u003eID:\u003c/b\u003e 2000\u003cbr/\u003e\u003cb\u003eFB:\u003c/b\u003e \u003ca href=\u0027https://www.facebook.com/groups/beshvil.yael/posts/3757702984522825/\u0027\u003ehttps://www.facebook.com/groups/beshvil.yael/posts/3757702984522825/\u003c/a\u003e\u003cbr/\u003e\u003cbr/\u003e\u003cimg src=\u0027https://drive.google.com/uc?export=view\u0026amp;id=1OjGpcrlX1uthsaE_OUIxybrEBL4h6iEI\u0027 width=\u0027450\u0027/\u003e\u003cbr/\u003e\u003c/div\u003e",
                                            "tessellate":  -1,
                                            "extrude":  0,
                                            "visibility":  -1
                                        },
                         "geometry":  {
                                          "type":  "Point",
                                          "coordinates":  [
                                                              86.86136,
                                                              27.86203,
                                                              0.0
                                                          ]
                                      }
                     },
                     {
                         "type":  "Feature",
                         "properties":  {
                                            "Name":  "#1493",
                                            "description":  "\u003cdiv dir=\u0027rtl\u0027 style=\u0027font-family:Arial;\u0027\u003e\u003cb\u003eשם:\u003c/b\u003e דולב קרני\u003cbr/\u003e\u003cb\u003eאתר:\u003c/b\u003e פסגת הלובוצ\u0027ה\u003cbr/\u003e\u003cb\u003eתאריך:\u003c/b\u003e 01-10-2025\u003cbr/\u003e\u003cb\u003eID:\u003c/b\u003e 2113\u003cbr/\u003e\u003cb\u003eFB:\u003c/b\u003e \u003ca href=\u0027https://www.facebook.com/groups/beshvil.yael/posts/3766076470352143/\u0027\u003ehttps://www.facebook.com/groups/beshvil.yael/posts/3766076470352143/\u003c/a\u003e\u003cbr/\u003e\u003cbr/\u003e\u003cimg src=\u0027https://drive.google.com/uc?export=view\u0026amp;id=10aUFY52Ywf3x5ghNkdsVjsoLRRv_HS4k\u0027 width=\u0027450\u0027/\u003e\u003cbr/\u003e\u003c/div\u003e",
                                            "tessellate":  -1,
                                            "extrude":  0,
                                            "visibility":  -1
                                        },
                         "geometry":  {
                                          "type":  "Point",
                                          "coordinates":  [
                                                              86.78972,
                                                              27.95964,
                                                              0.0
                                                          ]
                                      }
                     },
                     {
                         "type":  "Feature",
                         "properties":  {
                                            "Name":  "#1497",
                                            "description":  "\u003cdiv dir=\u0027rtl\u0027 style=\u0027font-family:Arial;\u0027\u003e\u003cb\u003eשם:\u003c/b\u003e יואל גאל-דור\u003cbr/\u003e\u003cb\u003eאתר:\u003c/b\u003e פרג\u003cbr/\u003e\u003cb\u003eתאריך:\u003c/b\u003e 19-05-2025\u003cbr/\u003e\u003cb\u003eID:\u003c/b\u003e 560\u003cbr/\u003e\u003cb\u003eFB:\u003c/b\u003e \u003ca href=\u0027https://www.facebook.com/groups/3235176716775457/permalink/3645818875711237/\u0027\u003ehttps://www.facebook.com/groups/3235176716775457/permalink/3645818875711237/\u003c/a\u003e\u003cbr/\u003e\u003cbr/\u003e\u003cimg src=\u0027https://drive.google.com/uc?export=view\u0026amp;id=1fTaAVpHhagCzoJPdTlAZv1rrRZBovQ79\u0027 width=\u0027450\u0027/\u003e\u003cbr/\u003e\u003c/div\u003e",
                                            "tessellate":  -1,
                                            "extrude":  0,
                                            "visibility":  -1
                                        },
                         "geometry":  {
                                          "type":  "Point",
                                          "coordinates":  [
                                                              14.4378005,
                                                              50.0755381,
                                                              0.0
                                                          ]
                                      }
                     },
                     {
                         "type":  "Feature",
                         "properties":  {
                                            "Name":  "#1497",
                                            "description":  "\u003cdiv dir=\u0027rtl\u0027 style=\u0027font-family:Arial;\u0027\u003e\u003cb\u003eשם:\u003c/b\u003e יואל גאל-דור\u003cbr/\u003e\u003cb\u003eאתר:\u003c/b\u003e \u003cbr/\u003e\u003cb\u003eתאריך:\u003c/b\u003e 01-11-2025\u003cbr/\u003e\u003cb\u003eID:\u003c/b\u003e 2580\u003cbr/\u003e\u003cb\u003eFB:\u003c/b\u003e \u003ca href=\u0027https://www.facebook.com/groups/beshvil.yael/posts/3797139607245829\u0027\u003ehttps://www.facebook.com/groups/beshvil.yael/posts/3797139607245829\u003c/a\u003e\u003cbr/\u003e\u003cbr/\u003e\u003cimg src=\u0027https://drive.google.com/uc?export=view\u0026amp;id=1NHQWqnB-LSHsefuKj_z9-5En-8JPZwi2\u0027 width=\u0027450\u0027/\u003e\u003cbr/\u003e\u003c/div\u003e",
                                            "tessellate":  -1,
                                            "extrude":  0,
                                            "visibility":  -1
                                        },
                         "geometry":  {
                                          "type":  "Point",
                                          "coordinates":  [
                                                              22.35222,
                                                              37.34972,
                                                              0.0
                                                          ]
                                      }
                     },
                     {
                         "type":  "Feature",
                         "properties":  {
                                            "Name":  "#1497",
                                            "description":  "\u003cdiv dir=\u0027rtl\u0027 style=\u0027font-family:Arial;\u0027\u003e\u003cb\u003eשם:\u003c/b\u003e יואל גאל-דור\u003cbr/\u003e\u003cb\u003eאתר:\u003c/b\u003e טירת נבריו\u003cbr/\u003e\u003cb\u003eתאריך:\u003c/b\u003e 10-11-2025\u003cbr/\u003e\u003cb\u003eID:\u003c/b\u003e 2681\u003cbr/\u003e\u003cb\u003eFB:\u003c/b\u003e \u003ca href=\u0027https://www.facebook.com/groups/beshvil.yael/posts/3805851573041299\u0027\u003ehttps://www.facebook.com/groups/beshvil.yael/posts/3805851573041299\u003c/a\u003e\u003cbr/\u003e\u003cbr/\u003e\u003cimg src=\u0027https://drive.google.com/uc?export=view\u0026amp;id=1-vnTCoqHqP38Y5WDyZeIMThUtFshLrPl\u0027 width=\u0027450\u0027/\u003e\u003cbr/\u003e\u003c/div\u003e",
                                            "tessellate":  -1,
                                            "extrude":  0,
                                            "visibility":  -1
                                        },
                         "geometry":  {
                                          "type":  "Point",
                                          "coordinates":  [
                                                              21.65291,
                                                              36.99809,
                                                              0.0
                                                          ]
                                      }
                     },
                     {
                         "type":  "Feature",
                         "properties":  {
                                            "Name":  "#1497",
                                            "description":  "\u003cdiv dir=\u0027rtl\u0027 style=\u0027font-family:Arial;\u0027\u003e\u003cb\u003eשם:\u003c/b\u003e יואל גאל-דור\u003cbr/\u003e\u003cb\u003eאתר:\u003c/b\u003e הר דזטיט\u003cbr/\u003e\u003cb\u003eתאריך:\u003c/b\u003e 31-01-2026\u003cbr/\u003e\u003cb\u003eID:\u003c/b\u003e 3546\u003cbr/\u003e\u003cb\u003eFB:\u003c/b\u003e \u003ca href=\u0027https://www.facebook.com/groups/beshvil.yael/posts/3877136102579512\u0027\u003ehttps://www.facebook.com/groups/beshvil.yael/posts/3877136102579512\u003c/a\u003e\u003cbr/\u003e\u003cbr/\u003e\u003cimg src=\u0027https://drive.google.com/uc?export=view\u0026amp;id=1_vUyzfydldCRGJ5Mxi-Mq1vQGIZe7rmD\u0027 width=\u0027450\u0027/\u003e\u003cbr/\u003e\u003c/div\u003e",
                                            "tessellate":  -1,
                                            "extrude":  0,
                                            "visibility":  -1
                                        },
                         "geometry":  {
                                          "type":  "Point",
                                          "coordinates":  [
                                                              19.92262,
                                                              41.36744,
                                                              0.0
                                                          ]
                                      }
                     }
                 ]
}