{
    "type":  "FeatureCollection",
    "name":  "1500-2999",
    "crs":  {
                "type":  "name",
                "properties":  {
                                   "name":  "urn:ogc:def:crs:OGC:1.3:CRS84"
                               }
            },
    "features":  [
                     {
                         "type":  "Feature",
                         "properties":  {
                                            "Name":  "#1544",
                                            "description":  "\u003cdiv dir=\u0027rtl\u0027 style=\u0027font-family:Arial;\u0027\u003e\u003cb\u003eשם:\u003c/b\u003e שקד פנחס\u003cbr/\u003e\u003cb\u003eאתר:\u003c/b\u003e ואדי ג\u0027רום\u003cbr/\u003e\u003cb\u003eתאריך:\u003c/b\u003e 10-04-2025\u003cbr/\u003e\u003cb\u003eID:\u003c/b\u003e 450\u003cbr/\u003e\u003cb\u003eFB:\u003c/b\u003e \u003ca href=\u0027https://www.facebook.com/groups/3235176716775457/posts/3610626935897098/\u0027\u003ehttps://www.facebook.com/groups/3235176716775457/posts/3610626935897098/\u003c/a\u003e\u003cbr/\u003e\u003cbr/\u003e\u003cimg src=\u0027https://drive.google.com/uc?export=view\u0026amp;id=1W4YxtHZW_JZv-8Ike3IK4YBQeIB4_Cpl\u0027 width=\u0027450\u0027/\u003e\u003cbr/\u003e\u003c/div\u003e",
                                            "tessellate":  -1,
                                            "extrude":  0,
                                            "visibility":  -1
                                        },
                         "geometry":  {
                                          "type":  "Point",
                                          "coordinates":  [
                                                              35.54459,
                                                              32.66202,
                                                              0.0
                                                          ]
                                      }
                     },
                     {
                         "type":  "Feature",
                         "properties":  {
                                            "Name":  "#1544",
                                            "description":  "\u003cdiv dir=\u0027rtl\u0027 style=\u0027font-family:Arial;\u0027\u003e\u003cb\u003eשם:\u003c/b\u003e שקד פנחס\u003cbr/\u003e\u003cb\u003eאתר:\u003c/b\u003e הר בנטל\u003cbr/\u003e\u003cb\u003eתאריך:\u003c/b\u003e 11-04-2025\u003cbr/\u003e\u003cb\u003eID:\u003c/b\u003e 398\u003cbr/\u003e\u003cb\u003eFB:\u003c/b\u003e \u003ca href=\u0027https://www.facebook.com/groups/3235176716775457/posts/3611678725791919/\u0027\u003ehttps://www.facebook.com/groups/3235176716775457/posts/3611678725791919/\u003c/a\u003e\u003cbr/\u003e\u003cbr/\u003e\u003cimg src=\u0027https://drive.google.com/uc?export=view\u0026amp;id=1SdwoFDaVni09T455zah2MN51lv3wMR25\u0027 width=\u0027450\u0027/\u003e\u003cbr/\u003e\u003c/div\u003e",
                                            "tessellate":  -1,
                                            "extrude":  0,
                                            "visibility":  -1
                                        },
                         "geometry":  {
                                          "type":  "Point",
                                          "coordinates":  [
                                                              35.785782,
                                                              33.128367,
                                                              0.0
                                                          ]
                                      }
                     },
                     {
                         "type":  "Feature",
                         "properties":  {
                                            "Name":  "#1544",
                                            "description":  "\u003cdiv dir=\u0027rtl\u0027 style=\u0027font-family:Arial;\u0027\u003e\u003cb\u003eשם:\u003c/b\u003e שקד פנחס\u003cbr/\u003e\u003cb\u003eאתר:\u003c/b\u003e הר אודם\u003cbr/\u003e\u003cb\u003eתאריך:\u003c/b\u003e 14-04-2025\u003cbr/\u003e\u003cb\u003eID:\u003c/b\u003e 349\u003cbr/\u003e\u003cb\u003eFB:\u003c/b\u003e \u003ca href=\u0027https://www.facebook.com/groups/3235176716775457/posts/3615140938779031/\u0027\u003ehttps://www.facebook.com/groups/3235176716775457/posts/3615140938779031/\u003c/a\u003e\u003cbr/\u003e\u003cbr/\u003e\u003cimg src=\u0027https://drive.google.com/uc?export=view\u0026amp;id=1QS-Sx8rQaWsClHaQuuYPYbRZM3HpeukS\u0027 width=\u0027450\u0027/\u003e\u003cbr/\u003e\u003c/div\u003e",
                                            "tessellate":  -1,
                                            "extrude":  0,
                                            "visibility":  -1
                                        },
                         "geometry":  {
                                          "type":  "Point",
                                          "coordinates":  [
                                                              35.7403399,
                                                              33.1972606,
                                                              0.0
                                                          ]
                                      }
                     },
                     {
                         "type":  "Feature",
                         "properties":  {
                                            "Name":  "#1544",
                                            "description":  "\u003cdiv dir=\u0027rtl\u0027 style=\u0027font-family:Arial;\u0027\u003e\u003cb\u003eשם:\u003c/b\u003e שקד פנחס\u003cbr/\u003e\u003cb\u003eאתר:\u003c/b\u003e שביל הגולן\u003cbr/\u003e\u003cb\u003eתאריך:\u003c/b\u003e 14-04-2025\u003cbr/\u003e\u003cb\u003eID:\u003c/b\u003e 354\u003cbr/\u003e\u003cb\u003eFB:\u003c/b\u003e \u003ca href=\u0027https://www.facebook.com/groups/3235176716775457/posts/3614772625482529/\u0027\u003ehttps://www.facebook.com/groups/3235176716775457/posts/3614772625482529/\u003c/a\u003e\u003cbr/\u003e\u003cbr/\u003e\u003cimg src=\u0027https://drive.google.com/uc?export=view\u0026amp;id=1QbFZEoskjIOwSgAlhSKsl5HZLuVfSBSC\u0027 width=\u0027450\u0027/\u003e\u003cbr/\u003e\u003c/div\u003e",
                                            "tessellate":  -1,
                                            "extrude":  0,
                                            "visibility":  -1
                                        },
                         "geometry":  {
                                          "type":  "Point",
                                          "coordinates":  [
                                                              35.7584758,
                                                              33.293236,
                                                              0.0
                                                          ]
                                      }
                     },
                     {
                         "type":  "Feature",
                         "properties":  {
                                            "Name":  "#1544",
                                            "description":  "\u003cdiv dir=\u0027rtl\u0027 style=\u0027font-family:Arial;\u0027\u003e\u003cb\u003eשם:\u003c/b\u003e שקד פנחס\u003cbr/\u003e\u003cb\u003eאתר:\u003c/b\u003e שביל הגולן\u003cbr/\u003e\u003cb\u003eתאריך:\u003c/b\u003e 14-04-2025\u003cbr/\u003e\u003cb\u003eID:\u003c/b\u003e 358\u003cbr/\u003e\u003cb\u003eFB:\u003c/b\u003e \u003ca href=\u0027https://www.facebook.com/groups/3235176716775457/posts/3614704792155979/\u0027\u003ehttps://www.facebook.com/groups/3235176716775457/posts/3614704792155979/\u003c/a\u003e\u003cbr/\u003e\u003cbr/\u003e\u003cimg src=\u0027https://drive.google.com/uc?export=view\u0026amp;id=1QnK5v8Hr8ZImdsq6D9j3-TEtcT3lvZtp\u0027 width=\u0027450\u0027/\u003e\u003cbr/\u003e\u003c/div\u003e",
                                            "tessellate":  -1,
                                            "extrude":  0,
                                            "visibility":  -1
                                        },
                         "geometry":  {
                                          "type":  "Point",
                                          "coordinates":  [
                                                              35.7707685,
                                                              33.3054546,
                                                              0.0
                                                          ]
                                      }
                     },
                     {
                         "type":  "Feature",
                         "properties":  {
                                            "Name":  "#1544",
                                            "description":  "\u003cdiv dir=\u0027rtl\u0027 style=\u0027font-family:Arial;\u0027\u003e\u003cb\u003eשם:\u003c/b\u003e שקד פנחס\u003cbr/\u003e\u003cb\u003eאתר:\u003c/b\u003e שביל הגולן\u003cbr/\u003e\u003cb\u003eתאריך:\u003c/b\u003e 16-04-2025\u003cbr/\u003e\u003cb\u003eID:\u003c/b\u003e 321\u003cbr/\u003e\u003cb\u003eFB:\u003c/b\u003e \u003ca href=\u0027https://www.facebook.com/groups/3235176716775457/posts/3616704708622654/\u0027\u003ehttps://www.facebook.com/groups/3235176716775457/posts/3616704708622654/\u003c/a\u003e\u003cbr/\u003e\u003cbr/\u003e\u003cimg src=\u0027https://drive.google.com/uc?export=view\u0026amp;id=1Nd3BBujCuUVJG5TaCD26tR_tCKTJN3Bl\u0027 width=\u0027450\u0027/\u003e\u003cbr/\u003e\u003c/div\u003e",
                                            "tessellate":  -1,
                                            "extrude":  0,
                                            "visibility":  -1
                                        },
                         "geometry":  {
                                          "type":  "Point",
                                          "coordinates":  [
                                                              35.7687407,
                                                              33.3038316,
                                                              0.0
                                                          ]
                                      }
                     },
                     {
                         "type":  "Feature",
                         "properties":  {
                                            "Name":  "#1544",
                                            "description":  "\u003cdiv dir=\u0027rtl\u0027 style=\u0027font-family:Arial;\u0027\u003e\u003cb\u003eשם:\u003c/b\u003e שקד פנחס\u003cbr/\u003e\u003cb\u003eאתר:\u003c/b\u003e שביל הגולן\u003cbr/\u003e\u003cb\u003eתאריך:\u003c/b\u003e 16-04-2025\u003cbr/\u003e\u003cb\u003eID:\u003c/b\u003e 322\u003cbr/\u003e\u003cb\u003eFB:\u003c/b\u003e \u003ca href=\u0027https://www.facebook.com/groups/3235176716775457/posts/3616641678628957/\u0027\u003ehttps://www.facebook.com/groups/3235176716775457/posts/3616641678628957/\u003c/a\u003e\u003cbr/\u003e\u003cbr/\u003e\u003cimg src=\u0027https://drive.google.com/uc?export=view\u0026amp;id=1NiJ6u7ubHi6Uxa6X8xmQiqa_6_xS-5ol\u0027 width=\u0027450\u0027/\u003e\u003cbr/\u003e\u003c/div\u003e",
                                            "tessellate":  -1,
                                            "extrude":  0,
                                            "visibility":  -1
                                        },
                         "geometry":  {
                                          "type":  "Point",
                                          "coordinates":  [
                                                              35.7667022,
                                                              33.2999937,
                                                              0.0
                                                          ]
                                      }
                     },
                     {
                         "type":  "Feature",
                         "properties":  {
                                            "Name":  "#1544",
                                            "description":  "\u003cdiv dir=\u0027rtl\u0027 style=\u0027font-family:Arial;\u0027\u003e\u003cb\u003eשם:\u003c/b\u003e שקד פנחס\u003cbr/\u003e\u003cb\u003eאתר:\u003c/b\u003e שביל הגולן\u003cbr/\u003e\u003cb\u003eתאריך:\u003c/b\u003e 16-04-2025\u003cbr/\u003e\u003cb\u003eID:\u003c/b\u003e 328\u003cbr/\u003e\u003cb\u003eFB:\u003c/b\u003e \u003ca href=\u0027https://www.facebook.com/groups/3235176716775457/posts/3616594745300317/\u0027\u003ehttps://www.facebook.com/groups/3235176716775457/posts/3616594745300317/\u003c/a\u003e\u003cbr/\u003e\u003cbr/\u003e\u003cimg src=\u0027https://drive.google.com/uc?export=view\u0026amp;id=1ORjXXSh7LOzjEVpMPC6S6wSvqwKyWtmx\u0027 width=\u0027450\u0027/\u003e\u003cbr/\u003e\u003c/div\u003e",
                                            "tessellate":  -1,
                                            "extrude":  0,
                                            "visibility":  -1
                                        },
                         "geometry":  {
                                          "type":  "Point",
                                          "coordinates":  [
                                                              35.7638909,
                                                              33.2964528,
                                                              0.0
                                                          ]
                                      }
                     },
                     {
                         "type":  "Feature",
                         "properties":  {
                                            "Name":  "#1544",
                                            "description":  "\u003cdiv dir=\u0027rtl\u0027 style=\u0027font-family:Arial;\u0027\u003e\u003cb\u003eשם:\u003c/b\u003e שקד פנחס\u003cbr/\u003e\u003cb\u003eאתר:\u003c/b\u003e שביל הגולן\u003cbr/\u003e\u003cb\u003eתאריך:\u003c/b\u003e 16-04-2025\u003cbr/\u003e\u003cb\u003eID:\u003c/b\u003e 330\u003cbr/\u003e\u003cb\u003eFB:\u003c/b\u003e \u003ca href=\u0027https://www.facebook.com/groups/3235176716775457/posts/3616594081967050/\u0027\u003ehttps://www.facebook.com/groups/3235176716775457/posts/3616594081967050/\u003c/a\u003e\u003cbr/\u003e\u003cbr/\u003e\u003cimg src=\u0027https://drive.google.com/uc?export=view\u0026amp;id=1OS2hfs7hUCUCvGB8khgvg2WayWHl_j3O\u0027 width=\u0027450\u0027/\u003e\u003cbr/\u003e\u003c/div\u003e",
                                            "tessellate":  -1,
                                            "extrude":  0,
                                            "visibility":  -1
                                        },
                         "geometry":  {
                                          "type":  "Point",
                                          "coordinates":  [
                                                              35.77095,
                                                              32.89559,
                                                              0.0
                                                          ]
                                      }
                     },
                     {
                         "type":  "Feature",
                         "properties":  {
                                            "Name":  "#1544",
                                            "description":  "\u003cdiv dir=\u0027rtl\u0027 style=\u0027font-family:Arial;\u0027\u003e\u003cb\u003eשם:\u003c/b\u003e שקד פנחס\u003cbr/\u003e\u003cb\u003eאתר:\u003c/b\u003e נחל זויתן\u003cbr/\u003e\u003cb\u003eתאריך:\u003c/b\u003e 26-04-2025\u003cbr/\u003e\u003cb\u003eID:\u003c/b\u003e 102\u003cbr/\u003e\u003cb\u003eFB:\u003c/b\u003e \u003ca href=\u0027https://www.facebook.com/groups/beshvil.yael/posts/3626382447654880/\u0027\u003ehttps://www.facebook.com/groups/beshvil.yael/posts/3626382447654880/\u003c/a\u003e\u003cbr/\u003e\u003cbr/\u003e\u003cimg src=\u0027https://drive.google.com/uc?export=view\u0026amp;id=18-4Dh7U1QbIP1rJGnvykM6NUAGvr8XHZ\u0027 width=\u0027450\u0027/\u003e\u003cbr/\u003e\u003c/div\u003e",
                                            "tessellate":  -1,
                                            "extrude":  0,
                                            "visibility":  -1
                                        },
                         "geometry":  {
                                          "type":  "Point",
                                          "coordinates":  [
                                                              35.73771,
                                                              32.997164,
                                                              0.0
                                                          ]
                                      }
                     },
                     {
                         "type":  "Feature",
                         "properties":  {
                                            "Name":  "#1544",
                                            "description":  "\u003cdiv dir=\u0027rtl\u0027 style=\u0027font-family:Arial;\u0027\u003e\u003cb\u003eשם:\u003c/b\u003e שקד פנחס\u003cbr/\u003e\u003cb\u003eאתר:\u003c/b\u003e \u003cbr/\u003e\u003cb\u003eתאריך:\u003c/b\u003e 26-05-2025\u003cbr/\u003e\u003cb\u003eID:\u003c/b\u003e 780\u003cbr/\u003e\u003cb\u003eFB:\u003c/b\u003e \u003ca href=\u0027https://www.facebook.com/groups/3235176716775457/posts/3651463895146735\u0027\u003ehttps://www.facebook.com/groups/3235176716775457/posts/3651463895146735\u003c/a\u003e\u003cbr/\u003e\u003cbr/\u003e\u003cimg src=\u0027https://drive.google.com/uc?export=view\u0026amp;id=1IY8V84GARcNfaqsb-v43Dsg1Qopke-Cd\u0027 width=\u0027450\u0027/\u003e\u003cbr/\u003e\u003c/div\u003e",
                                            "tessellate":  -1,
                                            "extrude":  0,
                                            "visibility":  -1
                                        },
                         "geometry":  {
                                          "type":  "Point",
                                          "coordinates":  [
                                                              35.7754777,
                                                              33.0708765,
                                                              0.0
                                                          ]
                                      }
                     },
                     {
                         "type":  "Feature",
                         "properties":  {
                                            "Name":  "#1544",
                                            "description":  "\u003cdiv dir=\u0027rtl\u0027 style=\u0027font-family:Arial;\u0027\u003e\u003cb\u003eשם:\u003c/b\u003e שקד פנחס\u003cbr/\u003e\u003cb\u003eאתר:\u003c/b\u003e שביל הגולן  מקטע 7\u003cbr/\u003e\u003cb\u003eתאריך:\u003c/b\u003e 28-05-2025\u003cbr/\u003e\u003cb\u003eID:\u003c/b\u003e 805\u003cbr/\u003e\u003cb\u003eFB:\u003c/b\u003e \u003ca href=\u0027https://www.facebook.com/groups/3235176716775457/posts/3653148621644929/\u0027\u003ehttps://www.facebook.com/groups/3235176716775457/posts/3653148621644929/\u003c/a\u003e\u003cbr/\u003e\u003cbr/\u003e\u003cimg src=\u0027https://drive.google.com/uc?export=view\u0026amp;id=1PPIpohMuiPbzmj6RxQdbF7FDMTpqA_bu\u0027 width=\u0027450\u0027/\u003e\u003cbr/\u003e\u003c/div\u003e",
                                            "tessellate":  -1,
                                            "extrude":  0,
                                            "visibility":  -1
                                        },
                         "geometry":  {
                                          "type":  "Point",
                                          "coordinates":  [
                                                              35.77361,
                                                              33.14339,
                                                              0.0
                                                          ]
                                      }
                     },
                     {
                         "type":  "Feature",
                         "properties":  {
                                            "Name":  "#1544",
                                            "description":  "\u003cdiv dir=\u0027rtl\u0027 style=\u0027font-family:Arial;\u0027\u003e\u003cb\u003eשם:\u003c/b\u003e שקד פנחס\u003cbr/\u003e\u003cb\u003eאתר:\u003c/b\u003e שביל הגולן קטעים\u003cbr/\u003e\u003cb\u003eתאריך:\u003c/b\u003e 29-05-2025\u003cbr/\u003e\u003cb\u003eID:\u003c/b\u003e 818\u003cbr/\u003e\u003cb\u003eFB:\u003c/b\u003e \u003ca href=\u0027https://www.facebook.com/groups/3235176716775457/posts/3654222204870904/\u0027\u003ehttps://www.facebook.com/groups/3235176716775457/posts/3654222204870904/\u003c/a\u003e\u003cbr/\u003e\u003cbr/\u003e\u003cimg src=\u0027https://drive.google.com/uc?export=view\u0026amp;id=1Q9jVFWE6IMcz7UFHuZfqB6y--ig-z2Jv\u0027 width=\u0027450\u0027/\u003e\u003cbr/\u003e\u003c/div\u003e",
                                            "tessellate":  -1,
                                            "extrude":  0,
                                            "visibility":  -1
                                        },
                         "geometry":  {
                                          "type":  "Point",
                                          "coordinates":  [
                                                              35.7526295,
                                                              32.791417,
                                                              0.0
                                                          ]
                                      }
                     },
                     {
                         "type":  "Feature",
                         "properties":  {
                                            "Name":  "#1550",
                                            "description":  "\u003cdiv dir=\u0027rtl\u0027 style=\u0027font-family:Arial;\u0027\u003e\u003cb\u003eשם:\u003c/b\u003e רעות שקד\u003cbr/\u003e\u003cb\u003eאתר:\u003c/b\u003e קסטל\u003cbr/\u003e\u003cb\u003eתאריך:\u003c/b\u003e 28-05-2025\u003cbr/\u003e\u003cb\u003eID:\u003c/b\u003e 809\u003cbr/\u003e\u003cb\u003eFB:\u003c/b\u003e \u003ca href=\u0027https://www.facebook.com/groups/3235176716775457/posts/3653474014945723/\u0027\u003ehttps://www.facebook.com/groups/3235176716775457/posts/3653474014945723/\u003c/a\u003e\u003cbr/\u003e\u003cbr/\u003e\u003cimg src=\u0027https://drive.google.com/uc?export=view\u0026amp;id=1Pgf7K8kHfvj8XBXGWybpNpFJ-oPIfEf-\u0027 width=\u0027450\u0027/\u003e\u003cbr/\u003e\u003c/div\u003e",
                                            "tessellate":  -1,
                                            "extrude":  0,
                                            "visibility":  -1
                                        },
                         "geometry":  {
                                          "type":  "Point",
                                          "coordinates":  [
                                                              35.1419261,
                                                              31.7972734,
                                                              0.0
                                                          ]
                                      }
                     },
                     {
                         "type":  "Feature",
                         "properties":  {
                                            "Name":  "#1510",
                                            "description":  "\u003cdiv dir=\u0027rtl\u0027 style=\u0027font-family:Arial;\u0027\u003e\u003cb\u003eשם:\u003c/b\u003e חיים שמילה\u003cbr/\u003e\u003cb\u003eאתר:\u003c/b\u003e מצפה / מכתש רמון\u003cbr/\u003e\u003cb\u003eתאריך:\u003c/b\u003e 04-04-2025\u003cbr/\u003e\u003cb\u003eID:\u003c/b\u003e 662\u003cbr/\u003e\u003cb\u003eFB:\u003c/b\u003e \u003ca href=\u0027https://www.facebook.com/groups/3235176716775457/permalink/3604344569858668/\u0027\u003ehttps://www.facebook.com/groups/3235176716775457/permalink/3604344569858668/\u003c/a\u003e\u003cbr/\u003e\u003cbr/\u003e\u003cimg src=\u0027https://drive.google.com/uc?export=view\u0026amp;id=1mhWIloLpB7yqf8HhZsyk6TyTX1AK9D_T\u0027 width=\u0027450\u0027/\u003e\u003cbr/\u003e\u003c/div\u003e",
                                            "tessellate":  -1,
                                            "extrude":  0,
                                            "visibility":  -1
                                        },
                         "geometry":  {
                                          "type":  "Point",
                                          "coordinates":  [
                                                              34.8980003,
                                                              30.5953337,
                                                              0.0
                                                          ]
                                      }
                     },
                     {
                         "type":  "Feature",
                         "properties":  {
                                            "Name":  "#1510",
                                            "description":  "\u003cdiv dir=\u0027rtl\u0027 style=\u0027font-family:Arial;\u0027\u003e\u003cb\u003eשם:\u003c/b\u003e חיים שמילה\u003cbr/\u003e\u003cb\u003eאתר:\u003c/b\u003e חירבת מדרס\u003cbr/\u003e\u003cb\u003eתאריך:\u003c/b\u003e 15-04-2025\u003cbr/\u003e\u003cb\u003eID:\u003c/b\u003e 342\u003cbr/\u003e\u003cb\u003eFB:\u003c/b\u003e \u003ca href=\u0027https://www.facebook.com/groups/3235176716775457/posts/3615861522040306/\u0027\u003ehttps://www.facebook.com/groups/3235176716775457/posts/3615861522040306/\u003c/a\u003e\u003cbr/\u003e\u003cbr/\u003e\u003cimg src=\u0027https://drive.google.com/uc?export=view\u0026amp;id=1PxOnQVclpkrhN42fEDZSON9062gsSlc9\u0027 width=\u0027450\u0027/\u003e\u003cbr/\u003e\u003c/div\u003e",
                                            "tessellate":  -1,
                                            "extrude":  0,
                                            "visibility":  -1
                                        },
                         "geometry":  {
                                          "type":  "Point",
                                          "coordinates":  [
                                                              34.93908,
                                                              31.65469,
                                                              0.0
                                                          ]
                                      }
                     },
                     {
                         "type":  "Feature",
                         "properties":  {
                                            "Name":  "#1512",
                                            "description":  "\u003cdiv dir=\u0027rtl\u0027 style=\u0027font-family:Arial;\u0027\u003e\u003cb\u003eשם:\u003c/b\u003e רווית גולן בן זאב\u003cbr/\u003e\u003cb\u003eאתר:\u003c/b\u003e פארק קנדה\u003cbr/\u003e\u003cb\u003eתאריך:\u003c/b\u003e 04-04-2025\u003cbr/\u003e\u003cb\u003eID:\u003c/b\u003e 501\u003cbr/\u003e\u003cb\u003eFB:\u003c/b\u003e \u003ca href=\u0027https://www.facebook.com/groups/3235176716775457/posts/3604466536513138/\u0027\u003ehttps://www.facebook.com/groups/3235176716775457/posts/3604466536513138/\u003c/a\u003e\u003cbr/\u003e\u003cbr/\u003e\u003cimg src=\u0027https://drive.google.com/uc?export=view\u0026amp;id=1ZAFEg86TtgscfPaOzlGb9d0GnbKf9fIM\u0027 width=\u0027450\u0027/\u003e\u003cbr/\u003e\u003c/div\u003e",
                                            "tessellate":  -1,
                                            "extrude":  0,
                                            "visibility":  -1
                                        },
                         "geometry":  {
                                          "type":  "Point",
                                          "coordinates":  [
                                                              34.99365,
                                                              31.84162,
                                                              0.0
                                                          ]
                                      }
                     },
                     {
                         "type":  "Feature",
                         "properties":  {
                                            "Name":  "#1512",
                                            "description":  "\u003cdiv dir=\u0027rtl\u0027 style=\u0027font-family:Arial;\u0027\u003e\u003cb\u003eשם:\u003c/b\u003e רווית גולן בן זאב\u003cbr/\u003e\u003cb\u003eאתר:\u003c/b\u003e מדבר\u003cbr/\u003e\u003cb\u003eתאריך:\u003c/b\u003e 10-04-2025\u003cbr/\u003e\u003cb\u003eID:\u003c/b\u003e 443\u003cbr/\u003e\u003cb\u003eFB:\u003c/b\u003e \u003ca href=\u0027https://www.facebook.com/groups/3235176716775457/posts/3610634635896328/\u0027\u003ehttps://www.facebook.com/groups/3235176716775457/posts/3610634635896328/\u003c/a\u003e\u003cbr/\u003e\u003cbr/\u003e\u003cimg src=\u0027https://drive.google.com/uc?export=view\u0026amp;id=1VlJf0W0OXUH_8PtiNjx_OBIXghUlmqmn\u0027 width=\u0027450\u0027/\u003e\u003cbr/\u003e\u003c/div\u003e",
                                            "tessellate":  -1,
                                            "extrude":  0,
                                            "visibility":  -1
                                        },
                         "geometry":  {
                                          "type":  "Point",
                                          "coordinates":  [
                                                              34.82707,
                                                              30.85526,
                                                              0.0
                                                          ]
                                      }
                     },
                     {
                         "type":  "Feature",
                         "properties":  {
                                            "Name":  "#1512",
                                            "description":  "\u003cdiv dir=\u0027rtl\u0027 style=\u0027font-family:Arial;\u0027\u003e\u003cb\u003eשם:\u003c/b\u003e רווית גולן בן זאב\u003cbr/\u003e\u003cb\u003eאתר:\u003c/b\u003e נחל כזיב\u003cbr/\u003e\u003cb\u003eתאריך:\u003c/b\u003e 27-04-2025\u003cbr/\u003e\u003cb\u003eID:\u003c/b\u003e 58\u003cbr/\u003e\u003cb\u003eFB:\u003c/b\u003e \u003ca href=\u0027https://www.facebook.com/groups/3235176716775457/posts/3626821200944338/\u0027\u003ehttps://www.facebook.com/groups/3235176716775457/posts/3626821200944338/\u003c/a\u003e\u003cbr/\u003e\u003cbr/\u003e\u003cimg src=\u0027https://drive.google.com/uc?export=view\u0026amp;id=13SMlFPSX_A2HJdEomiFNMWuVocdJkuxf\u0027 width=\u0027450\u0027/\u003e\u003cbr/\u003e\u003c/div\u003e",
                                            "tessellate":  -1,
                                            "extrude":  0,
                                            "visibility":  -1
                                        },
                         "geometry":  {
                                          "type":  "Point",
                                          "coordinates":  [
                                                              35.28552,
                                                              33.02574,
                                                              0.0
                                                          ]
                                      }
                     },
                     {
                         "type":  "Feature",
                         "properties":  {
                                            "Name":  "#1512",
                                            "description":  "\u003cdiv dir=\u0027rtl\u0027 style=\u0027font-family:Arial;\u0027\u003e\u003cb\u003eשם:\u003c/b\u003e רווית גולן בן זאב\u003cbr/\u003e\u003cb\u003eאתר:\u003c/b\u003e נחל כזיב\u003cbr/\u003e\u003cb\u003eתאריך:\u003c/b\u003e 27-04-2025\u003cbr/\u003e\u003cb\u003eID:\u003c/b\u003e 54\u003cbr/\u003e\u003cb\u003eFB:\u003c/b\u003e \u003ca href=\u0027https://www.facebook.com/groups/3235176716775457/posts/3626821200944338/\u0027\u003ehttps://www.facebook.com/groups/3235176716775457/posts/3626821200944338/\u003c/a\u003e\u003cbr/\u003e\u003cbr/\u003e\u003cimg src=\u0027https://drive.google.com/uc?export=view\u0026amp;id=13UkQcLhWPUhf_QUUR9ij3T9G9T7SNZHJ\u0027 width=\u0027450\u0027/\u003e\u003cbr/\u003e\u003c/div\u003e",
                                            "tessellate":  -1,
                                            "extrude":  0,
                                            "visibility":  -1
                                        },
                         "geometry":  {
                                          "type":  "Point",
                                          "coordinates":  [
                                                              35.27199,
                                                              33.02996,
                                                              0.0
                                                          ]
                                      }
                     },
                     {
                         "type":  "Feature",
                         "properties":  {
                                            "Name":  "#1512",
                                            "description":  "\u003cdiv dir=\u0027rtl\u0027 style=\u0027font-family:Arial;\u0027\u003e\u003cb\u003eשם:\u003c/b\u003e רווית גולן בן זאב\u003cbr/\u003e\u003cb\u003eאתר:\u003c/b\u003e נחל כזיב\u003cbr/\u003e\u003cb\u003eתאריך:\u003c/b\u003e 27-04-2025\u003cbr/\u003e\u003cb\u003eID:\u003c/b\u003e 292\u003cbr/\u003e\u003cb\u003eFB:\u003c/b\u003e \u003ca href=\u0027https://www.facebook.com/groups/3235176716775457/posts/3626821200944338/\u0027\u003ehttps://www.facebook.com/groups/3235176716775457/posts/3626821200944338/\u003c/a\u003e\u003cbr/\u003e\u003cbr/\u003e\u003cimg src=\u0027https://drive.google.com/uc?export=view\u0026amp;id=13_ogSK7TkLQnFKttt4-T3-x4wQe8bW9G\u0027 width=\u0027450\u0027/\u003e\u003cbr/\u003e\u003c/div\u003e",
                                            "tessellate":  -1,
                                            "extrude":  0,
                                            "visibility":  -1
                                        },
                         "geometry":  {
                                          "type":  "Point",
                                          "coordinates":  [
                                                              35.10288,
                                                              33.04449,
                                                              0.0
                                                          ]
                                      }
                     },
                     {
                         "type":  "Feature",
                         "properties":  {
                                            "Name":  "#1513",
                                            "description":  "\u003cdiv dir=\u0027rtl\u0027 style=\u0027font-family:Arial;\u0027\u003e\u003cb\u003eשם:\u003c/b\u003e רווית גולן בן זאב\u003cbr/\u003e\u003cb\u003eאתר:\u003c/b\u003e מדבר\u003cbr/\u003e\u003cb\u003eתאריך:\u003c/b\u003e 10-04-2025\u003cbr/\u003e\u003cb\u003eID:\u003c/b\u003e 17\u003cbr/\u003e\u003cb\u003eFB:\u003c/b\u003e \u003ca href=\u0027https://www.facebook.com/groups/3235176716775457/posts/3610634635896328/\u0027\u003ehttps://www.facebook.com/groups/3235176716775457/posts/3610634635896328/\u003c/a\u003e\u003cbr/\u003e\u003cbr/\u003e\u003cimg src=\u0027https://drive.google.com/uc?export=view\u0026amp;id=1VlJf0W0OXUH_8PtiNjx_OBIXghUlmqmn\u0027 width=\u0027450\u0027/\u003e\u003cbr/\u003e\u003c/div\u003e",
                                            "tessellate":  -1,
                                            "extrude":  0,
                                            "visibility":  -1
                                        },
                         "geometry":  {
                                          "type":  "Point",
                                          "coordinates":  [
                                                              34.82707,
                                                              30.85553,
                                                              0.0
                                                          ]
                                      }
                     },
                     {
                         "type":  "Feature",
                         "properties":  {
                                            "Name":  "#1513",
                                            "description":  "\u003cdiv dir=\u0027rtl\u0027 style=\u0027font-family:Arial;\u0027\u003e\u003cb\u003eשם:\u003c/b\u003e רווית גולן בן זאב\u003cbr/\u003e\u003cb\u003eאתר:\u003c/b\u003e נחל כזיב\u003cbr/\u003e\u003cb\u003eתאריך:\u003c/b\u003e 27-04-2025\u003cbr/\u003e\u003cb\u003eID:\u003c/b\u003e 59\u003cbr/\u003e\u003cb\u003eFB:\u003c/b\u003e \u003ca href=\u0027https://www.facebook.com/groups/3235176716775457/posts/3626821200944338/\u0027\u003ehttps://www.facebook.com/groups/3235176716775457/posts/3626821200944338/\u003c/a\u003e\u003cbr/\u003e\u003cbr/\u003e\u003cimg src=\u0027https://drive.google.com/uc?export=view\u0026amp;id=13UkQcLhWPUhf_QUUR9ij3T9G9T7SNZHJ\u0027 width=\u0027450\u0027/\u003e\u003cbr/\u003e\u003c/div\u003e",
                                            "tessellate":  -1,
                                            "extrude":  0,
                                            "visibility":  -1
                                        },
                         "geometry":  {
                                          "type":  "Point",
                                          "coordinates":  [
                                                              35.27199,
                                                              33.02969,
                                                              0.0
                                                          ]
                                      }
                     },
                     {
                         "type":  "Feature",
                         "properties":  {
                                            "Name":  "#1513",
                                            "description":  "\u003cdiv dir=\u0027rtl\u0027 style=\u0027font-family:Arial;\u0027\u003e\u003cb\u003eשם:\u003c/b\u003e רווית גולן בן זאב\u003cbr/\u003e\u003cb\u003eאתר:\u003c/b\u003e נחל כזיב\u003cbr/\u003e\u003cb\u003eתאריך:\u003c/b\u003e 27-04-2025\u003cbr/\u003e\u003cb\u003eID:\u003c/b\u003e 21\u003cbr/\u003e\u003cb\u003eFB:\u003c/b\u003e \u003ca href=\u0027https://www.facebook.com/groups/3235176716775457/posts/3626821200944338/\u0027\u003ehttps://www.facebook.com/groups/3235176716775457/posts/3626821200944338/\u003c/a\u003e\u003cbr/\u003e\u003cbr/\u003e\u003cimg src=\u0027https://drive.google.com/uc?export=view\u0026amp;id=13SMlFPSX_A2HJdEomiFNMWuVocdJkuxf\u0027 width=\u0027450\u0027/\u003e\u003cbr/\u003e\u003c/div\u003e",
                                            "tessellate":  -1,
                                            "extrude":  0,
                                            "visibility":  -1
                                        },
                         "geometry":  {
                                          "type":  "Point",
                                          "coordinates":  [
                                                              35.28552,
                                                              33.02601,
                                                              0.0
                                                          ]
                                      }
                     },
                     {
                         "type":  "Feature",
                         "properties":  {
                                            "Name":  "#1513",
                                            "description":  "\u003cdiv dir=\u0027rtl\u0027 style=\u0027font-family:Arial;\u0027\u003e\u003cb\u003eשם:\u003c/b\u003e רווית גולן בן זאב\u003cbr/\u003e\u003cb\u003eאתר:\u003c/b\u003e נחל כזיב\u003cbr/\u003e\u003cb\u003eתאריך:\u003c/b\u003e 27-04-2025\u003cbr/\u003e\u003cb\u003eID:\u003c/b\u003e 293\u003cbr/\u003e\u003cb\u003eFB:\u003c/b\u003e \u003ca href=\u0027https://www.facebook.com/groups/3235176716775457/posts/3626821200944338/\u0027\u003ehttps://www.facebook.com/groups/3235176716775457/posts/3626821200944338/\u003c/a\u003e\u003cbr/\u003e\u003cbr/\u003e\u003cimg src=\u0027https://drive.google.com/uc?export=view\u0026amp;id=13_ogSK7TkLQnFKttt4-T3-x4wQe8bW9G\u0027 width=\u0027450\u0027/\u003e\u003cbr/\u003e\u003c/div\u003e",
                                            "tessellate":  -1,
                                            "extrude":  0,
                                            "visibility":  -1
                                        },
                         "geometry":  {
                                          "type":  "Point",
                                          "coordinates":  [
                                                              35.10288,
                                                              33.04476,
                                                              0.0
                                                          ]
                                      }
                     },
                     {
                         "type":  "Feature",
                         "properties":  {
                                            "Name":  "#1514",
                                            "description":  "\u003cdiv dir=\u0027rtl\u0027 style=\u0027font-family:Arial;\u0027\u003e\u003cb\u003eשם:\u003c/b\u003e רווית גולן בן זאב\u003cbr/\u003e\u003cb\u003eאתר:\u003c/b\u003e מדבר\u003cbr/\u003e\u003cb\u003eתאריך:\u003c/b\u003e 10-04-2025\u003cbr/\u003e\u003cb\u003eID:\u003c/b\u003e 19\u003cbr/\u003e\u003cb\u003eFB:\u003c/b\u003e \u003ca href=\u0027https://www.facebook.com/groups/3235176716775457/posts/3610634635896328/\u0027\u003ehttps://www.facebook.com/groups/3235176716775457/posts/3610634635896328/\u003c/a\u003e\u003cbr/\u003e\u003cbr/\u003e\u003cimg src=\u0027https://drive.google.com/uc?export=view\u0026amp;id=1VlJf0W0OXUH_8PtiNjx_OBIXghUlmqmn\u0027 width=\u0027450\u0027/\u003e\u003cbr/\u003e\u003c/div\u003e",
                                            "tessellate":  -1,
                                            "extrude":  0,
                                            "visibility":  -1
                                        },
                         "geometry":  {
                                          "type":  "Point",
                                          "coordinates":  [
                                                              34.82707,
                                                              30.8558,
                                                              0.0
                                                          ]
                                      }
                     },
                     {
                         "type":  "Feature",
                         "properties":  {
                                            "Name":  "#1514",
                                            "description":  "\u003cdiv dir=\u0027rtl\u0027 style=\u0027font-family:Arial;\u0027\u003e\u003cb\u003eשם:\u003c/b\u003e רווית גולן בן זאב\u003cbr/\u003e\u003cb\u003eאתר:\u003c/b\u003e הרי אילת\u003cbr/\u003e\u003cb\u003eתאריך:\u003c/b\u003e 16-04-2025\u003cbr/\u003e\u003cb\u003eID:\u003c/b\u003e 331\u003cbr/\u003e\u003cb\u003eFB:\u003c/b\u003e \u003ca href=\u0027https://www.facebook.com/groups/3235176716775457/posts/3616413535318438/\u0027\u003ehttps://www.facebook.com/groups/3235176716775457/posts/3616413535318438/\u003c/a\u003e\u003cbr/\u003e\u003cbr/\u003e\u003cimg src=\u0027https://drive.google.com/uc?export=view\u0026amp;id=1OU8Nw5VKRB9APkUtdpBaWVnTomtfkpPb\u0027 width=\u0027450\u0027/\u003e\u003cbr/\u003e\u003c/div\u003e",
                                            "tessellate":  -1,
                                            "extrude":  0,
                                            "visibility":  -1
                                        },
                         "geometry":  {
                                          "type":  "Point",
                                          "coordinates":  [
                                                              34.914167,
                                                              29.667222,
                                                              0.0
                                                          ]
                                      }
                     },
                     {
                         "type":  "Feature",
                         "properties":  {
                                            "Name":  "#1514",
                                            "description":  "\u003cdiv dir=\u0027rtl\u0027 style=\u0027font-family:Arial;\u0027\u003e\u003cb\u003eשם:\u003c/b\u003e רווית גולן בן זאב\u003cbr/\u003e\u003cb\u003eאתר:\u003c/b\u003e נחל כזיב\u003cbr/\u003e\u003cb\u003eתאריך:\u003c/b\u003e 27-04-2025\u003cbr/\u003e\u003cb\u003eID:\u003c/b\u003e 22\u003cbr/\u003e\u003cb\u003eFB:\u003c/b\u003e \u003ca href=\u0027https://www.facebook.com/groups/3235176716775457/posts/3626821200944338/\u0027\u003ehttps://www.facebook.com/groups/3235176716775457/posts/3626821200944338/\u003c/a\u003e\u003cbr/\u003e\u003cbr/\u003e\u003cimg src=\u0027https://drive.google.com/uc?export=view\u0026amp;id=13SMlFPSX_A2HJdEomiFNMWuVocdJkuxf\u0027 width=\u0027450\u0027/\u003e\u003cbr/\u003e\u003c/div\u003e",
                                            "tessellate":  -1,
                                            "extrude":  0,
                                            "visibility":  -1
                                        },
                         "geometry":  {
                                          "type":  "Point",
                                          "coordinates":  [
                                                              35.28552,
                                                              33.02628,
                                                              0.0
                                                          ]
                                      }
                     },
                     {
                         "type":  "Feature",
                         "properties":  {
                                            "Name":  "#1514",
                                            "description":  "\u003cdiv dir=\u0027rtl\u0027 style=\u0027font-family:Arial;\u0027\u003e\u003cb\u003eשם:\u003c/b\u003e רווית גולן בן זאב\u003cbr/\u003e\u003cb\u003eאתר:\u003c/b\u003e נחל כזיב\u003cbr/\u003e\u003cb\u003eתאריך:\u003c/b\u003e 27-04-2025\u003cbr/\u003e\u003cb\u003eID:\u003c/b\u003e 55\u003cbr/\u003e\u003cb\u003eFB:\u003c/b\u003e \u003ca href=\u0027https://www.facebook.com/groups/3235176716775457/posts/3626821200944338/\u0027\u003ehttps://www.facebook.com/groups/3235176716775457/posts/3626821200944338/\u003c/a\u003e\u003cbr/\u003e\u003cbr/\u003e\u003cimg src=\u0027https://drive.google.com/uc?export=view\u0026amp;id=13UkQcLhWPUhf_QUUR9ij3T9G9T7SNZHJ\u0027 width=\u0027450\u0027/\u003e\u003cbr/\u003e\u003c/div\u003e",
                                            "tessellate":  -1,
                                            "extrude":  0,
                                            "visibility":  -1
                                        },
                         "geometry":  {
                                          "type":  "Point",
                                          "coordinates":  [
                                                              35.27199,
                                                              33.03023,
                                                              0.0
                                                          ]
                                      }
                     },
                     {
                         "type":  "Feature",
                         "properties":  {
                                            "Name":  "#1515",
                                            "description":  "\u003cdiv dir=\u0027rtl\u0027 style=\u0027font-family:Arial;\u0027\u003e\u003cb\u003eשם:\u003c/b\u003e \u003cbr/\u003e\u003cb\u003eאתר:\u003c/b\u003e מדבר\u003cbr/\u003e\u003cb\u003eתאריך:\u003c/b\u003e 10-04-2025\u003cbr/\u003e\u003cb\u003eID:\u003c/b\u003e 20\u003cbr/\u003e\u003cb\u003eFB:\u003c/b\u003e \u003ca href=\u0027https://www.facebook.com/groups/3235176716775457/posts/3610634635896328/\u0027\u003ehttps://www.facebook.com/groups/3235176716775457/posts/3610634635896328/\u003c/a\u003e\u003cbr/\u003e\u003cbr/\u003e\u003cimg src=\u0027https://drive.google.com/uc?export=view\u0026amp;id=1VlJf0W0OXUH_8PtiNjx_OBIXghUlmqmn\u0027 width=\u0027450\u0027/\u003e\u003cbr/\u003e\u003c/div\u003e",
                                            "tessellate":  -1,
                                            "extrude":  0,
                                            "visibility":  -1
                                        },
                         "geometry":  {
                                          "type":  "Point",
                                          "coordinates":  [
                                                              34.82707,
                                                              30.85607,
                                                              0.0
                                                          ]
                                      }
                     },
                     {
                         "type":  "Feature",
                         "properties":  {
                                            "Name":  "#1516",
                                            "description":  "\u003cdiv dir=\u0027rtl\u0027 style=\u0027font-family:Arial;\u0027\u003e\u003cb\u003eשם:\u003c/b\u003e מאיה בל\u003cbr/\u003e\u003cb\u003eאתר:\u003c/b\u003e נחל כזיב\u003cbr/\u003e\u003cb\u003eתאריך:\u003c/b\u003e 27-04-2025\u003cbr/\u003e\u003cb\u003eID:\u003c/b\u003e 23\u003cbr/\u003e\u003cb\u003eFB:\u003c/b\u003e \u003ca href=\u0027https://www.facebook.com/groups/3235176716775457/posts/3626821200944338/\u0027\u003ehttps://www.facebook.com/groups/3235176716775457/posts/3626821200944338/\u003c/a\u003e\u003cbr/\u003e\u003cbr/\u003e\u003cimg src=\u0027https://drive.google.com/uc?export=view\u0026amp;id=13SMlFPSX_A2HJdEomiFNMWuVocdJkuxf\u0027 width=\u0027450\u0027/\u003e\u003cbr/\u003e\u003c/div\u003e",
                                            "tessellate":  -1,
                                            "extrude":  0,
                                            "visibility":  -1
                                        },
                         "geometry":  {
                                          "type":  "Point",
                                          "coordinates":  [
                                                              35.28552,
                                                              33.02655,
                                                              0.0
                                                          ]
                                      }
                     },
                     {
                         "type":  "Feature",
                         "properties":  {
                                            "Name":  "#1516",
                                            "description":  "\u003cdiv dir=\u0027rtl\u0027 style=\u0027font-family:Arial;\u0027\u003e\u003cb\u003eשם:\u003c/b\u003e מאיה בל\u003cbr/\u003e\u003cb\u003eאתר:\u003c/b\u003e נחל כזיב\u003cbr/\u003e\u003cb\u003eתאריך:\u003c/b\u003e 27-04-2025\u003cbr/\u003e\u003cb\u003eID:\u003c/b\u003e 56\u003cbr/\u003e\u003cb\u003eFB:\u003c/b\u003e \u003ca href=\u0027https://www.facebook.com/groups/3235176716775457/posts/3626821200944338/\u0027\u003ehttps://www.facebook.com/groups/3235176716775457/posts/3626821200944338/\u003c/a\u003e\u003cbr/\u003e\u003cbr/\u003e\u003cimg src=\u0027https://drive.google.com/uc?export=view\u0026amp;id=13UkQcLhWPUhf_QUUR9ij3T9G9T7SNZHJ\u0027 width=\u0027450\u0027/\u003e\u003cbr/\u003e\u003c/div\u003e",
                                            "tessellate":  -1,
                                            "extrude":  0,
                                            "visibility":  -1
                                        },
                         "geometry":  {
                                          "type":  "Point",
                                          "coordinates":  [
                                                              35.27199,
                                                              33.0305,
                                                              0.0
                                                          ]
                                      }
                     },
                     {
                         "type":  "Feature",
                         "properties":  {
                                            "Name":  "#1516",
                                            "description":  "\u003cdiv dir=\u0027rtl\u0027 style=\u0027font-family:Arial;\u0027\u003e\u003cb\u003eשם:\u003c/b\u003e מאיה בל\u003cbr/\u003e\u003cb\u003eאתר:\u003c/b\u003e נחל כזיב\u003cbr/\u003e\u003cb\u003eתאריך:\u003c/b\u003e 27-04-2025\u003cbr/\u003e\u003cb\u003eID:\u003c/b\u003e 294\u003cbr/\u003e\u003cb\u003eFB:\u003c/b\u003e \u003ca href=\u0027https://www.facebook.com/groups/3235176716775457/posts/3626821200944338/\u0027\u003ehttps://www.facebook.com/groups/3235176716775457/posts/3626821200944338/\u003c/a\u003e\u003cbr/\u003e\u003cbr/\u003e\u003cimg src=\u0027https://drive.google.com/uc?export=view\u0026amp;id=13_ogSK7TkLQnFKttt4-T3-x4wQe8bW9G\u0027 width=\u0027450\u0027/\u003e\u003cbr/\u003e\u003c/div\u003e",
                                            "tessellate":  -1,
                                            "extrude":  0,
                                            "visibility":  -1
                                        },
                         "geometry":  {
                                          "type":  "Point",
                                          "coordinates":  [
                                                              35.10288,
                                                              33.04503,
                                                              0.0
                                                          ]
                                      }
                     },
                     {
                         "type":  "Feature",
                         "properties":  {
                                            "Name":  "#1516",
                                            "description":  "\u003cdiv dir=\u0027rtl\u0027 style=\u0027font-family:Arial;\u0027\u003e\u003cb\u003eשם:\u003c/b\u003e מאיה בל\u003cbr/\u003e\u003cb\u003eאתר:\u003c/b\u003e נחל שורק\u003cbr/\u003e\u003cb\u003eתאריך:\u003c/b\u003e 10-05-2025\u003cbr/\u003e\u003cb\u003eID:\u003c/b\u003e 413\u003cbr/\u003e\u003cb\u003eFB:\u003c/b\u003e \u003ca href=\u0027https://www.facebook.com/groups/3235176716775457/posts/3638895476403577/\u0027\u003ehttps://www.facebook.com/groups/3235176716775457/posts/3638895476403577/\u003c/a\u003e\u003cbr/\u003e\u003cbr/\u003e\u003cimg src=\u0027https://drive.google.com/uc?export=view\u0026amp;id=1TsBfHjLHu9SGPL3XcXt91PZcsUXWZJOw\u0027 width=\u0027450\u0027/\u003e\u003cbr/\u003e\u003c/div\u003e",
                                            "tessellate":  -1,
                                            "extrude":  0,
                                            "visibility":  -1
                                        },
                         "geometry":  {
                                          "type":  "Point",
                                          "coordinates":  [
                                                              34.7245484,
                                                              31.9351668,
                                                              0.0
                                                          ]
                                      }
                     },
                     {
                         "type":  "Feature",
                         "properties":  {
                                            "Name":  "#1516",
                                            "description":  "\u003cdiv dir=\u0027rtl\u0027 style=\u0027font-family:Arial;\u0027\u003e\u003cb\u003eשם:\u003c/b\u003e מאיה בל\u003cbr/\u003e\u003cb\u003eאתר:\u003c/b\u003e בריכת המשושים\u003cbr/\u003e\u003cb\u003eתאריך:\u003c/b\u003e 06-07-2025\u003cbr/\u003e\u003cb\u003eID:\u003c/b\u003e 1118\u003cbr/\u003e\u003cb\u003eFB:\u003c/b\u003e \u003ca href=\u0027https://www.facebook.com/groups/beshvil.yael/posts/3686909128268878/\u0027\u003ehttps://www.facebook.com/groups/beshvil.yael/posts/3686909128268878/\u003c/a\u003e\u003cbr/\u003e\u003cbr/\u003e\u003cimg src=\u0027https://drive.google.com/uc?export=view\u0026amp;id=1wH5f_UfftNTl2RevYxFZLjbjYgGDuulb\u0027 width=\u0027450\u0027/\u003e\u003cbr/\u003e\u003c/div\u003e",
                                            "tessellate":  -1,
                                            "extrude":  0,
                                            "visibility":  -1
                                        },
                         "geometry":  {
                                          "type":  "Point",
                                          "coordinates":  [
                                                              35.66481,
                                                              32.93892,
                                                              0.0
                                                          ]
                                      }
                     },
                     {
                         "type":  "Feature",
                         "properties":  {
                                            "Name":  "#1516",
                                            "description":  "\u003cdiv dir=\u0027rtl\u0027 style=\u0027font-family:Arial;\u0027\u003e\u003cb\u003eשם:\u003c/b\u003e מאיה בל\u003cbr/\u003e\u003cb\u003eאתר:\u003c/b\u003e עין לבן, יער עמינדב\u003cbr/\u003e\u003cb\u003eתאריך:\u003c/b\u003e 11-07-2025\u003cbr/\u003e\u003cb\u003eID:\u003c/b\u003e 1158\u003cbr/\u003e\u003cb\u003eFB:\u003c/b\u003e \u003ca href=\u0027https://www.facebook.com/groups/beshvil.yael/posts/3691068374519620/\u0027\u003ehttps://www.facebook.com/groups/beshvil.yael/posts/3691068374519620/\u003c/a\u003e\u003cbr/\u003e\u003cbr/\u003e\u003cimg src=\u0027https://drive.google.com/uc?export=view\u0026amp;id=1ako-RXdCYEVxp-ESVJZ_1fECzF-vKRu7\u0027 width=\u0027450\u0027/\u003e\u003cbr/\u003e\u003c/div\u003e",
                                            "tessellate":  -1,
                                            "extrude":  0,
                                            "visibility":  -1
                                        },
                         "geometry":  {
                                          "type":  "Point",
                                          "coordinates":  [
                                                              35.156753,
                                                              31.7475282,
                                                              0.0
                                                          ]
                                      }
                     },
                     {
                         "type":  "Feature",
                         "properties":  {
                                            "Name":  "#1516",
                                            "description":  "\u003cdiv dir=\u0027rtl\u0027 style=\u0027font-family:Arial;\u0027\u003e\u003cb\u003eשם:\u003c/b\u003e מאיה בל\u003cbr/\u003e\u003cb\u003eאתר:\u003c/b\u003e נחל קטלב\u003cbr/\u003e\u003cb\u003eתאריך:\u003c/b\u003e 22-11-2025\u003cbr/\u003e\u003cb\u003eID:\u003c/b\u003e 2839\u003cbr/\u003e\u003cb\u003eFB:\u003c/b\u003e \u003ca href=\u0027https://www.facebook.com/groups/beshvil.yael/posts/3816813605278429/\u0027\u003ehttps://www.facebook.com/groups/beshvil.yael/posts/3816813605278429/\u003c/a\u003e\u003cbr/\u003e\u003cbr/\u003e\u003cimg src=\u0027https://drive.google.com/uc?export=view\u0026amp;id=1GshOXyY-suXErQW57B3N3jWootpVEvwc\u0027 width=\u0027450\u0027/\u003e\u003cbr/\u003e\u003c/div\u003e",
                                            "tessellate":  -1,
                                            "extrude":  0,
                                            "visibility":  -1
                                        },
                         "geometry":  {
                                          "type":  "Point",
                                          "coordinates":  [
                                                              35.07828,
                                                              31.73738,
                                                              0.0
                                                          ]
                                      }
                     },
                     {
                         "type":  "Feature",
                         "properties":  {
                                            "Name":  "#1517",
                                            "description":  "\u003cdiv dir=\u0027rtl\u0027 style=\u0027font-family:Arial;\u0027\u003e\u003cb\u003eשם:\u003c/b\u003e הילה שמילה\u003cbr/\u003e\u003cb\u003eאתר:\u003c/b\u003e עין עבדת\u003cbr/\u003e\u003cb\u003eתאריך:\u003c/b\u003e 21-12-2025\u003cbr/\u003e\u003cb\u003eID:\u003c/b\u003e 3132\u003cbr/\u003e\u003cb\u003eFB:\u003c/b\u003e \u003ca href=\u0027https://www.facebook.com/groups/beshvil.yael/posts/3841232529503203\u0027\u003ehttps://www.facebook.com/groups/beshvil.yael/posts/3841232529503203\u003c/a\u003e\u003cbr/\u003e\u003cbr/\u003e\u003cimg src=\u0027https://drive.google.com/uc?export=view\u0026amp;id=1HcddBxQmEN7BpqEw8fHDaRfx8UKTa10X\u0027 width=\u0027450\u0027/\u003e\u003cbr/\u003e\u003c/div\u003e",
                                            "tessellate":  -1,
                                            "extrude":  0,
                                            "visibility":  -1
                                        },
                         "geometry":  {
                                          "type":  "Point",
                                          "coordinates":  [
                                                              34.77005,
                                                              30.83193,
                                                              0.0
                                                          ]
                                      }
                     },
                     {
                         "type":  "Feature",
                         "properties":  {
                                            "Name":  "#1534",
                                            "description":  "\u003cdiv dir=\u0027rtl\u0027 style=\u0027font-family:Arial;\u0027\u003e\u003cb\u003eשם:\u003c/b\u003e שלומית נעים-נאור\u003cbr/\u003e\u003cb\u003eאתר:\u003c/b\u003e נחל דוד\u003cbr/\u003e\u003cb\u003eתאריך:\u003c/b\u003e 14-04-2025\u003cbr/\u003e\u003cb\u003eID:\u003c/b\u003e 355\u003cbr/\u003e\u003cb\u003eFB:\u003c/b\u003e \u003ca href=\u0027https://www.facebook.com/groups/3235176716775457/posts/3614733762153082/\u0027\u003ehttps://www.facebook.com/groups/3235176716775457/posts/3614733762153082/\u003c/a\u003e\u003cbr/\u003e\u003cbr/\u003e\u003cimg src=\u0027https://drive.google.com/uc?export=view\u0026amp;id=1QbmkaFnO88ozug4N1RewabPGhmmbD9xX\u0027 width=\u0027450\u0027/\u003e\u003cbr/\u003e\u003c/div\u003e",
                                            "tessellate":  -1,
                                            "extrude":  0,
                                            "visibility":  -1
                                        },
                         "geometry":  {
                                          "type":  "Point",
                                          "coordinates":  [
                                                              35.372699,
                                                              31.482085,
                                                              0.0
                                                          ]
                                      }
                     },
                     {
                         "type":  "Feature",
                         "properties":  {
                                            "Name":  "#1540",
                                            "description":  "\u003cdiv dir=\u0027rtl\u0027 style=\u0027font-family:Arial;\u0027\u003e\u003cb\u003eשם:\u003c/b\u003e אביבה בן שלוש\u003cbr/\u003e\u003cb\u003eאתר:\u003c/b\u003e בתרונות רוחמה.\u003cbr/\u003e\u003cb\u003eתאריך:\u003c/b\u003e 18-04-2025\u003cbr/\u003e\u003cb\u003eID:\u003c/b\u003e 278\u003cbr/\u003e\u003cb\u003eFB:\u003c/b\u003e \u003ca href=\u0027https://www.facebook.com/groups/3235176716775457/posts/3618428688450256/\u0027\u003ehttps://www.facebook.com/groups/3235176716775457/posts/3618428688450256/\u003c/a\u003e\u003cbr/\u003e\u003cbr/\u003e\u003cimg src=\u0027https://drive.google.com/uc?export=view\u0026amp;id=1KW4qI3_IkJErY7jSQ1IH3IBzpWZDyD5b\u0027 width=\u0027450\u0027/\u003e\u003cbr/\u003e\u003c/div\u003e",
                                            "tessellate":  -1,
                                            "extrude":  0,
                                            "visibility":  -1
                                        },
                         "geometry":  {
                                          "type":  "Point",
                                          "coordinates":  [
                                                              34.7347604,
                                                              31.4911206,
                                                              0.0
                                                          ]
                                      }
                     },
                     {
                         "type":  "Feature",
                         "properties":  {
                                            "Name":  "#1540",
                                            "description":  "\u003cdiv dir=\u0027rtl\u0027 style=\u0027font-family:Arial;\u0027\u003e\u003cb\u003eשם:\u003c/b\u003e אביבה בן שלוש\u003cbr/\u003e\u003cb\u003eאתר:\u003c/b\u003e תל דן\u003cbr/\u003e\u003cb\u003eתאריך:\u003c/b\u003e 12-09-2025\u003cbr/\u003e\u003cb\u003eID:\u003c/b\u003e 1851\u003cbr/\u003e\u003cb\u003eFB:\u003c/b\u003e \u003ca href=\u0027https://www.facebook.com/groups/beshvil.yael/posts/3748045595488564/\u0027\u003ehttps://www.facebook.com/groups/beshvil.yael/posts/3748045595488564/\u003c/a\u003e\u003cbr/\u003e\u003cbr/\u003e\u003cimg src=\u0027https://drive.google.com/uc?export=view\u0026amp;id=1e5x4ZRJTAZW_0fkOvqXAtxXhOVrlONTB\u0027 width=\u0027450\u0027/\u003e\u003cbr/\u003e\u003c/div\u003e",
                                            "tessellate":  -1,
                                            "extrude":  0,
                                            "visibility":  -1
                                        },
                         "geometry":  {
                                          "type":  "Point",
                                          "coordinates":  [
                                                              35.65102,
                                                              33.24871,
                                                              0.0
                                                          ]
                                      }
                     },
                     {
                         "type":  "Feature",
                         "properties":  {
                                            "Name":  "#1544",
                                            "description":  "\u003cdiv dir=\u0027rtl\u0027 style=\u0027font-family:Arial;\u0027\u003e\u003cb\u003eשם:\u003c/b\u003e שקד פנחס\u003cbr/\u003e\u003cb\u003eאתר:\u003c/b\u003e הר אדיר\u003cbr/\u003e\u003cb\u003eתאריך:\u003c/b\u003e 10-04-2025\u003cbr/\u003e\u003cb\u003eID:\u003c/b\u003e 448\u003cbr/\u003e\u003cb\u003eFB:\u003c/b\u003e \u003ca href=\u0027https://www.facebook.com/groups/3235176716775457/posts/3610626935897098/\u0027\u003ehttps://www.facebook.com/groups/3235176716775457/posts/3610626935897098/\u003c/a\u003e\u003cbr/\u003e\u003cbr/\u003e\u003cimg src=\u0027https://drive.google.com/uc?export=view\u0026amp;id=1VzrTcIQ1EhArkMAKuRs2Z5E71FS-OQZu\u0027 width=\u0027450\u0027/\u003e\u003cbr/\u003e\u003c/div\u003e",
                                            "tessellate":  -1,
                                            "extrude":  0,
                                            "visibility":  -1
                                        },
                         "geometry":  {
                                          "type":  "Point",
                                          "coordinates":  [
                                                              35.37111,
                                                              33.03194,
                                                              0.0
                                                          ]
                                      }
                     },
                     {
                         "type":  "Feature",
                         "properties":  {
                                            "Name":  "#1544",
                                            "description":  "\u003cdiv dir=\u0027rtl\u0027 style=\u0027font-family:Arial;\u0027\u003e\u003cb\u003eשם:\u003c/b\u003e שקד פנחס\u003cbr/\u003e\u003cb\u003eאתר:\u003c/b\u003e הר נשף\u003cbr/\u003e\u003cb\u003eתאריך:\u003c/b\u003e 10-04-2025\u003cbr/\u003e\u003cb\u003eID:\u003c/b\u003e 449\u003cbr/\u003e\u003cb\u003eFB:\u003c/b\u003e \u003ca href=\u0027https://www.facebook.com/groups/3235176716775457/posts/3610626935897098/\u0027\u003ehttps://www.facebook.com/groups/3235176716775457/posts/3610626935897098/\u003c/a\u003e\u003cbr/\u003e\u003cbr/\u003e\u003cimg src=\u0027https://drive.google.com/uc?export=view\u0026amp;id=1W-_0WoLI4rwmC6JyfI4T_nA_XzwMA89B\u0027 width=\u0027450\u0027/\u003e\u003cbr/\u003e\u003c/div\u003e",
                                            "tessellate":  -1,
                                            "extrude":  0,
                                            "visibility":  -1
                                        },
                         "geometry":  {
                                          "type":  "Point",
                                          "coordinates":  [
                                                              34.86758,
                                                              29.66642,
                                                              0.0
                                                          ]
                                      }
                     },
                     {
                         "type":  "Feature",
                         "properties":  {
                                            "Name":  "#1558",
                                            "description":  "\u003cdiv dir=\u0027rtl\u0027 style=\u0027font-family:Arial;\u0027\u003e\u003cb\u003eשם:\u003c/b\u003e סיסיל קצב\u003cbr/\u003e\u003cb\u003eאתר:\u003c/b\u003e נחל זוויתן\u003cbr/\u003e\u003cb\u003eתאריך:\u003c/b\u003e 26-04-2025\u003cbr/\u003e\u003cb\u003eID:\u003c/b\u003e 146\u003cbr/\u003e\u003cb\u003eFB:\u003c/b\u003e \u003ca href=\u0027https://www.facebook.com/groups/3235176716775457/posts/3626251957667929/\u0027\u003ehttps://www.facebook.com/groups/3235176716775457/posts/3626251957667929/\u003c/a\u003e\u003cbr/\u003e\u003cbr/\u003e\u003cimg src=\u0027https://drive.google.com/uc?export=view\u0026amp;id=1CFLDq4nkFxg122X2UCL6VZss13GceIJm\u0027 width=\u0027450\u0027/\u003e\u003cbr/\u003e\u003c/div\u003e",
                                            "tessellate":  -1,
                                            "extrude":  0,
                                            "visibility":  -1
                                        },
                         "geometry":  {
                                          "type":  "Point",
                                          "coordinates":  [
                                                              35.73771,
                                                              32.997164,
                                                              0.0
                                                          ]
                                      }
                     },
                     {
                         "type":  "Feature",
                         "properties":  {
                                            "Name":  "#1565",
                                            "description":  "\u003cdiv dir=\u0027rtl\u0027 style=\u0027font-family:Arial;\u0027\u003e\u003cb\u003eשם:\u003c/b\u003e תמר לזרוביץ\u003cbr/\u003e\u003cb\u003eאתר:\u003c/b\u003e נחל השופט\u003cbr/\u003e\u003cb\u003eתאריך:\u003c/b\u003e 19-04-2025\u003cbr/\u003e\u003cb\u003eID:\u003c/b\u003e 239\u003cbr/\u003e\u003cb\u003eFB:\u003c/b\u003e \u003ca href=\u0027https://www.facebook.com/groups/3235176716775457/posts/3619717974987994/\u0027\u003ehttps://www.facebook.com/groups/3235176716775457/posts/3619717974987994/\u003c/a\u003e\u003cbr/\u003e\u003cbr/\u003e\u003cimg src=\u0027https://drive.google.com/uc?export=view\u0026amp;id=1IKGbfj_T0jFtIg-fwX-1x7bOKlPror7I\u0027 width=\u0027450\u0027/\u003e\u003cbr/\u003e\u003c/div\u003e",
                                            "tessellate":  -1,
                                            "extrude":  0,
                                            "visibility":  -1
                                        },
                         "geometry":  {
                                          "type":  "Point",
                                          "coordinates":  [
                                                              35.107367,
                                                              32.6288209,
                                                              0.0
                                                          ]
                                      }
                     },
                     {
                         "type":  "Feature",
                         "properties":  {
                                            "Name":  "#1576",
                                            "description":  "\u003cdiv dir=\u0027rtl\u0027 style=\u0027font-family:Arial;\u0027\u003e\u003cb\u003eשם:\u003c/b\u003e רחלי חג\u0027ג\u0027 שמיר\u003cbr/\u003e\u003cb\u003eאתר:\u003c/b\u003e עין איוב\u003cbr/\u003e\u003cb\u003eתאריך:\u003c/b\u003e 01-05-2025\u003cbr/\u003e\u003cb\u003eID:\u003c/b\u003e 22\u003cbr/\u003e\u003cb\u003eFB:\u003c/b\u003e \u003ca href=\u0027https://www.facebook.com/groups/3235176716775457/posts/3631078043851987/\u0027\u003ehttps://www.facebook.com/groups/3235176716775457/posts/3631078043851987/\u003c/a\u003e\u003cbr/\u003e\u003cbr/\u003e\u003cimg src=\u0027https://drive.google.com/uc?export=view\u0026amp;id=112E1zW35fKZMkfFV3DCFw7Hu3HLic9Pp\u0027 width=\u0027450\u0027/\u003e\u003cbr/\u003e\u003c/div\u003e",
                                            "tessellate":  -1,
                                            "extrude":  0,
                                            "visibility":  -1
                                        },
                         "geometry":  {
                                          "type":  "Point",
                                          "coordinates":  [
                                                              35.095236,
                                                              31.947832,
                                                              0.0
                                                          ]
                                      }
                     },
                     {
                         "type":  "Feature",
                         "properties":  {
                                            "Name":  "#1599",
                                            "description":  "\u003cdiv dir=\u0027rtl\u0027 style=\u0027font-family:Arial;\u0027\u003e\u003cb\u003eשם:\u003c/b\u003e דורית הר-אל שפי\u003cbr/\u003e\u003cb\u003eאתר:\u003c/b\u003e גב ילק\u003cbr/\u003e\u003cb\u003eתאריך:\u003c/b\u003e 06-12-2025\u003cbr/\u003e\u003cb\u003eID:\u003c/b\u003e 2990\u003cbr/\u003e\u003cb\u003eFB:\u003c/b\u003e \u003ca href=\u0027https://www.facebook.com/groups/beshvil.yael/posts/3828726650753791\u0027\u003ehttps://www.facebook.com/groups/beshvil.yael/posts/3828726650753791\u003c/a\u003e\u003cbr/\u003e\u003cbr/\u003e\u003cimg src=\u0027https://drive.google.com/uc?export=view\u0026amp;id=1S7ZlL_5nZQswwQGdyGwYU9Nq7NvZYq4C\u0027 width=\u0027450\u0027/\u003e\u003cbr/\u003e\u003c/div\u003e",
                                            "tessellate":  -1,
                                            "extrude":  0,
                                            "visibility":  -1
                                        },
                         "geometry":  {
                                          "type":  "Point",
                                          "coordinates":  [
                                                              34.91138,
                                                              30.5578,
                                                              0.0
                                                          ]
                                      }
                     },
                     {
                         "type":  "Feature",
                         "properties":  {
                                            "Name":  "#1603",
                                            "description":  "\u003cdiv dir=\u0027rtl\u0027 style=\u0027font-family:Arial;\u0027\u003e\u003cb\u003eשם:\u003c/b\u003e דליה גפן\u003cbr/\u003e\u003cb\u003eאתר:\u003c/b\u003e יער בית קשת\u003cbr/\u003e\u003cb\u003eתאריך:\u003c/b\u003e 05-05-2026\u003cbr/\u003e\u003cb\u003eID:\u003c/b\u003e 4351\u003cbr/\u003e\u003cb\u003eFB:\u003c/b\u003e \u003ca href=\u0027https://www.facebook.com/groups/beshvil.yael/posts/3963056913987430\u0027\u003ehttps://www.facebook.com/groups/beshvil.yael/posts/3963056913987430\u003c/a\u003e\u003cbr/\u003e\u003cbr/\u003e\u003cimg src=\u0027https://drive.google.com/uc?export=view\u0026amp;id=1RueaSSx1PszjIacavuOLxIzm5kN2Xg3L\u0027 width=\u0027450\u0027/\u003e\u003cbr/\u003e\u003c/div\u003e",
                                            "tessellate":  -1,
                                            "extrude":  0,
                                            "visibility":  -1
                                        },
                         "geometry":  {
                                          "type":  "Point",
                                          "coordinates":  [
                                                              35.38364,
                                                              32.71877,
                                                              0.0
                                                          ]
                                      }
                     },
                     {
                         "type":  "Feature",
                         "properties":  {
                                            "Name":  "#1606",
                                            "description":  "\u003cdiv dir=\u0027rtl\u0027 style=\u0027font-family:Arial;\u0027\u003e\u003cb\u003eשם:\u003c/b\u003e מורד סטניסלבסקי\u003cbr/\u003e\u003cb\u003eאתר:\u003c/b\u003e שביל הגולן\u003cbr/\u003e\u003cb\u003eתאריך:\u003c/b\u003e 27-05-2025\u003cbr/\u003e\u003cb\u003eID:\u003c/b\u003e 800\u003cbr/\u003e\u003cb\u003eFB:\u003c/b\u003e \u003ca href=\u0027https://www.facebook.com/groups/3235176716775457/posts/3652711861688605/\u0027\u003ehttps://www.facebook.com/groups/3235176716775457/posts/3652711861688605/\u003c/a\u003e\u003cbr/\u003e\u003cbr/\u003e\u003cimg src=\u0027https://drive.google.com/uc?export=view\u0026amp;id=1O2cBKjGS3cqOgNxYJlgDHxfAo4_Um3aT\u0027 width=\u0027450\u0027/\u003e\u003cbr/\u003e\u003c/div\u003e",
                                            "tessellate":  -1,
                                            "extrude":  0,
                                            "visibility":  -1
                                        },
                         "geometry":  {
                                          "type":  "Point",
                                          "coordinates":  [
                                                              35.7585376,
                                                              33.286718,
                                                              0.0
                                                          ]
                                      }
                     },
                     {
                         "type":  "Feature",
                         "properties":  {
                                            "Name":  "#1620",
                                            "description":  "\u003cdiv dir=\u0027rtl\u0027 style=\u0027font-family:Arial;\u0027\u003e\u003cb\u003eשם:\u003c/b\u003e יעל כרמי\u003cbr/\u003e\u003cb\u003eאתר:\u003c/b\u003e גשר הבשור\u003cbr/\u003e\u003cb\u003eתאריך:\u003c/b\u003e 02-04-2026\u003cbr/\u003e\u003cb\u003eID:\u003c/b\u003e 4024\u003cbr/\u003e\u003cb\u003eFB:\u003c/b\u003e \u003ca href=\u0027https://www.secure.facebook.com/groups/beshvil.yael/posts/3933167723643016/\u0027\u003ehttps://www.secure.facebook.com/groups/beshvil.yael/posts/3933167723643016/\u003c/a\u003e\u003cbr/\u003e\u003cbr/\u003e\u003cimg src=\u0027https://drive.google.com/uc?export=view\u0026amp;id=14OmAyIAkLk8WGukxvcpRQpXfZBPtx7Pe\u0027 width=\u0027450\u0027/\u003e\u003cbr/\u003e\u003c/div\u003e",
                                            "tessellate":  -1,
                                            "extrude":  0,
                                            "visibility":  -1
                                        },
                         "geometry":  {
                                          "type":  "Point",
                                          "coordinates":  [
                                                              34.52249,
                                                              31.22109,
                                                              0.0
                                                          ]
                                      }
                     },
                     {
                         "type":  "Feature",
                         "properties":  {
                                            "Name":  "#1621",
                                            "description":  "\u003cdiv dir=\u0027rtl\u0027 style=\u0027font-family:Arial;\u0027\u003e\u003cb\u003eשם:\u003c/b\u003e \u003cbr/\u003e\u003cb\u003eאתר:\u003c/b\u003e שדה פסלים\u003cbr/\u003e\u003cb\u003eתאריך:\u003c/b\u003e 19-02-2026\u003cbr/\u003e\u003cb\u003eID:\u003c/b\u003e 67\u003cbr/\u003e\u003cb\u003eFB:\u003c/b\u003e \u003ca href=\u0027https://www.facebook.com/groups/beshvil.yael/posts/3895325810760541/\u0027\u003ehttps://www.facebook.com/groups/beshvil.yael/posts/3895325810760541/\u003c/a\u003e\u003cbr/\u003e\u003cbr/\u003e\u003cimg src=\u0027https://drive.google.com/uc?export=view\u0026amp;id=10FjGYcmoevufEj64CtAtvXU-hqNOLsT3\u0027 width=\u0027450\u0027/\u003e\u003cbr/\u003e\u003c/div\u003e",
                                            "tessellate":  -1,
                                            "extrude":  0,
                                            "visibility":  -1
                                        },
                         "geometry":  {
                                          "type":  "Point",
                                          "coordinates":  [
                                                              34.78797,
                                                              30.8473,
                                                              0.0
                                                          ]
                                      }
                     },
                     {
                         "type":  "Feature",
                         "properties":  {
                                            "Name":  "#1622",
                                            "description":  "\u003cdiv dir=\u0027rtl\u0027 style=\u0027font-family:Arial;\u0027\u003e\u003cb\u003eשם:\u003c/b\u003e אסף שכמן\u003cbr/\u003e\u003cb\u003eאתר:\u003c/b\u003e נחל עמוד\u003cbr/\u003e\u003cb\u003eתאריך:\u003c/b\u003e 06-05-2025\u003cbr/\u003e\u003cb\u003eID:\u003c/b\u003e 107\u003cbr/\u003e\u003cb\u003eFB:\u003c/b\u003e \u003ca href=\u0027https://www.facebook.com/groups/3235176716775457/posts/3635367746756350/\u0027\u003ehttps://www.facebook.com/groups/3235176716775457/posts/3635367746756350/\u003c/a\u003e\u003cbr/\u003e\u003cbr/\u003e\u003cimg src=\u0027https://drive.google.com/uc?export=view\u0026amp;id=18P49w94n4I9QoxVwsyUbtGk5-FJaLYli\u0027 width=\u0027450\u0027/\u003e\u003cbr/\u003e\u003c/div\u003e",
                                            "tessellate":  -1,
                                            "extrude":  0,
                                            "visibility":  -1
                                        },
                         "geometry":  {
                                          "type":  "Point",
                                          "coordinates":  [
                                                              35.5027288,
                                                              32.8758815,
                                                              0.0
                                                          ]
                                      }
                     },
                     {
                         "type":  "Feature",
                         "properties":  {
                                            "Name":  "#1623",
                                            "description":  "\u003cdiv dir=\u0027rtl\u0027 style=\u0027font-family:Arial;\u0027\u003e\u003cb\u003eשם:\u003c/b\u003e קרן קוז\u0027וקארו ששון\u003cbr/\u003e\u003cb\u003eאתר:\u003c/b\u003e מערת הפלמח\u003cbr/\u003e\u003cb\u003eתאריך:\u003c/b\u003e 15-04-2025\u003cbr/\u003e\u003cb\u003eID:\u003c/b\u003e 346\u003cbr/\u003e\u003cb\u003eFB:\u003c/b\u003e \u003ca href=\u0027https://www.facebook.com/groups/3235176716775457/posts/3615721185387673/\u0027\u003ehttps://www.facebook.com/groups/3235176716775457/posts/3615721185387673/\u003c/a\u003e\u003cbr/\u003e\u003cbr/\u003e\u003cimg src=\u0027https://drive.google.com/uc?export=view\u0026amp;id=1QNvV9hRABcwl-gf_fQm6k-kc4lv7NhpY\u0027 width=\u0027450\u0027/\u003e\u003cbr/\u003e\u003c/div\u003e",
                                            "tessellate":  -1,
                                            "extrude":  0,
                                            "visibility":  -1
                                        },
                         "geometry":  {
                                          "type":  "Point",
                                          "coordinates":  [
                                                              35.1370608,
                                                              32.6087693,
                                                              0.0
                                                          ]
                                      }
                     },
                     {
                         "type":  "Feature",
                         "properties":  {
                                            "Name":  "#1623",
                                            "description":  "\u003cdiv dir=\u0027rtl\u0027 style=\u0027font-family:Arial;\u0027\u003e\u003cb\u003eשם:\u003c/b\u003e קרן קוז\u0027וקארו ששון\u003cbr/\u003e\u003cb\u003eאתר:\u003c/b\u003e חוף דור\u003cbr/\u003e\u003cb\u003eתאריך:\u003c/b\u003e 05-07-2025\u003cbr/\u003e\u003cb\u003eID:\u003c/b\u003e 1100\u003cbr/\u003e\u003cb\u003eFB:\u003c/b\u003e \u003ca href=\u0027https://www.facebook.com/groups/beshvil.yael/posts/3685729708386820/\u0027\u003ehttps://www.facebook.com/groups/beshvil.yael/posts/3685729708386820/\u003c/a\u003e\u003cbr/\u003e\u003cbr/\u003e\u003cimg src=\u0027https://drive.google.com/uc?export=view\u0026amp;id=1spsdCoYqH-zNwTvFRttn6fUVVuhHnmTg\u0027 width=\u0027450\u0027/\u003e\u003cbr/\u003e\u003c/div\u003e",
                                            "tessellate":  -1,
                                            "extrude":  0,
                                            "visibility":  -1
                                        },
                         "geometry":  {
                                          "type":  "Point",
                                          "coordinates":  [
                                                              34.9077775,
                                                              32.5724854,
                                                              0.0
                                                          ]
                                      }
                     },
                     {
                         "type":  "Feature",
                         "properties":  {
                                            "Name":  "#1623",
                                            "description":  "\u003cdiv dir=\u0027rtl\u0027 style=\u0027font-family:Arial;\u0027\u003e\u003cb\u003eשם:\u003c/b\u003e קרן קוז\u0027וקארו ששון\u003cbr/\u003e\u003cb\u003eאתר:\u003c/b\u003e רכס רמים\u003cbr/\u003e\u003cb\u003eתאריך:\u003c/b\u003e 06-08-2025\u003cbr/\u003e\u003cb\u003eID:\u003c/b\u003e 1421\u003cbr/\u003e\u003cb\u003eFB:\u003c/b\u003e \u003ca href=\u0027https://www.facebook.com/groups/beshvil.yael/posts/3714368048856319/\u0027\u003ehttps://www.facebook.com/groups/beshvil.yael/posts/3714368048856319/\u003c/a\u003e\u003cbr/\u003e\u003cbr/\u003e\u003cimg src=\u0027https://drive.google.com/uc?export=view\u0026amp;id=15VCR6r1fOcCMc4ib9Wenspgiq9CvP75r\u0027 width=\u0027450\u0027/\u003e\u003cbr/\u003e\u003c/div\u003e",
                                            "tessellate":  -1,
                                            "extrude":  0,
                                            "visibility":  -1
                                        },
                         "geometry":  {
                                          "type":  "Point",
                                          "coordinates":  [
                                                              35.5497566,
                                                              33.1904371,
                                                              0.0
                                                          ]
                                      }
                     },
                     {
                         "type":  "Feature",
                         "properties":  {
                                            "Name":  "#1623",
                                            "description":  "\u003cdiv dir=\u0027rtl\u0027 style=\u0027font-family:Arial;\u0027\u003e\u003cb\u003eשם:\u003c/b\u003e קרן קוז\u0027וקארו ששון\u003cbr/\u003e\u003cb\u003eאתר:\u003c/b\u003e עין רחניה\u003cbr/\u003e\u003cb\u003eתאריך:\u003c/b\u003e 06-09-2025\u003cbr/\u003e\u003cb\u003eID:\u003c/b\u003e 1783\u003cbr/\u003e\u003cb\u003eFB:\u003c/b\u003e \u003ca href=\u0027https://www.facebook.com/groups/beshvil.yael/posts/3742645186028605/\u0027\u003ehttps://www.facebook.com/groups/beshvil.yael/posts/3742645186028605/\u003c/a\u003e\u003cbr/\u003e\u003cbr/\u003e\u003cimg src=\u0027https://drive.google.com/uc?export=view\u0026amp;id=17tqIM-SctOwqUSDMHTSU5udevbXxON1U\u0027 width=\u0027450\u0027/\u003e\u003cbr/\u003e\u003c/div\u003e",
                                            "tessellate":  -1,
                                            "extrude":  0,
                                            "visibility":  -1
                                        },
                         "geometry":  {
                                          "type":  "Point",
                                          "coordinates":  [
                                                              35.0851996,
                                                              32.6202614,
                                                              0.0
                                                          ]
                                      }
                     },
                     {
                         "type":  "Feature",
                         "properties":  {
                                            "Name":  "#1623",
                                            "description":  "\u003cdiv dir=\u0027rtl\u0027 style=\u0027font-family:Arial;\u0027\u003e\u003cb\u003eשם:\u003c/b\u003e קרן קוז\u0027וקארו ששון\u003cbr/\u003e\u003cb\u003eאתר:\u003c/b\u003e חורשת הארבעים\u003cbr/\u003e\u003cb\u003eתאריך:\u003c/b\u003e 08-11-2025\u003cbr/\u003e\u003cb\u003eID:\u003c/b\u003e 2656\u003cbr/\u003e\u003cb\u003eFB:\u003c/b\u003e \u003ca href=\u0027https://www.facebook.com/groups/beshvil.yael/posts/3804239933202463/\u0027\u003ehttps://www.facebook.com/groups/beshvil.yael/posts/3804239933202463/\u003c/a\u003e\u003cbr/\u003e\u003cbr/\u003e\u003cimg src=\u0027https://drive.google.com/uc?export=view\u0026amp;id=1LhPagQv1Qd3eTD3a5b2nU7-m_o9g1HLU\u0027 width=\u0027450\u0027/\u003e\u003cbr/\u003e\u003c/div\u003e",
                                            "tessellate":  -1,
                                            "extrude":  0,
                                            "visibility":  -1
                                        },
                         "geometry":  {
                                          "type":  "Point",
                                          "coordinates":  [
                                                              35.02827,
                                                              32.75549,
                                                              0.0
                                                          ]
                                      }
                     },
                     {
                         "type":  "Feature",
                         "properties":  {
                                            "Name":  "#1623",
                                            "description":  "\u003cdiv dir=\u0027rtl\u0027 style=\u0027font-family:Arial;\u0027\u003e\u003cb\u003eשם:\u003c/b\u003e קרן קוז\u0027וקארו ששון\u003cbr/\u003e\u003cb\u003eאתר:\u003c/b\u003e הר תבור\u003cbr/\u003e\u003cb\u003eתאריך:\u003c/b\u003e 22-11-2025\u003cbr/\u003e\u003cb\u003eID:\u003c/b\u003e 2830\u003cbr/\u003e\u003cb\u003eFB:\u003c/b\u003e \u003ca href=\u0027https://www.facebook.com/groups/beshvil.yael/posts/3816610035298786\u0027\u003ehttps://www.facebook.com/groups/beshvil.yael/posts/3816610035298786\u003c/a\u003e\u003cbr/\u003e\u003cbr/\u003e\u003cimg src=\u0027https://drive.google.com/uc?export=view\u0026amp;id=17XX_g-sZsVSZgtF7Zz6n9KsT5G9ezeqj\u0027 width=\u0027450\u0027/\u003e\u003cbr/\u003e\u003c/div\u003e",
                                            "tessellate":  -1,
                                            "extrude":  0,
                                            "visibility":  -1
                                        },
                         "geometry":  {
                                          "type":  "Point",
                                          "coordinates":  [
                                                              35.38797,
                                                              32.68892,
                                                              0.0
                                                          ]
                                      }
                     },
                     {
                         "type":  "Feature",
                         "properties":  {
                                            "Name":  "#1623",
                                            "description":  "\u003cdiv dir=\u0027rtl\u0027 style=\u0027font-family:Arial;\u0027\u003e\u003cb\u003eשם:\u003c/b\u003e קרן קוז\u0027וקארו ששון\u003cbr/\u003e\u003cb\u003eאתר:\u003c/b\u003e מפל הטחנה\u003cbr/\u003e\u003cb\u003eתאריך:\u003c/b\u003e 03-01-2026\u003cbr/\u003e\u003cb\u003eID:\u003c/b\u003e 3259\u003cbr/\u003e\u003cb\u003eFB:\u003c/b\u003e \u003ca href=\u0027https://www.facebook.com/groups/beshvil.yael/posts/3852166671743122\u0027\u003ehttps://www.facebook.com/groups/beshvil.yael/posts/3852166671743122\u003c/a\u003e\u003cbr/\u003e\u003cbr/\u003e\u003cimg src=\u0027https://drive.google.com/uc?export=view\u0026amp;id=1WRHn5s7WZzLE4bSPr_u3XQXOGHsC9Vbs\u0027 width=\u0027450\u0027/\u003e\u003cbr/\u003e\u003c/div\u003e",
                                            "tessellate":  -1,
                                            "extrude":  0,
                                            "visibility":  -1
                                        },
                         "geometry":  {
                                          "type":  "Point",
                                          "coordinates":  [
                                                              35.58425,
                                                              33.27658,
                                                              0.0
                                                          ]
                                      }
                     },
                     {
                         "type":  "Feature",
                         "properties":  {
                                            "Name":  "#1623",
                                            "description":  "\u003cdiv dir=\u0027rtl\u0027 style=\u0027font-family:Arial;\u0027\u003e\u003cb\u003eשם:\u003c/b\u003e קרן קוז\u0027וקארו ששון\u003cbr/\u003e\u003cb\u003eאתר:\u003c/b\u003e מצפור בן קיש\u003cbr/\u003e\u003cb\u003eתאריך:\u003c/b\u003e 10-04-2026\u003cbr/\u003e\u003cb\u003eID:\u003c/b\u003e 4087\u003cbr/\u003e\u003cb\u003eFB:\u003c/b\u003e \u003ca href=\u0027https://www.facebook.com/groups/beshvil.yael/posts/3940225009603954\u0027\u003ehttps://www.facebook.com/groups/beshvil.yael/posts/3940225009603954\u003c/a\u003e\u003cbr/\u003e\u003cbr/\u003e\u003cimg src=\u0027https://drive.google.com/uc?export=view\u0026amp;id=1T2aMq_j-Et6YLomJ3NqlSyZ2tbohfADN\u0027 width=\u0027450\u0027/\u003e\u003cbr/\u003e\u003c/div\u003e",
                                            "tessellate":  -1,
                                            "extrude":  0,
                                            "visibility":  -1
                                        },
                         "geometry":  {
                                          "type":  "Point",
                                          "coordinates":  [
                                                              35.39699,
                                                              32.51085,
                                                              0.0
                                                          ]
                                      }
                     },
                     {
                         "type":  "Feature",
                         "properties":  {
                                            "Name":  "#1627",
                                            "description":  "\u003cdiv dir=\u0027rtl\u0027 style=\u0027font-family:Arial;\u0027\u003e\u003cb\u003eשם:\u003c/b\u003e דותן דרוק\u003cbr/\u003e\u003cb\u003eאתר:\u003c/b\u003e חרמון\u003cbr/\u003e\u003cb\u003eתאריך:\u003c/b\u003e 20-04-2025\u003cbr/\u003e\u003cb\u003eID:\u003c/b\u003e 231\u003cbr/\u003e\u003cb\u003eFB:\u003c/b\u003e \u003ca href=\u0027https://www.facebook.com/groups/3235176716775457/posts/3620480698245055/\u0027\u003ehttps://www.facebook.com/groups/3235176716775457/posts/3620480698245055/\u003c/a\u003e\u003cbr/\u003e\u003cbr/\u003e\u003cimg src=\u0027https://drive.google.com/uc?export=view\u0026amp;id=1HlOszg5jCWwz7g4EeH2Tu9d4KhvL2_Br\u0027 width=\u0027450\u0027/\u003e\u003cbr/\u003e\u003c/div\u003e",
                                            "tessellate":  -1,
                                            "extrude":  0,
                                            "visibility":  -1
                                        },
                         "geometry":  {
                                          "type":  "Point",
                                          "coordinates":  [
                                                              35.7516069,
                                                              33.2714352,
                                                              0.0
                                                          ]
                                      }
                     },
                     {
                         "type":  "Feature",
                         "properties":  {
                                            "Name":  "#1627",
                                            "description":  "\u003cdiv dir=\u0027rtl\u0027 style=\u0027font-family:Arial;\u0027\u003e\u003cb\u003eשם:\u003c/b\u003e דותן דרוק\u003cbr/\u003e\u003cb\u003eאתר:\u003c/b\u003e אגם קוניטרה\u003cbr/\u003e\u003cb\u003eתאריך:\u003c/b\u003e 25-04-2025\u003cbr/\u003e\u003cb\u003eID:\u003c/b\u003e 182\u003cbr/\u003e\u003cb\u003eFB:\u003c/b\u003e \u003ca href=\u0027https://www.facebook.com/groups/3235176716775457/posts/3624920984467693/\u0027\u003ehttps://www.facebook.com/groups/3235176716775457/posts/3624920984467693/\u003c/a\u003e\u003cbr/\u003e\u003cbr/\u003e\u003cimg src=\u0027https://drive.google.com/uc?export=view\u0026amp;id=1EXxdEkM67YlkjSxLcCenHJZpHquHyZrI\u0027 width=\u0027450\u0027/\u003e\u003cbr/\u003e\u003c/div\u003e",
                                            "tessellate":  -1,
                                            "extrude":  0,
                                            "visibility":  -1
                                        },
                         "geometry":  {
                                          "type":  "Point",
                                          "coordinates":  [
                                                              35.85909,
                                                              33.1228,
                                                              0.0
                                                          ]
                                      }
                     },
                     {
                         "type":  "Feature",
                         "properties":  {
                                            "Name":  "#1627",
                                            "description":  "\u003cdiv dir=\u0027rtl\u0027 style=\u0027font-family:Arial;\u0027\u003e\u003cb\u003eשם:\u003c/b\u003e דותן דרוק\u003cbr/\u003e\u003cb\u003eאתר:\u003c/b\u003e בדרום במילואים\u003cbr/\u003e\u003cb\u003eתאריך:\u003c/b\u003e 05-07-2025\u003cbr/\u003e\u003cb\u003eID:\u003c/b\u003e 1106\u003cbr/\u003e\u003cb\u003eFB:\u003c/b\u003e \u003ca href=\u0027https://www.facebook.com/groups/beshvil.yael/posts/3685959381697186/\u0027\u003ehttps://www.facebook.com/groups/beshvil.yael/posts/3685959381697186/\u003c/a\u003e\u003cbr/\u003e\u003cbr/\u003e\u003cimg src=\u0027https://drive.google.com/uc?export=view\u0026amp;id=1vldPZs3JAH0AHDbXSGKTEGxuwB434ZFn\u0027 width=\u0027450\u0027/\u003e\u003cbr/\u003e\u003c/div\u003e",
                                            "tessellate":  -1,
                                            "extrude":  0,
                                            "visibility":  -1
                                        },
                         "geometry":  {
                                          "type":  "Point",
                                          "coordinates":  [
                                                              34.45723,
                                                              31.4197,
                                                              0.0
                                                          ]
                                      }
                     },
                     {
                         "type":  "Feature",
                         "properties":  {
                                            "Name":  "#1627",
                                            "description":  "\u003cdiv dir=\u0027rtl\u0027 style=\u0027font-family:Arial;\u0027\u003e\u003cb\u003eשם:\u003c/b\u003e דותן דרוק\u003cbr/\u003e\u003cb\u003eאתר:\u003c/b\u003e אוניברסיטת חיפה\u003cbr/\u003e\u003cb\u003eתאריך:\u003c/b\u003e 14-07-2025\u003cbr/\u003e\u003cb\u003eID:\u003c/b\u003e 1183\u003cbr/\u003e\u003cb\u003eFB:\u003c/b\u003e \u003ca href=\u0027https://www.facebook.com/groups/beshvil.yael/posts/3693771987582592/\u0027\u003ehttps://www.facebook.com/groups/beshvil.yael/posts/3693771987582592/\u003c/a\u003e\u003cbr/\u003e\u003cbr/\u003e\u003cimg src=\u0027https://drive.google.com/uc?export=view\u0026amp;id=13CvTsrGM9T2kpnHzq8dVbloofS6ljYAm\u0027 width=\u0027450\u0027/\u003e\u003cbr/\u003e\u003c/div\u003e",
                                            "tessellate":  -1,
                                            "extrude":  0,
                                            "visibility":  -1
                                        },
                         "geometry":  {
                                          "type":  "Point",
                                          "coordinates":  [
                                                              35.0191965,
                                                              32.761592,
                                                              0.0
                                                          ]
                                      }
                     },
                     {
                         "type":  "Feature",
                         "properties":  {
                                            "Name":  "#1627",
                                            "description":  "\u003cdiv dir=\u0027rtl\u0027 style=\u0027font-family:Arial;\u0027\u003e\u003cb\u003eשם:\u003c/b\u003e דותן דרוק\u003cbr/\u003e\u003cb\u003eאתר:\u003c/b\u003e אוניברסיטת חיפה\u003cbr/\u003e\u003cb\u003eתאריך:\u003c/b\u003e 28-10-2025\u003cbr/\u003e\u003cb\u003eID:\u003c/b\u003e 2547\u003cbr/\u003e\u003cb\u003eFB:\u003c/b\u003e \u003ca href=\u0027https://www.facebook.com/groups/beshvil.yael/posts/3793236420969481\u0027\u003ehttps://www.facebook.com/groups/beshvil.yael/posts/3793236420969481\u003c/a\u003e\u003cbr/\u003e\u003cbr/\u003e\u003cimg src=\u0027https://drive.google.com/uc?export=view\u0026amp;id=1cFMfHx20gvybgkkYGP8vBHgRrTjRZw6o\u0027 width=\u0027450\u0027/\u003e\u003cbr/\u003e\u003c/div\u003e",
                                            "tessellate":  -1,
                                            "extrude":  0,
                                            "visibility":  -1
                                        },
                         "geometry":  {
                                          "type":  "Point",
                                          "coordinates":  [
                                                              35.019,
                                                              32.76151,
                                                              0.0
                                                          ]
                                      }
                     },
                     {
                         "type":  "Feature",
                         "properties":  {
                                            "Name":  "#1627",
                                            "description":  "\u003cdiv dir=\u0027rtl\u0027 style=\u0027font-family:Arial;\u0027\u003e\u003cb\u003eשם:\u003c/b\u003e דותן דרוק\u003cbr/\u003e\u003cb\u003eאתר:\u003c/b\u003e בית הפלמ\u0026quot;ח,\u003cbr/\u003e\u003cb\u003eתאריך:\u003c/b\u003e 16-12-2025\u003cbr/\u003e\u003cb\u003eID:\u003c/b\u003e 3072\u003cbr/\u003e\u003cb\u003eFB:\u003c/b\u003e \u003ca href=\u0027https://www.facebook.com/groups/beshvil.yael/posts/3837230289903427/\u0027\u003ehttps://www.facebook.com/groups/beshvil.yael/posts/3837230289903427/\u003c/a\u003e\u003cbr/\u003e\u003cbr/\u003e\u003cimg src=\u0027https://drive.google.com/uc?export=view\u0026amp;id=1EeRoQ7ohm5pB1V38SR2nBivX7LMv6qiw\u0027 width=\u0027450\u0027/\u003e\u003cbr/\u003e\u003c/div\u003e",
                                            "tessellate":  -1,
                                            "extrude":  0,
                                            "visibility":  -1
                                        },
                         "geometry":  {
                                          "type":  "Point",
                                          "coordinates":  [
                                                              35.40644,
                                                              32.71905,
                                                              0.0
                                                          ]
                                      }
                     },
                     {
                         "type":  "Feature",
                         "properties":  {
                                            "Name":  "#1627",
                                            "description":  "\u003cdiv dir=\u0027rtl\u0027 style=\u0027font-family:Arial;\u0027\u003e\u003cb\u003eשם:\u003c/b\u003e דותן דרוק\u003cbr/\u003e\u003cb\u003eאתר:\u003c/b\u003e אוניברסיטת חיפה\u003cbr/\u003e\u003cb\u003eתאריך:\u003c/b\u003e 19-01-2026\u003cbr/\u003e\u003cb\u003eID:\u003c/b\u003e 3406\u003cbr/\u003e\u003cb\u003eFB:\u003c/b\u003e \u003ca href=\u0027https://www.facebook.com/groups/beshvil.yael/posts/3865631017063354/\u0027\u003ehttps://www.facebook.com/groups/beshvil.yael/posts/3865631017063354/\u003c/a\u003e\u003cbr/\u003e\u003cbr/\u003e\u003cimg src=\u0027https://drive.google.com/uc?export=view\u0026amp;id=18XLotia7kNXcIP2nyvhJQmidwUcVt0mB\u0027 width=\u0027450\u0027/\u003e\u003cbr/\u003e\u003c/div\u003e",
                                            "tessellate":  -1,
                                            "extrude":  0,
                                            "visibility":  -1
                                        },
                         "geometry":  {
                                          "type":  "Point",
                                          "coordinates":  [
                                                              35.01853,
                                                              32.76269,
                                                              0.0
                                                          ]
                                      }
                     },
                     {
                         "type":  "Feature",
                         "properties":  {
                                            "Name":  "#1627",
                                            "description":  "\u003cdiv dir=\u0027rtl\u0027 style=\u0027font-family:Arial;\u0027\u003e\u003cb\u003eשם:\u003c/b\u003e דותן דרוק\u003cbr/\u003e\u003cb\u003eאתר:\u003c/b\u003e רכס רמים\u003cbr/\u003e\u003cb\u003eתאריך:\u003c/b\u003e 08-02-2026\u003cbr/\u003e\u003cb\u003eID:\u003c/b\u003e 3637\u003cbr/\u003e\u003cb\u003eFB:\u003c/b\u003e \u003ca href=\u0027https://www.facebook.com/groups/beshvil.yael/posts/3884559838503805/\u0027\u003ehttps://www.facebook.com/groups/beshvil.yael/posts/3884559838503805/\u003c/a\u003e\u003cbr/\u003e\u003cbr/\u003e\u003cimg src=\u0027https://drive.google.com/uc?export=view\u0026amp;id=1sMi36XcexXMMSTcPKGy_alUuUBYyhUGb\u0027 width=\u0027450\u0027/\u003e\u003cbr/\u003e\u003c/div\u003e",
                                            "tessellate":  -1,
                                            "extrude":  0,
                                            "visibility":  -1
                                        },
                         "geometry":  {
                                          "type":  "Point",
                                          "coordinates":  [
                                                              35.54738,
                                                              33.19301,
                                                              0.0
                                                          ]
                                      }
                     },
                     {
                         "type":  "Feature",
                         "properties":  {
                                            "Name":  "#1627",
                                            "description":  "\u003cdiv dir=\u0027rtl\u0027 style=\u0027font-family:Arial;\u0027\u003e\u003cb\u003eשם:\u003c/b\u003e דותן דרוק\u003cbr/\u003e\u003cb\u003eאתר:\u003c/b\u003e נחל כברה\u003cbr/\u003e\u003cb\u003eתאריך:\u003c/b\u003e 25-02-2026\u003cbr/\u003e\u003cb\u003eID:\u003c/b\u003e 3858\u003cbr/\u003e\u003cb\u003eFB:\u003c/b\u003e \u003ca href=\u0027https://www.facebook.com/groups/beshvil.yael/posts/3900654060227716/\u0027\u003ehttps://www.facebook.com/groups/beshvil.yael/posts/3900654060227716/\u003c/a\u003e\u003cbr/\u003e\u003cbr/\u003e\u003cimg src=\u0027https://drive.google.com/uc?export=view\u0026amp;id=1EtqJqlemDlCG-Qjw_IMVk8rdchhoPZ42\u0027 width=\u0027450\u0027/\u003e\u003cbr/\u003e\u003c/div\u003e",
                                            "tessellate":  -1,
                                            "extrude":  0,
                                            "visibility":  -1
                                        },
                         "geometry":  {
                                          "type":  "Point",
                                          "coordinates":  [
                                                              34.93736,
                                                              32.55912,
                                                              0.0
                                                          ]
                                      }
                     },
                     {
                         "type":  "Feature",
                         "properties":  {
                                            "Name":  "#1627",
                                            "description":  "\u003cdiv dir=\u0027rtl\u0027 style=\u0027font-family:Arial;\u0027\u003e\u003cb\u003eשם:\u003c/b\u003e דותן דרוק\u003cbr/\u003e\u003cb\u003eאתר:\u003c/b\u003e האוניברסיטה העברית\u003cbr/\u003e\u003cb\u003eתאריך:\u003c/b\u003e 20-04-2026\u003cbr/\u003e\u003cb\u003eID:\u003c/b\u003e 4172\u003cbr/\u003e\u003cb\u003eFB:\u003c/b\u003e \u003ca href=\u0027https://www.facebook.com/groups/beshvil.yael/posts/3949185042041284\u0027\u003ehttps://www.facebook.com/groups/beshvil.yael/posts/3949185042041284\u003c/a\u003e\u003cbr/\u003e\u003cbr/\u003e\u003cimg src=\u0027https://drive.google.com/uc?export=view\u0026amp;id=1bBeCHzv2jsZ4kT8QlTaHVOW7BMq0Yh18\u0027 width=\u0027450\u0027/\u003e\u003cbr/\u003e\u003c/div\u003e",
                                            "tessellate":  -1,
                                            "extrude":  0,
                                            "visibility":  -1
                                        },
                         "geometry":  {
                                          "type":  "Point",
                                          "coordinates":  [
                                                              35.24465,
                                                              31.79437,
                                                              0.0
                                                          ]
                                      }
                     },
                     {
                         "type":  "Feature",
                         "properties":  {
                                            "Name":  "#1653",
                                            "description":  "\u003cdiv dir=\u0027rtl\u0027 style=\u0027font-family:Arial;\u0027\u003e\u003cb\u003eשם:\u003c/b\u003e ערן קריו\u003cbr/\u003e\u003cb\u003eאתר:\u003c/b\u003e הר הכרמל\u003cbr/\u003e\u003cb\u003eתאריך:\u003c/b\u003e 11-04-2025\u003cbr/\u003e\u003cb\u003eID:\u003c/b\u003e 407\u003cbr/\u003e\u003cb\u003eFB:\u003c/b\u003e \u003ca href=\u0027https://www.facebook.com/groups/3235176716775457/posts/3611460772480381/\u0027\u003ehttps://www.facebook.com/groups/3235176716775457/posts/3611460772480381/\u003c/a\u003e\u003cbr/\u003e\u003cbr/\u003e\u003cimg src=\u0027https://drive.google.com/uc?export=view\u0026amp;id=1T7iBVGALbrYvXlLwdraoWGGpFKsgzglP\u0027 width=\u0027450\u0027/\u003e\u003cbr/\u003e\u003c/div\u003e",
                                            "tessellate":  -1,
                                            "extrude":  0,
                                            "visibility":  -1
                                        },
                         "geometry":  {
                                          "type":  "Point",
                                          "coordinates":  [
                                                              35.04839,
                                                              32.74273,
                                                              0.0
                                                          ]
                                      }
                     },
                     {
                         "type":  "Feature",
                         "properties":  {
                                            "Name":  "#1653",
                                            "description":  "\u003cdiv dir=\u0027rtl\u0027 style=\u0027font-family:Arial;\u0027\u003e\u003cb\u003eשם:\u003c/b\u003e ערן קריו\u003cbr/\u003e\u003cb\u003eאתר:\u003c/b\u003e דיזנגוף סנטר\u003cbr/\u003e\u003cb\u003eתאריך:\u003c/b\u003e 12-05-2025\u003cbr/\u003e\u003cb\u003eID:\u003c/b\u003e 423\u003cbr/\u003e\u003cb\u003eFB:\u003c/b\u003e \u003ca href=\u0027https://www.facebook.com/groups/3235176716775457/posts/3640112209615237\u0027\u003ehttps://www.facebook.com/groups/3235176716775457/posts/3640112209615237\u003c/a\u003e\u003cbr/\u003e\u003cbr/\u003e\u003cimg src=\u0027https://drive.google.com/uc?export=view\u0026amp;id=1UCuYj6ZOW65uhv3zGhiMELTnMAsMSZa2\u0027 width=\u0027450\u0027/\u003e\u003cbr/\u003e\u003c/div\u003e",
                                            "tessellate":  -1,
                                            "extrude":  0,
                                            "visibility":  -1
                                        },
                         "geometry":  {
                                          "type":  "Point",
                                          "coordinates":  [
                                                              34.7749395,
                                                              32.0750224,
                                                              0.0
                                                          ]
                                      }
                     },
                     {
                         "type":  "Feature",
                         "properties":  {
                                            "Name":  "#1653",
                                            "description":  "\u003cdiv dir=\u0027rtl\u0027 style=\u0027font-family:Arial;\u0027\u003e\u003cb\u003eשם:\u003c/b\u003e ערן קריו\u003cbr/\u003e\u003cb\u003eאתר:\u003c/b\u003e נמל קסריה\u003cbr/\u003e\u003cb\u003eתאריך:\u003c/b\u003e 06-08-2025\u003cbr/\u003e\u003cb\u003eID:\u003c/b\u003e 1413\u003cbr/\u003e\u003cb\u003eFB:\u003c/b\u003e \u003ca href=\u0027https://www.facebook.com/groups/beshvil.yael/posts/3713994768893647/\u0027\u003ehttps://www.facebook.com/groups/beshvil.yael/posts/3713994768893647/\u003c/a\u003e\u003cbr/\u003e\u003cbr/\u003e\u003cimg src=\u0027https://drive.google.com/uc?export=view\u0026amp;id=1XFCd3T3BxEHCMHNuf8evw7_QAtnJbHNk\u0027 width=\u0027450\u0027/\u003e\u003cbr/\u003e\u003c/div\u003e",
                                            "tessellate":  -1,
                                            "extrude":  0,
                                            "visibility":  -1
                                        },
                         "geometry":  {
                                          "type":  "Point",
                                          "coordinates":  [
                                                              34.89164,
                                                              32.50225,
                                                              0.0
                                                          ]
                                      }
                     },
                     {
                         "type":  "Feature",
                         "properties":  {
                                            "Name":  "#1666",
                                            "description":  "\u003cdiv dir=\u0027rtl\u0027 style=\u0027font-family:Arial;\u0027\u003e\u003cb\u003eשם:\u003c/b\u003e \u003cbr/\u003e\u003cb\u003eאתר:\u003c/b\u003e דיזנגוף סנטר\u003cbr/\u003e\u003cb\u003eתאריך:\u003c/b\u003e 12-05-2025\u003cbr/\u003e\u003cb\u003eID:\u003c/b\u003e 274\u003cbr/\u003e\u003cb\u003eFB:\u003c/b\u003e \u003ca href=\u0027https://www.facebook.com/groups/3235176716775457/posts/3640112209615237\u0027\u003ehttps://www.facebook.com/groups/3235176716775457/posts/3640112209615237\u003c/a\u003e\u003cbr/\u003e\u003cbr/\u003e\u003cimg src=\u0027https://drive.google.com/uc?export=view\u0026amp;id=1UCuYj6ZOW65uhv3zGhiMELTnMAsMSZa2\u0027 width=\u0027450\u0027/\u003e\u003cbr/\u003e\u003c/div\u003e",
                                            "tessellate":  -1,
                                            "extrude":  0,
                                            "visibility":  -1
                                        },
                         "geometry":  {
                                          "type":  "Point",
                                          "coordinates":  [
                                                              34.7749395,
                                                              32.0752924,
                                                              0.0
                                                          ]
                                      }
                     },
                     {
                         "type":  "Feature",
                         "properties":  {
                                            "Name":  "#1669",
                                            "description":  "\u003cdiv dir=\u0027rtl\u0027 style=\u0027font-family:Arial;\u0027\u003e\u003cb\u003eשם:\u003c/b\u003e נוגה קולינס-קריינר\u003cbr/\u003e\u003cb\u003eאתר:\u003c/b\u003e פרדסי השרון\u003cbr/\u003e\u003cb\u003eתאריך:\u003c/b\u003e 19-04-2025\u003cbr/\u003e\u003cb\u003eID:\u003c/b\u003e 253\u003cbr/\u003e\u003cb\u003eFB:\u003c/b\u003e \u003ca href=\u0027https://www.facebook.com/groups/3235176716775457/posts/3619413735018418/\u0027\u003ehttps://www.facebook.com/groups/3235176716775457/posts/3619413735018418/\u003c/a\u003e\u003cbr/\u003e\u003cbr/\u003e\u003cimg src=\u0027https://drive.google.com/uc?export=view\u0026amp;id=1J3XKrx3BnLHQY_21ig3dQM-ssXEcmbaP\u0027 width=\u0027450\u0027/\u003e\u003cbr/\u003e\u003c/div\u003e",
                                            "tessellate":  -1,
                                            "extrude":  0,
                                            "visibility":  -1
                                        },
                         "geometry":  {
                                          "type":  "Point",
                                          "coordinates":  [
                                                              34.9286096,
                                                              32.3235643,
                                                              0.0
                                                          ]
                                      }
                     },
                     {
                         "type":  "Feature",
                         "properties":  {
                                            "Name":  "#1676",
                                            "description":  "\u003cdiv dir=\u0027rtl\u0027 style=\u0027font-family:Arial;\u0027\u003e\u003cb\u003eשם:\u003c/b\u003e אלה פבלו\u003cbr/\u003e\u003cb\u003eאתר:\u003c/b\u003e הכותל המערבי\u003cbr/\u003e\u003cb\u003eתאריך:\u003c/b\u003e 18-08-2025\u003cbr/\u003e\u003cb\u003eID:\u003c/b\u003e 1583\u003cbr/\u003e\u003cb\u003eFB:\u003c/b\u003e \u003ca href=\u0027https://www.facebook.com/groups/beshvil.yael/posts/3725564727736651/\u0027\u003ehttps://www.facebook.com/groups/beshvil.yael/posts/3725564727736651/\u003c/a\u003e\u003cbr/\u003e\u003cbr/\u003e\u003cimg src=\u0027https://drive.google.com/uc?export=view\u0026amp;id=1ahP272_0Fo413Tr0UtCEDP8wL4zTKj-v\u0027 width=\u0027450\u0027/\u003e\u003cbr/\u003e\u003c/div\u003e",
                                            "tessellate":  -1,
                                            "extrude":  0,
                                            "visibility":  -1
                                        },
                         "geometry":  {
                                          "type":  "Point",
                                          "coordinates":  [
                                                              35.2335842,
                                                              31.7763869,
                                                              0.0
                                                          ]
                                      }
                     },
                     {
                         "type":  "Feature",
                         "properties":  {
                                            "Name":  "#1694",
                                            "description":  "\u003cdiv dir=\u0027rtl\u0027 style=\u0027font-family:Arial;\u0027\u003e\u003cb\u003eשם:\u003c/b\u003e נויה שגיב\u003cbr/\u003e\u003cb\u003eאתר:\u003c/b\u003e מצדה\u003cbr/\u003e\u003cb\u003eתאריך:\u003c/b\u003e 20-05-2025\u003cbr/\u003e\u003cb\u003eID:\u003c/b\u003e 700\u003cbr/\u003e\u003cb\u003eFB:\u003c/b\u003e \u003ca href=\u0027https://www.facebook.com/groups/3235176716775457/posts/3646255305667594/\u0027\u003ehttps://www.facebook.com/groups/3235176716775457/posts/3646255305667594/\u003c/a\u003e\u003cbr/\u003e\u003cbr/\u003e\u003cimg src=\u0027https://drive.google.com/uc?export=view\u0026amp;id=1p0yxNerHleed8_jPEpMqza-1WgvqR8By\u0027 width=\u0027450\u0027/\u003e\u003cbr/\u003e\u003c/div\u003e",
                                            "tessellate":  -1,
                                            "extrude":  0,
                                            "visibility":  -1
                                        },
                         "geometry":  {
                                          "type":  "Point",
                                          "coordinates":  [
                                                              35.3616358,
                                                              31.3109893,
                                                              0.0
                                                          ]
                                      }
                     },
                     {
                         "type":  "Feature",
                         "properties":  {
                                            "Name":  "#1695",
                                            "description":  "\u003cdiv dir=\u0027rtl\u0027 style=\u0027font-family:Arial;\u0027\u003e\u003cb\u003eשם:\u003c/b\u003e מרים הילה דיליאן\u003cbr/\u003e\u003cb\u003eאתר:\u003c/b\u003e בית שערים\u003cbr/\u003e\u003cb\u003eתאריך:\u003c/b\u003e 16-04-2025\u003cbr/\u003e\u003cb\u003eID:\u003c/b\u003e 311\u003cbr/\u003e\u003cb\u003eFB:\u003c/b\u003e \u003ca href=\u0027https://www.facebook.com/groups/3235176716775457/posts/3616987688594356/\u0027\u003ehttps://www.facebook.com/groups/3235176716775457/posts/3616987688594356/\u003c/a\u003e\u003cbr/\u003e\u003cbr/\u003e\u003cimg src=\u0027https://drive.google.com/uc?export=view\u0026amp;id=1Mj5mv0YbiIclvIynqZXxwS-JpWdDJR0x\u0027 width=\u0027450\u0027/\u003e\u003cbr/\u003e\u003c/div\u003e",
                                            "tessellate":  -1,
                                            "extrude":  0,
                                            "visibility":  -1
                                        },
                         "geometry":  {
                                          "type":  "Point",
                                          "coordinates":  [
                                                              35.179905,
                                                              32.697679,
                                                              0.0
                                                          ]
                                      }
                     },
                     {
                         "type":  "Feature",
                         "properties":  {
                                            "Name":  "#1695",
                                            "description":  "\u003cdiv dir=\u0027rtl\u0027 style=\u0027font-family:Arial;\u0027\u003e\u003cb\u003eשם:\u003c/b\u003e מירים הילה דיליאן\u003cbr/\u003e\u003cb\u003eאתר:\u003c/b\u003e בית שערים\u003cbr/\u003e\u003cb\u003eתאריך:\u003c/b\u003e 16-04-2025\u003cbr/\u003e\u003cb\u003eID:\u003c/b\u003e 540\u003cbr/\u003e\u003cb\u003eFB:\u003c/b\u003e \u003ca href=\u0027https://www.facebook.com/groups/3235176716775457/posts/3616987688594356/\u0027\u003ehttps://www.facebook.com/groups/3235176716775457/posts/3616987688594356/\u003c/a\u003e\u003cbr/\u003e\u003cbr/\u003e\u003cimg src=\u0027https://drive.google.com/uc?export=view\u0026amp;id=1Y4-_bhnFBwNAsPCh1KfCzXQqb63RTzeO\u0027 width=\u0027450\u0027/\u003e\u003cbr/\u003e\u003c/div\u003e",
                                            "tessellate":  -1,
                                            "extrude":  0,
                                            "visibility":  -1
                                        },
                         "geometry":  {
                                          "type":  "Point",
                                          "coordinates":  [
                                                              35.179905,
                                                              32.697679,
                                                              0.0
                                                          ]
                                      }
                     },
                     {
                         "type":  "Feature",
                         "properties":  {
                                            "Name":  "#1695",
                                            "description":  "\u003cdiv dir=\u0027rtl\u0027 style=\u0027font-family:Arial;\u0027\u003e\u003cb\u003eשם:\u003c/b\u003e מירים הילה דיליאן\u003cbr/\u003e\u003cb\u003eאתר:\u003c/b\u003e מערת אצבע\u003cbr/\u003e\u003cb\u003eתאריך:\u003c/b\u003e 16-04-2025\u003cbr/\u003e\u003cb\u003eID:\u003c/b\u003e 641\u003cbr/\u003e\u003cb\u003eFB:\u003c/b\u003e \u003ca href=\u0027https://www.facebook.com/groups/3235176716775457/permalink/3643140085979116/\u0027\u003ehttps://www.facebook.com/groups/3235176716775457/permalink/3643140085979116/\u003c/a\u003e\u003cbr/\u003e\u003cbr/\u003e\u003cimg src=\u0027https://drive.google.com/uc?export=view\u0026amp;id=1lLMGU3gPZ77CovDdtwzQBLObm-OAKpW5\u0027 width=\u0027450\u0027/\u003e\u003cbr/\u003e\u003c/div\u003e",
                                            "tessellate":  -1,
                                            "extrude":  0,
                                            "visibility":  -1
                                        },
                         "geometry":  {
                                          "type":  "Point",
                                          "coordinates":  [
                                                              34.9747375,
                                                              32.7118329,
                                                              0.0
                                                          ]
                                      }
                     },
                     {
                         "type":  "Feature",
                         "properties":  {
                                            "Name":  "#1700",
                                            "description":  "\u003cdiv dir=\u0027rtl\u0027 style=\u0027font-family:Arial;\u0027\u003e\u003cb\u003eשם:\u003c/b\u003e יוסי מוצפי\u003cbr/\u003e\u003cb\u003eאתר:\u003c/b\u003e הירדן ההררי\u003cbr/\u003e\u003cb\u003eתאריך:\u003c/b\u003e 28-03-2025\u003cbr/\u003e\u003cb\u003eID:\u003c/b\u003e 661\u003cbr/\u003e\u003cb\u003eFB:\u003c/b\u003e \u003ca href=\u0027https://www.facebook.com/groups/3235176716775457/permalink/3596882503938208/\u0027\u003ehttps://www.facebook.com/groups/3235176716775457/permalink/3596882503938208/\u003c/a\u003e\u003cbr/\u003e\u003cbr/\u003e\u003cimg src=\u0027https://drive.google.com/uc?export=view\u0026amp;id=1me7rUzDL5HfTnHbOIAdHnqJZCvQF7__m\u0027 width=\u0027450\u0027/\u003e\u003cbr/\u003e\u003c/div\u003e",
                                            "tessellate":  -1,
                                            "extrude":  0,
                                            "visibility":  -1
                                        },
                         "geometry":  {
                                          "type":  "Point",
                                          "coordinates":  [
                                                              35.6199013,
                                                              32.9353437,
                                                              0.0
                                                          ]
                                      }
                     },
                     {
                         "type":  "Feature",
                         "properties":  {
                                            "Name":  "#1700",
                                            "description":  "\u003cdiv dir=\u0027rtl\u0027 style=\u0027font-family:Arial;\u0027\u003e\u003cb\u003eשם:\u003c/b\u003e יוסי מוצפי\u003cbr/\u003e\u003cb\u003eאתר:\u003c/b\u003e אילת\u003cbr/\u003e\u003cb\u003eתאריך:\u003c/b\u003e 22-04-2025\u003cbr/\u003e\u003cb\u003eID:\u003c/b\u003e 207\u003cbr/\u003e\u003cb\u003eFB:\u003c/b\u003e \u003ca href=\u0027https://www.facebook.com/groups/3235176716775457/posts/3622410568052068/\u0027\u003ehttps://www.facebook.com/groups/3235176716775457/posts/3622410568052068/\u003c/a\u003e\u003cbr/\u003e\u003cbr/\u003e\u003cimg src=\u0027https://drive.google.com/uc?export=view\u0026amp;id=1G4QlebJrgcj8uh5doOXww00MoW3Q1z8V\u0027 width=\u0027450\u0027/\u003e\u003cbr/\u003e\u003c/div\u003e",
                                            "tessellate":  -1,
                                            "extrude":  0,
                                            "visibility":  -1
                                        },
                         "geometry":  {
                                          "type":  "Point",
                                          "coordinates":  [
                                                              34.9433538,
                                                              29.5608739,
                                                              0.0
                                                          ]
                                      }
                     },
                     {
                         "type":  "Feature",
                         "properties":  {
                                            "Name":  "#1700",
                                            "description":  "\u003cdiv dir=\u0027rtl\u0027 style=\u0027font-family:Arial;\u0027\u003e\u003cb\u003eשם:\u003c/b\u003e יוסי מוצפי\u003cbr/\u003e\u003cb\u003eאתר:\u003c/b\u003e אילת\u003cbr/\u003e\u003cb\u003eתאריך:\u003c/b\u003e 22-04-2025\u003cbr/\u003e\u003cb\u003eID:\u003c/b\u003e 213\u003cbr/\u003e\u003cb\u003eFB:\u003c/b\u003e \u003ca href=\u0027https://www.facebook.com/groups/3235176716775457/posts/3622410568052068/\u0027\u003ehttps://www.facebook.com/groups/3235176716775457/posts/3622410568052068/\u003c/a\u003e\u003cbr/\u003e\u003cbr/\u003e\u003cimg src=\u0027https://drive.google.com/uc?export=view\u0026amp;id=1GRcgpk95J4oB4PwdVcreCLg36KdJAX29\u0027 width=\u0027450\u0027/\u003e\u003cbr/\u003e\u003c/div\u003e",
                                            "tessellate":  -1,
                                            "extrude":  0,
                                            "visibility":  -1
                                        },
                         "geometry":  {
                                          "type":  "Point",
                                          "coordinates":  [
                                                              34.9423538,
                                                              29.5628739,
                                                              0.0
                                                          ]
                                      }
                     },
                     {
                         "type":  "Feature",
                         "properties":  {
                                            "Name":  "#1700",
                                            "description":  "\u003cdiv dir=\u0027rtl\u0027 style=\u0027font-family:Arial;\u0027\u003e\u003cb\u003eשם:\u003c/b\u003e יוסי מוצפי\u003cbr/\u003e\u003cb\u003eאתר:\u003c/b\u003e אילת\u003cbr/\u003e\u003cb\u003eתאריך:\u003c/b\u003e 22-04-2025\u003cbr/\u003e\u003cb\u003eID:\u003c/b\u003e 215\u003cbr/\u003e\u003cb\u003eFB:\u003c/b\u003e \u003ca href=\u0027https://www.facebook.com/groups/3235176716775457/posts/3622410568052068/\u0027\u003ehttps://www.facebook.com/groups/3235176716775457/posts/3622410568052068/\u003c/a\u003e\u003cbr/\u003e\u003cbr/\u003e\u003cimg src=\u0027https://drive.google.com/uc?export=view\u0026amp;id=1G_gxJE8SS3zDz6E1zbLHVZD21z4zLnSq\u0027 width=\u0027450\u0027/\u003e\u003cbr/\u003e\u003c/div\u003e",
                                            "tessellate":  -1,
                                            "extrude":  0,
                                            "visibility":  -1
                                        },
                         "geometry":  {
                                          "type":  "Point",
                                          "coordinates":  [
                                                              34.94335,
                                                              29.56087,
                                                              0.0
                                                          ]
                                      }
                     },
                     {
                         "type":  "Feature",
                         "properties":  {
                                            "Name":  "#1700",
                                            "description":  "\u003cdiv dir=\u0027rtl\u0027 style=\u0027font-family:Arial;\u0027\u003e\u003cb\u003eשם:\u003c/b\u003e יוסי מוצפי\u003cbr/\u003e\u003cb\u003eאתר:\u003c/b\u003e ירדנית\u003cbr/\u003e\u003cb\u003eתאריך:\u003c/b\u003e 24-08-2025\u003cbr/\u003e\u003cb\u003eID:\u003c/b\u003e 1639\u003cbr/\u003e\u003cb\u003eFB:\u003c/b\u003e \u003ca href=\u0027https://www.facebook.com/groups/beshvil.yael/posts/3730485933911197/\u0027\u003ehttps://www.facebook.com/groups/beshvil.yael/posts/3730485933911197/\u003c/a\u003e\u003cbr/\u003e\u003cbr/\u003e\u003cimg src=\u0027https://drive.google.com/uc?export=view\u0026amp;id=1GmmedklyU1gwtmKbR0poZ6oAUNZSEoEO\u0027 width=\u0027450\u0027/\u003e\u003cbr/\u003e\u003c/div\u003e",
                                            "tessellate":  -1,
                                            "extrude":  0,
                                            "visibility":  -1
                                        },
                         "geometry":  {
                                          "type":  "Point",
                                          "coordinates":  [
                                                              35.5707927,
                                                              32.7103544,
                                                              0.0
                                                          ]
                                      }
                     },
                     {
                         "type":  "Feature",
                         "properties":  {
                                            "Name":  "#1700",
                                            "description":  "\u003cdiv dir=\u0027rtl\u0027 style=\u0027font-family:Arial;\u0027\u003e\u003cb\u003eשם:\u003c/b\u003e יוסי מוצפי\u003cbr/\u003e\u003cb\u003eאתר:\u003c/b\u003e הכותל\u003cbr/\u003e\u003cb\u003eתאריך:\u003c/b\u003e 27-08-2025\u003cbr/\u003e\u003cb\u003eID:\u003c/b\u003e 1658\u003cbr/\u003e\u003cb\u003eFB:\u003c/b\u003e \u003ca href=\u0027https://www.facebook.com/groups/beshvil.yael/posts/3725532977739826/\u0027\u003ehttps://www.facebook.com/groups/beshvil.yael/posts/3725532977739826/\u003c/a\u003e\u003cbr/\u003e\u003cbr/\u003e\u003cimg src=\u0027https://drive.google.com/uc?export=view\u0026amp;id=1KwWonI5s4qFrB1TFBGBCznwKyh-5id2b\u0027 width=\u0027450\u0027/\u003e\u003cbr/\u003e\u003c/div\u003e",
                                            "tessellate":  -1,
                                            "extrude":  0,
                                            "visibility":  -1
                                        },
                         "geometry":  {
                                          "type":  "Point",
                                          "coordinates":  [
                                                              35.233493,
                                                              31.7766195,
                                                              0.0
                                                          ]
                                      }
                     },
                     {
                         "type":  "Feature",
                         "properties":  {
                                            "Name":  "#1700",
                                            "description":  "\u003cdiv dir=\u0027rtl\u0027 style=\u0027font-family:Arial;\u0027\u003e\u003cb\u003eשם:\u003c/b\u003e יוסי מוצפי\u003cbr/\u003e\u003cb\u003eאתר:\u003c/b\u003e הירדן ההררי\u003cbr/\u003e\u003cb\u003eתאריך:\u003c/b\u003e 24-04-2026\u003cbr/\u003e\u003cb\u003eID:\u003c/b\u003e 4227\u003cbr/\u003e\u003cb\u003eFB:\u003c/b\u003e \u003ca href=\u0027https://www.facebook.com/groups/beshvil.yael/posts/3952615351698253/\u0027\u003ehttps://www.facebook.com/groups/beshvil.yael/posts/3952615351698253/\u003c/a\u003e\u003cbr/\u003e\u003cbr/\u003e\u003cimg src=\u0027https://drive.google.com/uc?export=view\u0026amp;id=13Tl7OsuOer1xmUlW9CEX3l6CYWoOdGYM\u0027 width=\u0027450\u0027/\u003e\u003cbr/\u003e\u003c/div\u003e",
                                            "tessellate":  -1,
                                            "extrude":  0,
                                            "visibility":  -1
                                        },
                         "geometry":  {
                                          "type":  "Point",
                                          "coordinates":  [
                                                              35.62325,
                                                              32.93662,
                                                              0.0
                                                          ]
                                      }
                     },
                     {
                         "type":  "Feature",
                         "properties":  {
                                            "Name":  "#1700",
                                            "description":  "\u003cdiv dir=\u0027rtl\u0027 style=\u0027font-family:Arial;\u0027\u003e\u003cb\u003eשם:\u003c/b\u003e יוסי מוצפי\u003cbr/\u003e\u003cb\u003eאתר:\u003c/b\u003e עין אמפי.\u003cbr/\u003e\u003cb\u003eתאריך:\u003c/b\u003e 02-05-2026\u003cbr/\u003e\u003cb\u003eID:\u003c/b\u003e 4333\u003cbr/\u003e\u003cb\u003eFB:\u003c/b\u003e \u003ca href=\u0027https://www.facebook.com/groups/beshvil.yael/posts/3960673450892443\u0027\u003ehttps://www.facebook.com/groups/beshvil.yael/posts/3960673450892443\u003c/a\u003e\u003cbr/\u003e\u003cbr/\u003e\u003cimg src=\u0027https://drive.google.com/uc?export=view\u0026amp;id=1XMoJC0Zyb7n3fGqDiyraxSHkNr2d_jYN\u0027 width=\u0027450\u0027/\u003e\u003cbr/\u003e\u003c/div\u003e",
                                            "tessellate":  -1,
                                            "extrude":  0,
                                            "visibility":  -1
                                        },
                         "geometry":  {
                                          "type":  "Point",
                                          "coordinates":  [
                                                              35.66142,
                                                              32.9894,
                                                              0.0
                                                          ]
                                      }
                     },
                     {
                         "type":  "Feature",
                         "properties":  {
                                            "Name":  "#1701",
                                            "description":  "\u003cdiv dir=\u0027rtl\u0027 style=\u0027font-family:Arial;\u0027\u003e\u003cb\u003eשם:\u003c/b\u003e יוסי מוצפי\u003cbr/\u003e\u003cb\u003eאתר:\u003c/b\u003e אילת\u003cbr/\u003e\u003cb\u003eתאריך:\u003c/b\u003e 22-04-2025\u003cbr/\u003e\u003cb\u003eID:\u003c/b\u003e 25\u003cbr/\u003e\u003cb\u003eFB:\u003c/b\u003e \u003ca href=\u0027https://www.facebook.com/groups/3235176716775457/posts/3622410568052068/\u0027\u003ehttps://www.facebook.com/groups/3235176716775457/posts/3622410568052068/\u003c/a\u003e\u003cbr/\u003e\u003cbr/\u003e\u003cimg src=\u0027https://drive.google.com/uc?export=view\u0026amp;id=1G_gxJE8SS3zDz6E1zbLHVZD21z4zLnSq\u0027 width=\u0027450\u0027/\u003e\u003cbr/\u003e\u003c/div\u003e",
                                            "tessellate":  -1,
                                            "extrude":  0,
                                            "visibility":  -1
                                        },
                         "geometry":  {
                                          "type":  "Point",
                                          "coordinates":  [
                                                              34.94335,
                                                              29.56114,
                                                              0.0
                                                          ]
                                      }
                     },
                     {
                         "type":  "Feature",
                         "properties":  {
                                            "Name":  "#1701",
                                            "description":  "\u003cdiv dir=\u0027rtl\u0027 style=\u0027font-family:Arial;\u0027\u003e\u003cb\u003eשם:\u003c/b\u003e יוסי מוצפי\u003cbr/\u003e\u003cb\u003eאתר:\u003c/b\u003e אילת\u003cbr/\u003e\u003cb\u003eתאריך:\u003c/b\u003e 22-04-2025\u003cbr/\u003e\u003cb\u003eID:\u003c/b\u003e 278\u003cbr/\u003e\u003cb\u003eFB:\u003c/b\u003e \u003ca href=\u0027https://www.facebook.com/groups/3235176716775457/posts/3622410568052068/\u0027\u003ehttps://www.facebook.com/groups/3235176716775457/posts/3622410568052068/\u003c/a\u003e\u003cbr/\u003e\u003cbr/\u003e\u003cimg src=\u0027https://drive.google.com/uc?export=view\u0026amp;id=1GRcgpk95J4oB4PwdVcreCLg36KdJAX29\u0027 width=\u0027450\u0027/\u003e\u003cbr/\u003e\u003c/div\u003e",
                                            "tessellate":  -1,
                                            "extrude":  0,
                                            "visibility":  -1
                                        },
                         "geometry":  {
                                          "type":  "Point",
                                          "coordinates":  [
                                                              34.9423538,
                                                              29.5631439,
                                                              0.0
                                                          ]
                                      }
                     },
                     {
                         "type":  "Feature",
                         "properties":  {
                                            "Name":  "#1701",
                                            "description":  "\u003cdiv dir=\u0027rtl\u0027 style=\u0027font-family:Arial;\u0027\u003e\u003cb\u003eשם:\u003c/b\u003e יוסי מוצפי\u003cbr/\u003e\u003cb\u003eאתר:\u003c/b\u003e אילת\u003cbr/\u003e\u003cb\u003eתאריך:\u003c/b\u003e 22-04-2025\u003cbr/\u003e\u003cb\u003eID:\u003c/b\u003e 279\u003cbr/\u003e\u003cb\u003eFB:\u003c/b\u003e \u003ca href=\u0027https://www.facebook.com/groups/3235176716775457/posts/3622410568052068/\u0027\u003ehttps://www.facebook.com/groups/3235176716775457/posts/3622410568052068/\u003c/a\u003e\u003cbr/\u003e\u003cbr/\u003e\u003cimg src=\u0027https://drive.google.com/uc?export=view\u0026amp;id=1G4QlebJrgcj8uh5doOXww00MoW3Q1z8V\u0027 width=\u0027450\u0027/\u003e\u003cbr/\u003e\u003c/div\u003e",
                                            "tessellate":  -1,
                                            "extrude":  0,
                                            "visibility":  -1
                                        },
                         "geometry":  {
                                          "type":  "Point",
                                          "coordinates":  [
                                                              34.9433538,
                                                              29.5611439,
                                                              0.0
                                                          ]
                                      }
                     },
                     {
                         "type":  "Feature",
                         "properties":  {
                                            "Name":  "#1702",
                                            "description":  "\u003cdiv dir=\u0027rtl\u0027 style=\u0027font-family:Arial;\u0027\u003e\u003cb\u003eשם:\u003c/b\u003e יוסי מוצפי\u003cbr/\u003e\u003cb\u003eאתר:\u003c/b\u003e אילת\u003cbr/\u003e\u003cb\u003eתאריך:\u003c/b\u003e 22-04-2025\u003cbr/\u003e\u003cb\u003eID:\u003c/b\u003e 466\u003cbr/\u003e\u003cb\u003eFB:\u003c/b\u003e \u003ca href=\u0027https://www.facebook.com/groups/3235176716775457/posts/3622410568052068/\u0027\u003ehttps://www.facebook.com/groups/3235176716775457/posts/3622410568052068/\u003c/a\u003e\u003cbr/\u003e\u003cbr/\u003e\u003cimg src=\u0027https://drive.google.com/uc?export=view\u0026amp;id=1GRcgpk95J4oB4PwdVcreCLg36KdJAX29\u0027 width=\u0027450\u0027/\u003e\u003cbr/\u003e\u003c/div\u003e",
                                            "tessellate":  -1,
                                            "extrude":  0,
                                            "visibility":  -1
                                        },
                         "geometry":  {
                                          "type":  "Point",
                                          "coordinates":  [
                                                              34.9423538,
                                                              29.5634139,
                                                              0.0
                                                          ]
                                      }
                     },
                     {
                         "type":  "Feature",
                         "properties":  {
                                            "Name":  "#1703",
                                            "description":  "\u003cdiv dir=\u0027rtl\u0027 style=\u0027font-family:Arial;\u0027\u003e\u003cb\u003eשם:\u003c/b\u003e אמיס יעקבי\u003cbr/\u003e\u003cb\u003eאתר:\u003c/b\u003e עכו\u003cbr/\u003e\u003cb\u003eתאריך:\u003c/b\u003e 21-05-2025\u003cbr/\u003e\u003cb\u003eID:\u003c/b\u003e 260\u003cbr/\u003e\u003cb\u003eFB:\u003c/b\u003e \u003ca href=\u0027https://www.facebook.com/groups/3235176716775457/posts/3647348462224945/\u0027\u003ehttps://www.facebook.com/groups/3235176716775457/posts/3647348462224945/\u003c/a\u003e\u003cbr/\u003e\u003cbr/\u003e\u003cimg src=\u0027https://drive.google.com/uc?export=view\u0026amp;id=1nvmHHA6qLa5-ByyQKyqP0OwkSardnNz7\u0027 width=\u0027450\u0027/\u003e\u003cbr/\u003e\u003c/div\u003e",
                                            "tessellate":  -1,
                                            "extrude":  0,
                                            "visibility":  -1
                                        },
                         "geometry":  {
                                          "type":  "Point",
                                          "coordinates":  [
                                                              35.066815,
                                                              32.9210039,
                                                              0.0
                                                          ]
                                      }
                     },
                     {
                         "type":  "Feature",
                         "properties":  {
                                            "Name":  "#1703",
                                            "description":  "\u003cdiv dir=\u0027rtl\u0027 style=\u0027font-family:Arial;\u0027\u003e\u003cb\u003eשם:\u003c/b\u003e אמיס יעקבי\u003cbr/\u003e\u003cb\u003eאתר:\u003c/b\u003e אלכסדר זייד\u003cbr/\u003e\u003cb\u003eתאריך:\u003c/b\u003e 26-11-2025\u003cbr/\u003e\u003cb\u003eID:\u003c/b\u003e 2866\u003cbr/\u003e\u003cb\u003eFB:\u003c/b\u003e \u003ca href=\u0027https://www.facebook.com/groups/beshvil.yael/posts/3820146138278509\u0027\u003ehttps://www.facebook.com/groups/beshvil.yael/posts/3820146138278509\u003c/a\u003e\u003cbr/\u003e\u003cbr/\u003e\u003cimg src=\u0027https://drive.google.com/uc?export=view\u0026amp;id=1qLB_suOB-Vs2t2GfvlPkotAfJDKmncuR\u0027 width=\u0027450\u0027/\u003e\u003cbr/\u003e\u003c/div\u003e",
                                            "tessellate":  -1,
                                            "extrude":  0,
                                            "visibility":  -1
                                        },
                         "geometry":  {
                                          "type":  "Point",
                                          "coordinates":  [
                                                              35.12786,
                                                              32.7014,
                                                              0.0
                                                          ]
                                      }
                     },
                     {
                         "type":  "Feature",
                         "properties":  {
                                            "Name":  "#1703",
                                            "description":  "\u003cdiv dir=\u0027rtl\u0027 style=\u0027font-family:Arial;\u0027\u003e\u003cb\u003eשם:\u003c/b\u003e אמיס יעקבי\u003cbr/\u003e\u003cb\u003eאתר:\u003c/b\u003e מפל הבניאס\u003cbr/\u003e\u003cb\u003eתאריך:\u003c/b\u003e 03-01-2026\u003cbr/\u003e\u003cb\u003eID:\u003c/b\u003e 115\u003cbr/\u003e\u003cb\u003eFB:\u003c/b\u003e \u003ca href=\u0027https://www.facebook.com/groups/beshvil.yael/posts/3852032208423235/\u0027\u003ehttps://www.facebook.com/groups/beshvil.yael/posts/3852032208423235/\u003c/a\u003e\u003cbr/\u003e\u003cbr/\u003e\u003cimg src=\u0027https://drive.google.com/uc?export=view\u0026amp;id=12n0BcWndph3BwLvOuLilQkL4bCKkKp0v\u0027 width=\u0027450\u0027/\u003e\u003cbr/\u003e\u003c/div\u003e",
                                            "tessellate":  -1,
                                            "extrude":  0,
                                            "visibility":  -1
                                        },
                         "geometry":  {
                                          "type":  "Point",
                                          "coordinates":  [
                                                              35.68211,
                                                              33.24214,
                                                              0.0
                                                          ]
                                      }
                     },
                     {
                         "type":  "Feature",
                         "properties":  {
                                            "Name":  "#1703",
                                            "description":  "\u003cdiv dir=\u0027rtl\u0027 style=\u0027font-family:Arial;\u0027\u003e\u003cb\u003eשם:\u003c/b\u003e אמיס יעקבי\u003cbr/\u003e\u003cb\u003eאתר:\u003c/b\u003e קאסר אל-יהוד\u003cbr/\u003e\u003cb\u003eתאריך:\u003c/b\u003e 22-01-2026\u003cbr/\u003e\u003cb\u003eID:\u003c/b\u003e 101\u003cbr/\u003e\u003cb\u003eFB:\u003c/b\u003e \u003ca href=\u0027https://www.facebook.com/groups/beshvil.yael/posts/3868358216790634\u0027\u003ehttps://www.facebook.com/groups/beshvil.yael/posts/3868358216790634\u003c/a\u003e\u003cbr/\u003e\u003cbr/\u003e\u003cimg src=\u0027https://drive.google.com/uc?export=view\u0026amp;id=1Bzdm5zw5TxaC6_pBrOeKGKZSSeiK55j_\u0027 width=\u0027450\u0027/\u003e\u003cbr/\u003e\u003c/div\u003e",
                                            "tessellate":  -1,
                                            "extrude":  0,
                                            "visibility":  -1
                                        },
                         "geometry":  {
                                          "type":  "Point",
                                          "coordinates":  [
                                                              35.54106,
                                                              31.83931,
                                                              0.0
                                                          ]
                                      }
                     },
                     {
                         "type":  "Feature",
                         "properties":  {
                                            "Name":  "#1703",
                                            "description":  "\u003cdiv dir=\u0027rtl\u0027 style=\u0027font-family:Arial;\u0027\u003e\u003cb\u003eשם:\u003c/b\u003e אמיס יעקבי\u003cbr/\u003e\u003cb\u003eאתר:\u003c/b\u003e  מאגר גלעד\u003cbr/\u003e\u003cb\u003eתאריך:\u003c/b\u003e 31-01-2026\u003cbr/\u003e\u003cb\u003eID:\u003c/b\u003e 99\u003cbr/\u003e\u003cb\u003eFB:\u003c/b\u003e \u003ca href=\u0027https://www.facebook.com/groups/beshvil.yael/posts/3876866382606484/\u0027\u003ehttps://www.facebook.com/groups/beshvil.yael/posts/3876866382606484/\u003c/a\u003e\u003cbr/\u003e\u003cbr/\u003e\u003cimg src=\u0027https://drive.google.com/uc?export=view\u0026amp;id=1Y99KrVCMutjHPFQRklKIlRnRDY0eAYfH\u0027 width=\u0027450\u0027/\u003e\u003cbr/\u003e\u003c/div\u003e",
                                            "tessellate":  -1,
                                            "extrude":  0,
                                            "visibility":  -1
                                        },
                         "geometry":  {
                                          "type":  "Point",
                                          "coordinates":  [
                                                              35.0677,
                                                              32.56591,
                                                              0.0
                                                          ]
                                      }
                     },
                     {
                         "type":  "Feature",
                         "properties":  {
                                            "Name":  "#1703",
                                            "description":  "\u003cdiv dir=\u0027rtl\u0027 style=\u0027font-family:Arial;\u0027\u003e\u003cb\u003eשם:\u003c/b\u003e אמיס יעקבי\u003cbr/\u003e\u003cb\u003eאתר:\u003c/b\u003e נחל אוג\u003cbr/\u003e\u003cb\u003eתאריך:\u003c/b\u003e 14-02-2026\u003cbr/\u003e\u003cb\u003eID:\u003c/b\u003e 70\u003cbr/\u003e\u003cb\u003eFB:\u003c/b\u003e \u003ca href=\u0027https://www.facebook.com/groups/beshvil.yael/posts/3890104771282645/\u0027\u003ehttps://www.facebook.com/groups/beshvil.yael/posts/3890104771282645/\u003c/a\u003e\u003cbr/\u003e\u003cbr/\u003e\u003cimg src=\u0027https://drive.google.com/uc?export=view\u0026amp;id=1rXW9FO9NQwD9JZBdzvslOP8vco05G-a-\u0027 width=\u0027450\u0027/\u003e\u003cbr/\u003e\u003c/div\u003e",
                                            "tessellate":  -1,
                                            "extrude":  0,
                                            "visibility":  -1
                                        },
                         "geometry":  {
                                          "type":  "Point",
                                          "coordinates":  [
                                                              35.37766,
                                                              31.78441,
                                                              0.0
                                                          ]
                                      }
                     },
                     {
                         "type":  "Feature",
                         "properties":  {
                                            "Name":  "#1703",
                                            "description":  "\u003cdiv dir=\u0027rtl\u0027 style=\u0027font-family:Arial;\u0027\u003e\u003cb\u003eשם:\u003c/b\u003e אמיס יעקבי\u003cbr/\u003e\u003cb\u003eאתר:\u003c/b\u003e עין עבדת\u003cbr/\u003e\u003cb\u003eתאריך:\u003c/b\u003e 11-04-2026\u003cbr/\u003e\u003cb\u003eID:\u003c/b\u003e 478\u003cbr/\u003e\u003cb\u003eFB:\u003c/b\u003e \u003ca href=\u0027https://www.facebook.com/groups/beshvil.yael/posts/3941318229494632\u0027\u003ehttps://www.facebook.com/groups/beshvil.yael/posts/3941318229494632\u003c/a\u003e\u003cbr/\u003e\u003cbr/\u003e\u003cimg src=\u0027https://drive.google.com/uc?export=view\u0026amp;id=1c16U4LM8SpKkWO_1Rbvxar-mqH3sYJZ0\u0027 width=\u0027450\u0027/\u003e\u003cbr/\u003e\u003c/div\u003e",
                                            "tessellate":  -1,
                                            "extrude":  0,
                                            "visibility":  -1
                                        },
                         "geometry":  {
                                          "type":  "Point",
                                          "coordinates":  [
                                                              34.76248,
                                                              30.82618,
                                                              0.0
                                                          ]
                                      }
                     },
                     {
                         "type":  "Feature",
                         "properties":  {
                                            "Name":  "#1703",
                                            "description":  "\u003cdiv dir=\u0027rtl\u0027 style=\u0027font-family:Arial;\u0027\u003e\u003cb\u003eשם:\u003c/b\u003e אמיס יעקבי\u003cbr/\u003e\u003cb\u003eאתר:\u003c/b\u003e חאן שער הגיא\u003cbr/\u003e\u003cb\u003eתאריך:\u003c/b\u003e 13-05-2026\u003cbr/\u003e\u003cb\u003eID:\u003c/b\u003e 531\u003cbr/\u003e\u003cb\u003eFB:\u003c/b\u003e \u003ca href=\u0027https://www.facebook.com/groups/beshvil.yael/posts/3970825323210589\u0027\u003ehttps://www.facebook.com/groups/beshvil.yael/posts/3970825323210589\u003c/a\u003e\u003cbr/\u003e\u003cbr/\u003e\u003cimg src=\u0027https://drive.google.com/uc?export=view\u0026amp;id=1EEyqPGmZkqIRcapWs1ppoVYgNnylWAG8\u0027 width=\u0027450\u0027/\u003e\u003cbr/\u003e\u003c/div\u003e",
                                            "tessellate":  -1,
                                            "extrude":  0,
                                            "visibility":  -1
                                        },
                         "geometry":  {
                                          "type":  "Point",
                                          "coordinates":  [
                                                              35.02316,
                                                              31.81531,
                                                              0.0
                                                          ]
                                      }
                     },
                     {
                         "type":  "Feature",
                         "properties":  {
                                            "Name":  "#1705",
                                            "description":  "\u003cdiv dir=\u0027rtl\u0027 style=\u0027font-family:Arial;\u0027\u003e\u003cb\u003eשם:\u003c/b\u003e ורד קרמר\u003cbr/\u003e\u003cb\u003eאתר:\u003c/b\u003e עכו\u003cbr/\u003e\u003cb\u003eתאריך:\u003c/b\u003e 21-05-2025\u003cbr/\u003e\u003cb\u003eID:\u003c/b\u003e 686\u003cbr/\u003e\u003cb\u003eFB:\u003c/b\u003e \u003ca href=\u0027https://www.facebook.com/groups/3235176716775457/posts/3647348462224945/\u0027\u003ehttps://www.facebook.com/groups/3235176716775457/posts/3647348462224945/\u003c/a\u003e\u003cbr/\u003e\u003cbr/\u003e\u003cimg src=\u0027https://drive.google.com/uc?export=view\u0026amp;id=1nvmHHA6qLa5-ByyQKyqP0OwkSardnNz7\u0027 width=\u0027450\u0027/\u003e\u003cbr/\u003e\u003c/div\u003e",
                                            "tessellate":  -1,
                                            "extrude":  0,
                                            "visibility":  -1
                                        },
                         "geometry":  {
                                          "type":  "Point",
                                          "coordinates":  [
                                                              35.066815,
                                                              32.9207339,
                                                              0.0
                                                          ]
                                      }
                     },
                     {
                         "type":  "Feature",
                         "properties":  {
                                            "Name":  "#1705",
                                            "description":  "\u003cdiv dir=\u0027rtl\u0027 style=\u0027font-family:Arial;\u0027\u003e\u003cb\u003eשם:\u003c/b\u003e ורד קרמר\u003cbr/\u003e\u003cb\u003eאתר:\u003c/b\u003e חוף הים\u003cbr/\u003e\u003cb\u003eתאריך:\u003c/b\u003e 04-06-2025\u003cbr/\u003e\u003cb\u003eID:\u003c/b\u003e 906\u003cbr/\u003e\u003cb\u003eFB:\u003c/b\u003e \u003ca href=\u0027https://www.facebook.com/groups/3235176716775457/posts/3658836794409445/\u0027\u003ehttps://www.facebook.com/groups/3235176716775457/posts/3658836794409445/\u003c/a\u003e\u003cbr/\u003e\u003cbr/\u003e\u003cimg src=\u0027https://drive.google.com/uc?export=view\u0026amp;id=1Z5H0j-9buBsAyA3vOI_e1J4Zy5ELM0YP\u0027 width=\u0027450\u0027/\u003e\u003cbr/\u003e\u003c/div\u003e",
                                            "tessellate":  -1,
                                            "extrude":  0,
                                            "visibility":  -1
                                        },
                         "geometry":  {
                                          "type":  "Point",
                                          "coordinates":  [
                                                              34.6976161,
                                                              31.9279202,
                                                              0.0
                                                          ]
                                      }
                     },
                     {
                         "type":  "Feature",
                         "properties":  {
                                            "Name":  "#1705",
                                            "description":  "\u003cdiv dir=\u0027rtl\u0027 style=\u0027font-family:Arial;\u0027\u003e\u003cb\u003eשם:\u003c/b\u003e ורד קרמר\u003cbr/\u003e\u003cb\u003eאתר:\u003c/b\u003e אתר קני צבי-ים\u003cbr/\u003e\u003cb\u003eתאריך:\u003c/b\u003e 12-06-2025\u003cbr/\u003e\u003cb\u003eID:\u003c/b\u003e 998\u003cbr/\u003e\u003cb\u003eFB:\u003c/b\u003e \u003ca href=\u0027https://www.facebook.com/groups/beshvil.yael/posts/3665674360392355/\u0027\u003ehttps://www.facebook.com/groups/beshvil.yael/posts/3665674360392355/\u003c/a\u003e\u003cbr/\u003e\u003cbr/\u003e\u003cimg src=\u0027https://drive.google.com/uc?export=view\u0026amp;id=1flDLe-yaQ_-kTxtLSfEQxKaX9hPMouRz\u0027 width=\u0027450\u0027/\u003e\u003cbr/\u003e\u003c/div\u003e",
                                            "tessellate":  -1,
                                            "extrude":  0,
                                            "visibility":  -1
                                        },
                         "geometry":  {
                                          "type":  "Point",
                                          "coordinates":  [
                                                              34.6938194,
                                                              31.921218,
                                                              0.0
                                                          ]
                                      }
                     },
                     {
                         "type":  "Feature",
                         "properties":  {
                                            "Name":  "#1705",
                                            "description":  "\u003cdiv dir=\u0027rtl\u0027 style=\u0027font-family:Arial;\u0027\u003e\u003cb\u003eשם:\u003c/b\u003e ורד קרמר\u003cbr/\u003e\u003cb\u003eאתר:\u003c/b\u003e יד ושם\u003cbr/\u003e\u003cb\u003eתאריך:\u003c/b\u003e 21-08-2025\u003cbr/\u003e\u003cb\u003eID:\u003c/b\u003e 1614\u003cbr/\u003e\u003cb\u003eFB:\u003c/b\u003e \u003ca href=\u0027https://www.facebook.com/groups/beshvil.yael/posts/3728192700807187/\u0027\u003ehttps://www.facebook.com/groups/beshvil.yael/posts/3728192700807187/\u003c/a\u003e\u003cbr/\u003e\u003cbr/\u003e\u003cimg src=\u0027https://drive.google.com/uc?export=view\u0026amp;id=1_tQSymuZZNUkd4CN9lH2QBCxc0oLm5X2\u0027 width=\u0027450\u0027/\u003e\u003cbr/\u003e\u003c/div\u003e",
                                            "tessellate":  -1,
                                            "extrude":  0,
                                            "visibility":  -1
                                        },
                         "geometry":  {
                                          "type":  "Point",
                                          "coordinates":  [
                                                              35.175452,
                                                              31.7745128,
                                                              0.0
                                                          ]
                                      }
                     },
                     {
                         "type":  "Feature",
                         "properties":  {
                                            "Name":  "#1705",
                                            "description":  "\u003cdiv dir=\u0027rtl\u0027 style=\u0027font-family:Arial;\u0027\u003e\u003cb\u003eשם:\u003c/b\u003e ורד קרמר\u003cbr/\u003e\u003cb\u003eאתר:\u003c/b\u003e אנדרטת התצפיתניות\u003cbr/\u003e\u003cb\u003eתאריך:\u003c/b\u003e 20-11-2025\u003cbr/\u003e\u003cb\u003eID:\u003c/b\u003e 2795\u003cbr/\u003e\u003cb\u003eFB:\u003c/b\u003e \u003ca href=\u0027https://www.facebook.com/groups/beshvil.yael/posts/3814786458814477/\u0027\u003ehttps://www.facebook.com/groups/beshvil.yael/posts/3814786458814477/\u003c/a\u003e\u003cbr/\u003e\u003cbr/\u003e\u003cimg src=\u0027https://drive.google.com/uc?export=view\u0026amp;id=1BdzySEbGP7f9V4P1GZ_caf9Hx-0wGclz\u0027 width=\u0027450\u0027/\u003e\u003cbr/\u003e\u003c/div\u003e",
                                            "tessellate":  -1,
                                            "extrude":  0,
                                            "visibility":  -1
                                        },
                         "geometry":  {
                                          "type":  "Point",
                                          "coordinates":  [
                                                              34.52459,
                                                              31.46313,
                                                              0.0
                                                          ]
                                      }
                     },
                     {
                         "type":  "Feature",
                         "properties":  {
                                            "Name":  "#1705",
                                            "description":  "\u003cdiv dir=\u0027rtl\u0027 style=\u0027font-family:Arial;\u0027\u003e\u003cb\u003eשם:\u003c/b\u003e ורד קרמר\u003cbr/\u003e\u003cb\u003eאתר:\u003c/b\u003e אלכסדר זייד\u003cbr/\u003e\u003cb\u003eתאריך:\u003c/b\u003e 26-11-2025\u003cbr/\u003e\u003cb\u003eID:\u003c/b\u003e 137\u003cbr/\u003e\u003cb\u003eFB:\u003c/b\u003e \u003ca href=\u0027https://www.facebook.com/groups/beshvil.yael/posts/3820146138278509\u0027\u003ehttps://www.facebook.com/groups/beshvil.yael/posts/3820146138278509\u003c/a\u003e\u003cbr/\u003e\u003cbr/\u003e\u003cimg src=\u0027https://drive.google.com/uc?export=view\u0026amp;id=1qLB_suOB-Vs2t2GfvlPkotAfJDKmncuR\u0027 width=\u0027450\u0027/\u003e\u003cbr/\u003e\u003c/div\u003e",
                                            "tessellate":  -1,
                                            "extrude":  0,
                                            "visibility":  -1
                                        },
                         "geometry":  {
                                          "type":  "Point",
                                          "coordinates":  [
                                                              35.12786,
                                                              32.70167,
                                                              0.0
                                                          ]
                                      }
                     },
                     {
                         "type":  "Feature",
                         "properties":  {
                                            "Name":  "#1705",
                                            "description":  "\u003cdiv dir=\u0027rtl\u0027 style=\u0027font-family:Arial;\u0027\u003e\u003cb\u003eשם:\u003c/b\u003e ורד קרמר\u003cbr/\u003e\u003cb\u003eאתר:\u003c/b\u003e מפל הבניאס\u003cbr/\u003e\u003cb\u003eתאריך:\u003c/b\u003e 03-01-2026\u003cbr/\u003e\u003cb\u003eID:\u003c/b\u003e 3251\u003cbr/\u003e\u003cb\u003eFB:\u003c/b\u003e \u003ca href=\u0027https://www.facebook.com/groups/beshvil.yael/posts/3852032208423235/\u0027\u003ehttps://www.facebook.com/groups/beshvil.yael/posts/3852032208423235/\u003c/a\u003e\u003cbr/\u003e\u003cbr/\u003e\u003cimg src=\u0027https://drive.google.com/uc?export=view\u0026amp;id=12n0BcWndph3BwLvOuLilQkL4bCKkKp0v\u0027 width=\u0027450\u0027/\u003e\u003cbr/\u003e\u003c/div\u003e",
                                            "tessellate":  -1,
                                            "extrude":  0,
                                            "visibility":  -1
                                        },
                         "geometry":  {
                                          "type":  "Point",
                                          "coordinates":  [
                                                              35.68211,
                                                              33.24187,
                                                              0.0
                                                          ]
                                      }
                     },
                     {
                         "type":  "Feature",
                         "properties":  {
                                            "Name":  "#1705",
                                            "description":  "\u003cdiv dir=\u0027rtl\u0027 style=\u0027font-family:Arial;\u0027\u003e\u003cb\u003eשם:\u003c/b\u003e ורד קרמר\u003cbr/\u003e\u003cb\u003eאתר:\u003c/b\u003e מרכז להצלת צבי הים\u003cbr/\u003e\u003cb\u003eתאריך:\u003c/b\u003e 07-01-2026\u003cbr/\u003e\u003cb\u003eID:\u003c/b\u003e 3289\u003cbr/\u003e\u003cb\u003eFB:\u003c/b\u003e \u003ca href=\u0027https://www.facebook.com/groups/beshvil.yael/posts/3855384028088053\u0027\u003ehttps://www.facebook.com/groups/beshvil.yael/posts/3855384028088053\u003c/a\u003e\u003cbr/\u003e\u003cbr/\u003e\u003cimg src=\u0027https://drive.google.com/uc?export=view\u0026amp;id=1D5bTBFyKltWAmBpGwSis0IYkw9XfUk6M\u0027 width=\u0027450\u0027/\u003e\u003cbr/\u003e\u003c/div\u003e",
                                            "tessellate":  -1,
                                            "extrude":  0,
                                            "visibility":  -1
                                        },
                         "geometry":  {
                                          "type":  "Point",
                                          "coordinates":  [
                                                              34.86817,
                                                              32.39574,
                                                              0.0
                                                          ]
                                      }
                     },
                     {
                         "type":  "Feature",
                         "properties":  {
                                            "Name":  "#1705",
                                            "description":  "\u003cdiv dir=\u0027rtl\u0027 style=\u0027font-family:Arial;\u0027\u003e\u003cb\u003eשם:\u003c/b\u003e ורד קרמר\u003cbr/\u003e\u003cb\u003eאתר:\u003c/b\u003e קאסר אל-יהוד\u003cbr/\u003e\u003cb\u003eתאריך:\u003c/b\u003e 22-01-2026\u003cbr/\u003e\u003cb\u003eID:\u003c/b\u003e 3422\u003cbr/\u003e\u003cb\u003eFB:\u003c/b\u003e \u003ca href=\u0027https://www.facebook.com/groups/beshvil.yael/posts/3868358216790634\u0027\u003ehttps://www.facebook.com/groups/beshvil.yael/posts/3868358216790634\u003c/a\u003e\u003cbr/\u003e\u003cbr/\u003e\u003cimg src=\u0027https://drive.google.com/uc?export=view\u0026amp;id=1Bzdm5zw5TxaC6_pBrOeKGKZSSeiK55j_\u0027 width=\u0027450\u0027/\u003e\u003cbr/\u003e\u003c/div\u003e",
                                            "tessellate":  -1,
                                            "extrude":  0,
                                            "visibility":  -1
                                        },
                         "geometry":  {
                                          "type":  "Point",
                                          "coordinates":  [
                                                              35.54106,
                                                              31.83904,
                                                              0.0
                                                          ]
                                      }
                     },
                     {
                         "type":  "Feature",
                         "properties":  {
                                            "Name":  "#1705",
                                            "description":  "\u003cdiv dir=\u0027rtl\u0027 style=\u0027font-family:Arial;\u0027\u003e\u003cb\u003eשם:\u003c/b\u003e ורד קרמר\u003cbr/\u003e\u003cb\u003eאתר:\u003c/b\u003e  מאגר גלעד\u003cbr/\u003e\u003cb\u003eתאריך:\u003c/b\u003e 31-01-2026\u003cbr/\u003e\u003cb\u003eID:\u003c/b\u003e 3526\u003cbr/\u003e\u003cb\u003eFB:\u003c/b\u003e \u003ca href=\u0027https://www.facebook.com/groups/beshvil.yael/posts/3876866382606484/\u0027\u003ehttps://www.facebook.com/groups/beshvil.yael/posts/3876866382606484/\u003c/a\u003e\u003cbr/\u003e\u003cbr/\u003e\u003cimg src=\u0027https://drive.google.com/uc?export=view\u0026amp;id=1Y99KrVCMutjHPFQRklKIlRnRDY0eAYfH\u0027 width=\u0027450\u0027/\u003e\u003cbr/\u003e\u003c/div\u003e",
                                            "tessellate":  -1,
                                            "extrude":  0,
                                            "visibility":  -1
                                        },
                         "geometry":  {
                                          "type":  "Point",
                                          "coordinates":  [
                                                              35.0677,
                                                              32.56564,
                                                              0.0
                                                          ]
                                      }
                     },
                     {
                         "type":  "Feature",
                         "properties":  {
                                            "Name":  "#1705",
                                            "description":  "\u003cdiv dir=\u0027rtl\u0027 style=\u0027font-family:Arial;\u0027\u003e\u003cb\u003eשם:\u003c/b\u003e ורד קרמר\u003cbr/\u003e\u003cb\u003eאתר:\u003c/b\u003e נחל אוג\u003cbr/\u003e\u003cb\u003eתאריך:\u003c/b\u003e 14-02-2026\u003cbr/\u003e\u003cb\u003eID:\u003c/b\u003e 3711\u003cbr/\u003e\u003cb\u003eFB:\u003c/b\u003e \u003ca href=\u0027https://www.facebook.com/groups/beshvil.yael/posts/3890104771282645/\u0027\u003ehttps://www.facebook.com/groups/beshvil.yael/posts/3890104771282645/\u003c/a\u003e\u003cbr/\u003e\u003cbr/\u003e\u003cimg src=\u0027https://drive.google.com/uc?export=view\u0026amp;id=1rXW9FO9NQwD9JZBdzvslOP8vco05G-a-\u0027 width=\u0027450\u0027/\u003e\u003cbr/\u003e\u003c/div\u003e",
                                            "tessellate":  -1,
                                            "extrude":  0,
                                            "visibility":  -1
                                        },
                         "geometry":  {
                                          "type":  "Point",
                                          "coordinates":  [
                                                              35.37766,
                                                              31.78414,
                                                              0.0
                                                          ]
                                      }
                     },
                     {
                         "type":  "Feature",
                         "properties":  {
                                            "Name":  "#1705",
                                            "description":  "\u003cdiv dir=\u0027rtl\u0027 style=\u0027font-family:Arial;\u0027\u003e\u003cb\u003eשם:\u003c/b\u003e ורד קרמר\u003cbr/\u003e\u003cb\u003eאתר:\u003c/b\u003e חבל הבשור\u003cbr/\u003e\u003cb\u003eתאריך:\u003c/b\u003e 10-03-2026\u003cbr/\u003e\u003cb\u003eID:\u003c/b\u003e 3939\u003cbr/\u003e\u003cb\u003eFB:\u003c/b\u003e \u003ca href=\u0027https://www.facebook.com/groups/beshvil.yael/posts/3912201082406347\u0027\u003ehttps://www.facebook.com/groups/beshvil.yael/posts/3912201082406347\u003c/a\u003e\u003cbr/\u003e\u003cbr/\u003e\u003cimg src=\u0027https://drive.google.com/uc?export=view\u0026amp;id=1I6ABt6xhH-qy20X-3pXZyWJtWqBgS2et\u0027 width=\u0027450\u0027/\u003e\u003cbr/\u003e\u003c/div\u003e",
                                            "tessellate":  -1,
                                            "extrude":  0,
                                            "visibility":  -1
                                        },
                         "geometry":  {
                                          "type":  "Point",
                                          "coordinates":  [
                                                              34.52095,
                                                              31.21985,
                                                              0.0
                                                          ]
                                      }
                     },
                     {
                         "type":  "Feature",
                         "properties":  {
                                            "Name":  "#1705",
                                            "description":  "\u003cdiv dir=\u0027rtl\u0027 style=\u0027font-family:Arial;\u0027\u003e\u003cb\u003eשם:\u003c/b\u003e ורד קרמר\u003cbr/\u003e\u003cb\u003eאתר:\u003c/b\u003e עין עבדת\u003cbr/\u003e\u003cb\u003eתאריך:\u003c/b\u003e 11-04-2026\u003cbr/\u003e\u003cb\u003eID:\u003c/b\u003e 4104\u003cbr/\u003e\u003cb\u003eFB:\u003c/b\u003e \u003ca href=\u0027https://www.facebook.com/groups/beshvil.yael/posts/3941318229494632\u0027\u003ehttps://www.facebook.com/groups/beshvil.yael/posts/3941318229494632\u003c/a\u003e\u003cbr/\u003e\u003cbr/\u003e\u003cimg src=\u0027https://drive.google.com/uc?export=view\u0026amp;id=1c16U4LM8SpKkWO_1Rbvxar-mqH3sYJZ0\u0027 width=\u0027450\u0027/\u003e\u003cbr/\u003e\u003c/div\u003e",
                                            "tessellate":  -1,
                                            "extrude":  0,
                                            "visibility":  -1
                                        },
                         "geometry":  {
                                          "type":  "Point",
                                          "coordinates":  [
                                                              34.76248,
                                                              30.82591,
                                                              0.0
                                                          ]
                                      }
                     },
                     {
                         "type":  "Feature",
                         "properties":  {
                                            "Name":  "#1705",
                                            "description":  "\u003cdiv dir=\u0027rtl\u0027 style=\u0027font-family:Arial;\u0027\u003e\u003cb\u003eשם:\u003c/b\u003e ורד קרמר\u003cbr/\u003e\u003cb\u003eאתר:\u003c/b\u003e חוף גדור\u003cbr/\u003e\u003cb\u003eתאריך:\u003c/b\u003e 25-04-2026\u003cbr/\u003e\u003cb\u003eID:\u003c/b\u003e 4247\u003cbr/\u003e\u003cb\u003eFB:\u003c/b\u003e \u003ca href=\u0027https://www.facebook.com/groups/beshvil.yael/posts/3953708168255638\u0027\u003ehttps://www.facebook.com/groups/beshvil.yael/posts/3953708168255638\u003c/a\u003e\u003cbr/\u003e\u003cbr/\u003e\u003cimg src=\u0027https://drive.google.com/uc?export=view\u0026amp;id=111e8rRE_c1dFUXMOey2v1Cgu3OC6-Wpa\u0027 width=\u0027450\u0027/\u003e\u003cbr/\u003e\u003c/div\u003e",
                                            "tessellate":  -1,
                                            "extrude":  0,
                                            "visibility":  -1
                                        },
                         "geometry":  {
                                          "type":  "Point",
                                          "coordinates":  [
                                                              34.87567,
                                                              32.43162,
                                                              0.0
                                                          ]
                                      }
                     },
                     {
                         "type":  "Feature",
                         "properties":  {
                                            "Name":  "#1705",
                                            "description":  "\u003cdiv dir=\u0027rtl\u0027 style=\u0027font-family:Arial;\u0027\u003e\u003cb\u003eשם:\u003c/b\u003e ורד קרמר\u003cbr/\u003e\u003cb\u003eאתר:\u003c/b\u003e העיר העתיקה\u003cbr/\u003e\u003cb\u003eתאריך:\u003c/b\u003e 29-04-2026\u003cbr/\u003e\u003cb\u003eID:\u003c/b\u003e 4276\u003cbr/\u003e\u003cb\u003eFB:\u003c/b\u003e \u003ca href=\u0027https://www.facebook.com/groups/beshvil.yael/posts/3957805994512522\u0027\u003ehttps://www.facebook.com/groups/beshvil.yael/posts/3957805994512522\u003c/a\u003e\u003cbr/\u003e\u003cbr/\u003e\u003cimg src=\u0027https://drive.google.com/uc?export=view\u0026amp;id=1omu2CXnxcIC2VZmi0n0nzYpjnh27S9o9\u0027 width=\u0027450\u0027/\u003e\u003cbr/\u003e\u003c/div\u003e",
                                            "tessellate":  -1,
                                            "extrude":  0,
                                            "visibility":  -1
                                        },
                         "geometry":  {
                                          "type":  "Point",
                                          "coordinates":  [
                                                              35.23232,
                                                              31.77591,
                                                              0.0
                                                          ]
                                      }
                     },
                     {
                         "type":  "Feature",
                         "properties":  {
                                            "Name":  "#1705",
                                            "description":  "\u003cdiv dir=\u0027rtl\u0027 style=\u0027font-family:Arial;\u0027\u003e\u003cb\u003eשם:\u003c/b\u003e ורד קרמר\u003cbr/\u003e\u003cb\u003eאתר:\u003c/b\u003e הגשרים התלויים\u003cbr/\u003e\u003cb\u003eתאריך:\u003c/b\u003e 09-05-2026\u003cbr/\u003e\u003cb\u003eID:\u003c/b\u003e 4393\u003cbr/\u003e\u003cb\u003eFB:\u003c/b\u003e \u003ca href=\u0027https://www.facebook.com/groups/beshvil.yael/posts/3966815123611609\u0027\u003ehttps://www.facebook.com/groups/beshvil.yael/posts/3966815123611609\u003c/a\u003e\u003cbr/\u003e\u003cbr/\u003e\u003cimg src=\u0027https://drive.google.com/uc?export=view\u0026amp;id=1VFX_D0RhLvJ6KBymP6eQxaC8o8yS2ljs\u0027 width=\u0027450\u0027/\u003e\u003cbr/\u003e\u003c/div\u003e",
                                            "tessellate":  -1,
                                            "extrude":  0,
                                            "visibility":  -1
                                        },
                         "geometry":  {
                                          "type":  "Point",
                                          "coordinates":  [
                                                              35.03042,
                                                              32.76811,
                                                              0.0
                                                          ]
                                      }
                     },
                     {
                         "type":  "Feature",
                         "properties":  {
                                            "Name":  "#1705",
                                            "description":  "\u003cdiv dir=\u0027rtl\u0027 style=\u0027font-family:Arial;\u0027\u003e\u003cb\u003eשם:\u003c/b\u003e ורד קרמר\u003cbr/\u003e\u003cb\u003eאתר:\u003c/b\u003e חאן שער הגיא\u003cbr/\u003e\u003cb\u003eתאריך:\u003c/b\u003e 13-05-2026\u003cbr/\u003e\u003cb\u003eID:\u003c/b\u003e 4426\u003cbr/\u003e\u003cb\u003eFB:\u003c/b\u003e \u003ca href=\u0027https://www.facebook.com/groups/beshvil.yael/posts/3970825323210589\u0027\u003ehttps://www.facebook.com/groups/beshvil.yael/posts/3970825323210589\u003c/a\u003e\u003cbr/\u003e\u003cbr/\u003e\u003cimg src=\u0027https://drive.google.com/uc?export=view\u0026amp;id=1EEyqPGmZkqIRcapWs1ppoVYgNnylWAG8\u0027 width=\u0027450\u0027/\u003e\u003cbr/\u003e\u003c/div\u003e",
                                            "tessellate":  -1,
                                            "extrude":  0,
                                            "visibility":  -1
                                        },
                         "geometry":  {
                                          "type":  "Point",
                                          "coordinates":  [
                                                              35.02316,
                                                              31.81504,
                                                              0.0
                                                          ]
                                      }
                     },
                     {
                         "type":  "Feature",
                         "properties":  {
                                            "Name":  "#1706",
                                            "description":  "\u003cdiv dir=\u0027rtl\u0027 style=\u0027font-family:Arial;\u0027\u003e\u003cb\u003eשם:\u003c/b\u003e נטליה יעקובוב\u003cbr/\u003e\u003cb\u003eאתר:\u003c/b\u003e ים המלח\u003cbr/\u003e\u003cb\u003eתאריך:\u003c/b\u003e 19-05-2025\u003cbr/\u003e\u003cb\u003eID:\u003c/b\u003e 660\u003cbr/\u003e\u003cb\u003eFB:\u003c/b\u003e \u003ca href=\u0027https://www.facebook.com/groups/3235176716775457/permalink/3645797269046731/\u0027\u003ehttps://www.facebook.com/groups/3235176716775457/permalink/3645797269046731/\u003c/a\u003e\u003cbr/\u003e\u003cbr/\u003e\u003cimg src=\u0027https://drive.google.com/uc?export=view\u0026amp;id=1mYrmJdofhLCJHInti2gLeOay2QMFs8yw\u0027 width=\u0027450\u0027/\u003e\u003cbr/\u003e\u003c/div\u003e",
                                            "tessellate":  -1,
                                            "extrude":  0,
                                            "visibility":  -1
                                        },
                         "geometry":  {
                                          "type":  "Point",
                                          "coordinates":  [
                                                              35.38866,
                                                              31.52976,
                                                              0.0
                                                          ]
                                      }
                     },
                     {
                         "type":  "Feature",
                         "properties":  {
                                            "Name":  "#1713",
                                            "description":  "\u003cdiv dir=\u0027rtl\u0027 style=\u0027font-family:Arial;\u0027\u003e\u003cb\u003eשם:\u003c/b\u003e הירית סגל\u003cbr/\u003e\u003cb\u003eאתר:\u003c/b\u003e תל אביב\u003cbr/\u003e\u003cb\u003eתאריך:\u003c/b\u003e 14-05-2025\u003cbr/\u003e\u003cb\u003eID:\u003c/b\u003e 510\u003cbr/\u003e\u003cb\u003eFB:\u003c/b\u003e \u003ca href=\u0027https://www.facebook.com/groups/3235176716775457/posts/3641588512800940/\u0027\u003ehttps://www.facebook.com/groups/3235176716775457/posts/3641588512800940/\u003c/a\u003e\u003cbr/\u003e\u003cbr/\u003e\u003cimg src=\u0027https://drive.google.com/uc?export=view\u0026amp;id=1zK731_8Ms5MlPmi21GvTFssfZt0yJwuY\u0027 width=\u0027450\u0027/\u003e\u003cbr/\u003e\u003c/div\u003e",
                                            "tessellate":  -1,
                                            "extrude":  0,
                                            "visibility":  -1
                                        },
                         "geometry":  {
                                          "type":  "Point",
                                          "coordinates":  [
                                                              34.77801,
                                                              32.09024,
                                                              0.0
                                                          ]
                                      }
                     },
                     {
                         "type":  "Feature",
                         "properties":  {
                                            "Name":  "#1720",
                                            "description":  "\u003cdiv dir=\u0027rtl\u0027 style=\u0027font-family:Arial;\u0027\u003e\u003cb\u003eשם:\u003c/b\u003e \u003cbr/\u003e\u003cb\u003eאתר:\u003c/b\u003e אילת\u003cbr/\u003e\u003cb\u003eתאריך:\u003c/b\u003e 22-04-2025\u003cbr/\u003e\u003cb\u003eID:\u003c/b\u003e 280\u003cbr/\u003e\u003cb\u003eFB:\u003c/b\u003e \u003ca href=\u0027https://www.facebook.com/groups/3235176716775457/posts/3622410568052068/\u0027\u003ehttps://www.facebook.com/groups/3235176716775457/posts/3622410568052068/\u003c/a\u003e\u003cbr/\u003e\u003cbr/\u003e\u003cimg src=\u0027https://drive.google.com/uc?export=view\u0026amp;id=1G4QlebJrgcj8uh5doOXww00MoW3Q1z8V\u0027 width=\u0027450\u0027/\u003e\u003cbr/\u003e\u003c/div\u003e",
                                            "tessellate":  -1,
                                            "extrude":  0,
                                            "visibility":  -1
                                        },
                         "geometry":  {
                                          "type":  "Point",
                                          "coordinates":  [
                                                              34.9433538,
                                                              29.5614139,
                                                              0.0
                                                          ]
                                      }
                     },
                     {
                         "type":  "Feature",
                         "properties":  {
                                            "Name":  "#1737",
                                            "description":  "\u003cdiv dir=\u0027rtl\u0027 style=\u0027font-family:Arial;\u0027\u003e\u003cb\u003eשם:\u003c/b\u003e אליה בן דוד\u003cbr/\u003e\u003cb\u003eאתר:\u003c/b\u003e צוק הארבל\u003cbr/\u003e\u003cb\u003eתאריך:\u003c/b\u003e 08-01-2026\u003cbr/\u003e\u003cb\u003eID:\u003c/b\u003e 3296\u003cbr/\u003e\u003cb\u003eFB:\u003c/b\u003e \u003ca href=\u0027https://www.facebook.com/groups/beshvil.yael/posts/3856282167998239\u0027\u003ehttps://www.facebook.com/groups/beshvil.yael/posts/3856282167998239\u003c/a\u003e\u003cbr/\u003e\u003cbr/\u003e\u003cimg src=\u0027https://drive.google.com/uc?export=view\u0026amp;id=1eWQfoOsHyavM-4cgqWNmEGVappdq8CTB\u0027 width=\u0027450\u0027/\u003e\u003cbr/\u003e\u003c/div\u003e",
                                            "tessellate":  -1,
                                            "extrude":  0,
                                            "visibility":  -1
                                        },
                         "geometry":  {
                                          "type":  "Point",
                                          "coordinates":  [
                                                              35.49939,
                                                              32.82578,
                                                              0.0
                                                          ]
                                      }
                     },
                     {
                         "type":  "Feature",
                         "properties":  {
                                            "Name":  "#1737",
                                            "description":  "\u003cdiv dir=\u0027rtl\u0027 style=\u0027font-family:Arial;\u0027\u003e\u003cb\u003eשם:\u003c/b\u003e אליה בן דוד\u003cbr/\u003e\u003cb\u003eאתר:\u003c/b\u003e גבי פרס\u003cbr/\u003e\u003cb\u003eתאריך:\u003c/b\u003e 02-05-2026\u003cbr/\u003e\u003cb\u003eID:\u003c/b\u003e 4327\u003cbr/\u003e\u003cb\u003eFB:\u003c/b\u003e \u003ca href=\u0027https://www.facebook.com/groups/beshvil.yael/posts/3960531960906592/\u0027\u003ehttps://www.facebook.com/groups/beshvil.yael/posts/3960531960906592/\u003c/a\u003e\u003cbr/\u003e\u003cbr/\u003e\u003cimg src=\u0027https://drive.google.com/uc?export=view\u0026amp;id=1Ka-rLcVq1WxIfEwpVC4cNG5UgFAuI2yz\u0027 width=\u0027450\u0027/\u003e\u003cbr/\u003e\u003c/div\u003e",
                                            "tessellate":  -1,
                                            "extrude":  0,
                                            "visibility":  -1
                                        },
                         "geometry":  {
                                          "type":  "Point",
                                          "coordinates":  [
                                                              35.28885,
                                                              31.00902,
                                                              0.0
                                                          ]
                                      }
                     },
                     {
                         "type":  "Feature",
                         "properties":  {
                                            "Name":  "#1737",
                                            "description":  "\u003cdiv dir=\u0027rtl\u0027 style=\u0027font-family:Arial;\u0027\u003e\u003cb\u003eשם:\u003c/b\u003e אליה בן דוד\u003cbr/\u003e\u003cb\u003eאתר:\u003c/b\u003e נחל האסי\u003cbr/\u003e\u003cb\u003eתאריך:\u003c/b\u003e 11-05-2026\u003cbr/\u003e\u003cb\u003eID:\u003c/b\u003e 4407\u003cbr/\u003e\u003cb\u003eFB:\u003c/b\u003e \u003ca href=\u0027https://www.facebook.com/groups/beshvil.yael/posts/3968769003416221/\u0027\u003ehttps://www.facebook.com/groups/beshvil.yael/posts/3968769003416221/\u003c/a\u003e\u003cbr/\u003e\u003cbr/\u003e\u003cimg src=\u0027https://drive.google.com/uc?export=view\u0026amp;id=1OxxU0cJ78dsq0h_2UHeOwaQtqOAuZP1Q\u0027 width=\u0027450\u0027/\u003e\u003cbr/\u003e\u003c/div\u003e",
                                            "tessellate":  -1,
                                            "extrude":  0,
                                            "visibility":  -1
                                        },
                         "geometry":  {
                                          "type":  "Point",
                                          "coordinates":  [
                                                              35.45769,
                                                              32.504,
                                                              0.0
                                                          ]
                                      }
                     },
                     {
                         "type":  "Feature",
                         "properties":  {
                                            "Name":  "#1744",
                                            "description":  "\u003cdiv dir=\u0027rtl\u0027 style=\u0027font-family:Arial;\u0027\u003e\u003cb\u003eשם:\u003c/b\u003e איתמר בן דוד\u003cbr/\u003e\u003cb\u003eאתר:\u003c/b\u003e הר שלמה\u003cbr/\u003e\u003cb\u003eתאריך:\u003c/b\u003e 13-12-2025\u003cbr/\u003e\u003cb\u003eID:\u003c/b\u003e 3043\u003cbr/\u003e\u003cb\u003eFB:\u003c/b\u003e \u003ca href=\u0027https://www.facebook.com/groups/beshvil.yael/posts/3834542160172240/\u0027\u003ehttps://www.facebook.com/groups/beshvil.yael/posts/3834542160172240/\u003c/a\u003e\u003cbr/\u003e\u003cbr/\u003e\u003cimg src=\u0027https://drive.google.com/uc?export=view\u0026amp;id=1-JYXrL-4BkI79FEMrtQRbn3iOzzRclwE\u0027 width=\u0027450\u0027/\u003e\u003cbr/\u003e\u003c/div\u003e",
                                            "tessellate":  -1,
                                            "extrude":  0,
                                            "visibility":  -1
                                        },
                         "geometry":  {
                                          "type":  "Point",
                                          "coordinates":  [
                                                              34.89944,
                                                              29.58,
                                                              0.0
                                                          ]
                                      }
                     },
                     {
                         "type":  "Feature",
                         "properties":  {
                                            "Name":  "#1760",
                                            "description":  "\u003cdiv dir=\u0027rtl\u0027 style=\u0027font-family:Arial;\u0027\u003e\u003cb\u003eשם:\u003c/b\u003e שרון אוריאלי\u003cbr/\u003e\u003cb\u003eאתר:\u003c/b\u003e ירושלים\u003cbr/\u003e\u003cb\u003eתאריך:\u003c/b\u003e 27-03-2025\u003cbr/\u003e\u003cb\u003eID:\u003c/b\u003e 665\u003cbr/\u003e\u003cb\u003eFB:\u003c/b\u003e \u003ca href=\u0027https://www.facebook.com/groups/3235176716775457/permalink/3596245514001907/\u0027\u003ehttps://www.facebook.com/groups/3235176716775457/permalink/3596245514001907/\u003c/a\u003e\u003cbr/\u003e\u003cbr/\u003e\u003cimg src=\u0027https://drive.google.com/uc?export=view\u0026amp;id=1n1WpkmiS76tO9GttORRooHKGL03J3DMH\u0027 width=\u0027450\u0027/\u003e\u003cbr/\u003e\u003c/div\u003e",
                                            "tessellate":  -1,
                                            "extrude":  0,
                                            "visibility":  -1
                                        },
                         "geometry":  {
                                          "type":  "Point",
                                          "coordinates":  [
                                                              35.2253065,
                                                              31.7766165,
                                                              0.0
                                                          ]
                                      }
                     },
                     {
                         "type":  "Feature",
                         "properties":  {
                                            "Name":  "#1767",
                                            "description":  "\u003cdiv dir=\u0027rtl\u0027 style=\u0027font-family:Arial;\u0027\u003e\u003cb\u003eשם:\u003c/b\u003e אלה פבלו\u003cbr/\u003e\u003cb\u003eאתר:\u003c/b\u003e כינרת\u003cbr/\u003e\u003cb\u003eתאריך:\u003c/b\u003e 10-08-2025\u003cbr/\u003e\u003cb\u003eID:\u003c/b\u003e 1482\u003cbr/\u003e\u003cb\u003eFB:\u003c/b\u003e \u003ca href=\u0027https://www.facebook.com/groups/beshvil.yael/posts/3717750995184691/\u0027\u003ehttps://www.facebook.com/groups/beshvil.yael/posts/3717750995184691/\u003c/a\u003e\u003cbr/\u003e\u003cbr/\u003e\u003cimg src=\u0027https://drive.google.com/uc?export=view\u0026amp;id=1rz92lwFB76uL6fgAVxHxM6tx7nbxrkWt\u0027 width=\u0027450\u0027/\u003e\u003cbr/\u003e\u003c/div\u003e",
                                            "tessellate":  -1,
                                            "extrude":  0,
                                            "visibility":  -1
                                        },
                         "geometry":  {
                                          "type":  "Point",
                                          "coordinates":  [
                                                              35.642129,
                                                              32.8055292,
                                                              0.0
                                                          ]
                                      }
                     },
                     {
                         "type":  "Feature",
                         "properties":  {
                                            "Name":  "#1767",
                                            "description":  "\u003cdiv dir=\u0027rtl\u0027 style=\u0027font-family:Arial;\u0027\u003e\u003cb\u003eשם:\u003c/b\u003e אלה פבלו\u003cbr/\u003e\u003cb\u003eאתר:\u003c/b\u003e שאר ישוב\u003cbr/\u003e\u003cb\u003eתאריך:\u003c/b\u003e 27-08-2025\u003cbr/\u003e\u003cb\u003eID:\u003c/b\u003e 1657\u003cbr/\u003e\u003cb\u003eFB:\u003c/b\u003e \u003ca href=\u0027https://www.facebook.com/groups/beshvil.yael/posts/3729253054034485/\u0027\u003ehttps://www.facebook.com/groups/beshvil.yael/posts/3729253054034485/\u003c/a\u003e\u003cbr/\u003e\u003cbr/\u003e\u003cimg src=\u0027https://drive.google.com/uc?export=view\u0026amp;id=1CJFaBMI362OVLO8dCD8riaYlWx-ouhKC\u0027 width=\u0027450\u0027/\u003e\u003cbr/\u003e\u003c/div\u003e",
                                            "tessellate":  -1,
                                            "extrude":  0,
                                            "visibility":  -1
                                        },
                         "geometry":  {
                                          "type":  "Point",
                                          "coordinates":  [
                                                              35.6546248,
                                                              33.2266005,
                                                              0.0
                                                          ]
                                      }
                     },
                     {
                         "type":  "Feature",
                         "properties":  {
                                            "Name":  "#1771",
                                            "description":  "\u003cdiv dir=\u0027rtl\u0027 style=\u0027font-family:Arial;\u0027\u003e\u003cb\u003eשם:\u003c/b\u003e רן  באן\u003cbr/\u003e\u003cb\u003eאתר:\u003c/b\u003e מצדה\u003cbr/\u003e\u003cb\u003eתאריך:\u003c/b\u003e 01-08-2025\u003cbr/\u003e\u003cb\u003eID:\u003c/b\u003e 1359\u003cbr/\u003e\u003cb\u003eFB:\u003c/b\u003e \u003ca href=\u0027https://www.facebook.com/groups/beshvil.yael/posts/3709411772685280/\u0027\u003ehttps://www.facebook.com/groups/beshvil.yael/posts/3709411772685280/\u003c/a\u003e\u003cbr/\u003e\u003cbr/\u003e\u003cimg src=\u0027https://drive.google.com/uc?export=view\u0026amp;id=1KNBjft4mBdj4nEZRjwi2bkGA3f437fj9\u0027 width=\u0027450\u0027/\u003e\u003cbr/\u003e\u003c/div\u003e",
                                            "tessellate":  -1,
                                            "extrude":  0,
                                            "visibility":  -1
                                        },
                         "geometry":  {
                                          "type":  "Point",
                                          "coordinates":  [
                                                              35.3519369,
                                                              31.3142623,
                                                              0.0
                                                          ]
                                      }
                     },
                     {
                         "type":  "Feature",
                         "properties":  {
                                            "Name":  "#1771",
                                            "description":  "\u003cdiv dir=\u0027rtl\u0027 style=\u0027font-family:Arial;\u0027\u003e\u003cb\u003eשם:\u003c/b\u003e רן  באן\u003cbr/\u003e\u003cb\u003eאתר:\u003c/b\u003e אנדרטת התצפיתניות\u003cbr/\u003e\u003cb\u003eתאריך:\u003c/b\u003e 26-09-2025\u003cbr/\u003e\u003cb\u003eID:\u003c/b\u003e 2057\u003cbr/\u003e\u003cb\u003eFB:\u003c/b\u003e \u003ca href=\u0027https://www.facebook.com/groups/beshvil.yael/posts/3761234504169673\u0027\u003ehttps://www.facebook.com/groups/beshvil.yael/posts/3761234504169673\u003c/a\u003e\u003cbr/\u003e\u003cbr/\u003e\u003cimg src=\u0027https://drive.google.com/uc?export=view\u0026amp;id=12Nq7EGIdbNJNhWQ1LRNq-7abC7jiPclJ\u0027 width=\u0027450\u0027/\u003e\u003cbr/\u003e\u003c/div\u003e",
                                            "tessellate":  -1,
                                            "extrude":  0,
                                            "visibility":  -1
                                        },
                         "geometry":  {
                                          "type":  "Point",
                                          "coordinates":  [
                                                              34.52479,
                                                              31.46336,
                                                              0.0
                                                          ]
                                      }
                     },
                     {
                         "type":  "Feature",
                         "properties":  {
                                            "Name":  "#1771",
                                            "description":  "\u003cdiv dir=\u0027rtl\u0027 style=\u0027font-family:Arial;\u0027\u003e\u003cb\u003eשם:\u003c/b\u003e רן  באן\u003cbr/\u003e\u003cb\u003eאתר:\u003c/b\u003e יער צרעה\u003cbr/\u003e\u003cb\u003eתאריך:\u003c/b\u003e 13-02-2026\u003cbr/\u003e\u003cb\u003eID:\u003c/b\u003e 3689\u003cbr/\u003e\u003cb\u003eFB:\u003c/b\u003e \u003ca href=\u0027https://www.facebook.com/groups/beshvil.yael/posts/3888940738065715/\u0027\u003ehttps://www.facebook.com/groups/beshvil.yael/posts/3888940738065715/\u003c/a\u003e\u003cbr/\u003e\u003cbr/\u003e\u003cimg src=\u0027https://drive.google.com/uc?export=view\u0026amp;id=1qBdjti5ERuVdtvKkz6SUtSLVfmmqkxpu\u0027 width=\u0027450\u0027/\u003e\u003cbr/\u003e\u003c/div\u003e",
                                            "tessellate":  -1,
                                            "extrude":  0,
                                            "visibility":  -1
                                        },
                         "geometry":  {
                                          "type":  "Point",
                                          "coordinates":  [
                                                              34.97438,
                                                              31.78114,
                                                              0.0
                                                          ]
                                      }
                     },
                     {
                         "type":  "Feature",
                         "properties":  {
                                            "Name":  "#1771",
                                            "description":  "\u003cdiv dir=\u0027rtl\u0027 style=\u0027font-family:Arial;\u0027\u003e\u003cb\u003eשם:\u003c/b\u003e רן  באן\u003cbr/\u003e\u003cb\u003eאתר:\u003c/b\u003e כפר עזה\u003cbr/\u003e\u003cb\u003eתאריך:\u003c/b\u003e 18-02-2026\u003cbr/\u003e\u003cb\u003eID:\u003c/b\u003e 3758\u003cbr/\u003e\u003cb\u003eFB:\u003c/b\u003e \u003ca href=\u0027https://www.facebook.com/groups/beshvil.yael/posts/3893983757561413/\u0027\u003ehttps://www.facebook.com/groups/beshvil.yael/posts/3893983757561413/\u003c/a\u003e\u003cbr/\u003e\u003cbr/\u003e\u003cimg src=\u0027https://drive.google.com/uc?export=view\u0026amp;id=1jTZoKobWLOLVJJdG3rUt-DOW6YPNZJxN\u0027 width=\u0027450\u0027/\u003e\u003cbr/\u003e\u003c/div\u003e",
                                            "tessellate":  -1,
                                            "extrude":  0,
                                            "visibility":  -1
                                        },
                         "geometry":  {
                                          "type":  "Point",
                                          "coordinates":  [
                                                              34.53417,
                                                              31.48122,
                                                              0.0
                                                          ]
                                      }
                     },
                     {
                         "type":  "Feature",
                         "properties":  {
                                            "Name":  "#1771",
                                            "description":  "\u003cdiv dir=\u0027rtl\u0027 style=\u0027font-family:Arial;\u0027\u003e\u003cb\u003eשם:\u003c/b\u003e רן  באן\u003cbr/\u003e\u003cb\u003eאתר:\u003c/b\u003e מצפה דניאל בן הרוש\u003cbr/\u003e\u003cb\u003eתאריך:\u003c/b\u003e 18-02-2026\u003cbr/\u003e\u003cb\u003eID:\u003c/b\u003e 3760\u003cbr/\u003e\u003cb\u003eFB:\u003c/b\u003e \u003ca href=\u0027https://www.facebook.com/groups/beshvil.yael/posts/3894022164224239/\u0027\u003ehttps://www.facebook.com/groups/beshvil.yael/posts/3894022164224239/\u003c/a\u003e\u003cbr/\u003e\u003cbr/\u003e\u003cimg src=\u0027https://drive.google.com/uc?export=view\u0026amp;id=1hll-kEDe4SJSQcnjdmGmI6oQNWUAdEkc\u0027 width=\u0027450\u0027/\u003e\u003cbr/\u003e\u003c/div\u003e",
                                            "tessellate":  -1,
                                            "extrude":  0,
                                            "visibility":  -1
                                        },
                         "geometry":  {
                                          "type":  "Point",
                                          "coordinates":  [
                                                              34.420023,
                                                              31.360249,
                                                              0.0
                                                          ]
                                      }
                     },
                     {
                         "type":  "Feature",
                         "properties":  {
                                            "Name":  "#1775",
                                            "description":  "\u003cdiv dir=\u0027rtl\u0027 style=\u0027font-family:Arial;\u0027\u003e\u003cb\u003eשם:\u003c/b\u003e דלית אפריים שכבד\u003cbr/\u003e\u003cb\u003eאתר:\u003c/b\u003e מעלה פלמח\u003cbr/\u003e\u003cb\u003eתאריך:\u003c/b\u003e 22-03-2025\u003cbr/\u003e\u003cb\u003eID:\u003c/b\u003e 613\u003cbr/\u003e\u003cb\u003eFB:\u003c/b\u003e \u003ca href=\u0027https://www.facebook.com/groups/3235176716775457/permalink/3591701531122972/\u0027\u003ehttps://www.facebook.com/groups/3235176716775457/permalink/3591701531122972/\u003c/a\u003e\u003cbr/\u003e\u003cbr/\u003e\u003cimg src=\u0027https://drive.google.com/uc?export=view\u0026amp;id=1jLbaTo4R4VM4U8AqknrX_kEmIxZekC9x\u0027 width=\u0027450\u0027/\u003e\u003cbr/\u003e\u003c/div\u003e",
                                            "tessellate":  -1,
                                            "extrude":  0,
                                            "visibility":  -1
                                        },
                         "geometry":  {
                                          "type":  "Point",
                                          "coordinates":  [
                                                              35.0613889,
                                                              30.9311111,
                                                              0.0
                                                          ]
                                      }
                     },
                     {
                         "type":  "Feature",
                         "properties":  {
                                            "Name":  "#1775",
                                            "description":  "\u003cdiv dir=\u0027rtl\u0027 style=\u0027font-family:Arial;\u0027\u003e\u003cb\u003eשם:\u003c/b\u003e דלית אפריים שכבד\u003cbr/\u003e\u003cb\u003eאתר:\u003c/b\u003e בנימינה\u003cbr/\u003e\u003cb\u003eתאריך:\u003c/b\u003e 05-04-2025\u003cbr/\u003e\u003cb\u003eID:\u003c/b\u003e 484\u003cbr/\u003e\u003cb\u003eFB:\u003c/b\u003e \u003ca href=\u0027https://www.facebook.com/groups/3235176716775457/posts/3605645343061924/\u0027\u003ehttps://www.facebook.com/groups/3235176716775457/posts/3605645343061924/\u003c/a\u003e\u003cbr/\u003e\u003cbr/\u003e\u003cimg src=\u0027https://drive.google.com/uc?export=view\u0026amp;id=1Xx1PEOyni5SaBUNulkwi4qeZ5yMj6567\u0027 width=\u0027450\u0027/\u003e\u003cbr/\u003e\u003c/div\u003e",
                                            "tessellate":  -1,
                                            "extrude":  0,
                                            "visibility":  -1
                                        },
                         "geometry":  {
                                          "type":  "Point",
                                          "coordinates":  [
                                                              34.95509,
                                                              32.51707,
                                                              0.0
                                                          ]
                                      }
                     },
                     {
                         "type":  "Feature",
                         "properties":  {
                                            "Name":  "#1775",
                                            "description":  "\u003cdiv dir=\u0027rtl\u0027 style=\u0027font-family:Arial;\u0027\u003e\u003cb\u003eשם:\u003c/b\u003e דלית אפריים שכבד\u003cbr/\u003e\u003cb\u003eאתר:\u003c/b\u003e זכרון יעקב\u003cbr/\u003e\u003cb\u003eתאריך:\u003c/b\u003e 05-04-2025\u003cbr/\u003e\u003cb\u003eID:\u003c/b\u003e 485\u003cbr/\u003e\u003cb\u003eFB:\u003c/b\u003e \u003ca href=\u0027https://www.facebook.com/groups/3235176716775457/posts/3605645343061924/\u0027\u003ehttps://www.facebook.com/groups/3235176716775457/posts/3605645343061924/\u003c/a\u003e\u003cbr/\u003e\u003cbr/\u003e\u003cimg src=\u0027https://drive.google.com/uc?export=view\u0026amp;id=1Y-3SN-T2a6ozwpvD9bwSASdeEP_VZoHQ\u0027 width=\u0027450\u0027/\u003e\u003cbr/\u003e\u003c/div\u003e",
                                            "tessellate":  -1,
                                            "extrude":  0,
                                            "visibility":  -1
                                        },
                         "geometry":  {
                                          "type":  "Point",
                                          "coordinates":  [
                                                              34.95209,
                                                              32.57395,
                                                              0.0
                                                          ]
                                      }
                     },
                     {
                         "type":  "Feature",
                         "properties":  {
                                            "Name":  "#1775",
                                            "description":  "\u003cdiv dir=\u0027rtl\u0027 style=\u0027font-family:Arial;\u0027\u003e\u003cb\u003eשם:\u003c/b\u003e דלית אפריים שכבד\u003cbr/\u003e\u003cb\u003eאתר:\u003c/b\u003e מעגן מיכאל\u003cbr/\u003e\u003cb\u003eתאריך:\u003c/b\u003e 05-04-2025\u003cbr/\u003e\u003cb\u003eID:\u003c/b\u003e 486\u003cbr/\u003e\u003cb\u003eFB:\u003c/b\u003e \u003ca href=\u0027https://www.facebook.com/groups/3235176716775457/posts/3605645343061924/\u0027\u003ehttps://www.facebook.com/groups/3235176716775457/posts/3605645343061924/\u003c/a\u003e\u003cbr/\u003e\u003cbr/\u003e\u003cimg src=\u0027https://drive.google.com/uc?export=view\u0026amp;id=1Y6jwE_NLWuQizF6mvRr7KunYKVihEGKA\u0027 width=\u0027450\u0027/\u003e\u003cbr/\u003e\u003c/div\u003e",
                                            "tessellate":  -1,
                                            "extrude":  0,
                                            "visibility":  -1
                                        },
                         "geometry":  {
                                          "type":  "Point",
                                          "coordinates":  [
                                                              34.91781,
                                                              32.55871,
                                                              0.0
                                                          ]
                                      }
                     },
                     {
                         "type":  "Feature",
                         "properties":  {
                                            "Name":  "#1775",
                                            "description":  "\u003cdiv dir=\u0027rtl\u0027 style=\u0027font-family:Arial;\u0027\u003e\u003cb\u003eשם:\u003c/b\u003e דלית אפריים שכבד\u003cbr/\u003e\u003cb\u003eאתר:\u003c/b\u003e לכיש\u003cbr/\u003e\u003cb\u003eתאריך:\u003c/b\u003e 05-04-2025\u003cbr/\u003e\u003cb\u003eID:\u003c/b\u003e 491\u003cbr/\u003e\u003cb\u003eFB:\u003c/b\u003e \u003ca href=\u0027https://www.facebook.com/groups/3235176716775457/posts/3605598119733313/\u0027\u003ehttps://www.facebook.com/groups/3235176716775457/posts/3605598119733313/\u003c/a\u003e\u003cbr/\u003e\u003cbr/\u003e\u003cimg src=\u0027https://drive.google.com/uc?export=view\u0026amp;id=1YW0wrZ-d6SK133SNBJDLCt1WmwQ_49KY\u0027 width=\u0027450\u0027/\u003e\u003cbr/\u003e\u003c/div\u003e",
                                            "tessellate":  -1,
                                            "extrude":  0,
                                            "visibility":  -1
                                        },
                         "geometry":  {
                                          "type":  "Point",
                                          "coordinates":  [
                                                              34.8514147,
                                                              31.5599559,
                                                              0.0
                                                          ]
                                      }
                     },
                     {
                         "type":  "Feature",
                         "properties":  {
                                            "Name":  "#1775",
                                            "description":  "\u003cdiv dir=\u0027rtl\u0027 style=\u0027font-family:Arial;\u0027\u003e\u003cb\u003eשם:\u003c/b\u003e דלית אפריים שכבד\u003cbr/\u003e\u003cb\u003eאתר:\u003c/b\u003e לכיש\u003cbr/\u003e\u003cb\u003eתאריך:\u003c/b\u003e 05-04-2025\u003cbr/\u003e\u003cb\u003eID:\u003c/b\u003e 492\u003cbr/\u003e\u003cb\u003eFB:\u003c/b\u003e \u003ca href=\u0027https://www.facebook.com/groups/3235176716775457/posts/3605598119733313\u0027\u003ehttps://www.facebook.com/groups/3235176716775457/posts/3605598119733313\u003c/a\u003e\u003cbr/\u003e\u003cbr/\u003e\u003cimg src=\u0027https://drive.google.com/uc?export=view\u0026amp;id=1Y_T4PNnG0iySdiGATEpWkFrj5g0VULsz\u0027 width=\u0027450\u0027/\u003e\u003cbr/\u003e\u003c/div\u003e",
                                            "tessellate":  -1,
                                            "extrude":  0,
                                            "visibility":  -1
                                        },
                         "geometry":  {
                                          "type":  "Point",
                                          "coordinates":  [
                                                              34.8514147,
                                                              31.5599559,
                                                              0.0
                                                          ]
                                      }
                     },
                     {
                         "type":  "Feature",
                         "properties":  {
                                            "Name":  "#1775",
                                            "description":  "\u003cdiv dir=\u0027rtl\u0027 style=\u0027font-family:Arial;\u0027\u003e\u003cb\u003eשם:\u003c/b\u003e דלית אפריים שכבד\u003cbr/\u003e\u003cb\u003eאתר:\u003c/b\u003e עין הוד\u003cbr/\u003e\u003cb\u003eתאריך:\u003c/b\u003e 25-04-2025\u003cbr/\u003e\u003cb\u003eID:\u003c/b\u003e 177\u003cbr/\u003e\u003cb\u003eFB:\u003c/b\u003e \u003ca href=\u0027https://www.facebook.com/groups/3235176716775457/posts/3625023844457407/\u0027\u003ehttps://www.facebook.com/groups/3235176716775457/posts/3625023844457407/\u003c/a\u003e\u003cbr/\u003e\u003cbr/\u003e\u003cimg src=\u0027https://drive.google.com/uc?export=view\u0026amp;id=1EBW06B-XrV1KD1Gy4mk4njCRJzieyVKS\u0027 width=\u0027450\u0027/\u003e\u003cbr/\u003e\u003c/div\u003e",
                                            "tessellate":  -1,
                                            "extrude":  0,
                                            "visibility":  -1
                                        },
                         "geometry":  {
                                          "type":  "Point",
                                          "coordinates":  [
                                                              34.9925576,
                                                              32.7040263,
                                                              0.0
                                                          ]
                                      }
                     },
                     {
                         "type":  "Feature",
                         "properties":  {
                                            "Name":  "#1775",
                                            "description":  "\u003cdiv dir=\u0027rtl\u0027 style=\u0027font-family:Arial;\u0027\u003e\u003cb\u003eשם:\u003c/b\u003e דלית אפריים שכבד\u003cbr/\u003e\u003cb\u003eאתר:\u003c/b\u003e נחל כזיב\u003cbr/\u003e\u003cb\u003eתאריך:\u003c/b\u003e 18-05-2025\u003cbr/\u003e\u003cb\u003eID:\u003c/b\u003e 614\u003cbr/\u003e\u003cb\u003eFB:\u003c/b\u003e \u003ca href=\u0027https://www.facebook.com/groups/3235176716775457/posts/3645168505776274/\u0027\u003ehttps://www.facebook.com/groups/3235176716775457/posts/3645168505776274/\u003c/a\u003e\u003cbr/\u003e\u003cbr/\u003e\u003cimg src=\u0027https://drive.google.com/uc?export=view\u0026amp;id=1jPfbfJUj_HOjwRzyQuD65MJ3PHqS22iG\u0027 width=\u0027450\u0027/\u003e\u003cbr/\u003e\u003c/div\u003e",
                                            "tessellate":  -1,
                                            "extrude":  0,
                                            "visibility":  -1
                                        },
                         "geometry":  {
                                          "type":  "Point",
                                          "coordinates":  [
                                                              35.28044,
                                                              33.02796,
                                                              0.0
                                                          ]
                                      }
                     },
                     {
                         "type":  "Feature",
                         "properties":  {
                                            "Name":  "#1775",
                                            "description":  "\u003cdiv dir=\u0027rtl\u0027 style=\u0027font-family:Arial;\u0027\u003e\u003cb\u003eשם:\u003c/b\u003e דלית אפריים שכבד\u003cbr/\u003e\u003cb\u003eאתר:\u003c/b\u003e בריכת המשושים\u003cbr/\u003e\u003cb\u003eתאריך:\u003c/b\u003e 01-06-2025\u003cbr/\u003e\u003cb\u003eID:\u003c/b\u003e 869\u003cbr/\u003e\u003cb\u003eFB:\u003c/b\u003e \u003ca href=\u0027https://www.facebook.com/groups/3235176716775457/posts/3656692564623868/\u0027\u003ehttps://www.facebook.com/groups/3235176716775457/posts/3656692564623868/\u003c/a\u003e\u003cbr/\u003e\u003cbr/\u003e\u003cimg src=\u0027https://drive.google.com/uc?export=view\u0026amp;id=1YrZwo7X5E6J9Mr7SeamG67IxDXi3H7yw\u0027 width=\u0027450\u0027/\u003e\u003cbr/\u003e\u003c/div\u003e",
                                            "tessellate":  -1,
                                            "extrude":  0,
                                            "visibility":  -1
                                        },
                         "geometry":  {
                                          "type":  "Point",
                                          "coordinates":  [
                                                              35.6617502,
                                                              32.9399743,
                                                              0.0
                                                          ]
                                      }
                     },
                     {
                         "type":  "Feature",
                         "properties":  {
                                            "Name":  "#1775",
                                            "description":  "\u003cdiv dir=\u0027rtl\u0027 style=\u0027font-family:Arial;\u0027\u003e\u003cb\u003eשם:\u003c/b\u003e דלית אפריים שכבד\u003cbr/\u003e\u003cb\u003eאתר:\u003c/b\u003e קירית אתא\u003cbr/\u003e\u003cb\u003eתאריך:\u003c/b\u003e 19-07-2025\u003cbr/\u003e\u003cb\u003eID:\u003c/b\u003e 1245\u003cbr/\u003e\u003cb\u003eFB:\u003c/b\u003e \u003ca href=\u0027https://www.facebook.com/groups/beshvil.yael/posts/3698326763793781/\u0027\u003ehttps://www.facebook.com/groups/beshvil.yael/posts/3698326763793781/\u003c/a\u003e\u003cbr/\u003e\u003cbr/\u003e\u003cimg src=\u0027https://drive.google.com/uc?export=view\u0026amp;id=1o2RwhUwPWwG53xt9savOQqAFMs-U7LgI\u0027 width=\u0027450\u0027/\u003e\u003cbr/\u003e\u003c/div\u003e",
                                            "tessellate":  -1,
                                            "extrude":  0,
                                            "visibility":  -1
                                        },
                         "geometry":  {
                                          "type":  "Point",
                                          "coordinates":  [
                                                              35.1214898,
                                                              32.8009201,
                                                              0.0
                                                          ]
                                      }
                     },
                     {
                         "type":  "Feature",
                         "properties":  {
                                            "Name":  "#1775",
                                            "description":  "\u003cdiv dir=\u0027rtl\u0027 style=\u0027font-family:Arial;\u0027\u003e\u003cb\u003eשם:\u003c/b\u003e דלית אפריים שכבד\u003cbr/\u003e\u003cb\u003eאתר:\u003c/b\u003e מצפור הדר גולדין\u003cbr/\u003e\u003cb\u003eתאריך:\u003c/b\u003e 11-10-2025\u003cbr/\u003e\u003cb\u003eID:\u003c/b\u003e 2330\u003cbr/\u003e\u003cb\u003eFB:\u003c/b\u003e \u003ca href=\u0027https://www.facebook.com/groups/beshvil.yael/posts/3776566435969813/\u0027\u003ehttps://www.facebook.com/groups/beshvil.yael/posts/3776566435969813/\u003c/a\u003e\u003cbr/\u003e\u003cbr/\u003e\u003cimg src=\u0027https://drive.google.com/uc?export=view\u0026amp;id=1abQ-CdBYheZV8p653U3jTPU87rt7HA6E\u0027 width=\u0027450\u0027/\u003e\u003cbr/\u003e\u003c/div\u003e",
                                            "tessellate":  -1,
                                            "extrude":  0,
                                            "visibility":  -1
                                        },
                         "geometry":  {
                                          "type":  "Point",
                                          "coordinates":  [
                                                              35.03151,
                                                              32.24621,
                                                              0.0
                                                          ]
                                      }
                     },
                     {
                         "type":  "Feature",
                         "properties":  {
                                            "Name":  "#1775",
                                            "description":  "\u003cdiv dir=\u0027rtl\u0027 style=\u0027font-family:Arial;\u0027\u003e\u003cb\u003eשם:\u003c/b\u003e דלית אפריים שכבד\u003cbr/\u003e\u003cb\u003eאתר:\u003c/b\u003e טיילת יפה נוף\u003cbr/\u003e\u003cb\u003eתאריך:\u003c/b\u003e 23-11-2025\u003cbr/\u003e\u003cb\u003eID:\u003c/b\u003e 2845\u003cbr/\u003e\u003cb\u003eFB:\u003c/b\u003e \u003ca href=\u0027https://www.facebook.com/groups/beshvil.yael/posts/3817223015237488/\u0027\u003ehttps://www.facebook.com/groups/beshvil.yael/posts/3817223015237488/\u003c/a\u003e\u003cbr/\u003e\u003cbr/\u003e\u003cimg src=\u0027https://drive.google.com/uc?export=view\u0026amp;id=1XPUZbHoIwaWrnlHQT_s6EMo6OxQAtqyp\u0027 width=\u0027450\u0027/\u003e\u003cbr/\u003e\u003c/div\u003e",
                                            "tessellate":  -1,
                                            "extrude":  0,
                                            "visibility":  -1
                                        },
                         "geometry":  {
                                          "type":  "Point",
                                          "coordinates":  [
                                                              34.98276,
                                                              32.81277,
                                                              0.0
                                                          ]
                                      }
                     },
                     {
                         "type":  "Feature",
                         "properties":  {
                                            "Name":  "#1775",
                                            "description":  "\u003cdiv dir=\u0027rtl\u0027 style=\u0027font-family:Arial;\u0027\u003e\u003cb\u003eשם:\u003c/b\u003e דלית אפריים שכבד\u003cbr/\u003e\u003cb\u003eאתר:\u003c/b\u003e מנזר סנט ג\u0026quot;ורג\u0027\u003cbr/\u003e\u003cb\u003eתאריך:\u003c/b\u003e 06-12-2025\u003cbr/\u003e\u003cb\u003eID:\u003c/b\u003e 2973\u003cbr/\u003e\u003cb\u003eFB:\u003c/b\u003e \u003ca href=\u0027https://www.facebook.com/groups/beshvil.yael/posts/3828142900812166\u0027\u003ehttps://www.facebook.com/groups/beshvil.yael/posts/3828142900812166\u003c/a\u003e\u003cbr/\u003e\u003cbr/\u003e\u003cimg src=\u0027https://drive.google.com/uc?export=view\u0026amp;id=1gzdJWGBDiWe7PWm67d5aaHDLPEU1eglt\u0027 width=\u0027450\u0027/\u003e\u003cbr/\u003e\u003c/div\u003e",
                                            "tessellate":  -1,
                                            "extrude":  0,
                                            "visibility":  -1
                                        },
                         "geometry":  {
                                          "type":  "Point",
                                          "coordinates":  [
                                                              35.39413,
                                                              31.85752,
                                                              0.0
                                                          ]
                                      }
                     },
                     {
                         "type":  "Feature",
                         "properties":  {
                                            "Name":  "#1775",
                                            "description":  "\u003cdiv dir=\u0027rtl\u0027 style=\u0027font-family:Arial;\u0027\u003e\u003cb\u003eשם:\u003c/b\u003e דלית אפריים שכבד\u003cbr/\u003e\u003cb\u003eאתר:\u003c/b\u003e צעדת התצפיתניות\u003cbr/\u003e\u003cb\u003eתאריך:\u003c/b\u003e 27-02-2026\u003cbr/\u003e\u003cb\u003eID:\u003c/b\u003e 3882\u003cbr/\u003e\u003cb\u003eFB:\u003c/b\u003e \u003ca href=\u0027https://www.facebook.com/groups/beshvil.yael/posts/3902667523359703/\u0027\u003ehttps://www.facebook.com/groups/beshvil.yael/posts/3902667523359703/\u003c/a\u003e\u003cbr/\u003e\u003cbr/\u003e\u003cimg src=\u0027https://drive.google.com/uc?export=view\u0026amp;id=1gk6ivylE97ZhQSUox-b2DoyV7ghMhkRH\u0027 width=\u0027450\u0027/\u003e\u003cbr/\u003e\u003c/div\u003e",
                                            "tessellate":  -1,
                                            "extrude":  0,
                                            "visibility":  -1
                                        },
                         "geometry":  {
                                          "type":  "Point",
                                          "coordinates":  [
                                                              34.52345,
                                                              31.46462,
                                                              0.0
                                                          ]
                                      }
                     },
                     {
                         "type":  "Feature",
                         "properties":  {
                                            "Name":  "#1775",
                                            "description":  "\u003cdiv dir=\u0027rtl\u0027 style=\u0027font-family:Arial;\u0027\u003e\u003cb\u003eשם:\u003c/b\u003e דלית אפריים שכבד\u003cbr/\u003e\u003cb\u003eאתר:\u003c/b\u003e נחל חצצון\u003cbr/\u003e\u003cb\u003eתאריך:\u003c/b\u003e 09-03-2026\u003cbr/\u003e\u003cb\u003eID:\u003c/b\u003e 3934\u003cbr/\u003e\u003cb\u003eFB:\u003c/b\u003e \u003ca href=\u0027https://www.facebook.com/groups/beshvil.yael/posts/3911141465845642\u0027\u003ehttps://www.facebook.com/groups/beshvil.yael/posts/3911141465845642\u003c/a\u003e\u003cbr/\u003e\u003cbr/\u003e\u003cimg src=\u0027https://drive.google.com/uc?export=view\u0026amp;id=1456zZU8oKyEXoFKK7shtIX4TNpC8PmSm\u0027 width=\u0027450\u0027/\u003e\u003cbr/\u003e\u003c/div\u003e",
                                            "tessellate":  -1,
                                            "extrude":  0,
                                            "visibility":  -1
                                        },
                         "geometry":  {
                                          "type":  "Point",
                                          "coordinates":  [
                                                              35.31984,
                                                              31.55476,
                                                              0.0
                                                          ]
                                      }
                     },
                     {
                         "type":  "Feature",
                         "properties":  {
                                            "Name":  "#1775",
                                            "description":  "\u003cdiv dir=\u0027rtl\u0027 style=\u0027font-family:Arial;\u0027\u003e\u003cb\u003eשם:\u003c/b\u003e דלית אפריים שכבד\u003cbr/\u003e\u003cb\u003eאתר:\u003c/b\u003e מערת שמשון\u003cbr/\u003e\u003cb\u003eתאריך:\u003c/b\u003e 18-05-2026\u003cbr/\u003e\u003cb\u003eID:\u003c/b\u003e 4489\u003cbr/\u003e\u003cb\u003eFB:\u003c/b\u003e \u003ca href=\u0027https://www.facebook.com/groups/beshvil.yael/posts/3975229409436847/\u0027\u003ehttps://www.facebook.com/groups/beshvil.yael/posts/3975229409436847/\u003c/a\u003e\u003cbr/\u003e\u003cbr/\u003e\u003cimg src=\u0027https://drive.google.com/uc?export=view\u0026amp;id=1eEgMfuBZU71XXYoc3SE9MYwCfs9Esr2u\u0027 width=\u0027450\u0027/\u003e\u003cbr/\u003e\u003c/div\u003e",
                                            "tessellate":  -1,
                                            "extrude":  0,
                                            "visibility":  -1
                                        },
                         "geometry":  {
                                          "type":  "Point",
                                          "coordinates":  [
                                                              34.98129,
                                                              31.78551,
                                                              0.0
                                                          ]
                                      }
                     },
                     {
                         "type":  "Feature",
                         "properties":  {
                                            "Name":  "#1775",
                                            "description":  "\u003cdiv dir=\u0027rtl\u0027 style=\u0027font-family:Arial;\u0027\u003e\u003cb\u003eשם:\u003c/b\u003e דלית אפריים שכבד\u003cbr/\u003e\u003cb\u003eאתר:\u003c/b\u003e מצפה גבולות\u003cbr/\u003e\u003cb\u003eתאריך:\u003c/b\u003e 30-05-2026\u003cbr/\u003e\u003cb\u003eID:\u003c/b\u003e 4576\u003cbr/\u003e\u003cb\u003eFB:\u003c/b\u003e \u003ca href=\u0027https://www.facebook.com/groups/beshvil.yael/posts/3986498051643316\u0027\u003ehttps://www.facebook.com/groups/beshvil.yael/posts/3986498051643316\u003c/a\u003e\u003cbr/\u003e\u003cbr/\u003e\u003cimg src=\u0027https://drive.google.com/uc?export=view\u0026amp;id=1nEvxkBpAHB7-kauIDFnHYbSrfcxMr6s_\u0027 width=\u0027450\u0027/\u003e\u003cbr/\u003e\u003c/div\u003e",
                                            "tessellate":  -1,
                                            "extrude":  0,
                                            "visibility":  -1
                                        },
                         "geometry":  {
                                          "type":  "Point",
                                          "coordinates":  [
                                                              34.4561,
                                                              31.20708,
                                                              0.0
                                                          ]
                                      }
                     },
                     {
                         "type":  "Feature",
                         "properties":  {
                                            "Name":  "#1779",
                                            "description":  "\u003cdiv dir=\u0027rtl\u0027 style=\u0027font-family:Arial;\u0027\u003e\u003cb\u003eשם:\u003c/b\u003e מירב סליבנסקי פינק\u003cbr/\u003e\u003cb\u003eאתר:\u003c/b\u003e נחל תות\u003cbr/\u003e\u003cb\u003eתאריך:\u003c/b\u003e 05-04-2025\u003cbr/\u003e\u003cb\u003eID:\u003c/b\u003e 496\u003cbr/\u003e\u003cb\u003eFB:\u003c/b\u003e \u003ca href=\u0027https://www.facebook.com/groups/3235176716775457/posts/3605229753103483/\u0027\u003ehttps://www.facebook.com/groups/3235176716775457/posts/3605229753103483/\u003c/a\u003e\u003cbr/\u003e\u003cbr/\u003e\u003cimg src=\u0027https://drive.google.com/uc?export=view\u0026amp;id=1YeqM5EecFJU8grx3cFrMbcK6O41XMueK\u0027 width=\u0027450\u0027/\u003e\u003cbr/\u003e\u003c/div\u003e",
                                            "tessellate":  -1,
                                            "extrude":  0,
                                            "visibility":  -1
                                        },
                         "geometry":  {
                                          "type":  "Point",
                                          "coordinates":  [
                                                              35.05968,
                                                              32.62324,
                                                              0.0
                                                          ]
                                      }
                     },
                     {
                         "type":  "Feature",
                         "properties":  {
                                            "Name":  "#1779",
                                            "description":  "\u003cdiv dir=\u0027rtl\u0027 style=\u0027font-family:Arial;\u0027\u003e\u003cb\u003eשם:\u003c/b\u003e מרב סליבנסקי פינק\u003cbr/\u003e\u003cb\u003eאתר:\u003c/b\u003e פארק בריטניה\u003cbr/\u003e\u003cb\u003eתאריך:\u003c/b\u003e 25-01-2026\u003cbr/\u003e\u003cb\u003eID:\u003c/b\u003e 3468\u003cbr/\u003e\u003cb\u003eFB:\u003c/b\u003e \u003ca href=\u0027https://www.facebook.com/groups/beshvil.yael/posts/3870824216544034/\u0027\u003ehttps://www.facebook.com/groups/beshvil.yael/posts/3870824216544034/\u003c/a\u003e\u003cbr/\u003e\u003cbr/\u003e\u003cimg src=\u0027https://drive.google.com/uc?export=view\u0026amp;id=1mq-75WHHYlfilLVlU8xWBrOD0EXnzV5O\u0027 width=\u0027450\u0027/\u003e\u003cbr/\u003e\u003c/div\u003e",
                                            "tessellate":  -1,
                                            "extrude":  0,
                                            "visibility":  -1
                                        },
                         "geometry":  {
                                          "type":  "Point",
                                          "coordinates":  [
                                                              34.93122,
                                                              31.69063,
                                                              0.0
                                                          ]
                                      }
                     },
                     {
                         "type":  "Feature",
                         "properties":  {
                                            "Name":  "#1780",
                                            "description":  "\u003cdiv dir=\u0027rtl\u0027 style=\u0027font-family:Arial;\u0027\u003e\u003cb\u003eשם:\u003c/b\u003e חן וייס מוצפי\u003cbr/\u003e\u003cb\u003eאתר:\u003c/b\u003e נחל חרמון\u003cbr/\u003e\u003cb\u003eתאריך:\u003c/b\u003e 11-04-2025\u003cbr/\u003e\u003cb\u003eID:\u003c/b\u003e 402\u003cbr/\u003e\u003cb\u003eFB:\u003c/b\u003e \u003ca href=\u0027https://www.facebook.com/groups/3235176716775457/posts/3611600005799791/\u0027\u003ehttps://www.facebook.com/groups/3235176716775457/posts/3611600005799791/\u003c/a\u003e\u003cbr/\u003e\u003cbr/\u003e\u003cimg src=\u0027https://drive.google.com/uc?export=view\u0026amp;id=1StT7uohAochLhYTFY3fy0T2Nna41IOtS\u0027 width=\u0027450\u0027/\u003e\u003cbr/\u003e\u003c/div\u003e",
                                            "tessellate":  -1,
                                            "extrude":  0,
                                            "visibility":  -1
                                        },
                         "geometry":  {
                                          "type":  "Point",
                                          "coordinates":  [
                                                              35.6826086,
                                                              33.2421415,
                                                              0.0
                                                          ]
                                      }
                     },
                     {
                         "type":  "Feature",
                         "properties":  {
                                            "Name":  "#1780",
                                            "description":  "\u003cdiv dir=\u0027rtl\u0027 style=\u0027font-family:Arial;\u0027\u003e\u003cb\u003eשם:\u003c/b\u003e חן וייס מוצפי\u003cbr/\u003e\u003cb\u003eאתר:\u003c/b\u003e מפל הבניאס\u003cbr/\u003e\u003cb\u003eתאריך:\u003c/b\u003e 11-04-2025\u003cbr/\u003e\u003cb\u003eID:\u003c/b\u003e 404\u003cbr/\u003e\u003cb\u003eFB:\u003c/b\u003e \u003ca href=\u0027https://www.facebook.com/groups/3235176716775457/posts/3611600005799791/\u0027\u003ehttps://www.facebook.com/groups/3235176716775457/posts/3611600005799791/\u003c/a\u003e\u003cbr/\u003e\u003cbr/\u003e\u003cimg src=\u0027https://drive.google.com/uc?export=view\u0026amp;id=1T-oaKqwnEz6Idpx4vNHVb4VQRIx5NYQo\u0027 width=\u0027450\u0027/\u003e\u003cbr/\u003e\u003c/div\u003e",
                                            "tessellate":  -1,
                                            "extrude":  0,
                                            "visibility":  -1
                                        },
                         "geometry":  {
                                          "type":  "Point",
                                          "coordinates":  [
                                                              35.6826086,
                                                              33.2421415,
                                                              0.0
                                                          ]
                                      }
                     },
                     {
                         "type":  "Feature",
                         "properties":  {
                                            "Name":  "#1780",
                                            "description":  "\u003cdiv dir=\u0027rtl\u0027 style=\u0027font-family:Arial;\u0027\u003e\u003cb\u003eשם:\u003c/b\u003e חן וייס מוצפי\u003cbr/\u003e\u003cb\u003eאתר:\u003c/b\u003e מטולה\u003cbr/\u003e\u003cb\u003eתאריך:\u003c/b\u003e 11-04-2025\u003cbr/\u003e\u003cb\u003eID:\u003c/b\u003e 405\u003cbr/\u003e\u003cb\u003eFB:\u003c/b\u003e \u003ca href=\u0027https://www.facebook.com/groups/3235176716775457/posts/3611600005799791/\u0027\u003ehttps://www.facebook.com/groups/3235176716775457/posts/3611600005799791/\u003c/a\u003e\u003cbr/\u003e\u003cbr/\u003e\u003cimg src=\u0027https://drive.google.com/uc?export=view\u0026amp;id=1T1r6-2JVDgJfTqImWiXPOcv08hIZmtEl\u0027 width=\u0027450\u0027/\u003e\u003cbr/\u003e\u003c/div\u003e",
                                            "tessellate":  -1,
                                            "extrude":  0,
                                            "visibility":  -1
                                        },
                         "geometry":  {
                                          "type":  "Point",
                                          "coordinates":  [
                                                              35.6826086,
                                                              33.2421415,
                                                              0.0
                                                          ]
                                      }
                     },
                     {
                         "type":  "Feature",
                         "properties":  {
                                            "Name":  "#1780",
                                            "description":  "\u003cdiv dir=\u0027rtl\u0027 style=\u0027font-family:Arial;\u0027\u003e\u003cb\u003eשם:\u003c/b\u003e גור מוץ\u003cbr/\u003e\u003cb\u003eאתר:\u003c/b\u003e חוף הבונים\u003cbr/\u003e\u003cb\u003eתאריך:\u003c/b\u003e 29-11-2025\u003cbr/\u003e\u003cb\u003eID:\u003c/b\u003e 2900\u003cbr/\u003e\u003cb\u003eFB:\u003c/b\u003e \u003ca href=\u0027https://www.facebook.com/groups/beshvil.yael/posts/3818240851802371/\u0027\u003ehttps://www.facebook.com/groups/beshvil.yael/posts/3818240851802371/\u003c/a\u003e\u003cbr/\u003e\u003cbr/\u003e\u003cimg src=\u0027https://drive.google.com/uc?export=view\u0026amp;id=1jMbYYeiw8vQaqsyHXMtWEX5uSOAgsEQP\u0027 width=\u0027450\u0027/\u003e\u003cbr/\u003e\u003c/div\u003e",
                                            "tessellate":  -1,
                                            "extrude":  0,
                                            "visibility":  -1
                                        },
                         "geometry":  {
                                          "type":  "Point",
                                          "coordinates":  [
                                                              34.92646,
                                                              32.65421,
                                                              0.0
                                                          ]
                                      }
                     },
                     {
                         "type":  "Feature",
                         "properties":  {
                                            "Name":  "#1788",
                                            "description":  "\u003cdiv dir=\u0027rtl\u0027 style=\u0027font-family:Arial;\u0027\u003e\u003cb\u003eשם:\u003c/b\u003e הילה בייניש\u003cbr/\u003e\u003cb\u003eאתר:\u003c/b\u003e הגן הבוטני\u003cbr/\u003e\u003cb\u003eתאריך:\u003c/b\u003e 22-07-2025\u003cbr/\u003e\u003cb\u003eID:\u003c/b\u003e 1271\u003cbr/\u003e\u003cb\u003eFB:\u003c/b\u003e \u003ca href=\u0027https://www.facebook.com/groups/beshvil.yael/posts/3700359490257175/\u0027\u003ehttps://www.facebook.com/groups/beshvil.yael/posts/3700359490257175/\u003c/a\u003e\u003cbr/\u003e\u003cbr/\u003e\u003cimg src=\u0027https://drive.google.com/uc?export=view\u0026amp;id=1RBWRO7bdsZe56q2Nz3zMOhx4CG5d52A8\u0027 width=\u0027450\u0027/\u003e\u003cbr/\u003e\u003c/div\u003e",
                                            "tessellate":  -1,
                                            "extrude":  0,
                                            "visibility":  -1
                                        },
                         "geometry":  {
                                          "type":  "Point",
                                          "coordinates":  [
                                                              35.2024135,
                                                              31.7659113,
                                                              0.0
                                                          ]
                                      }
                     },
                     {
                         "type":  "Feature",
                         "properties":  {
                                            "Name":  "#1788",
                                            "description":  "\u003cdiv dir=\u0027rtl\u0027 style=\u0027font-family:Arial;\u0027\u003e\u003cb\u003eשם:\u003c/b\u003e הילה בייניש\u003cbr/\u003e\u003cb\u003eאתר:\u003c/b\u003e עמק המעיינות\u003cbr/\u003e\u003cb\u003eתאריך:\u003c/b\u003e 13-11-2025\u003cbr/\u003e\u003cb\u003eID:\u003c/b\u003e 2724\u003cbr/\u003e\u003cb\u003eFB:\u003c/b\u003e \u003ca href=\u0027https://www.facebook.com/groups/beshvil.yael/posts/3808919119401211\u0027\u003ehttps://www.facebook.com/groups/beshvil.yael/posts/3808919119401211\u003c/a\u003e\u003cbr/\u003e\u003cbr/\u003e\u003cimg src=\u0027https://drive.google.com/uc?export=view\u0026amp;id=13IzW3wQ1kTfuUvh6gay07NpbICajU6FQ\u0027 width=\u0027450\u0027/\u003e\u003cbr/\u003e\u003c/div\u003e",
                                            "tessellate":  -1,
                                            "extrude":  0,
                                            "visibility":  -1
                                        },
                         "geometry":  {
                                          "type":  "Point",
                                          "coordinates":  [
                                                              35.4637,
                                                              32.47742,
                                                              0.0
                                                          ]
                                      }
                     },
                     {
                         "type":  "Feature",
                         "properties":  {
                                            "Name":  "#1788",
                                            "description":  "\u003cdiv dir=\u0027rtl\u0027 style=\u0027font-family:Arial;\u0027\u003e\u003cb\u003eשם:\u003c/b\u003e הילה בייניש\u003cbr/\u003e\u003cb\u003eאתר:\u003c/b\u003e מצפור שיזף\u003cbr/\u003e\u003cb\u003eתאריך:\u003c/b\u003e 23-12-2025\u003cbr/\u003e\u003cb\u003eID:\u003c/b\u003e 3149\u003cbr/\u003e\u003cb\u003eFB:\u003c/b\u003e \u003ca href=\u0027https://www.facebook.com/groups/beshvil.yael/posts/3843128379313618\u0027\u003ehttps://www.facebook.com/groups/beshvil.yael/posts/3843128379313618\u003c/a\u003e\u003cbr/\u003e\u003cbr/\u003e\u003cimg src=\u0027https://drive.google.com/uc?export=view\u0026amp;id=14HANeyLtFTmBnPl3AUCumW7elZRZai4n\u0027 width=\u0027450\u0027/\u003e\u003cbr/\u003e\u003c/div\u003e",
                                            "tessellate":  -1,
                                            "extrude":  0,
                                            "visibility":  -1
                                        },
                         "geometry":  {
                                          "type":  "Point",
                                          "coordinates":  [
                                                              35.27546,
                                                              30.72382,
                                                              0.0
                                                          ]
                                      }
                     },
                     {
                         "type":  "Feature",
                         "properties":  {
                                            "Name":  "#1788",
                                            "description":  "\u003cdiv dir=\u0027rtl\u0027 style=\u0027font-family:Arial;\u0027\u003e\u003cb\u003eשם:\u003c/b\u003e הילה בייניש\u003cbr/\u003e\u003cb\u003eאתר:\u003c/b\u003e  מקטע 12 נחל ציפורי\u003cbr/\u003e\u003cb\u003eתאריך:\u003c/b\u003e 15-05-2026\u003cbr/\u003e\u003cb\u003eID:\u003c/b\u003e 4448\u003cbr/\u003e\u003cb\u003eFB:\u003c/b\u003e \u003ca href=\u0027https://www.facebook.com/groups/beshvil.yael/posts/3972572106369244/\u0027\u003ehttps://www.facebook.com/groups/beshvil.yael/posts/3972572106369244/\u003c/a\u003e\u003cbr/\u003e\u003cbr/\u003e\u003cimg src=\u0027https://drive.google.com/uc?export=view\u0026amp;id=1t8qbgjQvWVugdy5FtGO2N4dh-0D9d2U7\u0027 width=\u0027450\u0027/\u003e\u003cbr/\u003e\u003c/div\u003e",
                                            "tessellate":  -1,
                                            "extrude":  0,
                                            "visibility":  -1
                                        },
                         "geometry":  {
                                          "type":  "Point",
                                          "coordinates":  [
                                                              35.18865,
                                                              32.75886,
                                                              0.0
                                                          ]
                                      }
                     },
                     {
                         "type":  "Feature",
                         "properties":  {
                                            "Name":  "#1789",
                                            "description":  "\u003cdiv dir=\u0027rtl\u0027 style=\u0027font-family:Arial;\u0027\u003e\u003cb\u003eשם:\u003c/b\u003e יעל שילון טומשין\u003cbr/\u003e\u003cb\u003eאתר:\u003c/b\u003e מפעל טרה הישן\u003cbr/\u003e\u003cb\u003eתאריך:\u003c/b\u003e 05-12-2025\u003cbr/\u003e\u003cb\u003eID:\u003c/b\u003e 2963\u003cbr/\u003e\u003cb\u003eFB:\u003c/b\u003e \u003ca href=\u0027https://www.facebook.com/groups/beshvil.yael/posts/3827680467525076/\u0027\u003ehttps://www.facebook.com/groups/beshvil.yael/posts/3827680467525076/\u003c/a\u003e\u003cbr/\u003e\u003cbr/\u003e\u003cimg src=\u0027https://drive.google.com/uc?export=view\u0026amp;id=1Fl0Gae8vh9x6ePeIIizRWTx_yDHCnZpW\u0027 width=\u0027450\u0027/\u003e\u003cbr/\u003e\u003c/div\u003e",
                                            "tessellate":  -1,
                                            "extrude":  0,
                                            "visibility":  -1
                                        },
                         "geometry":  {
                                          "type":  "Point",
                                          "coordinates":  [
                                                              34.79508,
                                                              32.07297,
                                                              0.0
                                                          ]
                                      }
                     },
                     {
                         "type":  "Feature",
                         "properties":  {
                                            "Name":  "#1793",
                                            "description":  "\u003cdiv dir=\u0027rtl\u0027 style=\u0027font-family:Arial;\u0027\u003e\u003cb\u003eשם:\u003c/b\u003e יוחאי צימרמן\u003cbr/\u003e\u003cb\u003eאתר:\u003c/b\u003e יער ציפור\u003cbr/\u003e\u003cb\u003eתאריך:\u003c/b\u003e 09-04-2025\u003cbr/\u003e\u003cb\u003eID:\u003c/b\u003e 468\u003cbr/\u003e\u003cb\u003eFB:\u003c/b\u003e \u003ca href=\u0027https://www.facebook.com/groups/3235176716775457/posts/3608895959403529/\u0027\u003ehttps://www.facebook.com/groups/3235176716775457/posts/3608895959403529/\u003c/a\u003e\u003cbr/\u003e\u003cbr/\u003e\u003cimg src=\u0027https://drive.google.com/uc?export=view\u0026amp;id=1XDh0HInJvNWC5vvbufPffM3dgUpN6dnR\u0027 width=\u0027450\u0027/\u003e\u003cbr/\u003e\u003c/div\u003e",
                                            "tessellate":  -1,
                                            "extrude":  0,
                                            "visibility":  -1
                                        },
                         "geometry":  {
                                          "type":  "Point",
                                          "coordinates":  [
                                                              35.24792,
                                                              32.73918,
                                                              0.0
                                                          ]
                                      }
                     },
                     {
                         "type":  "Feature",
                         "properties":  {
                                            "Name":  "#1797",
                                            "description":  "\u003cdiv dir=\u0027rtl\u0027 style=\u0027font-family:Arial;\u0027\u003e\u003cb\u003eשם:\u003c/b\u003e חנוך ספיר\u003cbr/\u003e\u003cb\u003eאתר:\u003c/b\u003e פארק אלונה\u003cbr/\u003e\u003cb\u003eתאריך:\u003c/b\u003e 05-04-2025\u003cbr/\u003e\u003cb\u003eID:\u003c/b\u003e 482\u003cbr/\u003e\u003cb\u003eFB:\u003c/b\u003e \u003ca href=\u0027https://www.facebook.com/groups/3235176716775457/posts/3605662273060231/\u0027\u003ehttps://www.facebook.com/groups/3235176716775457/posts/3605662273060231/\u003c/a\u003e\u003cbr/\u003e\u003cbr/\u003e\u003cimg src=\u0027https://drive.google.com/uc?export=view\u0026amp;id=1Xu8OW0n831JPeve0rce1p2sygtzHDg05\u0027 width=\u0027450\u0027/\u003e\u003cbr/\u003e\u003c/div\u003e",
                                            "tessellate":  -1,
                                            "extrude":  0,
                                            "visibility":  -1
                                        },
                         "geometry":  {
                                          "type":  "Point",
                                          "coordinates":  [
                                                              34.95168,
                                                              32.5502,
                                                              0.0
                                                          ]
                                      }
                     },
                     {
                         "type":  "Feature",
                         "properties":  {
                                            "Name":  "#1797",
                                            "description":  "\u003cdiv dir=\u0027rtl\u0027 style=\u0027font-family:Arial;\u0027\u003e\u003cb\u003eשם:\u003c/b\u003e חנוך ספיר\u003cbr/\u003e\u003cb\u003eאתר:\u003c/b\u003e עדולם\u003cbr/\u003e\u003cb\u003eתאריך:\u003c/b\u003e 05-04-2025\u003cbr/\u003e\u003cb\u003eID:\u003c/b\u003e 618\u003cbr/\u003e\u003cb\u003eFB:\u003c/b\u003e \u003ca href=\u0027https://www.facebook.com/groups/3235176716775457/permalink/3591266154499843/\u0027\u003ehttps://www.facebook.com/groups/3235176716775457/permalink/3591266154499843/\u003c/a\u003e\u003cbr/\u003e\u003cbr/\u003e\u003cimg src=\u0027https://drive.google.com/uc?export=view\u0026amp;id=1jkCMY649IKfyz6e97X0XQtIzxZvaiys3\u0027 width=\u0027450\u0027/\u003e\u003cbr/\u003e\u003c/div\u003e",
                                            "tessellate":  -1,
                                            "extrude":  0,
                                            "visibility":  -1
                                        },
                         "geometry":  {
                                          "type":  "Point",
                                          "coordinates":  [
                                                              35.0117809,
                                                              31.6601426,
                                                              0.0
                                                          ]
                                      }
                     },
                     {
                         "type":  "Feature",
                         "properties":  {
                                            "Name":  "#1797",
                                            "description":  "\u003cdiv dir=\u0027rtl\u0027 style=\u0027font-family:Arial;\u0027\u003e\u003cb\u003eשם:\u003c/b\u003e חנוך ספיר\u003cbr/\u003e\u003cb\u003eאתר:\u003c/b\u003e הר הטייסים\u003cbr/\u003e\u003cb\u003eתאריך:\u003c/b\u003e 18-04-2025\u003cbr/\u003e\u003cb\u003eID:\u003c/b\u003e 268\u003cbr/\u003e\u003cb\u003eFB:\u003c/b\u003e \u003ca href=\u0027https://www.facebook.com/groups/3235176716775457/posts/3618751075084684/\u0027\u003ehttps://www.facebook.com/groups/3235176716775457/posts/3618751075084684/\u003c/a\u003e\u003cbr/\u003e\u003cbr/\u003e\u003cimg src=\u0027https://drive.google.com/uc?export=view\u0026amp;id=1JwaIItcp1FCD57hDTAffpWQ7Tu5p9oEB\u0027 width=\u0027450\u0027/\u003e\u003cbr/\u003e\u003c/div\u003e",
                                            "tessellate":  -1,
                                            "extrude":  0,
                                            "visibility":  -1
                                        },
                         "geometry":  {
                                          "type":  "Point",
                                          "coordinates":  [
                                                              35.0908154,
                                                              31.7753561,
                                                              0.0
                                                          ]
                                      }
                     },
                     {
                         "type":  "Feature",
                         "properties":  {
                                            "Name":  "#1797",
                                            "description":  "\u003cdiv dir=\u0027rtl\u0027 style=\u0027font-family:Arial;\u0027\u003e\u003cb\u003eשם:\u003c/b\u003e חנוך ספיר\u003cbr/\u003e\u003cb\u003eאתר:\u003c/b\u003e ירושלים\u003cbr/\u003e\u003cb\u003eתאריך:\u003c/b\u003e 25-04-2025\u003cbr/\u003e\u003cb\u003eID:\u003c/b\u003e 183\u003cbr/\u003e\u003cb\u003eFB:\u003c/b\u003e \u003ca href=\u0027https://www.facebook.com/groups/3235176716775457/posts/3624879124471879/\u0027\u003ehttps://www.facebook.com/groups/3235176716775457/posts/3624879124471879/\u003c/a\u003e\u003cbr/\u003e\u003cbr/\u003e\u003cimg src=\u0027https://drive.google.com/uc?export=view\u0026amp;id=1Ed8QiHYmGleV9t6WOSXeBsIwtNiYGn2l\u0027 width=\u0027450\u0027/\u003e\u003cbr/\u003e\u003c/div\u003e",
                                            "tessellate":  -1,
                                            "extrude":  0,
                                            "visibility":  -1
                                        },
                         "geometry":  {
                                          "type":  "Point",
                                          "coordinates":  [
                                                              35.2052877,
                                                              31.7786959,
                                                              0.0
                                                          ]
                                      }
                     },
                     {
                         "type":  "Feature",
                         "properties":  {
                                            "Name":  "#1797",
                                            "description":  "\u003cdiv dir=\u0027rtl\u0027 style=\u0027font-family:Arial;\u0027\u003e\u003cb\u003eשם:\u003c/b\u003e חנוך ספיר\u003cbr/\u003e\u003cb\u003eאתר:\u003c/b\u003e הנגב המערבי\u003cbr/\u003e\u003cb\u003eתאריך:\u003c/b\u003e 02-05-2025\u003cbr/\u003e\u003cb\u003eID:\u003c/b\u003e 16\u003cbr/\u003e\u003cb\u003eFB:\u003c/b\u003e \u003ca href=\u0027https://www.facebook.com/groups/3235176716775457/posts/3632155660410892/\u0027\u003ehttps://www.facebook.com/groups/3235176716775457/posts/3632155660410892/\u003c/a\u003e\u003cbr/\u003e\u003cbr/\u003e\u003cimg src=\u0027https://drive.google.com/uc?export=view\u0026amp;id=10_i9HFgz2RA40mKM4s6wTfOZANs8SMms\u0027 width=\u0027450\u0027/\u003e\u003cbr/\u003e\u003c/div\u003e",
                                            "tessellate":  -1,
                                            "extrude":  0,
                                            "visibility":  -1
                                        },
                         "geometry":  {
                                          "type":  "Point",
                                          "coordinates":  [
                                                              34.492567,
                                                              31.424513,
                                                              0.0
                                                          ]
                                      }
                     },
                     {
                         "type":  "Feature",
                         "properties":  {
                                            "Name":  "#1797",
                                            "description":  "\u003cdiv dir=\u0027rtl\u0027 style=\u0027font-family:Arial;\u0027\u003e\u003cb\u003eשם:\u003c/b\u003e חנוך ספיר\u003cbr/\u003e\u003cb\u003eאתר:\u003c/b\u003e חרמון\u003cbr/\u003e\u003cb\u003eתאריך:\u003c/b\u003e 02-05-2025\u003cbr/\u003e\u003cb\u003eID:\u003c/b\u003e 92\u003cbr/\u003e\u003cb\u003eFB:\u003c/b\u003e \u003ca href=\u0027https://www.facebook.com/groups/3235176716775457/posts/3632155660410892/\u0027\u003ehttps://www.facebook.com/groups/3235176716775457/posts/3632155660410892/\u003c/a\u003e\u003cbr/\u003e\u003cbr/\u003e\u003cimg src=\u0027https://drive.google.com/uc?export=view\u0026amp;id=16vDkov6NBcJN3w7m5eiG3kqo_zRh3CZD\u0027 width=\u0027450\u0027/\u003e\u003cbr/\u003e\u003c/div\u003e",
                                            "tessellate":  -1,
                                            "extrude":  0,
                                            "visibility":  -1
                                        },
                         "geometry":  {
                                          "type":  "Point",
                                          "coordinates":  [
                                                              34.492567,
                                                              31.424513,
                                                              0.0
                                                          ]
                                      }
                     },
                     {
                         "type":  "Feature",
                         "properties":  {
                                            "Name":  "#1797",
                                            "description":  "\u003cdiv dir=\u0027rtl\u0027 style=\u0027font-family:Arial;\u0027\u003e\u003cb\u003eשם:\u003c/b\u003e חנוך ספיר\u003cbr/\u003e\u003cb\u003eאתר:\u003c/b\u003e חרמון\u003cbr/\u003e\u003cb\u003eתאריך:\u003c/b\u003e 17-05-2025\u003cbr/\u003e\u003cb\u003eID:\u003c/b\u003e 621\u003cbr/\u003e\u003cb\u003eFB:\u003c/b\u003e \u003ca href=\u0027https://www.facebook.com/groups/3235176716775457/permalink/3644032029223255/\u0027\u003ehttps://www.facebook.com/groups/3235176716775457/permalink/3644032029223255/\u003c/a\u003e\u003cbr/\u003e\u003cbr/\u003e\u003cimg src=\u0027https://drive.google.com/uc?export=view\u0026amp;id=1jvvRCaCc8y3H9N7DygE0WQSUkKc93rf3\u0027 width=\u0027450\u0027/\u003e\u003cbr/\u003e\u003c/div\u003e",
                                            "tessellate":  -1,
                                            "extrude":  0,
                                            "visibility":  -1
                                        },
                         "geometry":  {
                                          "type":  "Point",
                                          "coordinates":  [
                                                              35.743924,
                                                              33.2806025,
                                                              0.0
                                                          ]
                                      }
                     },
                     {
                         "type":  "Feature",
                         "properties":  {
                                            "Name":  "#1797",
                                            "description":  "\u003cdiv dir=\u0027rtl\u0027 style=\u0027font-family:Arial;\u0027\u003e\u003cb\u003eשם:\u003c/b\u003e חנוך ספיר\u003cbr/\u003e\u003cb\u003eאתר:\u003c/b\u003e בארי\u003cbr/\u003e\u003cb\u003eתאריך:\u003c/b\u003e 24-05-2025\u003cbr/\u003e\u003cb\u003eID:\u003c/b\u003e 767\u003cbr/\u003e\u003cb\u003eFB:\u003c/b\u003e \u003ca href=\u0027https://www.facebook.com/groups/3235176716775457/posts/3650084091951382/\u0027\u003ehttps://www.facebook.com/groups/3235176716775457/posts/3650084091951382/\u003c/a\u003e\u003cbr/\u003e\u003cbr/\u003e\u003cimg src=\u0027https://drive.google.com/uc?export=view\u0026amp;id=1I3GFnpGo9tvvT7DLj-LbeZV3O3ZxHt-E\u0027 width=\u0027450\u0027/\u003e\u003cbr/\u003e\u003c/div\u003e",
                                            "tessellate":  -1,
                                            "extrude":  0,
                                            "visibility":  -1
                                        },
                         "geometry":  {
                                          "type":  "Point",
                                          "coordinates":  [
                                                              34.50362,
                                                              31.43403,
                                                              0.0
                                                          ]
                                      }
                     },
                     {
                         "type":  "Feature",
                         "properties":  {
                                            "Name":  "#1797",
                                            "description":  "\u003cdiv dir=\u0027rtl\u0027 style=\u0027font-family:Arial;\u0027\u003e\u003cb\u003eשם:\u003c/b\u003e חנוך ספיר\u003cbr/\u003e\u003cb\u003eאתר:\u003c/b\u003e יער המגינים\u003cbr/\u003e\u003cb\u003eתאריך:\u003c/b\u003e 08-06-2025\u003cbr/\u003e\u003cb\u003eID:\u003c/b\u003e 952\u003cbr/\u003e\u003cb\u003eFB:\u003c/b\u003e \u003ca href=\u0027https://www.facebook.com/groups/3235176716775457/posts/3662005154092609/\u0027\u003ehttps://www.facebook.com/groups/3235176716775457/posts/3662005154092609/\u003c/a\u003e\u003cbr/\u003e\u003cbr/\u003e\u003cimg src=\u0027https://drive.google.com/uc?export=view\u0026amp;id=1C8EdXIjPTmuFJF7Ss6uSgSskcaqXQloE\u0027 width=\u0027450\u0027/\u003e\u003cbr/\u003e\u003c/div\u003e",
                                            "tessellate":  -1,
                                            "extrude":  0,
                                            "visibility":  -1
                                        },
                         "geometry":  {
                                          "type":  "Point",
                                          "coordinates":  [
                                                              34.9183428,
                                                              31.8374158,
                                                              0.0
                                                          ]
                                      }
                     },
                     {
                         "type":  "Feature",
                         "properties":  {
                                            "Name":  "#1797",
                                            "description":  "\u003cdiv dir=\u0027rtl\u0027 style=\u0027font-family:Arial;\u0027\u003e\u003cb\u003eשם:\u003c/b\u003e חנוך ספיר\u003cbr/\u003e\u003cb\u003eאתר:\u003c/b\u003e הר הטייסים\u003cbr/\u003e\u003cb\u003eתאריך:\u003c/b\u003e 20-06-2025\u003cbr/\u003e\u003cb\u003eID:\u003c/b\u003e 1040\u003cbr/\u003e\u003cb\u003eFB:\u003c/b\u003e \u003ca href=\u0027https://www.facebook.com/groups/beshvil.yael/posts/3672843389675452/\u0027\u003ehttps://www.facebook.com/groups/beshvil.yael/posts/3672843389675452/\u003c/a\u003e\u003cbr/\u003e\u003cbr/\u003e\u003cimg src=\u0027https://drive.google.com/uc?export=view\u0026amp;id=1Ia6Y1aLmaVm7Wkxyik3DlxM7mRmSbPnt\u0027 width=\u0027450\u0027/\u003e\u003cbr/\u003e\u003c/div\u003e",
                                            "tessellate":  -1,
                                            "extrude":  0,
                                            "visibility":  -1
                                        },
                         "geometry":  {
                                          "type":  "Point",
                                          "coordinates":  [
                                                              35.09004,
                                                              31.77395,
                                                              0.0
                                                          ]
                                      }
                     },
                     {
                         "type":  "Feature",
                         "properties":  {
                                            "Name":  "#1797",
                                            "description":  "\u003cdiv dir=\u0027rtl\u0027 style=\u0027font-family:Arial;\u0027\u003e\u003cb\u003eשם:\u003c/b\u003e חנוך ספיר\u003cbr/\u003e\u003cb\u003eאתר:\u003c/b\u003e חרמון\u003cbr/\u003e\u003cb\u003eתאריך:\u003c/b\u003e 28-06-2025\u003cbr/\u003e\u003cb\u003eID:\u003c/b\u003e 1068\u003cbr/\u003e\u003cb\u003eFB:\u003c/b\u003e \u003ca href=\u0027https://www.facebook.com/groups/beshvil.yael/posts/3679698692323255\u0027\u003ehttps://www.facebook.com/groups/beshvil.yael/posts/3679698692323255\u003c/a\u003e\u003cbr/\u003e\u003cbr/\u003e\u003cimg src=\u0027https://drive.google.com/uc?export=view\u0026amp;id=1R3mFUlvCceuePelCMEh9uvBiVTgxZ16N\u0027 width=\u0027450\u0027/\u003e\u003cbr/\u003e\u003c/div\u003e",
                                            "tessellate":  -1,
                                            "extrude":  0,
                                            "visibility":  -1
                                        },
                         "geometry":  {
                                          "type":  "Point",
                                          "coordinates":  [
                                                              35.7721785,
                                                              33.30492,
                                                              0.0
                                                          ]
                                      }
                     },
                     {
                         "type":  "Feature",
                         "properties":  {
                                            "Name":  "#1797",
                                            "description":  "\u003cdiv dir=\u0027rtl\u0027 style=\u0027font-family:Arial;\u0027\u003e\u003cb\u003eשם:\u003c/b\u003e חנוך ספיר\u003cbr/\u003e\u003cb\u003eאתר:\u003c/b\u003e ירקון מזרח\u003cbr/\u003e\u003cb\u003eתאריך:\u003c/b\u003e 07-07-2025\u003cbr/\u003e\u003cb\u003eID:\u003c/b\u003e 1125\u003cbr/\u003e\u003cb\u003eFB:\u003c/b\u003e \u003ca href=\u0027https://www.facebook.com/groups/beshvil.yael/posts/3688005814825876/\u0027\u003ehttps://www.facebook.com/groups/beshvil.yael/posts/3688005814825876/\u003c/a\u003e\u003cbr/\u003e\u003cbr/\u003e\u003cimg src=\u0027https://drive.google.com/uc?export=view\u0026amp;id=1bx-eVBOdYPIcOxv6MsKzBobabnNn1ps7\u0027 width=\u0027450\u0027/\u003e\u003cbr/\u003e\u003c/div\u003e",
                                            "tessellate":  -1,
                                            "extrude":  0,
                                            "visibility":  -1
                                        },
                         "geometry":  {
                                          "type":  "Point",
                                          "coordinates":  [
                                                              34.9011901,
                                                              32.1242673,
                                                              0.0
                                                          ]
                                      }
                     },
                     {
                         "type":  "Feature",
                         "properties":  {
                                            "Name":  "#1797",
                                            "description":  "\u003cdiv dir=\u0027rtl\u0027 style=\u0027font-family:Arial;\u0027\u003e\u003cb\u003eשם:\u003c/b\u003e חנוך ספיר\u003cbr/\u003e\u003cb\u003eאתר:\u003c/b\u003e פארק אריאל שרון\u003cbr/\u003e\u003cb\u003eתאריך:\u003c/b\u003e 19-07-2025\u003cbr/\u003e\u003cb\u003eID:\u003c/b\u003e 1241\u003cbr/\u003e\u003cb\u003eFB:\u003c/b\u003e \u003ca href=\u0027https://www.facebook.com/groups/beshvil.yael/posts/3698035817156209\u0027\u003ehttps://www.facebook.com/groups/beshvil.yael/posts/3698035817156209\u003c/a\u003e\u003cbr/\u003e\u003cbr/\u003e\u003cimg src=\u0027https://drive.google.com/uc?export=view\u0026amp;id=1LgLqzOCws6AXt5fV6u4JRC67PFenaCek\u0027 width=\u0027450\u0027/\u003e\u003cbr/\u003e\u003c/div\u003e",
                                            "tessellate":  -1,
                                            "extrude":  0,
                                            "visibility":  -1
                                        },
                         "geometry":  {
                                          "type":  "Point",
                                          "coordinates":  [
                                                              34.8212862,
                                                              32.0305783,
                                                              0.0
                                                          ]
                                      }
                     },
                     {
                         "type":  "Feature",
                         "properties":  {
                                            "Name":  "#1797",
                                            "description":  "\u003cdiv dir=\u0027rtl\u0027 style=\u0027font-family:Arial;\u0027\u003e\u003cb\u003eשם:\u003c/b\u003e חנוך ספיר\u003cbr/\u003e\u003cb\u003eאתר:\u003c/b\u003e עמק בית שאן\u003cbr/\u003e\u003cb\u003eתאריך:\u003c/b\u003e 21-07-2025\u003cbr/\u003e\u003cb\u003eID:\u003c/b\u003e 1265\u003cbr/\u003e\u003cb\u003eFB:\u003c/b\u003e \u003ca href=\u0027https://www.facebook.com/groups/beshvil.yael/posts/3699860740307050/\u0027\u003ehttps://www.facebook.com/groups/beshvil.yael/posts/3699860740307050/\u003c/a\u003e\u003cbr/\u003e\u003cbr/\u003e\u003cimg src=\u0027https://drive.google.com/uc?export=view\u0026amp;id=1r8dGno2HVIADD87ISfmsKNTZMd3_LVck\u0027 width=\u0027450\u0027/\u003e\u003cbr/\u003e\u003c/div\u003e",
                                            "tessellate":  -1,
                                            "extrude":  0,
                                            "visibility":  -1
                                        },
                         "geometry":  {
                                          "type":  "Point",
                                          "coordinates":  [
                                                              35.49079,
                                                              32.50656,
                                                              0.0
                                                          ]
                                      }
                     },
                     {
                         "type":  "Feature",
                         "properties":  {
                                            "Name":  "#1797",
                                            "description":  "\u003cdiv dir=\u0027rtl\u0027 style=\u0027font-family:Arial;\u0027\u003e\u003cb\u003eשם:\u003c/b\u003e חנוך ספיר\u003cbr/\u003e\u003cb\u003eאתר:\u003c/b\u003e עין פשחה\u003cbr/\u003e\u003cb\u003eתאריך:\u003c/b\u003e 05-08-2025\u003cbr/\u003e\u003cb\u003eID:\u003c/b\u003e 1404\u003cbr/\u003e\u003cb\u003eFB:\u003c/b\u003e \u003ca href=\u0027https://www.facebook.com/groups/beshvil.yael/posts/3713375605622230/\u0027\u003ehttps://www.facebook.com/groups/beshvil.yael/posts/3713375605622230/\u003c/a\u003e\u003cbr/\u003e\u003cbr/\u003e\u003cimg src=\u0027https://drive.google.com/uc?export=view\u0026amp;id=1Xub0MtwW4qdC6m6nVA2CcgzI8Sw1KIFj\u0027 width=\u0027450\u0027/\u003e\u003cbr/\u003e\u003c/div\u003e",
                                            "tessellate":  -1,
                                            "extrude":  0,
                                            "visibility":  -1
                                        },
                         "geometry":  {
                                          "type":  "Point",
                                          "coordinates":  [
                                                              35.4519223,
                                                              31.7161474,
                                                              0.0
                                                          ]
                                      }
                     },
                     {
                         "type":  "Feature",
                         "properties":  {
                                            "Name":  "#1797",
                                            "description":  "\u003cdiv dir=\u0027rtl\u0027 style=\u0027font-family:Arial;\u0027\u003e\u003cb\u003eשם:\u003c/b\u003e חנוך ספיר\u003cbr/\u003e\u003cb\u003eאתר:\u003c/b\u003e הנגב המערבי\u003cbr/\u003e\u003cb\u003eתאריך:\u003c/b\u003e 15-08-2025\u003cbr/\u003e\u003cb\u003eID:\u003c/b\u003e 1544\u003cbr/\u003e\u003cb\u003eFB:\u003c/b\u003e \u003ca href=\u0027https://www.facebook.com/groups/beshvil.yael/posts/3722610371365420\u0027\u003ehttps://www.facebook.com/groups/beshvil.yael/posts/3722610371365420\u003c/a\u003e\u003cbr/\u003e\u003cbr/\u003e\u003cimg src=\u0027https://drive.google.com/uc?export=view\u0026amp;id=17JK_TaU2lKNbT7pdQULdLldhci5shqcD\u0027 width=\u0027450\u0027/\u003e\u003cbr/\u003e\u003c/div\u003e",
                                            "tessellate":  -1,
                                            "extrude":  0,
                                            "visibility":  -1
                                        },
                         "geometry":  {
                                          "type":  "Point",
                                          "coordinates":  [
                                                              34.52454,
                                                              31.4711427,
                                                              0.0
                                                          ]
                                      }
                     },
                     {
                         "type":  "Feature",
                         "properties":  {
                                            "Name":  "#1797",
                                            "description":  "\u003cdiv dir=\u0027rtl\u0027 style=\u0027font-family:Arial;\u0027\u003e\u003cb\u003eשם:\u003c/b\u003e חנוך ספיר\u003cbr/\u003e\u003cb\u003eאתר:\u003c/b\u003e כנסיית הקבר\u003cbr/\u003e\u003cb\u003eתאריך:\u003c/b\u003e 06-09-2025\u003cbr/\u003e\u003cb\u003eID:\u003c/b\u003e 1772\u003cbr/\u003e\u003cb\u003eFB:\u003c/b\u003e \u003ca href=\u0027https://www.facebook.com/groups/beshvil.yael/posts/3742236449402812/\u0027\u003ehttps://www.facebook.com/groups/beshvil.yael/posts/3742236449402812/\u003c/a\u003e\u003cbr/\u003e\u003cbr/\u003e\u003cimg src=\u0027https://drive.google.com/uc?export=view\u0026amp;id=1Rh5a38VOmLeXHH0MfvSJEQRARRZFsc02\u0027 width=\u0027450\u0027/\u003e\u003cbr/\u003e\u003c/div\u003e",
                                            "tessellate":  -1,
                                            "extrude":  0,
                                            "visibility":  -1
                                        },
                         "geometry":  {
                                          "type":  "Point",
                                          "coordinates":  [
                                                              35.2295841,
                                                              31.7782715,
                                                              0.0
                                                          ]
                                      }
                     },
                     {
                         "type":  "Feature",
                         "properties":  {
                                            "Name":  "#1797",
                                            "description":  "\u003cdiv dir=\u0027rtl\u0027 style=\u0027font-family:Arial;\u0027\u003e\u003cb\u003eשם:\u003c/b\u003e חנוך ספיר\u003cbr/\u003e\u003cb\u003eאתר:\u003c/b\u003e צרעה\u003cbr/\u003e\u003cb\u003eתאריך:\u003c/b\u003e 14-09-2025\u003cbr/\u003e\u003cb\u003eID:\u003c/b\u003e 1878\u003cbr/\u003e\u003cb\u003eFB:\u003c/b\u003e \u003ca href=\u0027https://www.facebook.com/groups/beshvil.yael/posts/3750300985263025/\u0027\u003ehttps://www.facebook.com/groups/beshvil.yael/posts/3750300985263025/\u003c/a\u003e\u003cbr/\u003e\u003cbr/\u003e\u003cimg src=\u0027https://drive.google.com/uc?export=view\u0026amp;id=1a8lp49dlHdAPIw43BzesPX7zj16tHh3U\u0027 width=\u0027450\u0027/\u003e\u003cbr/\u003e\u003c/div\u003e",
                                            "tessellate":  -1,
                                            "extrude":  0,
                                            "visibility":  -1
                                        },
                         "geometry":  {
                                          "type":  "Point",
                                          "coordinates":  [
                                                              34.97822,
                                                              31.77624,
                                                              0.0
                                                          ]
                                      }
                     },
                     {
                         "type":  "Feature",
                         "properties":  {
                                            "Name":  "#1797",
                                            "description":  "\u003cdiv dir=\u0027rtl\u0027 style=\u0027font-family:Arial;\u0027\u003e\u003cb\u003eשם:\u003c/b\u003e חנוך ספיר\u003cbr/\u003e\u003cb\u003eאתר:\u003c/b\u003e הגדר הטובה\u003cbr/\u003e\u003cb\u003eתאריך:\u003c/b\u003e 28-09-2025\u003cbr/\u003e\u003cb\u003eID:\u003c/b\u003e 2079\u003cbr/\u003e\u003cb\u003eFB:\u003c/b\u003e \u003ca href=\u0027https://www.facebook.com/groups/beshvil.yael/posts/3762695220690268\u0027\u003ehttps://www.facebook.com/groups/beshvil.yael/posts/3762695220690268\u003c/a\u003e\u003cbr/\u003e\u003cbr/\u003e\u003cimg src=\u0027https://drive.google.com/uc?export=view\u0026amp;id=1kXk3jipJmqjQXe3oD8cW274ViCZHXphP\u0027 width=\u0027450\u0027/\u003e\u003cbr/\u003e\u003c/div\u003e",
                                            "tessellate":  -1,
                                            "extrude":  0,
                                            "visibility":  -1
                                        },
                         "geometry":  {
                                          "type":  "Point",
                                          "coordinates":  [
                                                              35.56446,
                                                              33.27766,
                                                              0.0
                                                          ]
                                      }
                     },
                     {
                         "type":  "Feature",
                         "properties":  {
                                            "Name":  "#1797",
                                            "description":  "\u003cdiv dir=\u0027rtl\u0027 style=\u0027font-family:Arial;\u0027\u003e\u003cb\u003eשם:\u003c/b\u003e חנוך ספיר\u003cbr/\u003e\u003cb\u003eאתר:\u003c/b\u003e אנדרטת התצפיתניות\u003cbr/\u003e\u003cb\u003eתאריך:\u003c/b\u003e 07-10-2025\u003cbr/\u003e\u003cb\u003eID:\u003c/b\u003e 2220\u003cbr/\u003e\u003cb\u003eFB:\u003c/b\u003e \u003ca href=\u0027https://www.facebook.com/groups/beshvil.yael/posts/3771994496427007\u0027\u003ehttps://www.facebook.com/groups/beshvil.yael/posts/3771994496427007\u003c/a\u003e\u003cbr/\u003e\u003cbr/\u003e\u003cimg src=\u0027https://drive.google.com/uc?export=view\u0026amp;id=1fhokrmpOV0n3eIzMhYn2TvN2l5YkK6ho\u0027 width=\u0027450\u0027/\u003e\u003cbr/\u003e\u003c/div\u003e",
                                            "tessellate":  -1,
                                            "extrude":  0,
                                            "visibility":  -1
                                        },
                         "geometry":  {
                                          "type":  "Point",
                                          "coordinates":  [
                                                              34.52392,
                                                              31.46264,
                                                              0.0
                                                          ]
                                      }
                     },
                     {
                         "type":  "Feature",
                         "properties":  {
                                            "Name":  "#1797",
                                            "description":  "\u003cdiv dir=\u0027rtl\u0027 style=\u0027font-family:Arial;\u0027\u003e\u003cb\u003eשם:\u003c/b\u003e חנוך ספיר\u003cbr/\u003e\u003cb\u003eאתר:\u003c/b\u003e תל חזקה\u003cbr/\u003e\u003cb\u003eתאריך:\u003c/b\u003e 19-10-2025\u003cbr/\u003e\u003cb\u003eID:\u003c/b\u003e 2457\u003cbr/\u003e\u003cb\u003eFB:\u003c/b\u003e \u003ca href=\u0027https://www.facebook.com/groups/beshvil.yael/posts/3784900361803087/\u0027\u003ehttps://www.facebook.com/groups/beshvil.yael/posts/3784900361803087/\u003c/a\u003e\u003cbr/\u003e\u003cbr/\u003e\u003cimg src=\u0027https://drive.google.com/uc?export=view\u0026amp;id=1_ldBJQuLF4TjYHC7Ogdb1hF7BOc1zGUR\u0027 width=\u0027450\u0027/\u003e\u003cbr/\u003e\u003c/div\u003e",
                                            "tessellate":  -1,
                                            "extrude":  0,
                                            "visibility":  -1
                                        },
                         "geometry":  {
                                          "type":  "Point",
                                          "coordinates":  [
                                                              35.83869,
                                                              33.05473,
                                                              0.0
                                                          ]
                                      }
                     },
                     {
                         "type":  "Feature",
                         "properties":  {
                                            "Name":  "#1797",
                                            "description":  "\u003cdiv dir=\u0027rtl\u0027 style=\u0027font-family:Arial;\u0027\u003e\u003cb\u003eשם:\u003c/b\u003e חנוך ספיר\u003cbr/\u003e\u003cb\u003eאתר:\u003c/b\u003e מאגר תימורים\u003cbr/\u003e\u003cb\u003eתאריך:\u003c/b\u003e 30-11-2025\u003cbr/\u003e\u003cb\u003eID:\u003c/b\u003e 2922\u003cbr/\u003e\u003cb\u003eFB:\u003c/b\u003e \u003ca href=\u0027https://www.facebook.com/groups/beshvil.yael/posts/3822925151333941\u0027\u003ehttps://www.facebook.com/groups/beshvil.yael/posts/3822925151333941\u003c/a\u003e\u003cbr/\u003e\u003cbr/\u003e\u003cimg src=\u0027https://drive.google.com/uc?export=view\u0026amp;id=128kSyMvPBYmiQ1S59hN2SrPXmFvPCHbd\u0027 width=\u0027450\u0027/\u003e\u003cbr/\u003e\u003c/div\u003e",
                                            "tessellate":  -1,
                                            "extrude":  0,
                                            "visibility":  -1
                                        },
                         "geometry":  {
                                          "type":  "Point",
                                          "coordinates":  [
                                                              34.76468,
                                                              31.72067,
                                                              0.0
                                                          ]
                                      }
                     },
                     {
                         "type":  "Feature",
                         "properties":  {
                                            "Name":  "#1797",
                                            "description":  "\u003cdiv dir=\u0027rtl\u0027 style=\u0027font-family:Arial;\u0027\u003e\u003cb\u003eשם:\u003c/b\u003e חנוך ספיר\u003cbr/\u003e\u003cb\u003eאתר:\u003c/b\u003e נחל עוז\u003cbr/\u003e\u003cb\u003eתאריך:\u003c/b\u003e 10-01-2026\u003cbr/\u003e\u003cb\u003eID:\u003c/b\u003e 3308\u003cbr/\u003e\u003cb\u003eFB:\u003c/b\u003e \u003ca href=\u0027https://www.facebook.com/groups/beshvil.yael/posts/3857492484543874/\u0027\u003ehttps://www.facebook.com/groups/beshvil.yael/posts/3857492484543874/\u003c/a\u003e\u003cbr/\u003e\u003cbr/\u003e\u003cimg src=\u0027https://drive.google.com/uc?export=view\u0026amp;id=1QLxzTGqq5tqGGlcl2BNoOq1iAfU4M7Uf\u0027 width=\u0027450\u0027/\u003e\u003cbr/\u003e\u003c/div\u003e",
                                            "tessellate":  -1,
                                            "extrude":  0,
                                            "visibility":  -1
                                        },
                         "geometry":  {
                                          "type":  "Point",
                                          "coordinates":  [
                                                              34.49612,
                                                              31.47992,
                                                              0.0
                                                          ]
                                      }
                     },
                     {
                         "type":  "Feature",
                         "properties":  {
                                            "Name":  "#1797",
                                            "description":  "\u003cdiv dir=\u0027rtl\u0027 style=\u0027font-family:Arial;\u0027\u003e\u003cb\u003eשם:\u003c/b\u003e חנוך ספיר\u003cbr/\u003e\u003cb\u003eאתר:\u003c/b\u003e גבעות ברקאי\u003cbr/\u003e\u003cb\u003eתאריך:\u003c/b\u003e 10-01-2026\u003cbr/\u003e\u003cb\u003eID:\u003c/b\u003e 3310\u003cbr/\u003e\u003cb\u003eFB:\u003c/b\u003e \u003ca href=\u0027https://www.facebook.com/groups/beshvil.yael/posts/3858054434487679/\u0027\u003ehttps://www.facebook.com/groups/beshvil.yael/posts/3858054434487679/\u003c/a\u003e\u003cbr/\u003e\u003cbr/\u003e\u003cimg src=\u0027https://drive.google.com/uc?export=view\u0026amp;id=11B_hzMVB10iKyvb9-Xr2VY_SyClqF2uy\u0027 width=\u0027450\u0027/\u003e\u003cbr/\u003e\u003c/div\u003e",
                                            "tessellate":  -1,
                                            "extrude":  0,
                                            "visibility":  -1
                                        },
                         "geometry":  {
                                          "type":  "Point",
                                          "coordinates":  [
                                                              35.02499,
                                                              32.4787,
                                                              0.0
                                                          ]
                                      }
                     },
                     {
                         "type":  "Feature",
                         "properties":  {
                                            "Name":  "#1797",
                                            "description":  "\u003cdiv dir=\u0027rtl\u0027 style=\u0027font-family:Arial;\u0027\u003e\u003cb\u003eשם:\u003c/b\u003e חנוך ספיר\u003cbr/\u003e\u003cb\u003eאתר:\u003c/b\u003e תל חדיד\u003cbr/\u003e\u003cb\u003eתאריך:\u003c/b\u003e 24-01-2026\u003cbr/\u003e\u003cb\u003eID:\u003c/b\u003e 3457\u003cbr/\u003e\u003cb\u003eFB:\u003c/b\u003e \u003ca href=\u0027https://www.facebook.com/groups/beshvil.yael/posts/3870249356601520/\u0027\u003ehttps://www.facebook.com/groups/beshvil.yael/posts/3870249356601520/\u003c/a\u003e\u003cbr/\u003e\u003cbr/\u003e\u003cimg src=\u0027https://drive.google.com/uc?export=view\u0026amp;id=1dgm-KBUvxkYnRFswAqqQeCmPlAzGz1TB\u0027 width=\u0027450\u0027/\u003e\u003cbr/\u003e\u003c/div\u003e",
                                            "tessellate":  -1,
                                            "extrude":  0,
                                            "visibility":  -1
                                        },
                         "geometry":  {
                                          "type":  "Point",
                                          "coordinates":  [
                                                              34.95181,
                                                              31.96332,
                                                              0.0
                                                          ]
                                      }
                     },
                     {
                         "type":  "Feature",
                         "properties":  {
                                            "Name":  "#1797",
                                            "description":  "\u003cdiv dir=\u0027rtl\u0027 style=\u0027font-family:Arial;\u0027\u003e\u003cb\u003eשם:\u003c/b\u003e חנוך ספיר\u003cbr/\u003e\u003cb\u003eאתר:\u003c/b\u003e יער שחריה\u003cbr/\u003e\u003cb\u003eתאריך:\u003c/b\u003e 31-01-2026\u003cbr/\u003e\u003cb\u003eID:\u003c/b\u003e 3545\u003cbr/\u003e\u003cb\u003eFB:\u003c/b\u003e \u003ca href=\u0027https://www.facebook.com/groups/beshvil.yael/posts/3877130102580112/\u0027\u003ehttps://www.facebook.com/groups/beshvil.yael/posts/3877130102580112/\u003c/a\u003e\u003cbr/\u003e\u003cbr/\u003e\u003cimg src=\u0027https://drive.google.com/uc?export=view\u0026amp;id=19BrrpazasNoO3SCM3NKXKnNbEphVhxLS\u0027 width=\u0027450\u0027/\u003e\u003cbr/\u003e\u003c/div\u003e",
                                            "tessellate":  -1,
                                            "extrude":  0,
                                            "visibility":  -1
                                        },
                         "geometry":  {
                                          "type":  "Point",
                                          "coordinates":  [
                                                              34.8284,
                                                              31.59393,
                                                              0.0
                                                          ]
                                      }
                     },
                     {
                         "type":  "Feature",
                         "properties":  {
                                            "Name":  "#1797",
                                            "description":  "\u003cdiv dir=\u0027rtl\u0027 style=\u0027font-family:Arial;\u0027\u003e\u003cb\u003eשם:\u003c/b\u003e חנוך ספיר\u003cbr/\u003e\u003cb\u003eאתר:\u003c/b\u003e נחל כסלון\u003cbr/\u003e\u003cb\u003eתאריך:\u003c/b\u003e 06-02-2026\u003cbr/\u003e\u003cb\u003eID:\u003c/b\u003e 3591\u003cbr/\u003e\u003cb\u003eFB:\u003c/b\u003e \u003ca href=\u0027https://www.facebook.com/groups/beshvil.yael/posts/3882475885378867/\u0027\u003ehttps://www.facebook.com/groups/beshvil.yael/posts/3882475885378867/\u003c/a\u003e\u003cbr/\u003e\u003cbr/\u003e\u003cimg src=\u0027https://drive.google.com/uc?export=view\u0026amp;id=1SkGWN1Dg9GjMX5qDbS_GGuyJ4b3Rn4FH\u0027 width=\u0027450\u0027/\u003e\u003cbr/\u003e\u003c/div\u003e",
                                            "tessellate":  -1,
                                            "extrude":  0,
                                            "visibility":  -1
                                        },
                         "geometry":  {
                                          "type":  "Point",
                                          "coordinates":  [
                                                              35.0376,
                                                              31.78236,
                                                              0.0
                                                          ]
                                      }
                     },
                     {
                         "type":  "Feature",
                         "properties":  {
                                            "Name":  "#1797",
                                            "description":  "\u003cdiv dir=\u0027rtl\u0027 style=\u0027font-family:Arial;\u0027\u003e\u003cb\u003eשם:\u003c/b\u003e חנוך ספיר\u003cbr/\u003e\u003cb\u003eאתר:\u003c/b\u003e עין קובי\u003cbr/\u003e\u003cb\u003eתאריך:\u003c/b\u003e 12-02-2026\u003cbr/\u003e\u003cb\u003eID:\u003c/b\u003e 3685\u003cbr/\u003e\u003cb\u003eFB:\u003c/b\u003e \u003ca href=\u0027https://www.facebook.com/groups/beshvil.yael/posts/3888181494808306\u0027\u003ehttps://www.facebook.com/groups/beshvil.yael/posts/3888181494808306\u003c/a\u003e\u003cbr/\u003e\u003cbr/\u003e\u003cimg src=\u0027https://drive.google.com/uc?export=view\u0026amp;id=1CTV-f9_-Au69uOy-E12qNoi3iRmoUsst\u0027 width=\u0027450\u0027/\u003e\u003cbr/\u003e\u003c/div\u003e",
                                            "tessellate":  -1,
                                            "extrude":  0,
                                            "visibility":  -1
                                        },
                         "geometry":  {
                                          "type":  "Point",
                                          "coordinates":  [
                                                              35.11744,
                                                              31.72602,
                                                              0.0
                                                          ]
                                      }
                     },
                     {
                         "type":  "Feature",
                         "properties":  {
                                            "Name":  "#1797",
                                            "description":  "\u003cdiv dir=\u0027rtl\u0027 style=\u0027font-family:Arial;\u0027\u003e\u003cb\u003eשם:\u003c/b\u003e חנוך ספיר\u003cbr/\u003e\u003cb\u003eאתר:\u003c/b\u003e יד אנזק\u003cbr/\u003e\u003cb\u003eתאריך:\u003c/b\u003e 14-02-2026\u003cbr/\u003e\u003cb\u003eID:\u003c/b\u003e 3705\u003cbr/\u003e\u003cb\u003eFB:\u003c/b\u003e \u003ca href=\u0027https://www.facebook.com/groups/beshvil.yael/posts/3890035774622878/\u0027\u003ehttps://www.facebook.com/groups/beshvil.yael/posts/3890035774622878/\u003c/a\u003e\u003cbr/\u003e\u003cbr/\u003e\u003cimg src=\u0027https://drive.google.com/uc?export=view\u0026amp;id=1-PSAOgCCWQYOchvBitfHGCGJnp40DQbn\u0027 width=\u0027450\u0027/\u003e\u003cbr/\u003e\u003c/div\u003e",
                                            "tessellate":  -1,
                                            "extrude":  0,
                                            "visibility":  -1
                                        },
                         "geometry":  {
                                          "type":  "Point",
                                          "coordinates":  [
                                                              34.45994,
                                                              31.44473,
                                                              0.0
                                                          ]
                                      }
                     },
                     {
                         "type":  "Feature",
                         "properties":  {
                                            "Name":  "#1797",
                                            "description":  "\u003cdiv dir=\u0027rtl\u0027 style=\u0027font-family:Arial;\u0027\u003e\u003cb\u003eשם:\u003c/b\u003e חנוך ספיר\u003cbr/\u003e\u003cb\u003eאתר:\u003c/b\u003e עופר\u003cbr/\u003e\u003cb\u003eתאריך:\u003c/b\u003e 20-02-2026\u003cbr/\u003e\u003cb\u003eID:\u003c/b\u003e 3785\u003cbr/\u003e\u003cb\u003eFB:\u003c/b\u003e \u003ca href=\u0027https://www.facebook.com/groups/beshvil.yael/posts/3896078344018621/\u0027\u003ehttps://www.facebook.com/groups/beshvil.yael/posts/3896078344018621/\u003c/a\u003e\u003cbr/\u003e\u003cbr/\u003e\u003cimg src=\u0027https://drive.google.com/uc?export=view\u0026amp;id=1i7kHvjBbOk50lCb1CGz5upSVGy6okusL\u0027 width=\u0027450\u0027/\u003e\u003cbr/\u003e\u003c/div\u003e",
                                            "tessellate":  -1,
                                            "extrude":  0,
                                            "visibility":  -1
                                        },
                         "geometry":  {
                                          "type":  "Point",
                                          "coordinates":  [
                                                              34.97016,
                                                              32.6514,
                                                              0.0
                                                          ]
                                      }
                     },
                     {
                         "type":  "Feature",
                         "properties":  {
                                            "Name":  "#1797",
                                            "description":  "\u003cdiv dir=\u0027rtl\u0027 style=\u0027font-family:Arial;\u0027\u003e\u003cb\u003eשם:\u003c/b\u003e חנוך ספיר\u003cbr/\u003e\u003cb\u003eאתר:\u003c/b\u003e שלומית\u003cbr/\u003e\u003cb\u003eתאריך:\u003c/b\u003e 27-02-2026\u003cbr/\u003e\u003cb\u003eID:\u003c/b\u003e 3885\u003cbr/\u003e\u003cb\u003eFB:\u003c/b\u003e \u003ca href=\u0027https://www.facebook.com/groups/beshvil.yael/posts/3902760703350385/\u0027\u003ehttps://www.facebook.com/groups/beshvil.yael/posts/3902760703350385/\u003c/a\u003e\u003cbr/\u003e\u003cbr/\u003e\u003cimg src=\u0027https://drive.google.com/uc?export=view\u0026amp;id=1fCWSL2l2EZLAcvnUGWoa4P9uVBPkpX5D\u0027 width=\u0027450\u0027/\u003e\u003cbr/\u003e\u003c/div\u003e",
                                            "tessellate":  -1,
                                            "extrude":  0,
                                            "visibility":  -1
                                        },
                         "geometry":  {
                                          "type":  "Point",
                                          "coordinates":  [
                                                              34.30564,
                                                              31.16632,
                                                              0.0
                                                          ]
                                      }
                     },
                     {
                         "type":  "Feature",
                         "properties":  {
                                            "Name":  "#1797",
                                            "description":  "\u003cdiv dir=\u0027rtl\u0027 style=\u0027font-family:Arial;\u0027\u003e\u003cb\u003eשם:\u003c/b\u003e חנוך ספיר\u003cbr/\u003e\u003cb\u003eאתר:\u003c/b\u003e הכרמל\u003cbr/\u003e\u003cb\u003eתאריך:\u003c/b\u003e 20-03-2026\u003cbr/\u003e\u003cb\u003eID:\u003c/b\u003e 3978\u003cbr/\u003e\u003cb\u003eFB:\u003c/b\u003e \u003ca href=\u0027https://www.facebook.com/groups/beshvil.yael/posts/3921501608142961/\u0027\u003ehttps://www.facebook.com/groups/beshvil.yael/posts/3921501608142961/\u003c/a\u003e\u003cbr/\u003e\u003cbr/\u003e\u003cimg src=\u0027https://drive.google.com/uc?export=view\u0026amp;id=1DXwr5qT6QdMl5KwPaIlmgSuI3dh7N9MR\u0027 width=\u0027450\u0027/\u003e\u003cbr/\u003e\u003c/div\u003e",
                                            "tessellate":  -1,
                                            "extrude":  0,
                                            "visibility":  -1
                                        },
                         "geometry":  {
                                          "type":  "Point",
                                          "coordinates":  [
                                                              35.05045,
                                                              32.74283,
                                                              0.0
                                                          ]
                                      }
                     },
                     {
                         "type":  "Feature",
                         "properties":  {
                                            "Name":  "#1797",
                                            "description":  "\u003cdiv dir=\u0027rtl\u0027 style=\u0027font-family:Arial;\u0027\u003e\u003cb\u003eשם:\u003c/b\u003e חנוך ספיר\u003cbr/\u003e\u003cb\u003eאתר:\u003c/b\u003e גבעת חומרה\u003cbr/\u003e\u003cb\u003eתאריך:\u003c/b\u003e 28-03-2026\u003cbr/\u003e\u003cb\u003eID:\u003c/b\u003e 4005\u003cbr/\u003e\u003cb\u003eFB:\u003c/b\u003e \u003ca href=\u0027https://www.facebook.com/groups/beshvil.yael/posts/3928838037409318/\u0027\u003ehttps://www.facebook.com/groups/beshvil.yael/posts/3928838037409318/\u003c/a\u003e\u003cbr/\u003e\u003cbr/\u003e\u003cimg src=\u0027https://drive.google.com/uc?export=view\u0026amp;id=10T7TvZcy70HLIi67amXjW4Zb7xEKx9Up\u0027 width=\u0027450\u0027/\u003e\u003cbr/\u003e\u003c/div\u003e",
                                            "tessellate":  -1,
                                            "extrude":  0,
                                            "visibility":  -1
                                        },
                         "geometry":  {
                                          "type":  "Point",
                                          "coordinates":  [
                                                              34.74377,
                                                              31.93505,
                                                              0.0
                                                          ]
                                      }
                     },
                     {
                         "type":  "Feature",
                         "properties":  {
                                            "Name":  "#1797",
                                            "description":  "\u003cdiv dir=\u0027rtl\u0027 style=\u0027font-family:Arial;\u0027\u003e\u003cb\u003eשם:\u003c/b\u003e חנוך ספיר\u003cbr/\u003e\u003cb\u003eאתר:\u003c/b\u003e חוף גדור\u003cbr/\u003e\u003cb\u003eתאריך:\u003c/b\u003e 06-04-2026\u003cbr/\u003e\u003cb\u003eID:\u003c/b\u003e 4063\u003cbr/\u003e\u003cb\u003eFB:\u003c/b\u003e \u003ca href=\u0027https://www.secure.facebook.com/groups/beshvil.yael/posts/3937269326566189\u0027\u003ehttps://www.secure.facebook.com/groups/beshvil.yael/posts/3937269326566189\u003c/a\u003e\u003cbr/\u003e\u003cbr/\u003e\u003cimg src=\u0027https://drive.google.com/uc?export=view\u0026amp;id=10FoxZX9vqjdygEU-uCGQy9UBqYLRLJbX\u0027 width=\u0027450\u0027/\u003e\u003cbr/\u003e\u003c/div\u003e",
                                            "tessellate":  -1,
                                            "extrude":  0,
                                            "visibility":  -1
                                        },
                         "geometry":  {
                                          "type":  "Point",
                                          "coordinates":  [
                                                              34.87766,
                                                              32.43783,
                                                              0.0
                                                          ]
                                      }
                     },
                     {
                         "type":  "Feature",
                         "properties":  {
                                            "Name":  "#1797",
                                            "description":  "\u003cdiv dir=\u0027rtl\u0027 style=\u0027font-family:Arial;\u0027\u003e\u003cb\u003eשם:\u003c/b\u003e חנוך ספיר\u003cbr/\u003e\u003cb\u003eאתר:\u003c/b\u003e גל-און\u003cbr/\u003e\u003cb\u003eתאריך:\u003c/b\u003e 02-05-2026\u003cbr/\u003e\u003cb\u003eID:\u003c/b\u003e 4314\u003cbr/\u003e\u003cb\u003eFB:\u003c/b\u003e \u003ca href=\u0027https://www.facebook.com/groups/beshvil.yael/posts/3960249590934829/\u0027\u003ehttps://www.facebook.com/groups/beshvil.yael/posts/3960249590934829/\u003c/a\u003e\u003cbr/\u003e\u003cbr/\u003e\u003cimg src=\u0027https://drive.google.com/uc?export=view\u0026amp;id=10FSluysHjuSjLYXF5VtvuUkzhKxzaXXN\u0027 width=\u0027450\u0027/\u003e\u003cbr/\u003e\u003c/div\u003e",
                                            "tessellate":  -1,
                                            "extrude":  0,
                                            "visibility":  -1
                                        },
                         "geometry":  {
                                          "type":  "Point",
                                          "coordinates":  [
                                                              34.84718,
                                                              31.64389,
                                                              0.0
                                                          ]
                                      }
                     },
                     {
                         "type":  "Feature",
                         "properties":  {
                                            "Name":  "#1797",
                                            "description":  "\u003cdiv dir=\u0027rtl\u0027 style=\u0027font-family:Arial;\u0027\u003e\u003cb\u003eשם:\u003c/b\u003e חנוך ספיר\u003cbr/\u003e\u003cb\u003eאתר:\u003c/b\u003e בריכת מן\u003cbr/\u003e\u003cb\u003eתאריך:\u003c/b\u003e 22-05-2026\u003cbr/\u003e\u003cb\u003eID:\u003c/b\u003e 4509\u003cbr/\u003e\u003cb\u003eFB:\u003c/b\u003e \u003ca href=\u0027https://www.facebook.com/groups/beshvil.yael/posts/3979397659020022\u0027\u003ehttps://www.facebook.com/groups/beshvil.yael/posts/3979397659020022\u003c/a\u003e\u003cbr/\u003e\u003cbr/\u003e\u003cimg src=\u0027https://drive.google.com/uc?export=view\u0026amp;id=144Hvhlu6kITQOdm3YO5Qf-PrkRyEQt02\u0027 width=\u0027450\u0027/\u003e\u003cbr/\u003e\u003c/div\u003e",
                                            "tessellate":  -1,
                                            "extrude":  0,
                                            "visibility":  -1
                                        },
                         "geometry":  {
                                          "type":  "Point",
                                          "coordinates":  [
                                                              35.75554,
                                                              33.29242,
                                                              0.0
                                                          ]
                                      }
                     },
                     {
                         "type":  "Feature",
                         "properties":  {
                                            "Name":  "#1797",
                                            "description":  "\u003cdiv dir=\u0027rtl\u0027 style=\u0027font-family:Arial;\u0027\u003e\u003cb\u003eשם:\u003c/b\u003e חנוך ספיר\u003cbr/\u003e\u003cb\u003eאתר:\u003c/b\u003e שמורת גודר\u003cbr/\u003e\u003cb\u003eתאריך:\u003c/b\u003e 25-05-2026\u003cbr/\u003e\u003cb\u003eID:\u003c/b\u003e 4532\u003cbr/\u003e\u003cb\u003eFB:\u003c/b\u003e \u003ca href=\u0027https://www.facebook.com/groups/beshvil.yael/posts/3981847055441749/\u0027\u003ehttps://www.facebook.com/groups/beshvil.yael/posts/3981847055441749/\u003c/a\u003e\u003cbr/\u003e\u003cbr/\u003e\u003cimg src=\u0027https://drive.google.com/uc?export=view\u0026amp;id=1yMs1pfFVT964wUcNCH-JJksp2DNPCx1N\u0027 width=\u0027450\u0027/\u003e\u003cbr/\u003e\u003c/div\u003e",
                                            "tessellate":  -1,
                                            "extrude":  0,
                                            "visibility":  -1
                                        },
                         "geometry":  {
                                          "type":  "Point",
                                          "coordinates":  [
                                                              34.87145,
                                                              32.4136,
                                                              0.0
                                                          ]
                                      }
                     },
                     {
                         "type":  "Feature",
                         "properties":  {
                                            "Name":  "#1801",
                                            "description":  "\u003cdiv dir=\u0027rtl\u0027 style=\u0027font-family:Arial;\u0027\u003e\u003cb\u003eשם:\u003c/b\u003e נועה אלרם\u003cbr/\u003e\u003cb\u003eאתר:\u003c/b\u003e ים אל ים\u003cbr/\u003e\u003cb\u003eתאריך:\u003c/b\u003e 16-05-2025\u003cbr/\u003e\u003cb\u003eID:\u003c/b\u003e 309\u003cbr/\u003e\u003cb\u003eFB:\u003c/b\u003e \u003ca href=\u0027https://www.facebook.com/groups/3235176716775457/posts/3616997451926713/\u0027\u003ehttps://www.facebook.com/groups/3235176716775457/posts/3616997451926713/\u003c/a\u003e\u003cbr/\u003e\u003cbr/\u003e\u003cimg src=\u0027https://drive.google.com/uc?export=view\u0026amp;id=1MZl4blkPv7HyxPyqDdJabqyPPMk_EjC7\u0027 width=\u0027450\u0027/\u003e\u003cbr/\u003e\u003c/div\u003e",
                                            "tessellate":  -1,
                                            "extrude":  0,
                                            "visibility":  -1
                                        },
                         "geometry":  {
                                          "type":  "Point",
                                          "coordinates":  [
                                                              35.1043348,
                                                              33.0506992,
                                                              0.0
                                                          ]
                                      }
                     },
                     {
                         "type":  "Feature",
                         "properties":  {
                                            "Name":  "#1816",
                                            "description":  "\u003cdiv dir=\u0027rtl\u0027 style=\u0027font-family:Arial;\u0027\u003e\u003cb\u003eשם:\u003c/b\u003e יקי כץ\u003cbr/\u003e\u003cb\u003eאתר:\u003c/b\u003e יערות הכרמל\u003cbr/\u003e\u003cb\u003eתאריך:\u003c/b\u003e 17-08-2025\u003cbr/\u003e\u003cb\u003eID:\u003c/b\u003e 379\u003cbr/\u003e\u003cb\u003eFB:\u003c/b\u003e \u003ca href=\u0027https://www.facebook.com/groups/beshvil.yael/posts/3724118681214589/\u0027\u003ehttps://www.facebook.com/groups/beshvil.yael/posts/3724118681214589/\u003c/a\u003e\u003cbr/\u003e\u003cbr/\u003e\u003cimg src=\u0027https://drive.google.com/uc?export=view\u0026amp;id=1cK9UWJ3zahX78_qV8n6IExSUIRy-cwTn\u0027 width=\u0027450\u0027/\u003e\u003cbr/\u003e\u003c/div\u003e",
                                            "tessellate":  -1,
                                            "extrude":  0,
                                            "visibility":  -1
                                        },
                         "geometry":  {
                                          "type":  "Point",
                                          "coordinates":  [
                                                              35.0310623,
                                                              32.737894,
                                                              0.0
                                                          ]
                                      }
                     },
                     {
                         "type":  "Feature",
                         "properties":  {
                                            "Name":  "#1816",
                                            "description":  "\u003cdiv dir=\u0027rtl\u0027 style=\u0027font-family:Arial;\u0027\u003e\u003cb\u003eשם:\u003c/b\u003e תכלת הרש\u003cbr/\u003e\u003cb\u003eאתר:\u003c/b\u003e יערות בן שמן\u003cbr/\u003e\u003cb\u003eתאריך:\u003c/b\u003e 07-10-2025\u003cbr/\u003e\u003cb\u003eID:\u003c/b\u003e 2201\u003cbr/\u003e\u003cb\u003eFB:\u003c/b\u003e \u003ca href=\u0027https://www.facebook.com/groups/beshvil.yael/posts/3771301333162990\u0027\u003ehttps://www.facebook.com/groups/beshvil.yael/posts/3771301333162990\u003c/a\u003e\u003cbr/\u003e\u003cbr/\u003e\u003cimg src=\u0027https://drive.google.com/uc?export=view\u0026amp;id=1hFT-TjuLjCYuyZyyDuPm0A9F4K5v45sI\u0027 width=\u0027450\u0027/\u003e\u003cbr/\u003e\u003c/div\u003e",
                                            "tessellate":  -1,
                                            "extrude":  0,
                                            "visibility":  -1
                                        },
                         "geometry":  {
                                          "type":  "Point",
                                          "coordinates":  [
                                                              34.94995,
                                                              31.94444,
                                                              0.0
                                                          ]
                                      }
                     },
                     {
                         "type":  "Feature",
                         "properties":  {
                                            "Name":  "#1817",
                                            "description":  "\u003cdiv dir=\u0027rtl\u0027 style=\u0027font-family:Arial;\u0027\u003e\u003cb\u003eשם:\u003c/b\u003e גיתית וויסבוים\u003cbr/\u003e\u003cb\u003eאתר:\u003c/b\u003e יערות הכרמל\u003cbr/\u003e\u003cb\u003eתאריך:\u003c/b\u003e 17-08-2025\u003cbr/\u003e\u003cb\u003eID:\u003c/b\u003e 1560\u003cbr/\u003e\u003cb\u003eFB:\u003c/b\u003e \u003ca href=\u0027https://www.facebook.com/groups/beshvil.yael/posts/3724118681214589/\u0027\u003ehttps://www.facebook.com/groups/beshvil.yael/posts/3724118681214589/\u003c/a\u003e\u003cbr/\u003e\u003cbr/\u003e\u003cimg src=\u0027https://drive.google.com/uc?export=view\u0026amp;id=1cK9UWJ3zahX78_qV8n6IExSUIRy-cwTn\u0027 width=\u0027450\u0027/\u003e\u003cbr/\u003e\u003c/div\u003e",
                                            "tessellate":  -1,
                                            "extrude":  0,
                                            "visibility":  -1
                                        },
                         "geometry":  {
                                          "type":  "Point",
                                          "coordinates":  [
                                                              35.0310623,
                                                              32.737624,
                                                              0.0
                                                          ]
                                      }
                     },
                     {
                         "type":  "Feature",
                         "properties":  {
                                            "Name":  "#1825",
                                            "description":  "\u003cdiv dir=\u0027rtl\u0027 style=\u0027font-family:Arial;\u0027\u003e\u003cb\u003eשם:\u003c/b\u003e דור אלפרוביץ\u003cbr/\u003e\u003cb\u003eאתר:\u003c/b\u003e יער עופר\u003cbr/\u003e\u003cb\u003eתאריך:\u003c/b\u003e 28-03-2025\u003cbr/\u003e\u003cb\u003eID:\u003c/b\u003e 633\u003cbr/\u003e\u003cb\u003eFB:\u003c/b\u003e \u003ca href=\u0027https://www.facebook.com/groups/3235176716775457/permalink/3596993443927114/\u0027\u003ehttps://www.facebook.com/groups/3235176716775457/permalink/3596993443927114/\u003c/a\u003e\u003cbr/\u003e\u003cbr/\u003e\u003cimg src=\u0027https://drive.google.com/uc?export=view\u0026amp;id=1kmMpNCW0cLqoi5GD9qw0HXRe9aCLkbXJ\u0027 width=\u0027450\u0027/\u003e\u003cbr/\u003e\u003c/div\u003e",
                                            "tessellate":  -1,
                                            "extrude":  0,
                                            "visibility":  -1
                                        },
                         "geometry":  {
                                          "type":  "Point",
                                          "coordinates":  [
                                                              34.9638746,
                                                              32.6543294,
                                                              0.0
                                                          ]
                                      }
                     },
                     {
                         "type":  "Feature",
                         "properties":  {
                                            "Name":  "#1825",
                                            "description":  "\u003cdiv dir=\u0027rtl\u0027 style=\u0027font-family:Arial;\u0027\u003e\u003cb\u003eשם:\u003c/b\u003e דור אלפרוביץ\u003cbr/\u003e\u003cb\u003eאתר:\u003c/b\u003e כרם מהר\u0026quot;ל\u003cbr/\u003e\u003cb\u003eתאריך:\u003c/b\u003e 14-04-2025\u003cbr/\u003e\u003cb\u003eID:\u003c/b\u003e 348\u003cbr/\u003e\u003cb\u003eFB:\u003c/b\u003e \u003ca href=\u0027https://www.facebook.com/groups/3235176716775457/posts/3615156592110799/\u0027\u003ehttps://www.facebook.com/groups/3235176716775457/posts/3615156592110799/\u003c/a\u003e\u003cbr/\u003e\u003cbr/\u003e\u003cimg src=\u0027https://drive.google.com/uc?export=view\u0026amp;id=1QR9bYyBzjb88b_M37riQ1gNeVzgEntLD\u0027 width=\u0027450\u0027/\u003e\u003cbr/\u003e\u003c/div\u003e",
                                            "tessellate":  -1,
                                            "extrude":  0,
                                            "visibility":  -1
                                        },
                         "geometry":  {
                                          "type":  "Point",
                                          "coordinates":  [
                                                              34.995743,
                                                              32.645044,
                                                              0.0
                                                          ]
                                      }
                     },
                     {
                         "type":  "Feature",
                         "properties":  {
                                            "Name":  "#1847",
                                            "description":  "\u003cdiv dir=\u0027rtl\u0027 style=\u0027font-family:Arial;\u0027\u003e\u003cb\u003eשם:\u003c/b\u003e שרית קן דרור\u003cbr/\u003e\u003cb\u003eאתר:\u003c/b\u003e ים המלח\u003cbr/\u003e\u003cb\u003eתאריך:\u003c/b\u003e 15-04-2025\u003cbr/\u003e\u003cb\u003eID:\u003c/b\u003e 336\u003cbr/\u003e\u003cb\u003eFB:\u003c/b\u003e \u003ca href=\u0027https://www.facebook.com/groups/3235176716775457/posts/3616090675350724/\u0027\u003ehttps://www.facebook.com/groups/3235176716775457/posts/3616090675350724/\u003c/a\u003e\u003cbr/\u003e\u003cbr/\u003e\u003cimg src=\u0027https://drive.google.com/uc?export=view\u0026amp;id=1OyJJXoHlgbAU_cydQRScFsQG14VxquXP\u0027 width=\u0027450\u0027/\u003e\u003cbr/\u003e\u003c/div\u003e",
                                            "tessellate":  -1,
                                            "extrude":  0,
                                            "visibility":  -1
                                        },
                         "geometry":  {
                                          "type":  "Point",
                                          "coordinates":  [
                                                              35.36252,
                                                              31.20015,
                                                              0.0
                                                          ]
                                      }
                     },
                     {
                         "type":  "Feature",
                         "properties":  {
                                            "Name":  "#1854",
                                            "description":  "\u003cdiv dir=\u0027rtl\u0027 style=\u0027font-family:Arial;\u0027\u003e\u003cb\u003eשם:\u003c/b\u003e שבי יו\u003cbr/\u003e\u003cb\u003eאתר:\u003c/b\u003e שביל ישראל\u003cbr/\u003e\u003cb\u003eתאריך:\u003c/b\u003e 17-04-2025\u003cbr/\u003e\u003cb\u003eID:\u003c/b\u003e 297\u003cbr/\u003e\u003cb\u003eFB:\u003c/b\u003e \u003ca href=\u0027https://www.facebook.com/groups/3235176716775457/posts/3617770455182746/\u0027\u003ehttps://www.facebook.com/groups/3235176716775457/posts/3617770455182746/\u003c/a\u003e\u003cbr/\u003e\u003cbr/\u003e\u003cimg src=\u0027https://drive.google.com/uc?export=view\u0026amp;id=1LlXglfr0cSZU2hIuu0eDbM0oZEZtWXUO\u0027 width=\u0027450\u0027/\u003e\u003cbr/\u003e\u003c/div\u003e",
                                            "tessellate":  -1,
                                            "extrude":  0,
                                            "visibility":  -1
                                        },
                         "geometry":  {
                                          "type":  "Point",
                                          "coordinates":  [
                                                              34.8915927,
                                                              32.3866307,
                                                              0.0
                                                          ]
                                      }
                     },
                     {
                         "type":  "Feature",
                         "properties":  {
                                            "Name":  "#1854",
                                            "description":  "\u003cdiv dir=\u0027rtl\u0027 style=\u0027font-family:Arial;\u0027\u003e\u003cb\u003eשם:\u003c/b\u003e שבי יו\u003cbr/\u003e\u003cb\u003eאתר:\u003c/b\u003e חוטם הכרמל\u003cbr/\u003e\u003cb\u003eתאריך:\u003c/b\u003e 16-05-2025\u003cbr/\u003e\u003cb\u003eID:\u003c/b\u003e 326\u003cbr/\u003e\u003cb\u003eFB:\u003c/b\u003e \u003ca href=\u0027https://www.facebook.com/groups/3235176716775457/posts/3616639281962530/\u0027\u003ehttps://www.facebook.com/groups/3235176716775457/posts/3616639281962530/\u003c/a\u003e\u003cbr/\u003e\u003cbr/\u003e\u003cimg src=\u0027https://drive.google.com/uc?export=view\u0026amp;id=1O4TYHoJMhH0XTl_ByrE1gl8a6l8odRa1\u0027 width=\u0027450\u0027/\u003e\u003cbr/\u003e\u003c/div\u003e",
                                            "tessellate":  -1,
                                            "extrude":  0,
                                            "visibility":  -1
                                        },
                         "geometry":  {
                                          "type":  "Point",
                                          "coordinates":  [
                                                              34.9378523,
                                                              32.5635858,
                                                              0.0
                                                          ]
                                      }
                     },
                     {
                         "type":  "Feature",
                         "properties":  {
                                            "Name":  "#1860",
                                            "description":  "\u003cdiv dir=\u0027rtl\u0027 style=\u0027font-family:Arial;\u0027\u003e\u003cb\u003eשם:\u003c/b\u003e יקי כץ\u003cbr/\u003e\u003cb\u003eאתר:\u003c/b\u003e מעלה עלי\u003cbr/\u003e\u003cb\u003eתאריך:\u003c/b\u003e 09-01-2026\u003cbr/\u003e\u003cb\u003eID:\u003c/b\u003e 3327\u003cbr/\u003e\u003cb\u003eFB:\u003c/b\u003e \u003ca href=\u0027https://www.facebook.com/groups/beshvil.yael/posts/3857206431239146\u0027\u003ehttps://www.facebook.com/groups/beshvil.yael/posts/3857206431239146\u003c/a\u003e\u003cbr/\u003e\u003cbr/\u003e\u003cimg src=\u0027https://drive.google.com/uc?export=view\u0026amp;id=1TmfyPd-LUyFQHBE_A6LU78d0bPjtmcwj\u0027 width=\u0027450\u0027/\u003e\u003cbr/\u003e\u003c/div\u003e",
                                            "tessellate":  -1,
                                            "extrude":  0,
                                            "visibility":  -1
                                        },
                         "geometry":  {
                                          "type":  "Point",
                                          "coordinates":  [
                                                              35.16916,
                                                              30.94666,
                                                              0.0
                                                          ]
                                      }
                     },
                     {
                         "type":  "Feature",
                         "properties":  {
                                            "Name":  "#1860",
                                            "description":  "\u003cdiv dir=\u0027rtl\u0027 style=\u0027font-family:Arial;\u0027\u003e\u003cb\u003eשם:\u003c/b\u003e יקי כץ\u003cbr/\u003e\u003cb\u003eאתר:\u003c/b\u003e נעלין\u003cbr/\u003e\u003cb\u003eתאריך:\u003c/b\u003e 22-02-2026\u003cbr/\u003e\u003cb\u003eID:\u003c/b\u003e 3827\u003cbr/\u003e\u003cb\u003eFB:\u003c/b\u003e \u003ca href=\u0027https://www.facebook.com/groups/beshvil.yael/posts/3897713990521723/\u0027\u003ehttps://www.facebook.com/groups/beshvil.yael/posts/3897713990521723/\u003c/a\u003e\u003cbr/\u003e\u003cbr/\u003e\u003cimg src=\u0027https://drive.google.com/uc?export=view\u0026amp;id=18gFc_Z4GPkxtoUbRLxGn9LIRMi30XUg9\u0027 width=\u0027450\u0027/\u003e\u003cbr/\u003e\u003c/div\u003e",
                                            "tessellate":  -1,
                                            "extrude":  0,
                                            "visibility":  -1
                                        },
                         "geometry":  {
                                          "type":  "Point",
                                          "coordinates":  [
                                                              35.02154,
                                                              31.94924,
                                                              0.0
                                                          ]
                                      }
                     },
                     {
                         "type":  "Feature",
                         "properties":  {
                                            "Name":  "#1907",
                                            "description":  "\u003cdiv dir=\u0027rtl\u0027 style=\u0027font-family:Arial;\u0027\u003e\u003cb\u003eשם:\u003c/b\u003e סמדר הרפז סעד\u003cbr/\u003e\u003cb\u003eאתר:\u003c/b\u003e \u003cbr/\u003e\u003cb\u003eתאריך:\u003c/b\u003e 20-05-2025\u003cbr/\u003e\u003cb\u003eID:\u003c/b\u003e 568\u003cbr/\u003e\u003cb\u003eFB:\u003c/b\u003e \u003ca href=\u0027https://www.facebook.com/groups/3235176716775457/permalink/3625994101027048/\u0027\u003ehttps://www.facebook.com/groups/3235176716775457/permalink/3625994101027048/\u003c/a\u003e\u003cbr/\u003e\u003cbr/\u003e\u003cimg src=\u0027https://drive.google.com/uc?export=view\u0026amp;id=1fz_qi4DN-koHou-KpObn3ZKlqoqPgfgM\u0027 width=\u0027450\u0027/\u003e\u003cbr/\u003e\u003c/div\u003e",
                                            "tessellate":  -1,
                                            "extrude":  0,
                                            "visibility":  -1
                                        },
                         "geometry":  {
                                          "type":  "Point",
                                          "coordinates":  [
                                                              35.2380388,
                                                              32.7928947,
                                                              0.0
                                                          ]
                                      }
                     },
                     {
                         "type":  "Feature",
                         "properties":  {
                                            "Name":  "#1909",
                                            "description":  "\u003cdiv dir=\u0027rtl\u0027 style=\u0027font-family:Arial;\u0027\u003e\u003cb\u003eשם:\u003c/b\u003e יעל יהושע\u003cbr/\u003e\u003cb\u003eאתר:\u003c/b\u003e תל אביב\u003cbr/\u003e\u003cb\u003eתאריך:\u003c/b\u003e 22-03-2025\u003cbr/\u003e\u003cb\u003eID:\u003c/b\u003e 635\u003cbr/\u003e\u003cb\u003eFB:\u003c/b\u003e \u003ca href=\u0027https://www.facebook.com/groups/3235176716775457/permalink/3591448134481645/\u0027\u003ehttps://www.facebook.com/groups/3235176716775457/permalink/3591448134481645/\u003c/a\u003e\u003cbr/\u003e\u003cbr/\u003e\u003cimg src=\u0027https://drive.google.com/uc?export=view\u0026amp;id=1kzmcYND84SmNzYY1QSAZXWDQShRNUcAA\u0027 width=\u0027450\u0027/\u003e\u003cbr/\u003e\u003c/div\u003e",
                                            "tessellate":  -1,
                                            "extrude":  0,
                                            "visibility":  -1
                                        },
                         "geometry":  {
                                          "type":  "Point",
                                          "coordinates":  [
                                                              34.7687516,
                                                              32.0647422,
                                                              0.0
                                                          ]
                                      }
                     },
                     {
                         "type":  "Feature",
                         "properties":  {
                                            "Name":  "#1909",
                                            "description":  "\u003cdiv dir=\u0027rtl\u0027 style=\u0027font-family:Arial;\u0027\u003e\u003cb\u003eשם:\u003c/b\u003e יעל יהושע\u003cbr/\u003e\u003cb\u003eאתר:\u003c/b\u003e נחל השופט\u003cbr/\u003e\u003cb\u003eתאריך:\u003c/b\u003e 27-03-2025\u003cbr/\u003e\u003cb\u003eID:\u003c/b\u003e 638\u003cbr/\u003e\u003cb\u003eFB:\u003c/b\u003e \u003ca href=\u0027https://www.facebook.com/groups/3235176716775457/permalink/3595872064039252/\u0027\u003ehttps://www.facebook.com/groups/3235176716775457/permalink/3595872064039252/\u003c/a\u003e\u003cbr/\u003e\u003cbr/\u003e\u003cimg src=\u0027https://drive.google.com/uc?export=view\u0026amp;id=1l9V-xckgZRMPwOb_V8mi5kg-70ij5VQj\u0027 width=\u0027450\u0027/\u003e\u003cbr/\u003e\u003c/div\u003e",
                                            "tessellate":  -1,
                                            "extrude":  0,
                                            "visibility":  -1
                                        },
                         "geometry":  {
                                          "type":  "Point",
                                          "coordinates":  [
                                                              35.1054358,
                                                              32.6289655,
                                                              0.0
                                                          ]
                                      }
                     },
                     {
                         "type":  "Feature",
                         "properties":  {
                                            "Name":  "#1909",
                                            "description":  "\u003cdiv dir=\u0027rtl\u0027 style=\u0027font-family:Arial;\u0027\u003e\u003cb\u003eשם:\u003c/b\u003e יעל יהושע\u003cbr/\u003e\u003cb\u003eאתר:\u003c/b\u003e גבעתיים\u003cbr/\u003e\u003cb\u003eתאריך:\u003c/b\u003e 12-08-2025\u003cbr/\u003e\u003cb\u003eID:\u003c/b\u003e 1507\u003cbr/\u003e\u003cb\u003eFB:\u003c/b\u003e \u003ca href=\u0027https://www.facebook.com/groups/beshvil.yael/posts/3719556655004125/\u0027\u003ehttps://www.facebook.com/groups/beshvil.yael/posts/3719556655004125/\u003c/a\u003e\u003cbr/\u003e\u003cbr/\u003e\u003cimg src=\u0027https://drive.google.com/uc?export=view\u0026amp;id=1eOhtL3QkoNQuXl9YpWkU3YoDFZdFlNyK\u0027 width=\u0027450\u0027/\u003e\u003cbr/\u003e\u003c/div\u003e",
                                            "tessellate":  -1,
                                            "extrude":  0,
                                            "visibility":  -1
                                        },
                         "geometry":  {
                                          "type":  "Point",
                                          "coordinates":  [
                                                              34.8115996,
                                                              32.0642308,
                                                              0.0
                                                          ]
                                      }
                     },
                     {
                         "type":  "Feature",
                         "properties":  {
                                            "Name":  "#1909",
                                            "description":  "\u003cdiv dir=\u0027rtl\u0027 style=\u0027font-family:Arial;\u0027\u003e\u003cb\u003eשם:\u003c/b\u003e יעל יהושע\u003cbr/\u003e\u003cb\u003eאתר:\u003c/b\u003e פארק אריאל שרון\u003cbr/\u003e\u003cb\u003eתאריך:\u003c/b\u003e 07-10-2025\u003cbr/\u003e\u003cb\u003eID:\u003c/b\u003e 2235\u003cbr/\u003e\u003cb\u003eFB:\u003c/b\u003e \u003ca href=\u0027https://www.facebook.com/groups/beshvil.yael/posts/3772181883074935\u0027\u003ehttps://www.facebook.com/groups/beshvil.yael/posts/3772181883074935\u003c/a\u003e\u003cbr/\u003e\u003cbr/\u003e\u003cimg src=\u0027https://drive.google.com/uc?export=view\u0026amp;id=1rkExzfWJcxrA_99p8JOafIG9K_Ei58RE\u0027 width=\u0027450\u0027/\u003e\u003cbr/\u003e\u003c/div\u003e",
                                            "tessellate":  -1,
                                            "extrude":  0,
                                            "visibility":  -1
                                        },
                         "geometry":  {
                                          "type":  "Point",
                                          "coordinates":  [
                                                              34.82137,
                                                              32.03054,
                                                              0.0
                                                          ]
                                      }
                     },
                     {
                         "type":  "Feature",
                         "properties":  {
                                            "Name":  "#1909",
                                            "description":  "\u003cdiv dir=\u0027rtl\u0027 style=\u0027font-family:Arial;\u0027\u003e\u003cb\u003eשם:\u003c/b\u003e יעל יהושע\u003cbr/\u003e\u003cb\u003eאתר:\u003c/b\u003e מגדל דוד\u003cbr/\u003e\u003cb\u003eתאריך:\u003c/b\u003e 25-10-2025\u003cbr/\u003e\u003cb\u003eID:\u003c/b\u003e 2518\u003cbr/\u003e\u003cb\u003eFB:\u003c/b\u003e \u003ca href=\u0027https://www.facebook.com/groups/beshvil.yael/posts/3790499414576515\u0027\u003ehttps://www.facebook.com/groups/beshvil.yael/posts/3790499414576515\u003c/a\u003e\u003cbr/\u003e\u003cbr/\u003e\u003cimg src=\u0027https://drive.google.com/uc?export=view\u0026amp;id=1ztS5TKMZyLLqPPytqdzfYmpMAQt3It7f\u0027 width=\u0027450\u0027/\u003e\u003cbr/\u003e\u003c/div\u003e",
                                            "tessellate":  -1,
                                            "extrude":  0,
                                            "visibility":  -1
                                        },
                         "geometry":  {
                                          "type":  "Point",
                                          "coordinates":  [
                                                              35.2282,
                                                              31.77646,
                                                              0.0
                                                          ]
                                      }
                     },
                     {
                         "type":  "Feature",
                         "properties":  {
                                            "Name":  "#1909",
                                            "description":  "\u003cdiv dir=\u0027rtl\u0027 style=\u0027font-family:Arial;\u0027\u003e\u003cb\u003eשם:\u003c/b\u003e יעל יהושע\u003cbr/\u003e\u003cb\u003eאתר:\u003c/b\u003e נחל חרמון\u003cbr/\u003e\u003cb\u003eתאריך:\u003c/b\u003e 17-01-2026\u003cbr/\u003e\u003cb\u003eID:\u003c/b\u003e 3391\u003cbr/\u003e\u003cb\u003eFB:\u003c/b\u003e \u003ca href=\u0027https://www.facebook.com/groups/beshvil.yael/posts/3864211073872015/\u0027\u003ehttps://www.facebook.com/groups/beshvil.yael/posts/3864211073872015/\u003c/a\u003e\u003cbr/\u003e\u003cbr/\u003e\u003cimg src=\u0027https://drive.google.com/uc?export=view\u0026amp;id=1J_MUSIRouBtYAZ9vzATuM7eQjWcKll0W\u0027 width=\u0027450\u0027/\u003e\u003cbr/\u003e\u003c/div\u003e",
                                            "tessellate":  -1,
                                            "extrude":  0,
                                            "visibility":  -1
                                        },
                         "geometry":  {
                                          "type":  "Point",
                                          "coordinates":  [
                                                              35.65247,
                                                              33.22133,
                                                              0.0
                                                          ]
                                      }
                     },
                     {
                         "type":  "Feature",
                         "properties":  {
                                            "Name":  "#1909",
                                            "description":  "\u003cdiv dir=\u0027rtl\u0027 style=\u0027font-family:Arial;\u0027\u003e\u003cb\u003eשם:\u003c/b\u003e יעל יהושע\u003cbr/\u003e\u003cb\u003eאתר:\u003c/b\u003e נשביליסט\u003cbr/\u003e\u003cb\u003eתאריך:\u003c/b\u003e 14-02-2026\u003cbr/\u003e\u003cb\u003eID:\u003c/b\u003e 3719\u003cbr/\u003e\u003cb\u003eFB:\u003c/b\u003e \u003ca href=\u0027https://www.facebook.com/groups/beshvil.yael/posts/3890462414580214/\u0027\u003ehttps://www.facebook.com/groups/beshvil.yael/posts/3890462414580214/\u003c/a\u003e\u003cbr/\u003e\u003cbr/\u003e\u003cimg src=\u0027https://drive.google.com/uc?export=view\u0026amp;id=1piFsyw2BA7dfA8J8GnrAn9rXh59pnZJs\u0027 width=\u0027450\u0027/\u003e\u003cbr/\u003e\u003c/div\u003e",
                                            "tessellate":  -1,
                                            "extrude":  0,
                                            "visibility":  -1
                                        },
                         "geometry":  {
                                          "type":  "Point",
                                          "coordinates":  [
                                                              34.78441,
                                                              32.07707,
                                                              0.0
                                                          ]
                                      }
                     },
                     {
                         "type":  "Feature",
                         "properties":  {
                                            "Name":  "#1909",
                                            "description":  "\u003cdiv dir=\u0027rtl\u0027 style=\u0027font-family:Arial;\u0027\u003e\u003cb\u003eשם:\u003c/b\u003e יעל יהושע\u003cbr/\u003e\u003cb\u003eאתר:\u003c/b\u003e אור הנר\u003cbr/\u003e\u003cb\u003eתאריך:\u003c/b\u003e 27-02-2026\u003cbr/\u003e\u003cb\u003eID:\u003c/b\u003e 3878\u003cbr/\u003e\u003cb\u003eFB:\u003c/b\u003e \u003ca href=\u0027https://www.facebook.com/groups/beshvil.yael/posts/3902640233362432/\u0027\u003ehttps://www.facebook.com/groups/beshvil.yael/posts/3902640233362432/\u003c/a\u003e\u003cbr/\u003e\u003cbr/\u003e\u003cimg src=\u0027https://drive.google.com/uc?export=view\u0026amp;id=15Z12gqTCrtsLd5rm3WM4BgRDcLywEuje\u0027 width=\u0027450\u0027/\u003e\u003cbr/\u003e\u003c/div\u003e",
                                            "tessellate":  -1,
                                            "extrude":  0,
                                            "visibility":  -1
                                        },
                         "geometry":  {
                                          "type":  "Point",
                                          "coordinates":  [
                                                              34.59792,
                                                              31.55414,
                                                              0.0
                                                          ]
                                      }
                     },
                     {
                         "type":  "Feature",
                         "properties":  {
                                            "Name":  "#1909",
                                            "description":  "\u003cdiv dir=\u0027rtl\u0027 style=\u0027font-family:Arial;\u0027\u003e\u003cb\u003eשם:\u003c/b\u003e יעל יהושע\u003cbr/\u003e\u003cb\u003eאתר:\u003c/b\u003e בית הקברות הבריטי\u003cbr/\u003e\u003cb\u003eתאריך:\u003c/b\u003e 09-05-2026\u003cbr/\u003e\u003cb\u003eID:\u003c/b\u003e 4386\u003cbr/\u003e\u003cb\u003eFB:\u003c/b\u003e \u003ca href=\u0027https://www.facebook.com/groups/beshvil.yael/posts/3966669506959504\u0027\u003ehttps://www.facebook.com/groups/beshvil.yael/posts/3966669506959504\u003c/a\u003e\u003cbr/\u003e\u003cbr/\u003e\u003cimg src=\u0027https://drive.google.com/uc?export=view\u0026amp;id=1RBwJP6TZADE_JyGLkhip5nJswMpTS2l7\u0027 width=\u0027450\u0027/\u003e\u003cbr/\u003e\u003c/div\u003e",
                                            "tessellate":  -1,
                                            "extrude":  0,
                                            "visibility":  -1
                                        },
                         "geometry":  {
                                          "type":  "Point",
                                          "coordinates":  [
                                                              35.23939,
                                                              31.79901,
                                                              0.0
                                                          ]
                                      }
                     },
                     {
                         "type":  "Feature",
                         "properties":  {
                                            "Name":  "#1909",
                                            "description":  "\u003cdiv dir=\u0027rtl\u0027 style=\u0027font-family:Arial;\u0027\u003e\u003cb\u003eשם:\u003c/b\u003e יעל יהושע\u003cbr/\u003e\u003cb\u003eאתר:\u003c/b\u003e ארז בן גוריון\u003cbr/\u003e\u003cb\u003eתאריך:\u003c/b\u003e 22-05-2026\u003cbr/\u003e\u003cb\u003eID:\u003c/b\u003e 4507\u003cbr/\u003e\u003cb\u003eFB:\u003c/b\u003e \u003ca href=\u0027https://www.facebook.com/groups/beshvil.yael/posts/3979142162378905\u0027\u003ehttps://www.facebook.com/groups/beshvil.yael/posts/3979142162378905\u003c/a\u003e\u003cbr/\u003e\u003cbr/\u003e\u003cimg src=\u0027https://drive.google.com/uc?export=view\u0026amp;id=1rMhynlWLTxrYI1FAkerNkurXbUG0MAGA\u0027 width=\u0027450\u0027/\u003e\u003cbr/\u003e\u003c/div\u003e",
                                            "tessellate":  -1,
                                            "extrude":  0,
                                            "visibility":  -1
                                        },
                         "geometry":  {
                                          "type":  "Point",
                                          "coordinates":  [
                                                              35.17149,
                                                              31.77407,
                                                              0.0
                                                          ]
                                      }
                     },
                     {
                         "type":  "Feature",
                         "properties":  {
                                            "Name":  "#1910",
                                            "description":  "\u003cdiv dir=\u0027rtl\u0027 style=\u0027font-family:Arial;\u0027\u003e\u003cb\u003eשם:\u003c/b\u003e נילי אברמסקי\u003cbr/\u003e\u003cb\u003eאתר:\u003c/b\u003e מירוץ הלילה\u003cbr/\u003e\u003cb\u003eתאריך:\u003c/b\u003e 01-11-2025\u003cbr/\u003e\u003cb\u003eID:\u003c/b\u003e 2588\u003cbr/\u003e\u003cb\u003eFB:\u003c/b\u003e \u003ca href=\u0027https://www.facebook.com/groups/beshvil.yael/posts/3797350700558053\u0027\u003ehttps://www.facebook.com/groups/beshvil.yael/posts/3797350700558053\u003c/a\u003e\u003cbr/\u003e\u003cbr/\u003e\u003cimg src=\u0027https://drive.google.com/uc?export=view\u0026amp;id=1Wun4HiBuMdhMsDiDhO3hXCaBVIwLG2ET\u0027 width=\u0027450\u0027/\u003e\u003cbr/\u003e\u003c/div\u003e",
                                            "tessellate":  -1,
                                            "extrude":  0,
                                            "visibility":  -1
                                        },
                         "geometry":  {
                                          "type":  "Point",
                                          "coordinates":  [
                                                              34.77181,
                                                              32.08675,
                                                              0.0
                                                          ]
                                      }
                     },
                     {
                         "type":  "Feature",
                         "properties":  {
                                            "Name":  "#1910",
                                            "description":  "\u003cdiv dir=\u0027rtl\u0027 style=\u0027font-family:Arial;\u0027\u003e\u003cb\u003eשם:\u003c/b\u003e נילי אברמסקי\u003cbr/\u003e\u003cb\u003eאתר:\u003c/b\u003e מרתון תל אביב\u003cbr/\u003e\u003cb\u003eתאריך:\u003c/b\u003e 27-02-2026\u003cbr/\u003e\u003cb\u003eID:\u003c/b\u003e 3873\u003cbr/\u003e\u003cb\u003eFB:\u003c/b\u003e \u003ca href=\u0027https://www.facebook.com/groups/beshvil.yael/posts/3902252186734570\u0027\u003ehttps://www.facebook.com/groups/beshvil.yael/posts/3902252186734570\u003c/a\u003e\u003cbr/\u003e\u003cbr/\u003e\u003cimg src=\u0027https://drive.google.com/uc?export=view\u0026amp;id=1iHZpnb3-aYDZBKIBzBY-G30sqSjYQgnU\u0027 width=\u0027450\u0027/\u003e\u003cbr/\u003e\u003c/div\u003e",
                                            "tessellate":  -1,
                                            "extrude":  0,
                                            "visibility":  -1
                                        },
                         "geometry":  {
                                          "type":  "Point",
                                          "coordinates":  [
                                                              34.78786,
                                                              32.09751,
                                                              0.0
                                                          ]
                                      }
                     },
                     {
                         "type":  "Feature",
                         "properties":  {
                                            "Name":  "#1910",
                                            "description":  "\u003cdiv dir=\u0027rtl\u0027 style=\u0027font-family:Arial;\u0027\u003e\u003cb\u003eשם:\u003c/b\u003e נילי אברמסקי\u003cbr/\u003e\u003cb\u003eאתר:\u003c/b\u003e דרך בורמה\u003cbr/\u003e\u003cb\u003eתאריך:\u003c/b\u003e 22-04-2026\u003cbr/\u003e\u003cb\u003eID:\u003c/b\u003e 4215\u003cbr/\u003e\u003cb\u003eFB:\u003c/b\u003e \u003ca href=\u0027https://www.facebook.com/groups/beshvil.yael/posts/3950969928529462/\u0027\u003ehttps://www.facebook.com/groups/beshvil.yael/posts/3950969928529462/\u003c/a\u003e\u003cbr/\u003e\u003cbr/\u003e\u003cimg src=\u0027https://drive.google.com/uc?export=view\u0026amp;id=1FkiOVAK7orjw-nRjOgdsPd-biphUY7il\u0027 width=\u0027450\u0027/\u003e\u003cbr/\u003e\u003c/div\u003e",
                                            "tessellate":  -1,
                                            "extrude":  0,
                                            "visibility":  -1
                                        },
                         "geometry":  {
                                          "type":  "Point",
                                          "coordinates":  [
                                                              35.02124,
                                                              31.80775,
                                                              0.0
                                                          ]
                                      }
                     },
                     {
                         "type":  "Feature",
                         "properties":  {
                                            "Name":  "#1914",
                                            "description":  "\u003cdiv dir=\u0027rtl\u0027 style=\u0027font-family:Arial;\u0027\u003e\u003cb\u003eשם:\u003c/b\u003e יוליה יורבאום\u003cbr/\u003e\u003cb\u003eאתר:\u003c/b\u003e גלבוע\u003cbr/\u003e\u003cb\u003eתאריך:\u003c/b\u003e 30-03-2025\u003cbr/\u003e\u003cb\u003eID:\u003c/b\u003e 556\u003cbr/\u003e\u003cb\u003eFB:\u003c/b\u003e \u003ca href=\u0027https://www.facebook.com/groups/3235176716775457/permalink/3599183840374741/\u0027\u003ehttps://www.facebook.com/groups/3235176716775457/permalink/3599183840374741/\u003c/a\u003e\u003cbr/\u003e\u003cbr/\u003e\u003cimg src=\u0027https://drive.google.com/uc?export=view\u0026amp;id=1f1WrNiYkqSJLpBsYNEjnH_amdlKIsRUo\u0027 width=\u0027450\u0027/\u003e\u003cbr/\u003e\u003c/div\u003e",
                                            "tessellate":  -1,
                                            "extrude":  0,
                                            "visibility":  -1
                                        },
                         "geometry":  {
                                          "type":  "Point",
                                          "coordinates":  [
                                                              35.3864728,
                                                              32.5130321,
                                                              0.0
                                                          ]
                                      }
                     },
                     {
                         "type":  "Feature",
                         "properties":  {
                                            "Name":  "#1914",
                                            "description":  "\u003cdiv dir=\u0027rtl\u0027 style=\u0027font-family:Arial;\u0027\u003e\u003cb\u003eשם:\u003c/b\u003e יוליה יורבאום\u003cbr/\u003e\u003cb\u003eאתר:\u003c/b\u003e בית גוברין\u003cbr/\u003e\u003cb\u003eתאריך:\u003c/b\u003e 05-04-2025\u003cbr/\u003e\u003cb\u003eID:\u003c/b\u003e 495\u003cbr/\u003e\u003cb\u003eFB:\u003c/b\u003e \u003ca href=\u0027https://www.facebook.com/groups/3235176716775457/posts/3605268509766274/\u0027\u003ehttps://www.facebook.com/groups/3235176716775457/posts/3605268509766274/\u003c/a\u003e\u003cbr/\u003e\u003cbr/\u003e\u003cimg src=\u0027https://drive.google.com/uc?export=view\u0026amp;id=1YdEa-r5iTrr3HoaL3HKKfXXSUE7ylxjL\u0027 width=\u0027450\u0027/\u003e\u003cbr/\u003e\u003c/div\u003e",
                                            "tessellate":  -1,
                                            "extrude":  0,
                                            "visibility":  -1
                                        },
                         "geometry":  {
                                          "type":  "Point",
                                          "coordinates":  [
                                                              34.895568,
                                                              31.61288,
                                                              0.0
                                                          ]
                                      }
                     },
                     {
                         "type":  "Feature",
                         "properties":  {
                                            "Name":  "#1914",
                                            "description":  "\u003cdiv dir=\u0027rtl\u0027 style=\u0027font-family:Arial;\u0027\u003e\u003cb\u003eשם:\u003c/b\u003e יוליה יורבאום\u003cbr/\u003e\u003cb\u003eאתר:\u003c/b\u003e נחל אורן\u003cbr/\u003e\u003cb\u003eתאריך:\u003c/b\u003e 03-05-2025\u003cbr/\u003e\u003cb\u003eID:\u003c/b\u003e 79\u003cbr/\u003e\u003cb\u003eFB:\u003c/b\u003e \u003ca href=\u0027https://www.facebook.com/groups/3235176716775457/posts/3632814277011697/\u0027\u003ehttps://www.facebook.com/groups/3235176716775457/posts/3632814277011697/\u003c/a\u003e\u003cbr/\u003e\u003cbr/\u003e\u003cimg src=\u0027https://drive.google.com/uc?export=view\u0026amp;id=15IsxZlg6lkWHMd4dl6YUmYohdw5_znAg\u0027 width=\u0027450\u0027/\u003e\u003cbr/\u003e\u003c/div\u003e",
                                            "tessellate":  -1,
                                            "extrude":  0,
                                            "visibility":  -1
                                        },
                         "geometry":  {
                                          "type":  "Point",
                                          "coordinates":  [
                                                              35.031408,
                                                              32.71735,
                                                              0.0
                                                          ]
                                      }
                     },
                     {
                         "type":  "Feature",
                         "properties":  {
                                            "Name":  "#2026",
                                            "description":  "\u003cdiv dir=\u0027rtl\u0027 style=\u0027font-family:Arial;\u0027\u003e\u003cb\u003eשם:\u003c/b\u003e טליה הרמן\u003cbr/\u003e\u003cb\u003eאתר:\u003c/b\u003e מלהב לחירבת יתיר\u003cbr/\u003e\u003cb\u003eתאריך:\u003c/b\u003e 25-12-2025\u003cbr/\u003e\u003cb\u003eID:\u003c/b\u003e 119\u003cbr/\u003e\u003cb\u003eFB:\u003c/b\u003e \u003ca href=\u0027https://www.facebook.com/groups/beshvil.yael/posts/3844773832482406\u0027\u003ehttps://www.facebook.com/groups/beshvil.yael/posts/3844773832482406\u003c/a\u003e\u003cbr/\u003e\u003cbr/\u003e\u003cimg src=\u0027https://drive.google.com/uc?export=view\u0026amp;id=1TscTO0VfjXyz78xEukeijjf52436QTaE\u0027 width=\u0027450\u0027/\u003e\u003cbr/\u003e\u003c/div\u003e",
                                            "tessellate":  -1,
                                            "extrude":  0,
                                            "visibility":  -1
                                        },
                         "geometry":  {
                                          "type":  "Point",
                                          "coordinates":  [
                                                              35.0163,
                                                              31.35248,
                                                              0.0
                                                          ]
                                      }
                     },
                     {
                         "type":  "Feature",
                         "properties":  {
                                            "Name":  "#2026",
                                            "description":  "\u003cdiv dir=\u0027rtl\u0027 style=\u0027font-family:Arial;\u0027\u003e\u003cb\u003eשם:\u003c/b\u003e גלית הרמן\u003cbr/\u003e\u003cb\u003eאתר:\u003c/b\u003e  מהר עמשא לערד\u003cbr/\u003e\u003cb\u003eתאריך:\u003c/b\u003e 22-01-2026\u003cbr/\u003e\u003cb\u003eID:\u003c/b\u003e 3424\u003cbr/\u003e\u003cb\u003eFB:\u003c/b\u003e \u003ca href=\u0027https://www.facebook.com/groups/beshvil.yael/posts/3868679333425189\u0027\u003ehttps://www.facebook.com/groups/beshvil.yael/posts/3868679333425189\u003c/a\u003e\u003cbr/\u003e\u003cbr/\u003e\u003cimg src=\u0027https://drive.google.com/uc?export=view\u0026amp;id=1kYzeLwW0vOQkFRAH0OvqgVLscYXGlA5y\u0027 width=\u0027450\u0027/\u003e\u003cbr/\u003e\u003c/div\u003e",
                                            "tessellate":  -1,
                                            "extrude":  0,
                                            "visibility":  -1
                                        },
                         "geometry":  {
                                          "type":  "Point",
                                          "coordinates":  [
                                                              35.15005,
                                                              31.26705,
                                                              0.0
                                                          ]
                                      }
                     },
                     {
                         "type":  "Feature",
                         "properties":  {
                                            "Name":  "#2026",
                                            "description":  "\u003cdiv dir=\u0027rtl\u0027 style=\u0027font-family:Arial;\u0027\u003e\u003cb\u003eשם:\u003c/b\u003e גלית הרמן\u003cbr/\u003e\u003cb\u003eאתר:\u003c/b\u003e שביל אסף\u003cbr/\u003e\u003cb\u003eתאריך:\u003c/b\u003e 23-01-2026\u003cbr/\u003e\u003cb\u003eID:\u003c/b\u003e 3434\u003cbr/\u003e\u003cb\u003eFB:\u003c/b\u003e \u003ca href=\u0027https://www.facebook.com/groups/beshvil.yael/posts/3869358916690564\u0027\u003ehttps://www.facebook.com/groups/beshvil.yael/posts/3869358916690564\u003c/a\u003e\u003cbr/\u003e\u003cbr/\u003e\u003cimg src=\u0027https://drive.google.com/uc?export=view\u0026amp;id=1nKQouh1YReSRHSfLke_j0qqdKvKg7i-4\u0027 width=\u0027450\u0027/\u003e\u003cbr/\u003e\u003c/div\u003e",
                                            "tessellate":  -1,
                                            "extrude":  0,
                                            "visibility":  -1
                                        },
                         "geometry":  {
                                          "type":  "Point",
                                          "coordinates":  [
                                                              35.23792,
                                                              31.28941,
                                                              0.0
                                                          ]
                                      }
                     },
                     {
                         "type":  "Feature",
                         "properties":  {
                                            "Name":  "#2026",
                                            "description":  "\u003cdiv dir=\u0027rtl\u0027 style=\u0027font-family:Arial;\u0027\u003e\u003cb\u003eשם:\u003c/b\u003e גלית הרמן\u003cbr/\u003e\u003cb\u003eאתר:\u003c/b\u003e נחל שועלים\u003cbr/\u003e\u003cb\u003eתאריך:\u003c/b\u003e 06-02-2026\u003cbr/\u003e\u003cb\u003eID:\u003c/b\u003e 3605\u003cbr/\u003e\u003cb\u003eFB:\u003c/b\u003e \u003ca href=\u0027https://www.facebook.com/groups/beshvil.yael/posts/3882796445346811/\u0027\u003ehttps://www.facebook.com/groups/beshvil.yael/posts/3882796445346811/\u003c/a\u003e\u003cbr/\u003e\u003cbr/\u003e\u003cimg src=\u0027https://drive.google.com/uc?export=view\u0026amp;id=1T3mQheXNm6wMLXYKIJdjjOSz8JDwRFN7\u0027 width=\u0027450\u0027/\u003e\u003cbr/\u003e\u003c/div\u003e",
                                            "tessellate":  -1,
                                            "extrude":  0,
                                            "visibility":  -1
                                        },
                         "geometry":  {
                                          "type":  "Point",
                                          "coordinates":  [
                                                              34.91339,
                                                              30.96117,
                                                              0.0
                                                          ]
                                      }
                     },
                     {
                         "type":  "Feature",
                         "properties":  {
                                            "Name":  "#2026",
                                            "description":  "\u003cdiv dir=\u0027rtl\u0027 style=\u0027font-family:Arial;\u0027\u003e\u003cb\u003eשם:\u003c/b\u003e גלית הרמן\u003cbr/\u003e\u003cb\u003eאתר:\u003c/b\u003e מצדה\u003cbr/\u003e\u003cb\u003eתאריך:\u003c/b\u003e 19-02-2026\u003cbr/\u003e\u003cb\u003eID:\u003c/b\u003e 3772\u003cbr/\u003e\u003cb\u003eFB:\u003c/b\u003e \u003ca href=\u0027https://www.facebook.com/groups/beshvil.yael/posts/3895125097447279/\u0027\u003ehttps://www.facebook.com/groups/beshvil.yael/posts/3895125097447279/\u003c/a\u003e\u003cbr/\u003e\u003cbr/\u003e\u003cimg src=\u0027https://drive.google.com/uc?export=view\u0026amp;id=19JY9EYn2EBpDEWXutm1P73EwzZ9zG6r0\u0027 width=\u0027450\u0027/\u003e\u003cbr/\u003e\u003c/div\u003e",
                                            "tessellate":  -1,
                                            "extrude":  0,
                                            "visibility":  -1
                                        },
                         "geometry":  {
                                          "type":  "Point",
                                          "coordinates":  [
                                                              35.32104,
                                                              31.30666,
                                                              0.0
                                                          ]
                                      }
                     },
                     {
                         "type":  "Feature",
                         "properties":  {
                                            "Name":  "#2026",
                                            "description":  "\u003cdiv dir=\u0027rtl\u0027 style=\u0027font-family:Arial;\u0027\u003e\u003cb\u003eשם:\u003c/b\u003e גלית הרמן\u003cbr/\u003e\u003cb\u003eאתר:\u003c/b\u003e בתרונות רוחמה.\u003cbr/\u003e\u003cb\u003eתאריך:\u003c/b\u003e 11-04-2026\u003cbr/\u003e\u003cb\u003eID:\u003c/b\u003e 4097\u003cbr/\u003e\u003cb\u003eFB:\u003c/b\u003e \u003ca href=\u0027https://www.facebook.com/groups/beshvil.yael/posts/3941195392840249/\u0027\u003ehttps://www.facebook.com/groups/beshvil.yael/posts/3941195392840249/\u003c/a\u003e\u003cbr/\u003e\u003cbr/\u003e\u003cimg src=\u0027https://drive.google.com/uc?export=view\u0026amp;id=1YlV_fjwWcxzzZY3O9X5SNdpepm8mopc3\u0027 width=\u0027450\u0027/\u003e\u003cbr/\u003e\u003c/div\u003e",
                                            "tessellate":  -1,
                                            "extrude":  0,
                                            "visibility":  -1
                                        },
                         "geometry":  {
                                          "type":  "Point",
                                          "coordinates":  [
                                                              34.73473,
                                                              31.49137,
                                                              0.0
                                                          ]
                                      }
                     },
                     {
                         "type":  "Feature",
                         "properties":  {
                                            "Name":  "#2026",
                                            "description":  "\u003cdiv dir=\u0027rtl\u0027 style=\u0027font-family:Arial;\u0027\u003e\u003cb\u003eשם:\u003c/b\u003e גלית הרמן\u003cbr/\u003e\u003cb\u003eאתר:\u003c/b\u003e הוטה\u003cbr/\u003e\u003cb\u003eתאריך:\u003c/b\u003e 23-05-2026\u003cbr/\u003e\u003cb\u003eID:\u003c/b\u003e 4517\u003cbr/\u003e\u003cb\u003eFB:\u003c/b\u003e \u003ca href=\u0027https://www.facebook.com/groups/beshvil.yael/posts/3980242035602251/\u0027\u003ehttps://www.facebook.com/groups/beshvil.yael/posts/3980242035602251/\u003c/a\u003e\u003cbr/\u003e\u003cbr/\u003e\u003cimg src=\u0027https://drive.google.com/uc?export=view\u0026amp;id=1DFBEz3DhGXXnLlOu5PPJEh0UKONskIko\u0027 width=\u0027450\u0027/\u003e\u003cbr/\u003e\u003c/div\u003e",
                                            "tessellate":  -1,
                                            "extrude":  0,
                                            "visibility":  -1
                                        },
                         "geometry":  {
                                          "type":  "Point",
                                          "coordinates":  [
                                                              35.41425,
                                                              32.98415,
                                                              0.0
                                                          ]
                                      }
                     },
                     {
                         "type":  "Feature",
                         "properties":  {
                                            "Name":  "#2042",
                                            "description":  "\u003cdiv dir=\u0027rtl\u0027 style=\u0027font-family:Arial;\u0027\u003e\u003cb\u003eשם:\u003c/b\u003e יצחק אלבכרי\u003cbr/\u003e\u003cb\u003eאתר:\u003c/b\u003e יפו העתיקה\u003cbr/\u003e\u003cb\u003eתאריך:\u003c/b\u003e 21-05-2025\u003cbr/\u003e\u003cb\u003eID:\u003c/b\u003e 694\u003cbr/\u003e\u003cb\u003eFB:\u003c/b\u003e \u003ca href=\u0027https://www.facebook.com/groups/3235176716775457/posts/3646891332270658\u0027\u003ehttps://www.facebook.com/groups/3235176716775457/posts/3646891332270658\u003c/a\u003e\u003cbr/\u003e\u003cbr/\u003e\u003cimg src=\u0027https://drive.google.com/uc?export=view\u0026amp;id=1opiYK00p1oKMQY9BNK82Kq8THcdw5V9b\u0027 width=\u0027450\u0027/\u003e\u003cbr/\u003e\u003c/div\u003e",
                                            "tessellate":  -1,
                                            "extrude":  0,
                                            "visibility":  -1
                                        },
                         "geometry":  {
                                          "type":  "Point",
                                          "coordinates":  [
                                                              34.75519,
                                                              32.05485,
                                                              0.0
                                                          ]
                                      }
                     },
                     {
                         "type":  "Feature",
                         "properties":  {
                                            "Name":  "#2042",
                                            "description":  "\u003cdiv dir=\u0027rtl\u0027 style=\u0027font-family:Arial;\u0027\u003e\u003cb\u003eשם:\u003c/b\u003e יצחק אלבכרי\u003cbr/\u003e\u003cb\u003eאתר:\u003c/b\u003e ראשון לציון\u003cbr/\u003e\u003cb\u003eתאריך:\u003c/b\u003e 22-05-2025\u003cbr/\u003e\u003cb\u003eID:\u003c/b\u003e 685\u003cbr/\u003e\u003cb\u003eFB:\u003c/b\u003e \u003ca href=\u0027https://www.facebook.com/groups/3235176716775457/posts/3647920622167729\u0027\u003ehttps://www.facebook.com/groups/3235176716775457/posts/3647920622167729\u003c/a\u003e\u003cbr/\u003e\u003cbr/\u003e\u003cimg src=\u0027https://drive.google.com/uc?export=view\u0026amp;id=1nrIZmYhAkCHfSSxUtxtEgQfUAn1lMH3F\u0027 width=\u0027450\u0027/\u003e\u003cbr/\u003e\u003c/div\u003e",
                                            "tessellate":  -1,
                                            "extrude":  0,
                                            "visibility":  -1
                                        },
                         "geometry":  {
                                          "type":  "Point",
                                          "coordinates":  [
                                                              34.80208,
                                                              31.95908,
                                                              0.0
                                                          ]
                                      }
                     },
                     {
                         "type":  "Feature",
                         "properties":  {
                                            "Name":  "#2042",
                                            "description":  "\u003cdiv dir=\u0027rtl\u0027 style=\u0027font-family:Arial;\u0027\u003e\u003cb\u003eשם:\u003c/b\u003e יצחק אלבכרי\u003cbr/\u003e\u003cb\u003eאתר:\u003c/b\u003e בדרך לירושלים\u003cbr/\u003e\u003cb\u003eתאריך:\u003c/b\u003e 24-05-2025\u003cbr/\u003e\u003cb\u003eID:\u003c/b\u003e 757\u003cbr/\u003e\u003cb\u003eFB:\u003c/b\u003e \u003ca href=\u0027https://www.facebook.com/groups/3235176716775457/posts/3649814571978334/\u0027\u003ehttps://www.facebook.com/groups/3235176716775457/posts/3649814571978334/\u003c/a\u003e\u003cbr/\u003e\u003cbr/\u003e\u003cimg src=\u0027https://drive.google.com/uc?export=view\u0026amp;id=1H9HYOOR70AVMdzAcc5qsLDbBhLUfIjEl\u0027 width=\u0027450\u0027/\u003e\u003cbr/\u003e\u003c/div\u003e",
                                            "tessellate":  -1,
                                            "extrude":  0,
                                            "visibility":  -1
                                        },
                         "geometry":  {
                                          "type":  "Point",
                                          "coordinates":  [
                                                              35.17834,
                                                              31.79464,
                                                              0.0
                                                          ]
                                      }
                     },
                     {
                         "type":  "Feature",
                         "properties":  {
                                            "Name":  "#2047",
                                            "description":  "\u003cdiv dir=\u0027rtl\u0027 style=\u0027font-family:Arial;\u0027\u003e\u003cb\u003eשם:\u003c/b\u003e ליהי דוידוביץ\u0027\u003cbr/\u003e\u003cb\u003eאתר:\u003c/b\u003e ים לים\u003cbr/\u003e\u003cb\u003eתאריך:\u003c/b\u003e 23-05-2025\u003cbr/\u003e\u003cb\u003eID:\u003c/b\u003e 742\u003cbr/\u003e\u003cb\u003eFB:\u003c/b\u003e \u003ca href=\u0027https://www.facebook.com/groups/3235176716775457/posts/3648976628728795/\u0027\u003ehttps://www.facebook.com/groups/3235176716775457/posts/3648976628728795/\u003c/a\u003e\u003cbr/\u003e\u003cbr/\u003e\u003cimg src=\u0027https://drive.google.com/uc?export=view\u0026amp;id=1yswCs1S-3PpuCkA6_rEb69VsBadd4BgV\u0027 width=\u0027450\u0027/\u003e\u003cbr/\u003e\u003c/div\u003e",
                                            "tessellate":  -1,
                                            "extrude":  0,
                                            "visibility":  -1
                                        },
                         "geometry":  {
                                          "type":  "Point",
                                          "coordinates":  [
                                                              35.4832732,
                                                              32.8878808,
                                                              0.0
                                                          ]
                                      }
                     },
                     {
                         "type":  "Feature",
                         "properties":  {
                                            "Name":  "#2053",
                                            "description":  "\u003cdiv dir=\u0027rtl\u0027 style=\u0027font-family:Arial;\u0027\u003e\u003cb\u003eשם:\u003c/b\u003e יהודית מרחום\u003cbr/\u003e\u003cb\u003eאתר:\u003c/b\u003e אבן ספיר\u003cbr/\u003e\u003cb\u003eתאריך:\u003c/b\u003e 16-05-2025\u003cbr/\u003e\u003cb\u003eID:\u003c/b\u003e 524\u003cbr/\u003e\u003cb\u003eFB:\u003c/b\u003e \u003ca href=\u0027https://www.facebook.com/groups/3235176716775457/posts/3643429985950126/\u0027\u003ehttps://www.facebook.com/groups/3235176716775457/posts/3643429985950126/\u003c/a\u003e\u003cbr/\u003e\u003cbr/\u003e\u003cimg src=\u0027https://drive.google.com/uc?export=view\u0026amp;id=1XT29NxZE0swKBFOQjhc27vn-Q97Ee-kv\u0027 width=\u0027450\u0027/\u003e\u003cbr/\u003e\u003c/div\u003e",
                                            "tessellate":  -1,
                                            "extrude":  0,
                                            "visibility":  -1
                                        },
                         "geometry":  {
                                          "type":  "Point",
                                          "coordinates":  [
                                                              35.1322231,
                                                              31.7650944,
                                                              0.0
                                                          ]
                                      }
                     },
                     {
                         "type":  "Feature",
                         "properties":  {
                                            "Name":  "#2053",
                                            "description":  "\u003cdiv dir=\u0027rtl\u0027 style=\u0027font-family:Arial;\u0027\u003e\u003cb\u003eשם:\u003c/b\u003e יהודית מרחום\u003cbr/\u003e\u003cb\u003eאתר:\u003c/b\u003e עין מקלף\u003cbr/\u003e\u003cb\u003eתאריך:\u003c/b\u003e 11-07-2025\u003cbr/\u003e\u003cb\u003eID:\u003c/b\u003e 354\u003cbr/\u003e\u003cb\u003eFB:\u003c/b\u003e \u003ca href=\u0027https://www.facebook.com/groups/beshvil.yael/posts/3691229051170219\u0027\u003ehttps://www.facebook.com/groups/beshvil.yael/posts/3691229051170219\u003c/a\u003e\u003cbr/\u003e\u003cbr/\u003e\u003cimg src=\u0027https://drive.google.com/uc?export=view\u0026amp;id=1qxHqhOXmP2LKHpRw6lxP3vKUMow3fMv0\u0027 width=\u0027450\u0027/\u003e\u003cbr/\u003e\u003c/div\u003e",
                                            "tessellate":  -1,
                                            "extrude":  0,
                                            "visibility":  -1
                                        },
                         "geometry":  {
                                          "type":  "Point",
                                          "coordinates":  [
                                                              35.1631617,
                                                              31.7955529,
                                                              0.0
                                                          ]
                                      }
                     },
                     {
                         "type":  "Feature",
                         "properties":  {
                                            "Name":  "#2054",
                                            "description":  "\u003cdiv dir=\u0027rtl\u0027 style=\u0027font-family:Arial;\u0027\u003e\u003cb\u003eשם:\u003c/b\u003e אלית אילן\u003cbr/\u003e\u003cb\u003eאתר:\u003c/b\u003e צובה\u003cbr/\u003e\u003cb\u003eתאריך:\u003c/b\u003e 31-05-2025\u003cbr/\u003e\u003cb\u003eID:\u003c/b\u003e 855\u003cbr/\u003e\u003cb\u003eFB:\u003c/b\u003e \u003ca href=\u0027https://www.facebook.com/groups/3235176716775457/posts/3655945278031930/\u0027\u003ehttps://www.facebook.com/groups/3235176716775457/posts/3655945278031930/\u003c/a\u003e\u003cbr/\u003e\u003cbr/\u003e\u003cimg src=\u0027https://drive.google.com/uc?export=view\u0026amp;id=1HqtY3zEz_nwpnfXPkttrkYvHIETCjuBu\u0027 width=\u0027450\u0027/\u003e\u003cbr/\u003e\u003c/div\u003e",
                                            "tessellate":  -1,
                                            "extrude":  0,
                                            "visibility":  -1
                                        },
                         "geometry":  {
                                          "type":  "Point",
                                          "coordinates":  [
                                                              35.1201979,
                                                              31.7796551,
                                                              0.0
                                                          ]
                                      }
                     },
                     {
                         "type":  "Feature",
                         "properties":  {
                                            "Name":  "#2054",
                                            "description":  "\u003cdiv dir=\u0027rtl\u0027 style=\u0027font-family:Arial;\u0027\u003e\u003cb\u003eשם:\u003c/b\u003e אלית אילן\u003cbr/\u003e\u003cb\u003eאתר:\u003c/b\u003e \u003cbr/\u003e\u003cb\u003eתאריך:\u003c/b\u003e 22-11-2025\u003cbr/\u003e\u003cb\u003eID:\u003c/b\u003e 2833\u003cbr/\u003e\u003cb\u003eFB:\u003c/b\u003e \u003ca href=\u0027https://www.facebook.com/groups/beshvil.yael/posts/3816702015289588\u0027\u003ehttps://www.facebook.com/groups/beshvil.yael/posts/3816702015289588\u003c/a\u003e\u003cbr/\u003e\u003cbr/\u003e\u003cimg src=\u0027https://drive.google.com/uc?export=view\u0026amp;id=1juG4KTtevTo6LKPeKpjCMknmyCpCb4uS\u0027 width=\u0027450\u0027/\u003e\u003cbr/\u003e\u003c/div\u003e",
                                            "tessellate":  -1,
                                            "extrude":  0,
                                            "visibility":  -1
                                        },
                         "geometry":  {
                                          "type":  "Point",
                                          "coordinates":  [
                                                              34.50186,
                                                              31.48149,
                                                              0.0
                                                          ]
                                      }
                     },
                     {
                         "type":  "Feature",
                         "properties":  {
                                            "Name":  "#2062",
                                            "description":  "\u003cdiv dir=\u0027rtl\u0027 style=\u0027font-family:Arial;\u0027\u003e\u003cb\u003eשם:\u003c/b\u003e גילת רענן\u003cbr/\u003e\u003cb\u003eאתר:\u003c/b\u003e מערת אורנית\u003cbr/\u003e\u003cb\u003eתאריך:\u003c/b\u003e 01-12-2025\u003cbr/\u003e\u003cb\u003eID:\u003c/b\u003e 2933\u003cbr/\u003e\u003cb\u003eFB:\u003c/b\u003e \u003ca href=\u0027https://www.facebook.com/groups/beshvil.yael/posts/3823775781248878/\u0027\u003ehttps://www.facebook.com/groups/beshvil.yael/posts/3823775781248878/\u003c/a\u003e\u003cbr/\u003e\u003cbr/\u003e\u003cimg src=\u0027https://drive.google.com/uc?export=view\u0026amp;id=1koi9TBeIBf55UcgPPfluCPAlY1jk1jv3\u0027 width=\u0027450\u0027/\u003e\u003cbr/\u003e\u003c/div\u003e",
                                            "tessellate":  -1,
                                            "extrude":  0,
                                            "visibility":  -1
                                        },
                         "geometry":  {
                                          "type":  "Point",
                                          "coordinates":  [
                                                              34.98388,
                                                              32.76253,
                                                              0.0
                                                          ]
                                      }
                     },
                     {
                         "type":  "Feature",
                         "properties":  {
                                            "Name":  "#2062",
                                            "description":  "\u003cdiv dir=\u0027rtl\u0027 style=\u0027font-family:Arial;\u0027\u003e\u003cb\u003eשם:\u003c/b\u003e גילת רענן\u003cbr/\u003e\u003cb\u003eאתר:\u003c/b\u003e בתרונות רוחמה.\u003cbr/\u003e\u003cb\u003eתאריך:\u003c/b\u003e 26-02-2026\u003cbr/\u003e\u003cb\u003eID:\u003c/b\u003e 3871\u003cbr/\u003e\u003cb\u003eFB:\u003c/b\u003e \u003ca href=\u0027https://www.facebook.com/groups/beshvil.yael/posts/3901958450097277/\u0027\u003ehttps://www.facebook.com/groups/beshvil.yael/posts/3901958450097277/\u003c/a\u003e\u003cbr/\u003e\u003cbr/\u003e\u003cimg src=\u0027https://drive.google.com/uc?export=view\u0026amp;id=1ttxIDL8LF47I1oWOG3OYoOkwV2cfSuLc\u0027 width=\u0027450\u0027/\u003e\u003cbr/\u003e\u003c/div\u003e",
                                            "tessellate":  -1,
                                            "extrude":  0,
                                            "visibility":  -1
                                        },
                         "geometry":  {
                                          "type":  "Point",
                                          "coordinates":  [
                                                              34.73489,
                                                              31.4913,
                                                              0.0
                                                          ]
                                      }
                     },
                     {
                         "type":  "Feature",
                         "properties":  {
                                            "Name":  "#2062",
                                            "description":  "\u003cdiv dir=\u0027rtl\u0027 style=\u0027font-family:Arial;\u0027\u003e\u003cb\u003eשם:\u003c/b\u003e גילת רענן\u003cbr/\u003e\u003cb\u003eאתר:\u003c/b\u003e מאגר גלעד\u003cbr/\u003e\u003cb\u003eתאריך:\u003c/b\u003e 16-04-2026\u003cbr/\u003e\u003cb\u003eID:\u003c/b\u003e 4143\u003cbr/\u003e\u003cb\u003eFB:\u003c/b\u003e \u003ca href=\u0027https://www.facebook.com/groups/beshvil.yael/posts/3945687629057692/\u0027\u003ehttps://www.facebook.com/groups/beshvil.yael/posts/3945687629057692/\u003c/a\u003e\u003cbr/\u003e\u003cbr/\u003e\u003cimg src=\u0027https://drive.google.com/uc?export=view\u0026amp;id=1JbwEtJ2M8lNCRg-zJKCjkS-I4Vy0xMmu\u0027 width=\u0027450\u0027/\u003e\u003cbr/\u003e\u003c/div\u003e",
                                            "tessellate":  -1,
                                            "extrude":  0,
                                            "visibility":  -1
                                        },
                         "geometry":  {
                                          "type":  "Point",
                                          "coordinates":  [
                                                              35.06948,
                                                              32.56512,
                                                              0.0
                                                          ]
                                      }
                     },
                     {
                         "type":  "Feature",
                         "properties":  {
                                            "Name":  "#2062",
                                            "description":  "\u003cdiv dir=\u0027rtl\u0027 style=\u0027font-family:Arial;\u0027\u003e\u003cb\u003eשם:\u003c/b\u003e גילת רענן\u003cbr/\u003e\u003cb\u003eאתר:\u003c/b\u003e יער עופר\u003cbr/\u003e\u003cb\u003eתאריך:\u003c/b\u003e 24-04-2026\u003cbr/\u003e\u003cb\u003eID:\u003c/b\u003e 4238\u003cbr/\u003e\u003cb\u003eFB:\u003c/b\u003e \u003ca href=\u0027https://www.facebook.com/groups/beshvil.yael/posts/3953184361641352/\u0027\u003ehttps://www.facebook.com/groups/beshvil.yael/posts/3953184361641352/\u003c/a\u003e\u003cbr/\u003e\u003cbr/\u003e\u003cimg src=\u0027https://drive.google.com/uc?export=view\u0026amp;id=1oN0npfJ5lpAfzxDlN8MHQgdVF57foIa5\u0027 width=\u0027450\u0027/\u003e\u003cbr/\u003e\u003c/div\u003e",
                                            "tessellate":  -1,
                                            "extrude":  0,
                                            "visibility":  -1
                                        },
                         "geometry":  {
                                          "type":  "Point",
                                          "coordinates":  [
                                                              34.9701,
                                                              32.65656,
                                                              0.0
                                                          ]
                                      }
                     },
                     {
                         "type":  "Feature",
                         "properties":  {
                                            "Name":  "#2945",
                                            "description":  "\u003cdiv dir=\u0027rtl\u0027 style=\u0027font-family:Arial;\u0027\u003e\u003cb\u003eשם:\u003c/b\u003e ענת לייבר\u003cbr/\u003e\u003cb\u003eאתר:\u003c/b\u003e עין עוזי\u003cbr/\u003e\u003cb\u003eתאריך:\u003c/b\u003e 09-05-2026\u003cbr/\u003e\u003cb\u003eID:\u003c/b\u003e 515\u003cbr/\u003e\u003cb\u003eFB:\u003c/b\u003e \u003ca href=\u0027https://www.facebook.com/groups/beshvil.yael/posts/3966772583615863\u0027\u003ehttps://www.facebook.com/groups/beshvil.yael/posts/3966772583615863\u003c/a\u003e\u003cbr/\u003e\u003cbr/\u003e\u003cimg src=\u0027https://drive.google.com/uc?export=view\u0026amp;id=1AakEdlUFuHc8t5XvIxOAfkmaDCjatI6L\u0027 width=\u0027450\u0027/\u003e\u003cbr/\u003e\u003c/div\u003e",
                                            "tessellate":  -1,
                                            "extrude":  0,
                                            "visibility":  -1
                                        },
                         "geometry":  {
                                          "type":  "Point",
                                          "coordinates":  [
                                                              35.13777,
                                                              31.75838,
                                                              0.0
                                                          ]
                                      }
                     },
                     {
                         "type":  "Feature",
                         "properties":  {
                                            "Name":  "#2949",
                                            "description":  "\u003cdiv dir=\u0027rtl\u0027 style=\u0027font-family:Arial;\u0027\u003e\u003cb\u003eשם:\u003c/b\u003e יעל כרמון\u003cbr/\u003e\u003cb\u003eאתר:\u003c/b\u003e הר כרכום\u003cbr/\u003e\u003cb\u003eתאריך:\u003c/b\u003e 20-12-2025\u003cbr/\u003e\u003cb\u003eID:\u003c/b\u003e 3122\u003cbr/\u003e\u003cb\u003eFB:\u003c/b\u003e \u003ca href=\u0027https://www.facebook.com/groups/beshvil.yael/posts/3840658469560609\u0027\u003ehttps://www.facebook.com/groups/beshvil.yael/posts/3840658469560609\u003c/a\u003e\u003cbr/\u003e\u003cbr/\u003e\u003cimg src=\u0027https://drive.google.com/uc?export=view\u0026amp;id=1cdk63hEg-mbl4QW-WVCqulbxTWmhWnnB\u0027 width=\u0027450\u0027/\u003e\u003cbr/\u003e\u003c/div\u003e",
                                            "tessellate":  -1,
                                            "extrude":  0,
                                            "visibility":  -1
                                        },
                         "geometry":  {
                                          "type":  "Point",
                                          "coordinates":  [
                                                              34.74338,
                                                              30.28805,
                                                              0.0
                                                          ]
                                      }
                     },
                     {
                         "type":  "Feature",
                         "properties":  {
                                            "Name":  "#2961",
                                            "description":  "\u003cdiv dir=\u0027rtl\u0027 style=\u0027font-family:Arial;\u0027\u003e\u003cb\u003eשם:\u003c/b\u003e נעמה  עינב\u003cbr/\u003e\u003cb\u003eאתר:\u003c/b\u003e חווה חקלאית מודיעין\u003cbr/\u003e\u003cb\u003eתאריך:\u003c/b\u003e 04-06-2025\u003cbr/\u003e\u003cb\u003eID:\u003c/b\u003e 914\u003cbr/\u003e\u003cb\u003eFB:\u003c/b\u003e \u003ca href=\u0027https://www.facebook.com/groups/3235176716775457/posts/3659165337709924/\u0027\u003ehttps://www.facebook.com/groups/3235176716775457/posts/3659165337709924/\u003c/a\u003e\u003cbr/\u003e\u003cbr/\u003e\u003cimg src=\u0027https://drive.google.com/uc?export=view\u0026amp;id=17akvtC70r3GU_l0lBjcL38UpTDUrlGnE\u0027 width=\u0027450\u0027/\u003e\u003cbr/\u003e\u003c/div\u003e",
                                            "tessellate":  -1,
                                            "extrude":  0,
                                            "visibility":  -1
                                        },
                         "geometry":  {
                                          "type":  "Point",
                                          "coordinates":  [
                                                              34.9700908,
                                                              31.9103654,
                                                              0.0
                                                          ]
                                      }
                     },
                     {
                         "type":  "Feature",
                         "properties":  {
                                            "Name":  "#2969",
                                            "description":  "\u003cdiv dir=\u0027rtl\u0027 style=\u0027font-family:Arial;\u0027\u003e\u003cb\u003eשם:\u003c/b\u003e איריס אייזנברג\u003cbr/\u003e\u003cb\u003eאתר:\u003c/b\u003e ים המלח\u003cbr/\u003e\u003cb\u003eתאריך:\u003c/b\u003e 26-07-2025\u003cbr/\u003e\u003cb\u003eID:\u003c/b\u003e 1302\u003cbr/\u003e\u003cb\u003eFB:\u003c/b\u003e \u003ca href=\u0027https://www.facebook.com/groups/beshvil.yael/posts/3703828599910264/\u0027\u003ehttps://www.facebook.com/groups/beshvil.yael/posts/3703828599910264/\u003c/a\u003e\u003cbr/\u003e\u003cbr/\u003e\u003cimg src=\u0027https://drive.google.com/uc?export=view\u0026amp;id=1NiDgmbRHMjBIyi8sG9AMnkeqOqRv9BXe\u0027 width=\u0027450\u0027/\u003e\u003cbr/\u003e\u003c/div\u003e",
                                            "tessellate":  -1,
                                            "extrude":  0,
                                            "visibility":  -1
                                        },
                         "geometry":  {
                                          "type":  "Point",
                                          "coordinates":  [
                                                              35.3495929,
                                                              31.6595815,
                                                              0.0
                                                          ]
                                      }
                     },
                     {
                         "type":  "Feature",
                         "properties":  {
                                            "Name":  "#2970",
                                            "description":  "\u003cdiv dir=\u0027rtl\u0027 style=\u0027font-family:Arial;\u0027\u003e\u003cb\u003eשם:\u003c/b\u003e איריס אייזנברג\u003cbr/\u003e\u003cb\u003eאתר:\u003c/b\u003e עמק הבכא\u003cbr/\u003e\u003cb\u003eתאריך:\u003c/b\u003e 19-09-2025\u003cbr/\u003e\u003cb\u003eID:\u003c/b\u003e 1949\u003cbr/\u003e\u003cb\u003eFB:\u003c/b\u003e \u003ca href=\u0027https://www.facebook.com/groups/beshvil.yael/posts/3754725238153933/\u0027\u003ehttps://www.facebook.com/groups/beshvil.yael/posts/3754725238153933/\u003c/a\u003e\u003cbr/\u003e\u003cbr/\u003e\u003cimg src=\u0027https://drive.google.com/uc?export=view\u0026amp;id=1ktbu2XmTrKQZvL5ydAFqRifL75JjfJY0\u0027 width=\u0027450\u0027/\u003e\u003cbr/\u003e\u003c/div\u003e",
                                            "tessellate":  -1,
                                            "extrude":  0,
                                            "visibility":  -1
                                        },
                         "geometry":  {
                                          "type":  "Point",
                                          "coordinates":  [
                                                              35.79806,
                                                              33.17687,
                                                              0.0
                                                          ]
                                      }
                     },
                     {
                         "type":  "Feature",
                         "properties":  {
                                            "Name":  "#2976",
                                            "description":  "\u003cdiv dir=\u0027rtl\u0027 style=\u0027font-family:Arial;\u0027\u003e\u003cb\u003eשם:\u003c/b\u003e איה נתן גינזבורג\u003cbr/\u003e\u003cb\u003eאתר:\u003c/b\u003e עין טמיר\u003cbr/\u003e\u003cb\u003eתאריך:\u003c/b\u003e 25-07-2025\u003cbr/\u003e\u003cb\u003eID:\u003c/b\u003e 1299\u003cbr/\u003e\u003cb\u003eFB:\u003c/b\u003e \u003ca href=\u0027https://www.facebook.com/groups/beshvil.yael/posts/3703617906598000/\u0027\u003ehttps://www.facebook.com/groups/beshvil.yael/posts/3703617906598000/\u003c/a\u003e\u003cbr/\u003e\u003cbr/\u003e\u003cimg src=\u0027https://drive.google.com/uc?export=view\u0026amp;id=1PmfaKhGdFZulJggmobRwW0XW8eUuUwSM\u0027 width=\u0027450\u0027/\u003e\u003cbr/\u003e\u003c/div\u003e",
                                            "tessellate":  -1,
                                            "extrude":  0,
                                            "visibility":  -1
                                        },
                         "geometry":  {
                                          "type":  "Point",
                                          "coordinates":  [
                                                              35.2506222,
                                                              33.0422584,
                                                              0.0
                                                          ]
                                      }
                     },
                     {
                         "type":  "Feature",
                         "properties":  {
                                            "Name":  "#1914",
                                            "description":  "\u003cdiv dir=\u0027rtl\u0027 style=\u0027font-family:Arial;\u0027\u003e\u003cb\u003eשם:\u003c/b\u003e יוליה יורבאום\u003cbr/\u003e\u003cb\u003eאתר:\u003c/b\u003e חורבת מדרס\u003cbr/\u003e\u003cb\u003eתאריך:\u003c/b\u003e 29-11-2025\u003cbr/\u003e\u003cb\u003eID:\u003c/b\u003e 2909\u003cbr/\u003e\u003cb\u003eFB:\u003c/b\u003e \u003ca href=\u0027https://www.facebook.com/groups/beshvil.yael/posts/3822588958034227/\u0027\u003ehttps://www.facebook.com/groups/beshvil.yael/posts/3822588958034227/\u003c/a\u003e\u003cbr/\u003e\u003cbr/\u003e\u003cimg src=\u0027https://drive.google.com/uc?export=view\u0026amp;id=1bIQsaoTJxWH38jolPu6BG2mR8kHpch21\u0027 width=\u0027450\u0027/\u003e\u003cbr/\u003e\u003c/div\u003e",
                                            "tessellate":  -1,
                                            "extrude":  0,
                                            "visibility":  -1
                                        },
                         "geometry":  {
                                          "type":  "Point",
                                          "coordinates":  [
                                                              34.93524,
                                                              31.65813,
                                                              0.0
                                                          ]
                                      }
                     },
                     {
                         "type":  "Feature",
                         "properties":  {
                                            "Name":  "#1914",
                                            "description":  "\u003cdiv dir=\u0027rtl\u0027 style=\u0027font-family:Arial;\u0027\u003e\u003cb\u003eשם:\u003c/b\u003e יוליה יורבאום\u003cbr/\u003e\u003cb\u003eאתר:\u003c/b\u003e אתר החרמון\u003cbr/\u003e\u003cb\u003eתאריך:\u003c/b\u003e 16-01-2026\u003cbr/\u003e\u003cb\u003eID:\u003c/b\u003e 3363\u003cbr/\u003e\u003cb\u003eFB:\u003c/b\u003e \u003ca href=\u0027https://www.facebook.com/groups/beshvil.yael/posts/3863145977311858\u0027\u003ehttps://www.facebook.com/groups/beshvil.yael/posts/3863145977311858\u003c/a\u003e\u003cbr/\u003e\u003cbr/\u003e\u003cimg src=\u0027https://drive.google.com/uc?export=view\u0026amp;id=183WY8onEGw74mcEP9r6O1gCxTS9RJPbR\u0027 width=\u0027450\u0027/\u003e\u003cbr/\u003e\u003c/div\u003e",
                                            "tessellate":  -1,
                                            "extrude":  0,
                                            "visibility":  -1
                                        },
                         "geometry":  {
                                          "type":  "Point",
                                          "coordinates":  [
                                                              35.77257,
                                                              33.3082,
                                                              0.0
                                                          ]
                                      }
                     },
                     {
                         "type":  "Feature",
                         "properties":  {
                                            "Name":  "#1914",
                                            "description":  "\u003cdiv dir=\u0027rtl\u0027 style=\u0027font-family:Arial;\u0027\u003e\u003cb\u003eשם:\u003c/b\u003e יוליה יורבאום\u003cbr/\u003e\u003cb\u003eאתר:\u003c/b\u003e חורבת בורגין\u003cbr/\u003e\u003cb\u003eתאריך:\u003c/b\u003e 31-01-2026\u003cbr/\u003e\u003cb\u003eID:\u003c/b\u003e 3534\u003cbr/\u003e\u003cb\u003eFB:\u003c/b\u003e \u003ca href=\u0027https://www.facebook.com/groups/beshvil.yael/posts/3876996579260131\u0027\u003ehttps://www.facebook.com/groups/beshvil.yael/posts/3876996579260131\u003c/a\u003e\u003cbr/\u003e\u003cbr/\u003e\u003cimg src=\u0027https://drive.google.com/uc?export=view\u0026amp;id=10DGOJB3dPLmx1FU605AWkE6Z0mcDgdHa\u0027 width=\u0027450\u0027/\u003e\u003cbr/\u003e\u003c/div\u003e",
                                            "tessellate":  -1,
                                            "extrude":  0,
                                            "visibility":  -1
                                        },
                         "geometry":  {
                                          "type":  "Point",
                                          "coordinates":  [
                                                              34.96954,
                                                              31.63817,
                                                              0.0
                                                          ]
                                      }
                     },
                     {
                         "type":  "Feature",
                         "properties":  {
                                            "Name":  "#1914",
                                            "description":  "\u003cdiv dir=\u0027rtl\u0027 style=\u0027font-family:Arial;\u0027\u003e\u003cb\u003eשם:\u003c/b\u003e יוליה יורבאום\u003cbr/\u003e\u003cb\u003eאתר:\u003c/b\u003e נחל תבור\u003cbr/\u003e\u003cb\u003eתאריך:\u003c/b\u003e 09-05-2026\u003cbr/\u003e\u003cb\u003eID:\u003c/b\u003e 4389\u003cbr/\u003e\u003cb\u003eFB:\u003c/b\u003e \u003ca href=\u0027https://www.facebook.com/groups/beshvil.yael/posts/3966720663621055/\u0027\u003ehttps://www.facebook.com/groups/beshvil.yael/posts/3966720663621055/\u003c/a\u003e\u003cbr/\u003e\u003cbr/\u003e\u003cimg src=\u0027https://drive.google.com/uc?export=view\u0026amp;id=1lRx1QSSDGFXMBlgmiUSwthu0Cspuokqb\u0027 width=\u0027450\u0027/\u003e\u003cbr/\u003e\u003c/div\u003e",
                                            "tessellate":  -1,
                                            "extrude":  0,
                                            "visibility":  -1
                                        },
                         "geometry":  {
                                          "type":  "Point",
                                          "coordinates":  [
                                                              35.50161,
                                                              32.62069,
                                                              0.0
                                                          ]
                                      }
                     },
                     {
                         "type":  "Feature",
                         "properties":  {
                                            "Name":  "#1926",
                                            "description":  "\u003cdiv dir=\u0027rtl\u0027 style=\u0027font-family:Arial;\u0027\u003e\u003cb\u003eשם:\u003c/b\u003e מירב פלד\u003cbr/\u003e\u003cb\u003eאתר:\u003c/b\u003e גולן וגליל\u003cbr/\u003e\u003cb\u003eתאריך:\u003c/b\u003e 13-07-2025\u003cbr/\u003e\u003cb\u003eID:\u003c/b\u003e 1173\u003cbr/\u003e\u003cb\u003eFB:\u003c/b\u003e \u003ca href=\u0027https://www.facebook.com/groups/beshvil.yael/posts/3692371587722632/\u0027\u003ehttps://www.facebook.com/groups/beshvil.yael/posts/3692371587722632/\u003c/a\u003e\u003cbr/\u003e\u003cbr/\u003e\u003cimg src=\u0027https://drive.google.com/uc?export=view\u0026amp;id=1XY0F3_rRYa0QmWQjgQdzN5l5WeT1RQbq\u0027 width=\u0027450\u0027/\u003e\u003cbr/\u003e\u003c/div\u003e",
                                            "tessellate":  -1,
                                            "extrude":  0,
                                            "visibility":  -1
                                        },
                         "geometry":  {
                                          "type":  "Point",
                                          "coordinates":  [
                                                              35.690757,
                                                              32.8487941,
                                                              0.0
                                                          ]
                                      }
                     },
                     {
                         "type":  "Feature",
                         "properties":  {
                                            "Name":  "#1930",
                                            "description":  "\u003cdiv dir=\u0027rtl\u0027 style=\u0027font-family:Arial;\u0027\u003e\u003cb\u003eשם:\u003c/b\u003e ימית שפר\u003cbr/\u003e\u003cb\u003eאתר:\u003c/b\u003e נחל תבור\u003cbr/\u003e\u003cb\u003eתאריך:\u003c/b\u003e 27-03-2025\u003cbr/\u003e\u003cb\u003eID:\u003c/b\u003e 632\u003cbr/\u003e\u003cb\u003eFB:\u003c/b\u003e \u003ca href=\u0027https://www.facebook.com/groups/3235176716775457/permalink/3591481351144990/\u0027\u003ehttps://www.facebook.com/groups/3235176716775457/permalink/3591481351144990/\u003c/a\u003e\u003cbr/\u003e\u003cbr/\u003e\u003cimg src=\u0027https://drive.google.com/uc?export=view\u0026amp;id=1kluWQP4nMRQKHHP0Q2c1gmQjes2oX2BG\u0027 width=\u0027450\u0027/\u003e\u003cbr/\u003e\u003c/div\u003e",
                                            "tessellate":  -1,
                                            "extrude":  0,
                                            "visibility":  -1
                                        },
                         "geometry":  {
                                          "type":  "Point",
                                          "coordinates":  [
                                                              35.471752536210097,
                                                              32.641624513204199,
                                                              0.0
                                                          ]
                                      }
                     },
                     {
                         "type":  "Feature",
                         "properties":  {
                                            "Name":  "#1940",
                                            "description":  "\u003cdiv dir=\u0027rtl\u0027 style=\u0027font-family:Arial;\u0027\u003e\u003cb\u003eשם:\u003c/b\u003e \u003cbr/\u003e\u003cb\u003eאתר:\u003c/b\u003e מרתון ירושלים\u003cbr/\u003e\u003cb\u003eתאריך:\u003c/b\u003e 17-04-2026\u003cbr/\u003e\u003cb\u003eID:\u003c/b\u003e 484\u003cbr/\u003e\u003cb\u003eFB:\u003c/b\u003e \u003ca href=\u0027https://www.facebook.com/groups/beshvil.yael/posts/3946646152295173\u0027\u003ehttps://www.facebook.com/groups/beshvil.yael/posts/3946646152295173\u003c/a\u003e\u003cbr/\u003e\u003cbr/\u003e\u003cimg src=\u0027https://drive.google.com/uc?export=view\u0026amp;id=1Mokopu4wD1p2xNBpsc73vILp5qqY56eN\u0027 width=\u0027450\u0027/\u003e\u003cbr/\u003e\u003c/div\u003e",
                                            "tessellate":  -1,
                                            "extrude":  0,
                                            "visibility":  -1
                                        },
                         "geometry":  {
                                          "type":  "Point",
                                          "coordinates":  [
                                                              35.208,
                                                              31.78105,
                                                              0.0
                                                          ]
                                      }
                     },
                     {
                         "type":  "Feature",
                         "properties":  {
                                            "Name":  "#1949",
                                            "description":  "\u003cdiv dir=\u0027rtl\u0027 style=\u0027font-family:Arial;\u0027\u003e\u003cb\u003eשם:\u003c/b\u003e אילן אשר\u003cbr/\u003e\u003cb\u003eאתר:\u003c/b\u003e נחל ענבה\u003cbr/\u003e\u003cb\u003eתאריך:\u003c/b\u003e 04-05-2025\u003cbr/\u003e\u003cb\u003eID:\u003c/b\u003e 62\u003cbr/\u003e\u003cb\u003eFB:\u003c/b\u003e \u003ca href=\u0027https://www.facebook.com/groups/3235176716775457/posts/3633566216936503/\u0027\u003ehttps://www.facebook.com/groups/3235176716775457/posts/3633566216936503/\u003c/a\u003e\u003cbr/\u003e\u003cbr/\u003e\u003cimg src=\u0027https://drive.google.com/uc?export=view\u0026amp;id=13z5uVKTpsWWFNZ6qtEqASFpS8aJKXkkt\u0027 width=\u0027450\u0027/\u003e\u003cbr/\u003e\u003c/div\u003e",
                                            "tessellate":  -1,
                                            "extrude":  0,
                                            "visibility":  -1
                                        },
                         "geometry":  {
                                          "type":  "Point",
                                          "coordinates":  [
                                                              34.982327,
                                                              31.893357,
                                                              0.0
                                                          ]
                                      }
                     },
                     {
                         "type":  "Feature",
                         "properties":  {
                                            "Name":  "#1949",
                                            "description":  "\u003cdiv dir=\u0027rtl\u0027 style=\u0027font-family:Arial;\u0027\u003e\u003cb\u003eשם:\u003c/b\u003e אילן אשר\u003cbr/\u003e\u003cb\u003eאתר:\u003c/b\u003e הר הנגב\u003cbr/\u003e\u003cb\u003eתאריך:\u003c/b\u003e 09-05-2025\u003cbr/\u003e\u003cb\u003eID:\u003c/b\u003e 204\u003cbr/\u003e\u003cb\u003eFB:\u003c/b\u003e \u003ca href=\u0027https://www.facebook.com/groups/3235176716775457/posts/3637897269836731/\u0027\u003ehttps://www.facebook.com/groups/3235176716775457/posts/3637897269836731/\u003c/a\u003e\u003cbr/\u003e\u003cbr/\u003e\u003cimg src=\u0027https://drive.google.com/uc?export=view\u0026amp;id=1FuGy3en-ioZt2MM9nhQoMsCzYE4POnaD\u0027 width=\u0027450\u0027/\u003e\u003cbr/\u003e\u003c/div\u003e",
                                            "tessellate":  -1,
                                            "extrude":  0,
                                            "visibility":  -1
                                        },
                         "geometry":  {
                                          "type":  "Point",
                                          "coordinates":  [
                                                              34.64066,
                                                              30.50335,
                                                              0.0
                                                          ]
                                      }
                     },
                     {
                         "type":  "Feature",
                         "properties":  {
                                            "Name":  "#1949",
                                            "description":  "\u003cdiv dir=\u0027rtl\u0027 style=\u0027font-family:Arial;\u0027\u003e\u003cb\u003eשם:\u003c/b\u003e אילן אשר\u003cbr/\u003e\u003cb\u003eאתר:\u003c/b\u003e הר הנגב\u003cbr/\u003e\u003cb\u003eתאריך:\u003c/b\u003e 09-05-2025\u003cbr/\u003e\u003cb\u003eID:\u003c/b\u003e 287\u003cbr/\u003e\u003cb\u003eFB:\u003c/b\u003e \u003ca href=\u0027https://www.facebook.com/groups/3235176716775457/posts/3637897269836731/\u0027\u003ehttps://www.facebook.com/groups/3235176716775457/posts/3637897269836731/\u003c/a\u003e\u003cbr/\u003e\u003cbr/\u003e\u003cimg src=\u0027https://drive.google.com/uc?export=view\u0026amp;id=1FxaCNGUr6RgXZYVOn0DmCJA0ENmSUL-F\u0027 width=\u0027450\u0027/\u003e\u003cbr/\u003e\u003c/div\u003e",
                                            "tessellate":  -1,
                                            "extrude":  0,
                                            "visibility":  -1
                                        },
                         "geometry":  {
                                          "type":  "Point",
                                          "coordinates":  [
                                                              34.639167,
                                                              30.503048,
                                                              0.0
                                                          ]
                                      }
                     },
                     {
                         "type":  "Feature",
                         "properties":  {
                                            "Name":  "#1949",
                                            "description":  "\u003cdiv dir=\u0027rtl\u0027 style=\u0027font-family:Arial;\u0027\u003e\u003cb\u003eשם:\u003c/b\u003e אילן אשר\u003cbr/\u003e\u003cb\u003eאתר:\u003c/b\u003e עמק המעיינות\u003cbr/\u003e\u003cb\u003eתאריך:\u003c/b\u003e 24-07-2025\u003cbr/\u003e\u003cb\u003eID:\u003c/b\u003e 361\u003cbr/\u003e\u003cb\u003eFB:\u003c/b\u003e \u003ca href=\u0027https://www.facebook.com/groups/beshvil.yael/posts/3702692723357185/\u0027\u003ehttps://www.facebook.com/groups/beshvil.yael/posts/3702692723357185/\u003c/a\u003e\u003cbr/\u003e\u003cbr/\u003e\u003cimg src=\u0027https://drive.google.com/uc?export=view\u0026amp;id=1JbiwbxlhE7yT-SxLIlTVLFDBQY_Lleud\u0027 width=\u0027450\u0027/\u003e\u003cbr/\u003e\u003c/div\u003e",
                                            "tessellate":  -1,
                                            "extrude":  0,
                                            "visibility":  -1
                                        },
                         "geometry":  {
                                          "type":  "Point",
                                          "coordinates":  [
                                                              35.55552,
                                                              32.45769,
                                                              0.0
                                                          ]
                                      }
                     },
                     {
                         "type":  "Feature",
                         "properties":  {
                                            "Name":  "#1949",
                                            "description":  "\u003cdiv dir=\u0027rtl\u0027 style=\u0027font-family:Arial;\u0027\u003e\u003cb\u003eשם:\u003c/b\u003e אילן אשר\u003cbr/\u003e\u003cb\u003eאתר:\u003c/b\u003e עין סג׳מה (מעיין דובק)\u003cbr/\u003e\u003cb\u003eתאריך:\u003c/b\u003e 08-08-2025\u003cbr/\u003e\u003cb\u003eID:\u003c/b\u003e 376\u003cbr/\u003e\u003cb\u003eFB:\u003c/b\u003e \u003ca href=\u0027https://www.facebook.com/groups/beshvil.yael/posts/3715959385363852/\u0027\u003ehttps://www.facebook.com/groups/beshvil.yael/posts/3715959385363852/\u003c/a\u003e\u003cbr/\u003e\u003cbr/\u003e\u003cimg src=\u0027https://drive.google.com/uc?export=view\u0026amp;id=1uNacAqRYq42YP1s5iLhcZLPMqS8kR93b\u0027 width=\u0027450\u0027/\u003e\u003cbr/\u003e\u003c/div\u003e",
                                            "tessellate":  -1,
                                            "extrude":  0,
                                            "visibility":  -1
                                        },
                         "geometry":  {
                                          "type":  "Point",
                                          "coordinates":  [
                                                              35.1134393,
                                                              31.661007,
                                                              0.0
                                                          ]
                                      }
                     },
                     {
                         "type":  "Feature",
                         "properties":  {
                                            "Name":  "#1949",
                                            "description":  "\u003cdiv dir=\u0027rtl\u0027 style=\u0027font-family:Arial;\u0027\u003e\u003cb\u003eשם:\u003c/b\u003e אילן אשר\u003cbr/\u003e\u003cb\u003eאתר:\u003c/b\u003e חרמון\u003cbr/\u003e\u003cb\u003eתאריך:\u003c/b\u003e 29-08-2025\u003cbr/\u003e\u003cb\u003eID:\u003c/b\u003e 201\u003cbr/\u003e\u003cb\u003eFB:\u003c/b\u003e \u003ca href=\u0027https://www.facebook.com/groups/beshvil.yael/posts/3735094806783643/\u0027\u003ehttps://www.facebook.com/groups/beshvil.yael/posts/3735094806783643/\u003c/a\u003e\u003cbr/\u003e\u003cbr/\u003e\u003cimg src=\u0027https://drive.google.com/uc?export=view\u0026amp;id=1oWdKeFg_bOh32F0OrLaYPRs1Gl0N0oJb\u0027 width=\u0027450\u0027/\u003e\u003cbr/\u003e\u003c/div\u003e",
                                            "tessellate":  -1,
                                            "extrude":  0,
                                            "visibility":  -1
                                        },
                         "geometry":  {
                                          "type":  "Point",
                                          "coordinates":  [
                                                              35.787441,
                                                              33.3070589,
                                                              0.0
                                                          ]
                                      }
                     },
                     {
                         "type":  "Feature",
                         "properties":  {
                                            "Name":  "#1949",
                                            "description":  "\u003cdiv dir=\u0027rtl\u0027 style=\u0027font-family:Arial;\u0027\u003e\u003cb\u003eשם:\u003c/b\u003e אילן אשר\u003cbr/\u003e\u003cb\u003eאתר:\u003c/b\u003e יער בן שמן\u003cbr/\u003e\u003cb\u003eתאריך:\u003c/b\u003e 27-09-2025\u003cbr/\u003e\u003cb\u003eID:\u003c/b\u003e 398\u003cbr/\u003e\u003cb\u003eFB:\u003c/b\u003e \u003ca href=\u0027https://www.facebook.com/groups/beshvil.yael/posts/3762257047400752\u0027\u003ehttps://www.facebook.com/groups/beshvil.yael/posts/3762257047400752\u003c/a\u003e\u003cbr/\u003e\u003cbr/\u003e\u003cimg src=\u0027https://drive.google.com/uc?export=view\u0026amp;id=1KDt6h2mwinQF939y5iRoYH2XftTElcvi\u0027 width=\u0027450\u0027/\u003e\u003cbr/\u003e\u003c/div\u003e",
                                            "tessellate":  -1,
                                            "extrude":  0,
                                            "visibility":  -1
                                        },
                         "geometry":  {
                                          "type":  "Point",
                                          "coordinates":  [
                                                              34.9506,
                                                              31.94766,
                                                              0.0
                                                          ]
                                      }
                     },
                     {
                         "type":  "Feature",
                         "properties":  {
                                            "Name":  "#1949",
                                            "description":  "\u003cdiv dir=\u0027rtl\u0027 style=\u0027font-family:Arial;\u0027\u003e\u003cb\u003eשם:\u003c/b\u003e אילן אשר\u003cbr/\u003e\u003cb\u003eאתר:\u003c/b\u003e נחל זוהר\u003cbr/\u003e\u003cb\u003eתאריך:\u003c/b\u003e 30-11-2025\u003cbr/\u003e\u003cb\u003eID:\u003c/b\u003e 427\u003cbr/\u003e\u003cb\u003eFB:\u003c/b\u003e \u003ca href=\u0027https://www.facebook.com/groups/beshvil.yael/posts/3823323434627446/\u0027\u003ehttps://www.facebook.com/groups/beshvil.yael/posts/3823323434627446/\u003c/a\u003e\u003cbr/\u003e\u003cbr/\u003e\u003cimg src=\u0027https://drive.google.com/uc?export=view\u0026amp;id=1N0ZaOuVUeqFyjuQwUHTYlbP_OrDGEnBZ\u0027 width=\u0027450\u0027/\u003e\u003cbr/\u003e\u003c/div\u003e",
                                            "tessellate":  -1,
                                            "extrude":  0,
                                            "visibility":  -1
                                        },
                         "geometry":  {
                                          "type":  "Point",
                                          "coordinates":  [
                                                              35.35817,
                                                              31.15153,
                                                              0.0
                                                          ]
                                      }
                     },
                     {
                         "type":  "Feature",
                         "properties":  {
                                            "Name":  "#1949",
                                            "description":  "\u003cdiv dir=\u0027rtl\u0027 style=\u0027font-family:Arial;\u0027\u003e\u003cb\u003eשם:\u003c/b\u003e אילן אשר\u003cbr/\u003e\u003cb\u003eאתר:\u003c/b\u003e הר כיפה\u003cbr/\u003e\u003cb\u003eתאריך:\u003c/b\u003e 19-12-2025\u003cbr/\u003e\u003cb\u003eID:\u003c/b\u003e 315\u003cbr/\u003e\u003cb\u003eFB:\u003c/b\u003e \u003ca href=\u0027https://www.facebook.com/groups/beshvil.yael/posts/3839815419644914/\u0027\u003ehttps://www.facebook.com/groups/beshvil.yael/posts/3839815419644914/\u003c/a\u003e\u003cbr/\u003e\u003cbr/\u003e\u003cimg src=\u0027https://drive.google.com/uc?export=view\u0026amp;id=1JBqLLxfVvcJX7qmayUbWA8D_FiywQgvn\u0027 width=\u0027450\u0027/\u003e\u003cbr/\u003e\u003c/div\u003e",
                                            "tessellate":  -1,
                                            "extrude":  0,
                                            "visibility":  -1
                                        },
                         "geometry":  {
                                          "type":  "Point",
                                          "coordinates":  [
                                                              35.02877,
                                                              30.4043,
                                                              0.0
                                                          ]
                                      }
                     },
                     {
                         "type":  "Feature",
                         "properties":  {
                                            "Name":  "#1949",
                                            "description":  "\u003cdiv dir=\u0027rtl\u0027 style=\u0027font-family:Arial;\u0027\u003e\u003cb\u003eשם:\u003c/b\u003e אילן אשר\u003cbr/\u003e\u003cb\u003eאתר:\u003c/b\u003e עין אום סלאח\u003cbr/\u003e\u003cb\u003eתאריך:\u003c/b\u003e 09-01-2026\u003cbr/\u003e\u003cb\u003eID:\u003c/b\u003e 326\u003cbr/\u003e\u003cb\u003eFB:\u003c/b\u003e \u003ca href=\u0027https://www.facebook.com/groups/beshvil.yael/posts/3857310557895400/\u0027\u003ehttps://www.facebook.com/groups/beshvil.yael/posts/3857310557895400/\u003c/a\u003e\u003cbr/\u003e\u003cbr/\u003e\u003cimg src=\u0027https://drive.google.com/uc?export=view\u0026amp;id=1zm2lnyO9DdSKjzOUJhu7UA1pXoLEyMea\u0027 width=\u0027450\u0027/\u003e\u003cbr/\u003e\u003c/div\u003e",
                                            "tessellate":  -1,
                                            "extrude":  0,
                                            "visibility":  -1
                                        },
                         "geometry":  {
                                          "type":  "Point",
                                          "coordinates":  [
                                                              35.03569,
                                                              30.70087,
                                                              0.0
                                                          ]
                                      }
                     },
                     {
                         "type":  "Feature",
                         "properties":  {
                                            "Name":  "#1949",
                                            "description":  "\u003cdiv dir=\u0027rtl\u0027 style=\u0027font-family:Arial;\u0027\u003e\u003cb\u003eשם:\u003c/b\u003e אילן אשר\u003cbr/\u003e\u003cb\u003eאתר:\u003c/b\u003e נחל דרגות עליון\u003cbr/\u003e\u003cb\u003eתאריך:\u003c/b\u003e 23-01-2026\u003cbr/\u003e\u003cb\u003eID:\u003c/b\u003e 3425\u003cbr/\u003e\u003cb\u003eFB:\u003c/b\u003e \u003ca href=\u0027https://www.facebook.com/groups/beshvil.yael/posts/3868936966732759/\u0027\u003ehttps://www.facebook.com/groups/beshvil.yael/posts/3868936966732759/\u003c/a\u003e\u003cbr/\u003e\u003cbr/\u003e\u003cimg src=\u0027https://drive.google.com/uc?export=view\u0026amp;id=1aN-aWkyI-kVP2g-QPUPbl3y2zoFxwoGW\u0027 width=\u0027450\u0027/\u003e\u003cbr/\u003e\u003c/div\u003e",
                                            "tessellate":  -1,
                                            "extrude":  0,
                                            "visibility":  -1
                                        },
                         "geometry":  {
                                          "type":  "Point",
                                          "coordinates":  [
                                                              35.39922,
                                                              31.57431,
                                                              0.0
                                                          ]
                                      }
                     },
                     {
                         "type":  "Feature",
                         "properties":  {
                                            "Name":  "#1949",
                                            "description":  "\u003cdiv dir=\u0027rtl\u0027 style=\u0027font-family:Arial;\u0027\u003e\u003cb\u003eשם:\u003c/b\u003e אילן אשר\u003cbr/\u003e\u003cb\u003eאתר:\u003c/b\u003e פארן\u003cbr/\u003e\u003cb\u003eתאריך:\u003c/b\u003e 06-02-2026\u003cbr/\u003e\u003cb\u003eID:\u003c/b\u003e 91\u003cbr/\u003e\u003cb\u003eFB:\u003c/b\u003e \u003ca href=\u0027https://www.facebook.com/groups/beshvil.yael/posts/3882718505354605/\u0027\u003ehttps://www.facebook.com/groups/beshvil.yael/posts/3882718505354605/\u003c/a\u003e\u003cbr/\u003e\u003cbr/\u003e\u003cimg src=\u0027https://drive.google.com/uc?export=view\u0026amp;id=1fuXdPoeRyYVRRqAUlzNzGd38E7xF9QOx\u0027 width=\u0027450\u0027/\u003e\u003cbr/\u003e\u003c/div\u003e",
                                            "tessellate":  -1,
                                            "extrude":  0,
                                            "visibility":  -1
                                        },
                         "geometry":  {
                                          "type":  "Point",
                                          "coordinates":  [
                                                              35.20659,
                                                              30.38805,
                                                              0.0
                                                          ]
                                      }
                     },
                     {
                         "type":  "Feature",
                         "properties":  {
                                            "Name":  "#1949",
                                            "description":  "\u003cdiv dir=\u0027rtl\u0027 style=\u0027font-family:Arial;\u0027\u003e\u003cb\u003eשם:\u003c/b\u003e \u003cbr/\u003e\u003cb\u003eאתר:\u003c/b\u003e נחל גולחן\u003cbr/\u003e\u003cb\u003eתאריך:\u003c/b\u003e 20-03-2026\u003cbr/\u003e\u003cb\u003eID:\u003c/b\u003e 3\u003cbr/\u003e\u003cb\u003eFB:\u003c/b\u003e \u003ca href=\u0027https://www.facebook.com/groups/beshvil.yael/posts/3921532618139860/\u0027\u003ehttps://www.facebook.com/groups/beshvil.yael/posts/3921532618139860/\u003c/a\u003e\u003cbr/\u003e\u003cbr/\u003e\u003cimg src=\u0027https://drive.google.com/uc?export=view\u0026amp;id=1bdKOxbemeXx7D2nLtqlQ66_Tj_hFuRzt\u0027 width=\u0027450\u0027/\u003e\u003cbr/\u003e\u003c/div\u003e",
                                            "tessellate":  -1,
                                            "extrude":  0,
                                            "visibility":  -1
                                        },
                         "geometry":  {
                                          "type":  "Point",
                                          "coordinates":  [
                                                              35.03421,
                                                              30.89295,
                                                              0.0
                                                          ]
                                      }
                     },
                     {
                         "type":  "Feature",
                         "properties":  {
                                            "Name":  "#1949",
                                            "description":  "\u003cdiv dir=\u0027rtl\u0027 style=\u0027font-family:Arial;\u0027\u003e\u003cb\u003eשם:\u003c/b\u003e אילן אשר\u003cbr/\u003e\u003cb\u003eאתר:\u003c/b\u003e באר המושבים\u003cbr/\u003e\u003cb\u003eתאריך:\u003c/b\u003e 01-04-2026\u003cbr/\u003e\u003cb\u003eID:\u003c/b\u003e 473\u003cbr/\u003e\u003cb\u003eFB:\u003c/b\u003e \u003ca href=\u0027https://www.secure.facebook.com/groups/beshvil.yael/posts/3932532887039833/\u0027\u003ehttps://www.secure.facebook.com/groups/beshvil.yael/posts/3932532887039833/\u003c/a\u003e\u003cbr/\u003e\u003cbr/\u003e\u003cimg src=\u0027https://drive.google.com/uc?export=view\u0026amp;id=1Wu3kVgS_Vv0qGYIRlMdwBBpb9P59WpOE\u0027 width=\u0027450\u0027/\u003e\u003cbr/\u003e\u003c/div\u003e",
                                            "tessellate":  -1,
                                            "extrude":  0,
                                            "visibility":  -1
                                        },
                         "geometry":  {
                                          "type":  "Point",
                                          "coordinates":  [
                                                              34.92064,
                                                              31.7912,
                                                              0.0
                                                          ]
                                      }
                     },
                     {
                         "type":  "Feature",
                         "properties":  {
                                            "Name":  "#1949",
                                            "description":  "\u003cdiv dir=\u0027rtl\u0027 style=\u0027font-family:Arial;\u0027\u003e\u003cb\u003eשם:\u003c/b\u003e אילן אשר\u003cbr/\u003e\u003cb\u003eאתר:\u003c/b\u003e מצפה לזכר אל׳מ רועי לוי ז׳ל\u003cbr/\u003e\u003cb\u003eתאריך:\u003c/b\u003e 21-04-2026\u003cbr/\u003e\u003cb\u003eID:\u003c/b\u003e 493\u003cbr/\u003e\u003cb\u003eFB:\u003c/b\u003e \u003ca href=\u0027https://www.facebook.com/groups/beshvil.yael/posts/3950066315286490/\u0027\u003ehttps://www.facebook.com/groups/beshvil.yael/posts/3950066315286490/\u003c/a\u003e\u003cbr/\u003e\u003cbr/\u003e\u003cimg src=\u0027https://drive.google.com/uc?export=view\u0026amp;id=1ussfn1-PptY-Iu2tAgI8sfSkr3kL4kS7\u0027 width=\u0027450\u0027/\u003e\u003cbr/\u003e\u003c/div\u003e",
                                            "tessellate":  -1,
                                            "extrude":  0,
                                            "visibility":  -1
                                        },
                         "geometry":  {
                                          "type":  "Point",
                                          "coordinates":  [
                                                              34.97288,
                                                              31.81291,
                                                              0.0
                                                          ]
                                      }
                     },
                     {
                         "type":  "Feature",
                         "properties":  {
                                            "Name":  "#1954",
                                            "description":  "\u003cdiv dir=\u0027rtl\u0027 style=\u0027font-family:Arial;\u0027\u003e\u003cb\u003eשם:\u003c/b\u003e צבי ציקי גד\u003cbr/\u003e\u003cb\u003eאתר:\u003c/b\u003e הר גריזים\u003cbr/\u003e\u003cb\u003eתאריך:\u003c/b\u003e 02-06-2025\u003cbr/\u003e\u003cb\u003eID:\u003c/b\u003e 892\u003cbr/\u003e\u003cb\u003eFB:\u003c/b\u003e \u003ca href=\u0027https://www.facebook.com/groups/3235176716775457/posts/3657659387860519\u0027\u003ehttps://www.facebook.com/groups/3235176716775457/posts/3657659387860519\u003c/a\u003e\u003cbr/\u003e\u003cbr/\u003e\u003cimg src=\u0027https://drive.google.com/uc?export=view\u0026amp;id=1rBUdd8Wg1xNwWIcMz52IwhqiHG15Nhdc\u0027 width=\u0027450\u0027/\u003e\u003cbr/\u003e\u003c/div\u003e",
                                            "tessellate":  -1,
                                            "extrude":  0,
                                            "visibility":  -1
                                        },
                         "geometry":  {
                                          "type":  "Point",
                                          "coordinates":  [
                                                              35.2716003,
                                                              32.2050599,
                                                              0.0
                                                          ]
                                      }
                     },
                     {
                         "type":  "Feature",
                         "properties":  {
                                            "Name":  "#1960",
                                            "description":  "\u003cdiv dir=\u0027rtl\u0027 style=\u0027font-family:Arial;\u0027\u003e\u003cb\u003eשם:\u003c/b\u003e שני רוזנר ודאוקר\u003cbr/\u003e\u003cb\u003eאתר:\u003c/b\u003e גן לאומי גבעות מרר\u003cbr/\u003e\u003cb\u003eתאריך:\u003c/b\u003e 18-04-2025\u003cbr/\u003e\u003cb\u003eID:\u003c/b\u003e 270\u003cbr/\u003e\u003cb\u003eFB:\u003c/b\u003e \u003ca href=\u0027https://www.facebook.com/groups/3235176716775457/posts/3618701515089640/\u0027\u003ehttps://www.facebook.com/groups/3235176716775457/posts/3618701515089640/\u003c/a\u003e\u003cbr/\u003e\u003cbr/\u003e\u003cimg src=\u0027https://drive.google.com/uc?export=view\u0026amp;id=1K2BT-OmAc-4X8yn4NTcBg7AS3h6XMCVT\u0027 width=\u0027450\u0027/\u003e\u003cbr/\u003e\u003c/div\u003e",
                                            "tessellate":  -1,
                                            "extrude":  0,
                                            "visibility":  -1
                                        },
                         "geometry":  {
                                          "type":  "Point",
                                          "coordinates":  [
                                                              34.7840931,
                                                              31.8406727,
                                                              0.0
                                                          ]
                                      }
                     },
                     {
                         "type":  "Feature",
                         "properties":  {
                                            "Name":  "#1960",
                                            "description":  "\u003cdiv dir=\u0027rtl\u0027 style=\u0027font-family:Arial;\u0027\u003e\u003cb\u003eשם:\u003c/b\u003e שני רוזנר ודאוקר\u003cbr/\u003e\u003cb\u003eאתר:\u003c/b\u003e סובב דליה\u003cbr/\u003e\u003cb\u003eתאריך:\u003c/b\u003e 21-04-2025\u003cbr/\u003e\u003cb\u003eID:\u003c/b\u003e 223\u003cbr/\u003e\u003cb\u003eFB:\u003c/b\u003e \u003ca href=\u0027https://www.facebook.com/groups/3235176716775457/posts/3621206408172484/\u0027\u003ehttps://www.facebook.com/groups/3235176716775457/posts/3621206408172484/\u003c/a\u003e\u003cbr/\u003e\u003cbr/\u003e\u003cimg src=\u0027https://drive.google.com/uc?export=view\u0026amp;id=1H9MMTsFGBzGK8krCXwkQx0ReS7gP1kl_\u0027 width=\u0027450\u0027/\u003e\u003cbr/\u003e\u003c/div\u003e",
                                            "tessellate":  -1,
                                            "extrude":  0,
                                            "visibility":  -1
                                        },
                         "geometry":  {
                                          "type":  "Point",
                                          "coordinates":  [
                                                              35.0767458,
                                                              32.561612,
                                                              0.0
                                                          ]
                                      }
                     },
                     {
                         "type":  "Feature",
                         "properties":  {
                                            "Name":  "#1960",
                                            "description":  "\u003cdiv dir=\u0027rtl\u0027 style=\u0027font-family:Arial;\u0027\u003e\u003cb\u003eשם:\u003c/b\u003e שני רוזנר ודאוקר\u003cbr/\u003e\u003cb\u003eאתר:\u003c/b\u003e מאגר גלעד\u003cbr/\u003e\u003cb\u003eתאריך:\u003c/b\u003e 21-04-2025\u003cbr/\u003e\u003cb\u003eID:\u003c/b\u003e 224\u003cbr/\u003e\u003cb\u003eFB:\u003c/b\u003e \u003ca href=\u0027https://www.facebook.com/groups/3235176716775457/posts/3621206408172484/\u0027\u003ehttps://www.facebook.com/groups/3235176716775457/posts/3621206408172484/\u003c/a\u003e\u003cbr/\u003e\u003cbr/\u003e\u003cimg src=\u0027https://drive.google.com/uc?export=view\u0026amp;id=1H9Q1ilaoLXSOIqEolpHO1HV2cgsp7BNw\u0027 width=\u0027450\u0027/\u003e\u003cbr/\u003e\u003c/div\u003e",
                                            "tessellate":  -1,
                                            "extrude":  0,
                                            "visibility":  -1
                                        },
                         "geometry":  {
                                          "type":  "Point",
                                          "coordinates":  [
                                                              35.0767458,
                                                              32.561612,
                                                              0.0
                                                          ]
                                      }
                     },
                     {
                         "type":  "Feature",
                         "properties":  {
                                            "Name":  "#1960",
                                            "description":  "\u003cdiv dir=\u0027rtl\u0027 style=\u0027font-family:Arial;\u0027\u003e\u003cb\u003eשם:\u003c/b\u003e שני רוזנר ודאוקר\u003cbr/\u003e\u003cb\u003eאתר:\u003c/b\u003e רמת הנדיב\u003cbr/\u003e\u003cb\u003eתאריך:\u003c/b\u003e 06-05-2025\u003cbr/\u003e\u003cb\u003eID:\u003c/b\u003e 108\u003cbr/\u003e\u003cb\u003eFB:\u003c/b\u003e \u003ca href=\u0027https://www.facebook.com/groups/3235176716775457/posts/3635361643423627/\u0027\u003ehttps://www.facebook.com/groups/3235176716775457/posts/3635361643423627/\u003c/a\u003e\u003cbr/\u003e\u003cbr/\u003e\u003cimg src=\u0027https://drive.google.com/uc?export=view\u0026amp;id=18PUl6DRqU6oTiT_C5qrqNu72YdY8Pih7\u0027 width=\u0027450\u0027/\u003e\u003cbr/\u003e\u003c/div\u003e",
                                            "tessellate":  -1,
                                            "extrude":  0,
                                            "visibility":  -1
                                        },
                         "geometry":  {
                                          "type":  "Point",
                                          "coordinates":  [
                                                              34.944247,
                                                              32.547972,
                                                              0.0
                                                          ]
                                      }
                     },
                     {
                         "type":  "Feature",
                         "properties":  {
                                            "Name":  "#1960",
                                            "description":  "\u003cdiv dir=\u0027rtl\u0027 style=\u0027font-family:Arial;\u0027\u003e\u003cb\u003eשם:\u003c/b\u003e שני רוזנר ודאוקר\u003cbr/\u003e\u003cb\u003eאתר:\u003c/b\u003e אנדרטת מח\u0026quot;ל\u003cbr/\u003e\u003cb\u003eתאריך:\u003c/b\u003e 12-05-2025\u003cbr/\u003e\u003cb\u003eID:\u003c/b\u003e 417\u003cbr/\u003e\u003cb\u003eFB:\u003c/b\u003e \u003ca href=\u0027https://www.facebook.com/groups/3235176716775457/posts/3640210222938769/\u0027\u003ehttps://www.facebook.com/groups/3235176716775457/posts/3640210222938769/\u003c/a\u003e\u003cbr/\u003e\u003cbr/\u003e\u003cimg src=\u0027https://drive.google.com/uc?export=view\u0026amp;id=1U3INJSzlxFJa2koojvjdIZ1KyysI2w3f\u0027 width=\u0027450\u0027/\u003e\u003cbr/\u003e\u003c/div\u003e",
                                            "tessellate":  -1,
                                            "extrude":  0,
                                            "visibility":  -1
                                        },
                         "geometry":  {
                                          "type":  "Point",
                                          "coordinates":  [
                                                              35.1299046,
                                                              31.7507898,
                                                              0.0
                                                          ]
                                      }
                     },
                     {
                         "type":  "Feature",
                         "properties":  {
                                            "Name":  "#1960",
                                            "description":  "\u003cdiv dir=\u0027rtl\u0027 style=\u0027font-family:Arial;\u0027\u003e\u003cb\u003eשם:\u003c/b\u003e שני רוזנר ודאוקר\u003cbr/\u003e\u003cb\u003eאתר:\u003c/b\u003e חירבת סעדים\u003cbr/\u003e\u003cb\u003eתאריך:\u003c/b\u003e 12-05-2025\u003cbr/\u003e\u003cb\u003eID:\u003c/b\u003e 420\u003cbr/\u003e\u003cb\u003eFB:\u003c/b\u003e \u003ca href=\u0027https://www.facebook.com/groups/3235176716775457/posts/3640210222938769/\u0027\u003ehttps://www.facebook.com/groups/3235176716775457/posts/3640210222938769/\u003c/a\u003e\u003cbr/\u003e\u003cbr/\u003e\u003cimg src=\u0027https://drive.google.com/uc?export=view\u0026amp;id=1U89H0YoS9hDvY6saBEuiQ0Zjtzfwod3l\u0027 width=\u0027450\u0027/\u003e\u003cbr/\u003e\u003c/div\u003e",
                                            "tessellate":  -1,
                                            "extrude":  0,
                                            "visibility":  -1
                                        },
                         "geometry":  {
                                          "type":  "Point",
                                          "coordinates":  [
                                                              35.1299046,
                                                              31.7507898,
                                                              0.0
                                                          ]
                                      }
                     },
                     {
                         "type":  "Feature",
                         "properties":  {
                                            "Name":  "#1960",
                                            "description":  "\u003cdiv dir=\u0027rtl\u0027 style=\u0027font-family:Arial;\u0027\u003e\u003cb\u003eשם:\u003c/b\u003e שני רוזנר ודאוקר\u003cbr/\u003e\u003cb\u003eאתר:\u003c/b\u003e מעיינות גבתון\u003cbr/\u003e\u003cb\u003eתאריך:\u003c/b\u003e 15-05-2025\u003cbr/\u003e\u003cb\u003eID:\u003c/b\u003e 318\u003cbr/\u003e\u003cb\u003eFB:\u003c/b\u003e \u003ca href=\u0027https://www.facebook.com/groups/3235176716775457/posts/3616750768618048\u0027\u003ehttps://www.facebook.com/groups/3235176716775457/posts/3616750768618048\u003c/a\u003e\u003cbr/\u003e\u003cbr/\u003e\u003cimg src=\u0027https://drive.google.com/uc?export=view\u0026amp;id=1NRQ4jW2B4-XvkSMMzMV1drzzotBvJETw\u0027 width=\u0027450\u0027/\u003e\u003cbr/\u003e\u003c/div\u003e",
                                            "tessellate":  -1,
                                            "extrude":  0,
                                            "visibility":  -1
                                        },
                         "geometry":  {
                                          "type":  "Point",
                                          "coordinates":  [
                                                              34.8654543,
                                                              31.8542313,
                                                              0.0
                                                          ]
                                      }
                     },
                     {
                         "type":  "Feature",
                         "properties":  {
                                            "Name":  "#1960",
                                            "description":  "\u003cdiv dir=\u0027rtl\u0027 style=\u0027font-family:Arial;\u0027\u003e\u003cb\u003eשם:\u003c/b\u003e שני רוזנר ודאוקר\u003cbr/\u003e\u003cb\u003eאתר:\u003c/b\u003e שביל ישראל\u003cbr/\u003e\u003cb\u003eתאריך:\u003c/b\u003e 15-05-2025\u003cbr/\u003e\u003cb\u003eID:\u003c/b\u003e 548\u003cbr/\u003e\u003cb\u003eFB:\u003c/b\u003e \u003ca href=\u0027https://www.facebook.com/groups/3235176716775457/posts/3642411266051998/\u0027\u003ehttps://www.facebook.com/groups/3235176716775457/posts/3642411266051998/\u003c/a\u003e\u003cbr/\u003e\u003cbr/\u003e\u003cimg src=\u0027https://drive.google.com/uc?export=view\u0026amp;id=1YEu6h8MbWmm18DDnso_jpn_Gqy66kTNO\u0027 width=\u0027450\u0027/\u003e\u003cbr/\u003e\u003c/div\u003e",
                                            "tessellate":  -1,
                                            "extrude":  0,
                                            "visibility":  -1
                                        },
                         "geometry":  {
                                          "type":  "Point",
                                          "coordinates":  [
                                                              35.1611631,
                                                              31.7653327,
                                                              0.0
                                                          ]
                                      }
                     },
                     {
                         "type":  "Feature",
                         "properties":  {
                                            "Name":  "#1960",
                                            "description":  "\u003cdiv dir=\u0027rtl\u0027 style=\u0027font-family:Arial;\u0027\u003e\u003cb\u003eשם:\u003c/b\u003e שני רוזנר ודאוקר\u003cbr/\u003e\u003cb\u003eאתר:\u003c/b\u003e מעיינות גבתון\u003cbr/\u003e\u003cb\u003eתאריך:\u003c/b\u003e 16-05-2025\u003cbr/\u003e\u003cb\u003eID:\u003c/b\u003e 320\u003cbr/\u003e\u003cb\u003eFB:\u003c/b\u003e \u003ca href=\u0027https://www.facebook.com/groups/3235176716775457/posts/3616750768618048\u0027\u003ehttps://www.facebook.com/groups/3235176716775457/posts/3616750768618048\u003c/a\u003e\u003cbr/\u003e\u003cbr/\u003e\u003cimg src=\u0027https://drive.google.com/uc?export=view\u0026amp;id=1NbIAUtRCJSlreraxK8pfZ2hZZ1f1b55F\u0027 width=\u0027450\u0027/\u003e\u003cbr/\u003e\u003c/div\u003e",
                                            "tessellate":  -1,
                                            "extrude":  0,
                                            "visibility":  -1
                                        },
                         "geometry":  {
                                          "type":  "Point",
                                          "coordinates":  [
                                                              34.8654543,
                                                              31.8542313,
                                                              0.0
                                                          ]
                                      }
                     },
                     {
                         "type":  "Feature",
                         "properties":  {
                                            "Name":  "#1960",
                                            "description":  "\u003cdiv dir=\u0027rtl\u0027 style=\u0027font-family:Arial;\u0027\u003e\u003cb\u003eשם:\u003c/b\u003e שני רוזנר ודאוקר\u003cbr/\u003e\u003cb\u003eאתר:\u003c/b\u003e בית שאן ובפסגת הגלבוע\u003cbr/\u003e\u003cb\u003eתאריך:\u003c/b\u003e 26-07-2025\u003cbr/\u003e\u003cb\u003eID:\u003c/b\u003e 1308\u003cbr/\u003e\u003cb\u003eFB:\u003c/b\u003e \u003ca href=\u0027https://www.facebook.com/groups/beshvil.yael/posts/3704201199873004/\u0027\u003ehttps://www.facebook.com/groups/beshvil.yael/posts/3704201199873004/\u003c/a\u003e\u003cbr/\u003e\u003cbr/\u003e\u003cimg src=\u0027https://drive.google.com/uc?export=view\u0026amp;id=1oBM8BteBefrD5QBFip70_hSJ_RjJ8okN\u0027 width=\u0027450\u0027/\u003e\u003cbr/\u003e\u003c/div\u003e",
                                            "tessellate":  -1,
                                            "extrude":  0,
                                            "visibility":  -1
                                        },
                         "geometry":  {
                                          "type":  "Point",
                                          "coordinates":  [
                                                              35.5342601,
                                                              32.470905,
                                                              0.0
                                                          ]
                                      }
                     },
                     {
                         "type":  "Feature",
                         "properties":  {
                                            "Name":  "#1960",
                                            "description":  "\u003cdiv dir=\u0027rtl\u0027 style=\u0027font-family:Arial;\u0027\u003e\u003cb\u003eשם:\u003c/b\u003e שני רוזנר ודאוקר\u003cbr/\u003e\u003cb\u003eאתר:\u003c/b\u003e עין תאופיק\u003cbr/\u003e\u003cb\u003eתאריך:\u003c/b\u003e 08-08-2025\u003cbr/\u003e\u003cb\u003eID:\u003c/b\u003e 1455\u003cbr/\u003e\u003cb\u003eFB:\u003c/b\u003e \u003ca href=\u0027https://www.facebook.com/groups/beshvil.yael/posts/3716295378663586/\u0027\u003ehttps://www.facebook.com/groups/beshvil.yael/posts/3716295378663586/\u003c/a\u003e\u003cbr/\u003e\u003cbr/\u003e\u003cimg src=\u0027https://drive.google.com/uc?export=view\u0026amp;id=1te2MqD3aMgIvhNpFzczFOuYAJLox-9af\u0027 width=\u0027450\u0027/\u003e\u003cbr/\u003e\u003c/div\u003e",
                                            "tessellate":  -1,
                                            "extrude":  0,
                                            "visibility":  -1
                                        },
                         "geometry":  {
                                          "type":  "Point",
                                          "coordinates":  [
                                                              35.6455277,
                                                              32.7032389,
                                                              0.0
                                                          ]
                                      }
                     },
                     {
                         "type":  "Feature",
                         "properties":  {
                                            "Name":  "#1960",
                                            "description":  "\u003cdiv dir=\u0027rtl\u0027 style=\u0027font-family:Arial;\u0027\u003e\u003cb\u003eשם:\u003c/b\u003e שני רוזנר ודאוקר\u003cbr/\u003e\u003cb\u003eאתר:\u003c/b\u003e שביל האלות\u003cbr/\u003e\u003cb\u003eתאריך:\u003c/b\u003e 11-10-2025\u003cbr/\u003e\u003cb\u003eID:\u003c/b\u003e 2333\u003cbr/\u003e\u003cb\u003eFB:\u003c/b\u003e \u003ca href=\u0027https://www.facebook.com/groups/beshvil.yael/posts/3776682972624826\u0027\u003ehttps://www.facebook.com/groups/beshvil.yael/posts/3776682972624826\u003c/a\u003e\u003cbr/\u003e\u003cbr/\u003e\u003cimg src=\u0027https://drive.google.com/uc?export=view\u0026amp;id=1O4sVWLmqJLb6-SE9DJxFtQNYN_QZOxZy\u0027 width=\u0027450\u0027/\u003e\u003cbr/\u003e\u003c/div\u003e",
                                            "tessellate":  -1,
                                            "extrude":  0,
                                            "visibility":  -1
                                        },
                         "geometry":  {
                                          "type":  "Point",
                                          "coordinates":  [
                                                              34.92983,
                                                              31.67767,
                                                              0.0
                                                          ]
                                      }
                     },
                     {
                         "type":  "Feature",
                         "properties":  {
                                            "Name":  "#1960",
                                            "description":  "\u003cdiv dir=\u0027rtl\u0027 style=\u0027font-family:Arial;\u0027\u003e\u003cb\u003eשם:\u003c/b\u003e שני רוזנר ודאוקר\u003cbr/\u003e\u003cb\u003eאתר:\u003c/b\u003e נחל כרמילה\u003cbr/\u003e\u003cb\u003eתאריך:\u003c/b\u003e 24-10-2025\u003cbr/\u003e\u003cb\u003eID:\u003c/b\u003e 2504\u003cbr/\u003e\u003cb\u003eFB:\u003c/b\u003e \u003ca href=\u0027https://www.facebook.com/groups/beshvil.yael/posts/3789373034689153\u0027\u003ehttps://www.facebook.com/groups/beshvil.yael/posts/3789373034689153\u003c/a\u003e\u003cbr/\u003e\u003cbr/\u003e\u003cimg src=\u0027https://drive.google.com/uc?export=view\u0026amp;id=1L3UpC33ibhIfgvK0lTxxoBlOtcOF_o5J\u0027 width=\u0027450\u0027/\u003e\u003cbr/\u003e\u003c/div\u003e",
                                            "tessellate":  -1,
                                            "extrude":  0,
                                            "visibility":  -1
                                        },
                         "geometry":  {
                                          "type":  "Point",
                                          "coordinates":  [
                                                              35.02718,
                                                              31.78536,
                                                              0.0
                                                          ]
                                      }
                     },
                     {
                         "type":  "Feature",
                         "properties":  {
                                            "Name":  "#1960",
                                            "description":  "\u003cdiv dir=\u0027rtl\u0027 style=\u0027font-family:Arial;\u0027\u003e\u003cb\u003eשם:\u003c/b\u003e שני רוזנר ודאוקר\u003cbr/\u003e\u003cb\u003eאתר:\u003c/b\u003e מצפור ויקר\u003cbr/\u003e\u003cb\u003eתאריך:\u003c/b\u003e 07-11-2025\u003cbr/\u003e\u003cb\u003eID:\u003c/b\u003e 2640\u003cbr/\u003e\u003cb\u003eFB:\u003c/b\u003e \u003ca href=\u0027https://www.facebook.com/groups/beshvil.yael/posts/3803045719988551\u0027\u003ehttps://www.facebook.com/groups/beshvil.yael/posts/3803045719988551\u003c/a\u003e\u003cbr/\u003e\u003cbr/\u003e\u003cimg src=\u0027https://drive.google.com/uc?export=view\u0026amp;id=10iyXJur9UOBkusouoWrZybfwVIQ-3EEY\u0027 width=\u0027450\u0027/\u003e\u003cbr/\u003e\u003c/div\u003e",
                                            "tessellate":  -1,
                                            "extrude":  0,
                                            "visibility":  -1
                                        },
                         "geometry":  {
                                          "type":  "Point",
                                          "coordinates":  [
                                                              34.96572,
                                                              32.34659,
                                                              0.0
                                                          ]
                                      }
                     },
                     {
                         "type":  "Feature",
                         "properties":  {
                                            "Name":  "#1960",
                                            "description":  "\u003cdiv dir=\u0027rtl\u0027 style=\u0027font-family:Arial;\u0027\u003e\u003cb\u003eשם:\u003c/b\u003e שני רוזנר ודאוקר\u003cbr/\u003e\u003cb\u003eאתר:\u003c/b\u003e שדה בוקר\u003cbr/\u003e\u003cb\u003eתאריך:\u003c/b\u003e 19-11-2025\u003cbr/\u003e\u003cb\u003eID:\u003c/b\u003e 2789\u003cbr/\u003e\u003cb\u003eFB:\u003c/b\u003e \u003ca href=\u0027https://www.facebook.com/groups/beshvil.yael/posts/3813947108898412\u0027\u003ehttps://www.facebook.com/groups/beshvil.yael/posts/3813947108898412\u003c/a\u003e\u003cbr/\u003e\u003cbr/\u003e\u003cimg src=\u0027https://drive.google.com/uc?export=view\u0026amp;id=1d5uFCxxYFmy-2W3ieT7MZ2I5MJI4wO6N\u0027 width=\u0027450\u0027/\u003e\u003cbr/\u003e\u003c/div\u003e",
                                            "tessellate":  -1,
                                            "extrude":  0,
                                            "visibility":  -1
                                        },
                         "geometry":  {
                                          "type":  "Point",
                                          "coordinates":  [
                                                              34.78092,
                                                              30.84853,
                                                              0.0
                                                          ]
                                      }
                     },
                     {
                         "type":  "Feature",
                         "properties":  {
                                            "Name":  "#1960",
                                            "description":  "\u003cdiv dir=\u0027rtl\u0027 style=\u0027font-family:Arial;\u0027\u003e\u003cb\u003eשם:\u003c/b\u003e שני רוזנר ודאוקר\u003cbr/\u003e\u003cb\u003eאתר:\u003c/b\u003e שפך נחל דליה\u003cbr/\u003e\u003cb\u003eתאריך:\u003c/b\u003e 28-11-2025\u003cbr/\u003e\u003cb\u003eID:\u003c/b\u003e 2891\u003cbr/\u003e\u003cb\u003eFB:\u003c/b\u003e \u003ca href=\u0027https://www.facebook.com/groups/beshvil.yael/posts/3821811741445282\u0027\u003ehttps://www.facebook.com/groups/beshvil.yael/posts/3821811741445282\u003c/a\u003e\u003cbr/\u003e\u003cbr/\u003e\u003cimg src=\u0027https://drive.google.com/uc?export=view\u0026amp;id=1YZV2zshRNihsSUIHO2dYI3TQIGT8vJ_l\u0027 width=\u0027450\u0027/\u003e\u003cbr/\u003e\u003c/div\u003e",
                                            "tessellate":  -1,
                                            "extrude":  0,
                                            "visibility":  -1
                                        },
                         "geometry":  {
                                          "type":  "Point",
                                          "coordinates":  [
                                                              34.91496,
                                                              32.58623,
                                                              0.0
                                                          ]
                                      }
                     },
                     {
                         "type":  "Feature",
                         "properties":  {
                                            "Name":  "#1960",
                                            "description":  "\u003cdiv dir=\u0027rtl\u0027 style=\u0027font-family:Arial;\u0027\u003e\u003cb\u003eשם:\u003c/b\u003e שני רוזנר ודאוקר\u003cbr/\u003e\u003cb\u003eאתר:\u003c/b\u003e חורשת הארבעים\u003cbr/\u003e\u003cb\u003eתאריך:\u003c/b\u003e 05-12-2025\u003cbr/\u003e\u003cb\u003eID:\u003c/b\u003e 2958\u003cbr/\u003e\u003cb\u003eFB:\u003c/b\u003e \u003ca href=\u0027https://www.facebook.com/groups/beshvil.yael/posts/3827617927531330/\u0027\u003ehttps://www.facebook.com/groups/beshvil.yael/posts/3827617927531330/\u003c/a\u003e\u003cbr/\u003e\u003cbr/\u003e\u003cimg src=\u0027https://drive.google.com/uc?export=view\u0026amp;id=1Jt5HGv0KJykzPVZmrC2PEOynNKYF7xNo\u0027 width=\u0027450\u0027/\u003e\u003cbr/\u003e\u003c/div\u003e",
                                            "tessellate":  -1,
                                            "extrude":  0,
                                            "visibility":  -1
                                        },
                         "geometry":  {
                                          "type":  "Point",
                                          "coordinates":  [
                                                              35.02873,
                                                              32.75528,
                                                              0.0
                                                          ]
                                      }
                     },
                     {
                         "type":  "Feature",
                         "properties":  {
                                            "Name":  "#1960",
                                            "description":  "\u003cdiv dir=\u0027rtl\u0027 style=\u0027font-family:Arial;\u0027\u003e\u003cb\u003eשם:\u003c/b\u003e שני רוזנר ודאוקר\u003cbr/\u003e\u003cb\u003eאתר:\u003c/b\u003e קרן הכרמל\u003cbr/\u003e\u003cb\u003eתאריך:\u003c/b\u003e 19-12-2025\u003cbr/\u003e\u003cb\u003eID:\u003c/b\u003e 3099\u003cbr/\u003e\u003cb\u003eFB:\u003c/b\u003e \u003ca href=\u0027https://www.facebook.com/groups/beshvil.yael/posts/3839574136335709/\u0027\u003ehttps://www.facebook.com/groups/beshvil.yael/posts/3839574136335709/\u003c/a\u003e\u003cbr/\u003e\u003cbr/\u003e\u003cimg src=\u0027https://drive.google.com/uc?export=view\u0026amp;id=1KeyWtlQGqgaR3ZwHu6h9En7GUiJDM0sT\u0027 width=\u0027450\u0027/\u003e\u003cbr/\u003e\u003c/div\u003e",
                                            "tessellate":  -1,
                                            "extrude":  0,
                                            "visibility":  -1
                                        },
                         "geometry":  {
                                          "type":  "Point",
                                          "coordinates":  [
                                                              35.06047,
                                                              32.64346,
                                                              0.0
                                                          ]
                                      }
                     },
                     {
                         "type":  "Feature",
                         "properties":  {
                                            "Name":  "#1960",
                                            "description":  "\u003cdiv dir=\u0027rtl\u0027 style=\u0027font-family:Arial;\u0027\u003e\u003cb\u003eשם:\u003c/b\u003e שני רוזנר ודאוקר\u003cbr/\u003e\u003cb\u003eאתר:\u003c/b\u003e אנדרטת פורצי הדרך\u003cbr/\u003e\u003cb\u003eתאריך:\u003c/b\u003e 26-12-2025\u003cbr/\u003e\u003cb\u003eID:\u003c/b\u003e 3174\u003cbr/\u003e\u003cb\u003eFB:\u003c/b\u003e \u003ca href=\u0027https://www.facebook.com/groups/beshvil.yael/posts/3845461915746931\u0027\u003ehttps://www.facebook.com/groups/beshvil.yael/posts/3845461915746931\u003c/a\u003e\u003cbr/\u003e\u003cbr/\u003e\u003cimg src=\u0027https://drive.google.com/uc?export=view\u0026amp;id=1ZGXHm5Cs48mR4bpSLcXUoEfyctSw1VpS\u0027 width=\u0027450\u0027/\u003e\u003cbr/\u003e\u003c/div\u003e",
                                            "tessellate":  -1,
                                            "extrude":  0,
                                            "visibility":  -1
                                        },
                         "geometry":  {
                                          "type":  "Point",
                                          "coordinates":  [
                                                              35.07873,
                                                              31.80209,
                                                              0.0
                                                          ]
                                      }
                     },
                     {
                         "type":  "Feature",
                         "properties":  {
                                            "Name":  "#1960",
                                            "description":  "\u003cdiv dir=\u0027rtl\u0027 style=\u0027font-family:Arial;\u0027\u003e\u003cb\u003eשם:\u003c/b\u003e שני רוזנר ודאוקר\u003cbr/\u003e\u003cb\u003eאתר:\u003c/b\u003e מנחת מגידו\u003cbr/\u003e\u003cb\u003eתאריך:\u003c/b\u003e 23-01-2026\u003cbr/\u003e\u003cb\u003eID:\u003c/b\u003e 3432\u003cbr/\u003e\u003cb\u003eFB:\u003c/b\u003e \u003ca href=\u0027https://www.facebook.com/groups/beshvil.yael/posts/3869296263363496\u0027\u003ehttps://www.facebook.com/groups/beshvil.yael/posts/3869296263363496\u003c/a\u003e\u003cbr/\u003e\u003cbr/\u003e\u003cimg src=\u0027https://drive.google.com/uc?export=view\u0026amp;id=1bVhFAzA-rCUGUrsSunCrc-Our6nPReVu\u0027 width=\u0027450\u0027/\u003e\u003cbr/\u003e\u003c/div\u003e",
                                            "tessellate":  -1,
                                            "extrude":  0,
                                            "visibility":  -1
                                        },
                         "geometry":  {
                                          "type":  "Point",
                                          "coordinates":  [
                                                              35.23366,
                                                              32.59453,
                                                              0.0
                                                          ]
                                      }
                     },
                     {
                         "type":  "Feature",
                         "properties":  {
                                            "Name":  "#1960",
                                            "description":  "\u003cdiv dir=\u0027rtl\u0027 style=\u0027font-family:Arial;\u0027\u003e\u003cb\u003eשם:\u003c/b\u003e שני רוזנר ודאוקר\u003cbr/\u003e\u003cb\u003eאתר:\u003c/b\u003e עמק השלום\u003cbr/\u003e\u003cb\u003eתאריך:\u003c/b\u003e 30-01-2026\u003cbr/\u003e\u003cb\u003eID:\u003c/b\u003e 3511\u003cbr/\u003e\u003cb\u003eFB:\u003c/b\u003e \u003ca href=\u0027https://www.facebook.com/groups/beshvil.yael/posts/3876000362693086\u0027\u003ehttps://www.facebook.com/groups/beshvil.yael/posts/3876000362693086\u003c/a\u003e\u003cbr/\u003e\u003cbr/\u003e\u003cimg src=\u0027https://drive.google.com/uc?export=view\u0026amp;id=1guEWcEF4T0BbHOlPxvSN-C031L86FFuI\u0027 width=\u0027450\u0027/\u003e\u003cbr/\u003e\u003c/div\u003e",
                                            "tessellate":  -1,
                                            "extrude":  0,
                                            "visibility":  -1
                                        },
                         "geometry":  {
                                          "type":  "Point",
                                          "coordinates":  [
                                                              34.97539,
                                                              32.64285,
                                                              0.0
                                                          ]
                                      }
                     },
                     {
                         "type":  "Feature",
                         "properties":  {
                                            "Name":  "#1960",
                                            "description":  "\u003cdiv dir=\u0027rtl\u0027 style=\u0027font-family:Arial;\u0027\u003e\u003cb\u003eשם:\u003c/b\u003e שני רוזנר ודאוקר\u003cbr/\u003e\u003cb\u003eאתר:\u003c/b\u003e יער קדימה\u003cbr/\u003e\u003cb\u003eתאריך:\u003c/b\u003e 13-02-2026\u003cbr/\u003e\u003cb\u003eID:\u003c/b\u003e 3691\u003cbr/\u003e\u003cb\u003eFB:\u003c/b\u003e \u003ca href=\u0027https://www.facebook.com/groups/beshvil.yael/posts/3889135821379540/\u0027\u003ehttps://www.facebook.com/groups/beshvil.yael/posts/3889135821379540/\u003c/a\u003e\u003cbr/\u003e\u003cbr/\u003e\u003cimg src=\u0027https://drive.google.com/uc?export=view\u0026amp;id=1zAZmZ9_qGywg72QAMNgxTvc5RySNDSWu\u0027 width=\u0027450\u0027/\u003e\u003cbr/\u003e\u003c/div\u003e",
                                            "tessellate":  -1,
                                            "extrude":  0,
                                            "visibility":  -1
                                        },
                         "geometry":  {
                                          "type":  "Point",
                                          "coordinates":  [
                                                              34.92457,
                                                              32.29142,
                                                              0.0
                                                          ]
                                      }
                     },
                     {
                         "type":  "Feature",
                         "properties":  {
                                            "Name":  "#1960",
                                            "description":  "\u003cdiv dir=\u0027rtl\u0027 style=\u0027font-family:Arial;\u0027\u003e\u003cb\u003eשם:\u003c/b\u003e שני רוזנר ודאוקר\u003cbr/\u003e\u003cb\u003eאתר:\u003c/b\u003e הר עצמון\u003cbr/\u003e\u003cb\u003eתאריך:\u003c/b\u003e 19-02-2026\u003cbr/\u003e\u003cb\u003eID:\u003c/b\u003e 3777\u003cbr/\u003e\u003cb\u003eFB:\u003c/b\u003e \u003ca href=\u0027https://www.facebook.com/groups/beshvil.yael/posts/3895184094108046/\u0027\u003ehttps://www.facebook.com/groups/beshvil.yael/posts/3895184094108046/\u003c/a\u003e\u003cbr/\u003e\u003cbr/\u003e\u003cimg src=\u0027https://drive.google.com/uc?export=view\u0026amp;id=1PHOrktlSpJzPL4FHNgc4h-GYM9kKPEOn\u0027 width=\u0027450\u0027/\u003e\u003cbr/\u003e\u003c/div\u003e",
                                            "tessellate":  -1,
                                            "extrude":  0,
                                            "visibility":  -1
                                        },
                         "geometry":  {
                                          "type":  "Point",
                                          "coordinates":  [
                                                              35.26612,
                                                              32.82409,
                                                              0.0
                                                          ]
                                      }
                     },
                     {
                         "type":  "Feature",
                         "properties":  {
                                            "Name":  "#1960",
                                            "description":  "\u003cdiv dir=\u0027rtl\u0027 style=\u0027font-family:Arial;\u0027\u003e\u003cb\u003eשם:\u003c/b\u003e שני רוזנר ודאוקר\u003cbr/\u003e\u003cb\u003eאתר:\u003c/b\u003e יער ראש העין\u003cbr/\u003e\u003cb\u003eתאריך:\u003c/b\u003e 27-02-2026\u003cbr/\u003e\u003cb\u003eID:\u003c/b\u003e 3881\u003cbr/\u003e\u003cb\u003eFB:\u003c/b\u003e \u003ca href=\u0027https://www.facebook.com/groups/beshvil.yael/posts/3902659666693822/\u0027\u003ehttps://www.facebook.com/groups/beshvil.yael/posts/3902659666693822/\u003c/a\u003e\u003cbr/\u003e\u003cbr/\u003e\u003cimg src=\u0027https://drive.google.com/uc?export=view\u0026amp;id=1YbYuZbrX-T7z-2fDhML0stHMvFjS8KdY\u0027 width=\u0027450\u0027/\u003e\u003cbr/\u003e\u003c/div\u003e",
                                            "tessellate":  -1,
                                            "extrude":  0,
                                            "visibility":  -1
                                        },
                         "geometry":  {
                                          "type":  "Point",
                                          "coordinates":  [
                                                              34.98126,
                                                              32.09981,
                                                              0.0
                                                          ]
                                      }
                     },
                     {
                         "type":  "Feature",
                         "properties":  {
                                            "Name":  "#1960",
                                            "description":  "\u003cdiv dir=\u0027rtl\u0027 style=\u0027font-family:Arial;\u0027\u003e\u003cb\u003eשם:\u003c/b\u003e שני רוזנר ודאוקר\u003cbr/\u003e\u003cb\u003eאתר:\u003c/b\u003e גבעת הברושים\u003cbr/\u003e\u003cb\u003eתאריך:\u003c/b\u003e 10-04-2026\u003cbr/\u003e\u003cb\u003eID:\u003c/b\u003e 4091\u003cbr/\u003e\u003cb\u003eFB:\u003c/b\u003e \u003ca href=\u0027https://www.facebook.com/groups/beshvil.yael/posts/3940597356233386\u0027\u003ehttps://www.facebook.com/groups/beshvil.yael/posts/3940597356233386\u003c/a\u003e\u003cbr/\u003e\u003cbr/\u003e\u003cimg src=\u0027https://drive.google.com/uc?export=view\u0026amp;id=1TsdDSf_WoIWugK0dt6AByKv0-bGq6yrP\u0027 width=\u0027450\u0027/\u003e\u003cbr/\u003e\u003c/div\u003e",
                                            "tessellate":  -1,
                                            "extrude":  0,
                                            "visibility":  -1
                                        },
                         "geometry":  {
                                          "type":  "Point",
                                          "coordinates":  [
                                                              35.01794,
                                                              31.88728,
                                                              0.0
                                                          ]
                                      }
                     },
                     {
                         "type":  "Feature",
                         "properties":  {
                                            "Name":  "#1960",
                                            "description":  "\u003cdiv dir=\u0027rtl\u0027 style=\u0027font-family:Arial;\u0027\u003e\u003cb\u003eשם:\u003c/b\u003e שני רוזנר ודאוקר\u003cbr/\u003e\u003cb\u003eאתר:\u003c/b\u003e מערת ישח\u003cbr/\u003e\u003cb\u003eתאריך:\u003c/b\u003e 17-04-2026\u003cbr/\u003e\u003cb\u003eID:\u003c/b\u003e 4145\u003cbr/\u003e\u003cb\u003eFB:\u003c/b\u003e \u003ca href=\u0027https://www.facebook.com/groups/beshvil.yael/posts/3946552512304537\u0027\u003ehttps://www.facebook.com/groups/beshvil.yael/posts/3946552512304537\u003c/a\u003e\u003cbr/\u003e\u003cbr/\u003e\u003cimg src=\u0027https://drive.google.com/uc?export=view\u0026amp;id=1oPTL45VvJVts4afKw6rdwShwuMIDvOJb\u0027 width=\u0027450\u0027/\u003e\u003cbr/\u003e\u003c/div\u003e",
                                            "tessellate":  -1,
                                            "extrude":  0,
                                            "visibility":  -1
                                        },
                         "geometry":  {
                                          "type":  "Point",
                                          "coordinates":  [
                                                              35.00192,
                                                              32.71832,
                                                              0.0
                                                          ]
                                      }
                     },
                     {
                         "type":  "Feature",
                         "properties":  {
                                            "Name":  "#1960",
                                            "description":  "\u003cdiv dir=\u0027rtl\u0027 style=\u0027font-family:Arial;\u0027\u003e\u003cb\u003eשם:\u003c/b\u003e שני רוזנר ודאוקר\u003cbr/\u003e\u003cb\u003eאתר:\u003c/b\u003e מצפה אופיר\u003cbr/\u003e\u003cb\u003eתאריך:\u003c/b\u003e 25-04-2026\u003cbr/\u003e\u003cb\u003eID:\u003c/b\u003e 4255\u003cbr/\u003e\u003cb\u003eFB:\u003c/b\u003e \u003ca href=\u0027https://www.facebook.com/groups/beshvil.yael/posts/3953940518232403\u0027\u003ehttps://www.facebook.com/groups/beshvil.yael/posts/3953940518232403\u003c/a\u003e\u003cbr/\u003e\u003cbr/\u003e\u003cimg src=\u0027https://drive.google.com/uc?export=view\u0026amp;id=1KNmKkezyQoFnVUHwtS7JtQillCwEkC4D\u0027 width=\u0027450\u0027/\u003e\u003cbr/\u003e\u003c/div\u003e",
                                            "tessellate":  -1,
                                            "extrude":  0,
                                            "visibility":  -1
                                        },
                         "geometry":  {
                                          "type":  "Point",
                                          "coordinates":  [
                                                              35.66266,
                                                              32.8149,
                                                              0.0
                                                          ]
                                      }
                     },
                     {
                         "type":  "Feature",
                         "properties":  {
                                            "Name":  "#1960",
                                            "description":  "\u003cdiv dir=\u0027rtl\u0027 style=\u0027font-family:Arial;\u0027\u003e\u003cb\u003eשם:\u003c/b\u003e שני רוזנר ודאוקר\u003cbr/\u003e\u003cb\u003eאתר:\u003c/b\u003e שביל רקית\u003cbr/\u003e\u003cb\u003eתאריך:\u003c/b\u003e 01-05-2026\u003cbr/\u003e\u003cb\u003eID:\u003c/b\u003e 4297\u003cbr/\u003e\u003cb\u003eFB:\u003c/b\u003e \u003ca href=\u0027https://www.facebook.com/groups/beshvil.yael/posts/3959479714345150\u0027\u003ehttps://www.facebook.com/groups/beshvil.yael/posts/3959479714345150\u003c/a\u003e\u003cbr/\u003e\u003cbr/\u003e\u003cimg src=\u0027https://drive.google.com/uc?export=view\u0026amp;id=1Hckqv6i2WtZOpuxN9KkePw7CUxFQvFs0\u0027 width=\u0027450\u0027/\u003e\u003cbr/\u003e\u003c/div\u003e",
                                            "tessellate":  -1,
                                            "extrude":  0,
                                            "visibility":  -1
                                        },
                         "geometry":  {
                                          "type":  "Point",
                                          "coordinates":  [
                                                              35.01568,
                                                              32.71425,
                                                              0.0
                                                          ]
                                      }
                     },
                     {
                         "type":  "Feature",
                         "properties":  {
                                            "Name":  "#1960",
                                            "description":  "\u003cdiv dir=\u0027rtl\u0027 style=\u0027font-family:Arial;\u0027\u003e\u003cb\u003eשם:\u003c/b\u003e שני רוזנר ודאוקר\u003cbr/\u003e\u003cb\u003eאתר:\u003c/b\u003e נחל כלח\u003cbr/\u003e\u003cb\u003eתאריך:\u003c/b\u003e 15-05-2026\u003cbr/\u003e\u003cb\u003eID:\u003c/b\u003e 4444\u003cbr/\u003e\u003cb\u003eFB:\u003c/b\u003e \u003ca href=\u0027https://www.facebook.com/groups/beshvil.yael/posts/3972429183050203\u0027\u003ehttps://www.facebook.com/groups/beshvil.yael/posts/3972429183050203\u003c/a\u003e\u003cbr/\u003e\u003cbr/\u003e\u003cimg src=\u0027https://drive.google.com/uc?export=view\u0026amp;id=1-P2utiTNABVXo7zXyWEByBnlOMcBpdXQ\u0027 width=\u0027450\u0027/\u003e\u003cbr/\u003e\u003c/div\u003e",
                                            "tessellate":  -1,
                                            "extrude":  0,
                                            "visibility":  -1
                                        },
                         "geometry":  {
                                          "type":  "Point",
                                          "coordinates":  [
                                                              35.01966,
                                                              32.74507,
                                                              0.0
                                                          ]
                                      }
                     },
                     {
                         "type":  "Feature",
                         "properties":  {
                                            "Name":  "#1967",
                                            "description":  "\u003cdiv dir=\u0027rtl\u0027 style=\u0027font-family:Arial;\u0027\u003e\u003cb\u003eשם:\u003c/b\u003e \u003cbr/\u003e\u003cb\u003eאתר:\u003c/b\u003e באר המושבים\u003cbr/\u003e\u003cb\u003eתאריך:\u003c/b\u003e 01-04-2026\u003cbr/\u003e\u003cb\u003eID:\u003c/b\u003e 474\u003cbr/\u003e\u003cb\u003eFB:\u003c/b\u003e \u003ca href=\u0027https://www.secure.facebook.com/groups/beshvil.yael/posts/3932532887039833/\u0027\u003ehttps://www.secure.facebook.com/groups/beshvil.yael/posts/3932532887039833/\u003c/a\u003e\u003cbr/\u003e\u003cbr/\u003e\u003cimg src=\u0027https://drive.google.com/uc?export=view\u0026amp;id=1Wu3kVgS_Vv0qGYIRlMdwBBpb9P59WpOE\u0027 width=\u0027450\u0027/\u003e\u003cbr/\u003e\u003c/div\u003e",
                                            "tessellate":  -1,
                                            "extrude":  0,
                                            "visibility":  -1
                                        },
                         "geometry":  {
                                          "type":  "Point",
                                          "coordinates":  [
                                                              34.92064,
                                                              31.79147,
                                                              0.0
                                                          ]
                                      }
                     },
                     {
                         "type":  "Feature",
                         "properties":  {
                                            "Name":  "#1968",
                                            "description":  "\u003cdiv dir=\u0027rtl\u0027 style=\u0027font-family:Arial;\u0027\u003e\u003cb\u003eשם:\u003c/b\u003e מיכל דיאמנט סולומון\u003cbr/\u003e\u003cb\u003eאתר:\u003c/b\u003e מצפה / מכתש רמון\u003cbr/\u003e\u003cb\u003eתאריך:\u003c/b\u003e 04-04-2025\u003cbr/\u003e\u003cb\u003eID:\u003c/b\u003e 268\u003cbr/\u003e\u003cb\u003eFB:\u003c/b\u003e \u003ca href=\u0027https://www.facebook.com/groups/3235176716775457/posts/3604387799854345/\u0027\u003ehttps://www.facebook.com/groups/3235176716775457/posts/3604387799854345/\u003c/a\u003e\u003cbr/\u003e\u003cbr/\u003e\u003cimg src=\u0027https://drive.google.com/uc?export=view\u0026amp;id=1ZGX3IOud8cJWmj2RLNM-3OgQxZx0PCuB\u0027 width=\u0027450\u0027/\u003e\u003cbr/\u003e\u003c/div\u003e",
                                            "tessellate":  -1,
                                            "extrude":  0,
                                            "visibility":  -1
                                        },
                         "geometry":  {
                                          "type":  "Point",
                                          "coordinates":  [
                                                              34.8411804,
                                                              30.6663565,
                                                              0.0
                                                          ]
                                      }
                     },
                     {
                         "type":  "Feature",
                         "properties":  {
                                            "Name":  "#1968",
                                            "description":  "\u003cdiv dir=\u0027rtl\u0027 style=\u0027font-family:Arial;\u0027\u003e\u003cb\u003eשם:\u003c/b\u003e מיכל דיאמנט סולומון\u003cbr/\u003e\u003cb\u003eאתר:\u003c/b\u003e נחל חרמון תחתון\u003cbr/\u003e\u003cb\u003eתאריך:\u003c/b\u003e 18-05-2025\u003cbr/\u003e\u003cb\u003eID:\u003c/b\u003e 264\u003cbr/\u003e\u003cb\u003eFB:\u003c/b\u003e \u003ca href=\u0027https://www.facebook.com/groups/3235176716775457/posts/3618797161746742/\u0027\u003ehttps://www.facebook.com/groups/3235176716775457/posts/3618797161746742/\u003c/a\u003e\u003cbr/\u003e\u003cbr/\u003e\u003cimg src=\u0027https://drive.google.com/uc?export=view\u0026amp;id=1JlZq3QzcFNV6XSL4ONYkfFB3ws4zZent\u0027 width=\u0027450\u0027/\u003e\u003cbr/\u003e\u003c/div\u003e",
                                            "tessellate":  -1,
                                            "extrude":  0,
                                            "visibility":  -1
                                        },
                         "geometry":  {
                                          "type":  "Point",
                                          "coordinates":  [
                                                              35.65404,
                                                              33.22476,
                                                              0.0
                                                          ]
                                      }
                     },
                     {
                         "type":  "Feature",
                         "properties":  {
                                            "Name":  "#1969",
                                            "description":  "\u003cdiv dir=\u0027rtl\u0027 style=\u0027font-family:Arial;\u0027\u003e\u003cb\u003eשם:\u003c/b\u003e מיכל דיאמנט סולומון\u003cbr/\u003e\u003cb\u003eאתר:\u003c/b\u003e מצפה / מכתש רמון\u003cbr/\u003e\u003cb\u003eתאריך:\u003c/b\u003e 04-04-2025\u003cbr/\u003e\u003cb\u003eID:\u003c/b\u003e 503\u003cbr/\u003e\u003cb\u003eFB:\u003c/b\u003e \u003ca href=\u0027https://www.facebook.com/groups/3235176716775457/posts/3604387799854345/\u0027\u003ehttps://www.facebook.com/groups/3235176716775457/posts/3604387799854345/\u003c/a\u003e\u003cbr/\u003e\u003cbr/\u003e\u003cimg src=\u0027https://drive.google.com/uc?export=view\u0026amp;id=1ZGX3IOud8cJWmj2RLNM-3OgQxZx0PCuB\u0027 width=\u0027450\u0027/\u003e\u003cbr/\u003e\u003c/div\u003e",
                                            "tessellate":  -1,
                                            "extrude":  0,
                                            "visibility":  -1
                                        },
                         "geometry":  {
                                          "type":  "Point",
                                          "coordinates":  [
                                                              34.8411804,
                                                              30.6660865,
                                                              0.0
                                                          ]
                                      }
                     },
                     {
                         "type":  "Feature",
                         "properties":  {
                                            "Name":  "#1969",
                                            "description":  "\u003cdiv dir=\u0027rtl\u0027 style=\u0027font-family:Arial;\u0027\u003e\u003cb\u003eשם:\u003c/b\u003e מיכל דיאמנט סולומון\u003cbr/\u003e\u003cb\u003eאתר:\u003c/b\u003e נחל חרמון תחתון\u003cbr/\u003e\u003cb\u003eתאריך:\u003c/b\u003e 18-05-2025\u003cbr/\u003e\u003cb\u003eID:\u003c/b\u003e 263\u003cbr/\u003e\u003cb\u003eFB:\u003c/b\u003e \u003ca href=\u0027https://www.facebook.com/groups/3235176716775457/posts/3618797161746742/\u0027\u003ehttps://www.facebook.com/groups/3235176716775457/posts/3618797161746742/\u003c/a\u003e\u003cbr/\u003e\u003cbr/\u003e\u003cimg src=\u0027https://drive.google.com/uc?export=view\u0026amp;id=1JdS7knQrni-9OxEj2L3j-y1i0NOYp2qs\u0027 width=\u0027450\u0027/\u003e\u003cbr/\u003e\u003c/div\u003e",
                                            "tessellate":  -1,
                                            "extrude":  0,
                                            "visibility":  -1
                                        },
                         "geometry":  {
                                          "type":  "Point",
                                          "coordinates":  [
                                                              35.6540453,
                                                              33.2247633,
                                                              0.0
                                                          ]
                                      }
                     },
                     {
                         "type":  "Feature",
                         "properties":  {
                                            "Name":  "#1976",
                                            "description":  "\u003cdiv dir=\u0027rtl\u0027 style=\u0027font-family:Arial;\u0027\u003e\u003cb\u003eשם:\u003c/b\u003e אורלי דיימנט גומז\u003cbr/\u003e\u003cb\u003eאתר:\u003c/b\u003e כל הארץ\u003cbr/\u003e\u003cb\u003eתאריך:\u003c/b\u003e 28-04-2025\u003cbr/\u003e\u003cb\u003eID:\u003c/b\u003e 34\u003cbr/\u003e\u003cb\u003eFB:\u003c/b\u003e \u003ca href=\u0027https://www.facebook.com/groups/3235176716775457/posts/3628470194112772/\u0027\u003ehttps://www.facebook.com/groups/3235176716775457/posts/3628470194112772/\u003c/a\u003e\u003cbr/\u003e\u003cbr/\u003e\u003cimg src=\u0027https://drive.google.com/uc?export=view\u0026amp;id=11zFYd-HTWRFdJQcBum1uLG0fToRNsffb\u0027 width=\u0027450\u0027/\u003e\u003cbr/\u003e\u003c/div\u003e",
                                            "tessellate":  -1,
                                            "extrude":  0,
                                            "visibility":  -1
                                        },
                         "geometry":  {
                                          "type":  "Point",
                                          "coordinates":  [
                                                              34.851612,
                                                              31.046051,
                                                              0.0
                                                          ]
                                      }
                     },
                     {
                         "type":  "Feature",
                         "properties":  {
                                            "Name":  "#1976",
                                            "description":  "\u003cdiv dir=\u0027rtl\u0027 style=\u0027font-family:Arial;\u0027\u003e\u003cb\u003eשם:\u003c/b\u003e אורלי דיימנט גומז\u003cbr/\u003e\u003cb\u003eאתר:\u003c/b\u003e הסטף\u003cbr/\u003e\u003cb\u003eתאריך:\u003c/b\u003e 01-08-2025\u003cbr/\u003e\u003cb\u003eID:\u003c/b\u003e 220\u003cbr/\u003e\u003cb\u003eFB:\u003c/b\u003e \u003ca href=\u0027https://www.facebook.com/groups/beshvil.yael/posts/3709710252655432\u0027\u003ehttps://www.facebook.com/groups/beshvil.yael/posts/3709710252655432\u003c/a\u003e\u003cbr/\u003e\u003cbr/\u003e\u003cimg src=\u0027https://drive.google.com/uc?export=view\u0026amp;id=1KsmEDF8EY5MqI-n1lTNSsB2pXUVAsRvA\u0027 width=\u0027450\u0027/\u003e\u003cbr/\u003e\u003c/div\u003e",
                                            "tessellate":  -1,
                                            "extrude":  0,
                                            "visibility":  -1
                                        },
                         "geometry":  {
                                          "type":  "Point",
                                          "coordinates":  [
                                                              35.1273015,
                                                              31.7721762,
                                                              0.0
                                                          ]
                                      }
                     },
                     {
                         "type":  "Feature",
                         "properties":  {
                                            "Name":  "#1976",
                                            "description":  "\u003cdiv dir=\u0027rtl\u0027 style=\u0027font-family:Arial;\u0027\u003e\u003cb\u003eשם:\u003c/b\u003e אורלי דיימנט גומז\u003cbr/\u003e\u003cb\u003eאתר:\u003c/b\u003e חרמון\u003cbr/\u003e\u003cb\u003eתאריך:\u003c/b\u003e 29-08-2025\u003cbr/\u003e\u003cb\u003eID:\u003c/b\u003e 200\u003cbr/\u003e\u003cb\u003eFB:\u003c/b\u003e \u003ca href=\u0027https://www.facebook.com/groups/beshvil.yael/posts/3735094806783643/\u0027\u003ehttps://www.facebook.com/groups/beshvil.yael/posts/3735094806783643/\u003c/a\u003e\u003cbr/\u003e\u003cbr/\u003e\u003cimg src=\u0027https://drive.google.com/uc?export=view\u0026amp;id=1oWdKeFg_bOh32F0OrLaYPRs1Gl0N0oJb\u0027 width=\u0027450\u0027/\u003e\u003cbr/\u003e\u003c/div\u003e",
                                            "tessellate":  -1,
                                            "extrude":  0,
                                            "visibility":  -1
                                        },
                         "geometry":  {
                                          "type":  "Point",
                                          "coordinates":  [
                                                              35.787441,
                                                              33.3067889,
                                                              0.0
                                                          ]
                                      }
                     },
                     {
                         "type":  "Feature",
                         "properties":  {
                                            "Name":  "#1976",
                                            "description":  "\u003cdiv dir=\u0027rtl\u0027 style=\u0027font-family:Arial;\u0027\u003e\u003cb\u003eשם:\u003c/b\u003e אורלי דיימנט גומז\u003cbr/\u003e\u003cb\u003eאתר:\u003c/b\u003e יער בן שמן\u003cbr/\u003e\u003cb\u003eתאריך:\u003c/b\u003e 27-09-2025\u003cbr/\u003e\u003cb\u003eID:\u003c/b\u003e 399\u003cbr/\u003e\u003cb\u003eFB:\u003c/b\u003e \u003ca href=\u0027https://www.facebook.com/groups/beshvil.yael/posts/3762257047400752\u0027\u003ehttps://www.facebook.com/groups/beshvil.yael/posts/3762257047400752\u003c/a\u003e\u003cbr/\u003e\u003cbr/\u003e\u003cimg src=\u0027https://drive.google.com/uc?export=view\u0026amp;id=1KDt6h2mwinQF939y5iRoYH2XftTElcvi\u0027 width=\u0027450\u0027/\u003e\u003cbr/\u003e\u003c/div\u003e",
                                            "tessellate":  -1,
                                            "extrude":  0,
                                            "visibility":  -1
                                        },
                         "geometry":  {
                                          "type":  "Point",
                                          "coordinates":  [
                                                              34.9506,
                                                              31.94793,
                                                              0.0
                                                          ]
                                      }
                     },
                     {
                         "type":  "Feature",
                         "properties":  {
                                            "Name":  "#1976",
                                            "description":  "\u003cdiv dir=\u0027rtl\u0027 style=\u0027font-family:Arial;\u0027\u003e\u003cb\u003eשם:\u003c/b\u003e אורלי דיימנט גומז\u003cbr/\u003e\u003cb\u003eאתר:\u003c/b\u003e פארן\u003cbr/\u003e\u003cb\u003eתאריך:\u003c/b\u003e 06-02-2026\u003cbr/\u003e\u003cb\u003eID:\u003c/b\u003e 92\u003cbr/\u003e\u003cb\u003eFB:\u003c/b\u003e \u003ca href=\u0027https://www.facebook.com/groups/beshvil.yael/posts/3882718505354605/\u0027\u003ehttps://www.facebook.com/groups/beshvil.yael/posts/3882718505354605/\u003c/a\u003e\u003cbr/\u003e\u003cbr/\u003e\u003cimg src=\u0027https://drive.google.com/uc?export=view\u0026amp;id=1fuXdPoeRyYVRRqAUlzNzGd38E7xF9QOx\u0027 width=\u0027450\u0027/\u003e\u003cbr/\u003e\u003c/div\u003e",
                                            "tessellate":  -1,
                                            "extrude":  0,
                                            "visibility":  -1
                                        },
                         "geometry":  {
                                          "type":  "Point",
                                          "coordinates":  [
                                                              35.20659,
                                                              30.38832,
                                                              0.0
                                                          ]
                                      }
                     },
                     {
                         "type":  "Feature",
                         "properties":  {
                                            "Name":  "#1976",
                                            "description":  "\u003cdiv dir=\u0027rtl\u0027 style=\u0027font-family:Arial;\u0027\u003e\u003cb\u003eשם:\u003c/b\u003e \u003cbr/\u003e\u003cb\u003eאתר:\u003c/b\u003e נחל גולחן\u003cbr/\u003e\u003cb\u003eתאריך:\u003c/b\u003e 20-03-2026\u003cbr/\u003e\u003cb\u003eID:\u003c/b\u003e 4\u003cbr/\u003e\u003cb\u003eFB:\u003c/b\u003e \u003ca href=\u0027https://www.facebook.com/groups/beshvil.yael/posts/3921532618139860/\u0027\u003ehttps://www.facebook.com/groups/beshvil.yael/posts/3921532618139860/\u003c/a\u003e\u003cbr/\u003e\u003cbr/\u003e\u003cimg src=\u0027https://drive.google.com/uc?export=view\u0026amp;id=1bdKOxbemeXx7D2nLtqlQ66_Tj_hFuRzt\u0027 width=\u0027450\u0027/\u003e\u003cbr/\u003e\u003c/div\u003e",
                                            "tessellate":  -1,
                                            "extrude":  0,
                                            "visibility":  -1
                                        },
                         "geometry":  {
                                          "type":  "Point",
                                          "coordinates":  [
                                                              35.03421,
                                                              30.89322,
                                                              0.0
                                                          ]
                                      }
                     },
                     {
                         "type":  "Feature",
                         "properties":  {
                                            "Name":  "#1976",
                                            "description":  "\u003cdiv dir=\u0027rtl\u0027 style=\u0027font-family:Arial;\u0027\u003e\u003cb\u003eשם:\u003c/b\u003e אורלי דיימנט גומז\u003cbr/\u003e\u003cb\u003eאתר:\u003c/b\u003e מצפה לזכר אל׳מ רועי לוי ז׳ל\u003cbr/\u003e\u003cb\u003eתאריך:\u003c/b\u003e 21-04-2026\u003cbr/\u003e\u003cb\u003eID:\u003c/b\u003e 494\u003cbr/\u003e\u003cb\u003eFB:\u003c/b\u003e \u003ca href=\u0027https://www.facebook.com/groups/beshvil.yael/posts/3950066315286490/\u0027\u003ehttps://www.facebook.com/groups/beshvil.yael/posts/3950066315286490/\u003c/a\u003e\u003cbr/\u003e\u003cbr/\u003e\u003cimg src=\u0027https://drive.google.com/uc?export=view\u0026amp;id=1ussfn1-PptY-Iu2tAgI8sfSkr3kL4kS7\u0027 width=\u0027450\u0027/\u003e\u003cbr/\u003e\u003c/div\u003e",
                                            "tessellate":  -1,
                                            "extrude":  0,
                                            "visibility":  -1
                                        },
                         "geometry":  {
                                          "type":  "Point",
                                          "coordinates":  [
                                                              34.97288,
                                                              31.81318,
                                                              0.0
                                                          ]
                                      }
                     },
                     {
                         "type":  "Feature",
                         "properties":  {
                                            "Name":  "#1977",
                                            "description":  "\u003cdiv dir=\u0027rtl\u0027 style=\u0027font-family:Arial;\u0027\u003e\u003cb\u003eשם:\u003c/b\u003e \u003cbr/\u003e\u003cb\u003eאתר:\u003c/b\u003e מצפה לזכר אל׳מ רועי לוי ז׳ל\u003cbr/\u003e\u003cb\u003eתאריך:\u003c/b\u003e 21-04-2026\u003cbr/\u003e\u003cb\u003eID:\u003c/b\u003e 495\u003cbr/\u003e\u003cb\u003eFB:\u003c/b\u003e \u003ca href=\u0027https://www.facebook.com/groups/beshvil.yael/posts/3950066315286490/\u0027\u003ehttps://www.facebook.com/groups/beshvil.yael/posts/3950066315286490/\u003c/a\u003e\u003cbr/\u003e\u003cbr/\u003e\u003cimg src=\u0027https://drive.google.com/uc?export=view\u0026amp;id=1ussfn1-PptY-Iu2tAgI8sfSkr3kL4kS7\u0027 width=\u0027450\u0027/\u003e\u003cbr/\u003e\u003c/div\u003e",
                                            "tessellate":  -1,
                                            "extrude":  0,
                                            "visibility":  -1
                                        },
                         "geometry":  {
                                          "type":  "Point",
                                          "coordinates":  [
                                                              34.97288,
                                                              31.81345,
                                                              0.0
                                                          ]
                                      }
                     },
                     {
                         "type":  "Feature",
                         "properties":  {
                                            "Name":  "#1979",
                                            "description":  "\u003cdiv dir=\u0027rtl\u0027 style=\u0027font-family:Arial;\u0027\u003e\u003cb\u003eשם:\u003c/b\u003e אלון גבעתי\u003cbr/\u003e\u003cb\u003eאתר:\u003c/b\u003e הר חורשן\u003cbr/\u003e\u003cb\u003eתאריך:\u003c/b\u003e 29-03-2025\u003cbr/\u003e\u003cb\u003eID:\u003c/b\u003e 588\u003cbr/\u003e\u003cb\u003eFB:\u003c/b\u003e \u003ca href=\u0027https://www.facebook.com/groups/3235176716775457/permalink/3597889440504181/\u0027\u003ehttps://www.facebook.com/groups/3235176716775457/permalink/3597889440504181/\u003c/a\u003e\u003cbr/\u003e\u003cbr/\u003e\u003cimg src=\u0027https://drive.google.com/uc?export=view\u0026amp;id=1h19-NWcAx3Zec5BPcZLLpwsBzspjRhMm\u0027 width=\u0027450\u0027/\u003e\u003cbr/\u003e\u003c/div\u003e",
                                            "tessellate":  -1,
                                            "extrude":  0,
                                            "visibility":  -1
                                        },
                         "geometry":  {
                                          "type":  "Point",
                                          "coordinates":  [
                                                              35.0002598,
                                                              32.5870414,
                                                              0.0
                                                          ]
                                      }
                     },
                     {
                         "type":  "Feature",
                         "properties":  {
                                            "Name":  "#1980",
                                            "description":  "\u003cdiv dir=\u0027rtl\u0027 style=\u0027font-family:Arial;\u0027\u003e\u003cb\u003eשם:\u003c/b\u003e \u003cbr/\u003e\u003cb\u003eאתר:\u003c/b\u003e הר חורשן\u003cbr/\u003e\u003cb\u003eתאריך:\u003c/b\u003e 29-03-2025\u003cbr/\u003e\u003cb\u003eID:\u003c/b\u003e 264\u003cbr/\u003e\u003cb\u003eFB:\u003c/b\u003e \u003ca href=\u0027https://www.facebook.com/groups/3235176716775457/permalink/3597889440504181/\u0027\u003ehttps://www.facebook.com/groups/3235176716775457/permalink/3597889440504181/\u003c/a\u003e\u003cbr/\u003e\u003cbr/\u003e\u003cimg src=\u0027https://drive.google.com/uc?export=view\u0026amp;id=1h19-NWcAx3Zec5BPcZLLpwsBzspjRhMm\u0027 width=\u0027450\u0027/\u003e\u003cbr/\u003e\u003c/div\u003e",
                                            "tessellate":  -1,
                                            "extrude":  0,
                                            "visibility":  -1
                                        },
                         "geometry":  {
                                          "type":  "Point",
                                          "coordinates":  [
                                                              35.0002598,
                                                              32.5873114,
                                                              0.0
                                                          ]
                                      }
                     },
                     {
                         "type":  "Feature",
                         "properties":  {
                                            "Name":  "#1981",
                                            "description":  "\u003cdiv dir=\u0027rtl\u0027 style=\u0027font-family:Arial;\u0027\u003e\u003cb\u003eשם:\u003c/b\u003e \u003cbr/\u003e\u003cb\u003eאתר:\u003c/b\u003e הר חורשן\u003cbr/\u003e\u003cb\u003eתאריך:\u003c/b\u003e 29-03-2025\u003cbr/\u003e\u003cb\u003eID:\u003c/b\u003e 265\u003cbr/\u003e\u003cb\u003eFB:\u003c/b\u003e \u003ca href=\u0027https://www.facebook.com/groups/3235176716775457/permalink/3597889440504181/\u0027\u003ehttps://www.facebook.com/groups/3235176716775457/permalink/3597889440504181/\u003c/a\u003e\u003cbr/\u003e\u003cbr/\u003e\u003cimg src=\u0027https://drive.google.com/uc?export=view\u0026amp;id=1h19-NWcAx3Zec5BPcZLLpwsBzspjRhMm\u0027 width=\u0027450\u0027/\u003e\u003cbr/\u003e\u003c/div\u003e",
                                            "tessellate":  -1,
                                            "extrude":  0,
                                            "visibility":  -1
                                        },
                         "geometry":  {
                                          "type":  "Point",
                                          "coordinates":  [
                                                              35.0002598,
                                                              32.5875814,
                                                              0.0
                                                          ]
                                      }
                     },
                     {
                         "type":  "Feature",
                         "properties":  {
                                            "Name":  "#1992",
                                            "description":  "\u003cdiv dir=\u0027rtl\u0027 style=\u0027font-family:Arial;\u0027\u003e\u003cb\u003eשם:\u003c/b\u003e ברק חסון\u003cbr/\u003e\u003cb\u003eאתר:\u003c/b\u003e אילת\u003cbr/\u003e\u003cb\u003eתאריך:\u003c/b\u003e 16-04-2025\u003cbr/\u003e\u003cb\u003eID:\u003c/b\u003e 315\u003cbr/\u003e\u003cb\u003eFB:\u003c/b\u003e \u003ca href=\u0027https://www.facebook.com/groups/3235176716775457/posts/3616781885281603/\u0027\u003ehttps://www.facebook.com/groups/3235176716775457/posts/3616781885281603/\u003c/a\u003e\u003cbr/\u003e\u003cbr/\u003e\u003cimg src=\u0027https://drive.google.com/uc?export=view\u0026amp;id=1N8Z_luPo9VqbxSL8jXeZ_qWQZcMz0fnw\u0027 width=\u0027450\u0027/\u003e\u003cbr/\u003e\u003c/div\u003e",
                                            "tessellate":  -1,
                                            "extrude":  0,
                                            "visibility":  -1
                                        },
                         "geometry":  {
                                          "type":  "Point",
                                          "coordinates":  [
                                                              34.9384453,
                                                              29.5261106,
                                                              0.0
                                                          ]
                                      }
                     },
                     {
                         "type":  "Feature",
                         "properties":  {
                                            "Name":  "#1993",
                                            "description":  "\u003cdiv dir=\u0027rtl\u0027 style=\u0027font-family:Arial;\u0027\u003e\u003cb\u003eשם:\u003c/b\u003e ברק חסון\u003cbr/\u003e\u003cb\u003eאתר:\u003c/b\u003e מצדה\u003cbr/\u003e\u003cb\u003eתאריך:\u003c/b\u003e 21-11-2025\u003cbr/\u003e\u003cb\u003eID:\u003c/b\u003e 2809\u003cbr/\u003e\u003cb\u003eFB:\u003c/b\u003e \u003ca href=\u0027https://www.facebook.com/groups/beshvil.yael/posts/3815586272067829/\u0027\u003ehttps://www.facebook.com/groups/beshvil.yael/posts/3815586272067829/\u003c/a\u003e\u003cbr/\u003e\u003cbr/\u003e\u003cimg src=\u0027https://drive.google.com/uc?export=view\u0026amp;id=1_bivrVbtinY73UXh6O0aposezIOuVzX0\u0027 width=\u0027450\u0027/\u003e\u003cbr/\u003e\u003c/div\u003e",
                                            "tessellate":  -1,
                                            "extrude":  0,
                                            "visibility":  -1
                                        },
                         "geometry":  {
                                          "type":  "Point",
                                          "coordinates":  [
                                                              35.3563,
                                                              31.31846,
                                                              0.0
                                                          ]
                                      }
                     },
                     {
                         "type":  "Feature",
                         "properties":  {
                                            "Name":  "#1994",
                                            "description":  "\u003cdiv dir=\u0027rtl\u0027 style=\u0027font-family:Arial;\u0027\u003e\u003cb\u003eשם:\u003c/b\u003e יעל לגשטיין\u003cbr/\u003e\u003cb\u003eאתר:\u003c/b\u003e נחל כזיב\u003cbr/\u003e\u003cb\u003eתאריך:\u003c/b\u003e 26-04-2025\u003cbr/\u003e\u003cb\u003eID:\u003c/b\u003e 105\u003cbr/\u003e\u003cb\u003eFB:\u003c/b\u003e \u003ca href=\u0027https://www.facebook.com/groups/3235176716775457/posts/3626292214330570/\u0027\u003ehttps://www.facebook.com/groups/3235176716775457/posts/3626292214330570/\u003c/a\u003e\u003cbr/\u003e\u003cbr/\u003e\u003cimg src=\u0027https://drive.google.com/uc?export=view\u0026amp;id=18KXfew8aaevXoFz7AQRE4iis1ZubBoPE\u0027 width=\u0027450\u0027/\u003e\u003cbr/\u003e\u003c/div\u003e",
                                            "tessellate":  -1,
                                            "extrude":  0,
                                            "visibility":  -1
                                        },
                         "geometry":  {
                                          "type":  "Point",
                                          "coordinates":  [
                                                              35.2710014,
                                                              33.0304685,
                                                              0.0
                                                          ]
                                      }
                     },
                     {
                         "type":  "Feature",
                         "properties":  {
                                            "Name":  "#1994",
                                            "description":  "\u003cdiv dir=\u0027rtl\u0027 style=\u0027font-family:Arial;\u0027\u003e\u003cb\u003eשם:\u003c/b\u003e יעל לגשטיין\u003cbr/\u003e\u003cb\u003eאתר:\u003c/b\u003e דימונה\u003cbr/\u003e\u003cb\u003eתאריך:\u003c/b\u003e 27-04-2025\u003cbr/\u003e\u003cb\u003eID:\u003c/b\u003e 84\u003cbr/\u003e\u003cb\u003eFB:\u003c/b\u003e \u003ca href=\u0027https://www.facebook.com/groups/3235176716775457/posts/3626803520946106/\u0027\u003ehttps://www.facebook.com/groups/3235176716775457/posts/3626803520946106/\u003c/a\u003e\u003cbr/\u003e\u003cbr/\u003e\u003cimg src=\u0027https://drive.google.com/uc?export=view\u0026amp;id=16EWMW2vZnxCHD5XbmbwO_nnDSqADcDps\u0027 width=\u0027450\u0027/\u003e\u003cbr/\u003e\u003c/div\u003e",
                                            "tessellate":  -1,
                                            "extrude":  0,
                                            "visibility":  -1
                                        },
                         "geometry":  {
                                          "type":  "Point",
                                          "coordinates":  [
                                                              35.033363,
                                                              31.069419,
                                                              0.0
                                                          ]
                                      }
                     },
                     {
                         "type":  "Feature",
                         "properties":  {
                                            "Name":  "#1994",
                                            "description":  "\u003cdiv dir=\u0027rtl\u0027 style=\u0027font-family:Arial;\u0027\u003e\u003cb\u003eשם:\u003c/b\u003e יעל לגשטיין\u003cbr/\u003e\u003cb\u003eאתר:\u003c/b\u003e יער הקדושים\u003cbr/\u003e\u003cb\u003eתאריך:\u003c/b\u003e 12-07-2025\u003cbr/\u003e\u003cb\u003eID:\u003c/b\u003e 1171\u003cbr/\u003e\u003cb\u003eFB:\u003c/b\u003e \u003ca href=\u0027https://www.facebook.com/groups/beshvil.yael/posts/3692089854417472/\u0027\u003ehttps://www.facebook.com/groups/beshvil.yael/posts/3692089854417472/\u003c/a\u003e\u003cbr/\u003e\u003cbr/\u003e\u003cimg src=\u0027https://drive.google.com/uc?export=view\u0026amp;id=1oQzB-jj2HID1Qt6FO_kQ8sPfjzLgb644\u0027 width=\u0027450\u0027/\u003e\u003cbr/\u003e\u003c/div\u003e",
                                            "tessellate":  -1,
                                            "extrude":  0,
                                            "visibility":  -1
                                        },
                         "geometry":  {
                                          "type":  "Point",
                                          "coordinates":  [
                                                              35.0609183,
                                                              31.7805826,
                                                              0.0
                                                          ]
                                      }
                     },
                     {
                         "type":  "Feature",
                         "properties":  {
                                            "Name":  "#1994",
                                            "description":  "\u003cdiv dir=\u0027rtl\u0027 style=\u0027font-family:Arial;\u0027\u003e\u003cb\u003eשם:\u003c/b\u003e יעל לגשטיין\u003cbr/\u003e\u003cb\u003eאתר:\u003c/b\u003e מרטון מדברי\u003cbr/\u003e\u003cb\u003eתאריך:\u003c/b\u003e 30-11-2025\u003cbr/\u003e\u003cb\u003eID:\u003c/b\u003e 2929\u003cbr/\u003e\u003cb\u003eFB:\u003c/b\u003e \u003ca href=\u0027https://www.facebook.com/groups/beshvil.yael/posts/3823384964621293\u0027\u003ehttps://www.facebook.com/groups/beshvil.yael/posts/3823384964621293\u003c/a\u003e\u003cbr/\u003e\u003cbr/\u003e\u003cimg src=\u0027https://drive.google.com/uc?export=view\u0026amp;id=1mld3xONNqU5GJOTJH6vtGjPMIRHWRFNj\u0027 width=\u0027450\u0027/\u003e\u003cbr/\u003e\u003c/div\u003e",
                                            "tessellate":  -1,
                                            "extrude":  0,
                                            "visibility":  -1
                                        },
                         "geometry":  {
                                          "type":  "Point",
                                          "coordinates":  [
                                                              34.90592,
                                                              29.54273,
                                                              0.0
                                                          ]
                                      }
                     },
                     {
                         "type":  "Feature",
                         "properties":  {
                                            "Name":  "#1994",
                                            "description":  "\u003cdiv dir=\u0027rtl\u0027 style=\u0027font-family:Arial;\u0027\u003e\u003cb\u003eשם:\u003c/b\u003e יעל לגשטיין\u003cbr/\u003e\u003cb\u003eאתר:\u003c/b\u003e שער הנגב\u003cbr/\u003e\u003cb\u003eתאריך:\u003c/b\u003e 19-12-2025\u003cbr/\u003e\u003cb\u003eID:\u003c/b\u003e 3102\u003cbr/\u003e\u003cb\u003eFB:\u003c/b\u003e \u003ca href=\u0027https://www.facebook.com/groups/beshvil.yael/posts/3839626109663845\u0027\u003ehttps://www.facebook.com/groups/beshvil.yael/posts/3839626109663845\u003c/a\u003e\u003cbr/\u003e\u003cbr/\u003e\u003cimg src=\u0027https://drive.google.com/uc?export=view\u0026amp;id=1EYesZC3PsMEYyBhFBpMZvJ96OyqNgpde\u0027 width=\u0027450\u0027/\u003e\u003cbr/\u003e\u003c/div\u003e",
                                            "tessellate":  -1,
                                            "extrude":  0,
                                            "visibility":  -1
                                        },
                         "geometry":  {
                                          "type":  "Point",
                                          "coordinates":  [
                                                              34.61557,
                                                              31.50362,
                                                              0.0
                                                          ]
                                      }
                     },
                     {
                         "type":  "Feature",
                         "properties":  {
                                            "Name":  "#1994",
                                            "description":  "\u003cdiv dir=\u0027rtl\u0027 style=\u0027font-family:Arial;\u0027\u003e\u003cb\u003eשם:\u003c/b\u003e יעל לגשטיין\u003cbr/\u003e\u003cb\u003eאתר:\u003c/b\u003e דימונה\u003cbr/\u003e\u003cb\u003eתאריך:\u003c/b\u003e 21-02-2026\u003cbr/\u003e\u003cb\u003eID:\u003c/b\u003e 3796\u003cbr/\u003e\u003cb\u003eFB:\u003c/b\u003e \u003ca href=\u0027https://www.facebook.com/groups/beshvil.yael/posts/3896825690610553/\u0027\u003ehttps://www.facebook.com/groups/beshvil.yael/posts/3896825690610553/\u003c/a\u003e\u003cbr/\u003e\u003cbr/\u003e\u003cimg src=\u0027https://drive.google.com/uc?export=view\u0026amp;id=1gaTdGTEJQX2dL6a6eeK1rUYckVdP0m34\u0027 width=\u0027450\u0027/\u003e\u003cbr/\u003e\u003c/div\u003e",
                                            "tessellate":  -1,
                                            "extrude":  0,
                                            "visibility":  -1
                                        },
                         "geometry":  {
                                          "type":  "Point",
                                          "coordinates":  [
                                                              35.04469,
                                                              31.08265,
                                                              0.0
                                                          ]
                                      }
                     },
                     {
                         "type":  "Feature",
                         "properties":  {
                                            "Name":  "#1998",
                                            "description":  "\u003cdiv dir=\u0027rtl\u0027 style=\u0027font-family:Arial;\u0027\u003e\u003cb\u003eשם:\u003c/b\u003e דנה קרינסקי\u003cbr/\u003e\u003cb\u003eאתר:\u003c/b\u003e נחל ראש פינה\u003cbr/\u003e\u003cb\u003eתאריך:\u003c/b\u003e 09-04-2025\u003cbr/\u003e\u003cb\u003eID:\u003c/b\u003e 465\u003cbr/\u003e\u003cb\u003eFB:\u003c/b\u003e \u003ca href=\u0027https://www.facebook.com/groups/3235176716775457/posts/3609282036031588/\u0027\u003ehttps://www.facebook.com/groups/3235176716775457/posts/3609282036031588/\u003c/a\u003e\u003cbr/\u003e\u003cbr/\u003e\u003cimg src=\u0027https://drive.google.com/uc?export=view\u0026amp;id=1X69zMedub6PPFHNW7Z8ehoPFTOmEUZmG\u0027 width=\u0027450\u0027/\u003e\u003cbr/\u003e\u003c/div\u003e",
                                            "tessellate":  -1,
                                            "extrude":  0,
                                            "visibility":  -1
                                        },
                         "geometry":  {
                                          "type":  "Point",
                                          "coordinates":  [
                                                              35.59728,
                                                              32.98875,
                                                              0.0
                                                          ]
                                      }
                     },
                     {
                         "type":  "Feature",
                         "properties":  {
                                            "Name":  "#2004",
                                            "description":  "\u003cdiv dir=\u0027rtl\u0027 style=\u0027font-family:Arial;\u0027\u003e\u003cb\u003eשם:\u003c/b\u003e דורית הר-אל שפי\u003cbr/\u003e\u003cb\u003eאתר:\u003c/b\u003e הר הכרמל\u003cbr/\u003e\u003cb\u003eתאריך:\u003c/b\u003e 07-04-2025\u003cbr/\u003e\u003cb\u003eID:\u003c/b\u003e 479\u003cbr/\u003e\u003cb\u003eFB:\u003c/b\u003e \u003ca href=\u0027https://www.facebook.com/groups/3235176716775457/posts/3606315326328259/\u0027\u003ehttps://www.facebook.com/groups/3235176716775457/posts/3606315326328259/\u003c/a\u003e\u003cbr/\u003e\u003cbr/\u003e\u003cimg src=\u0027https://drive.google.com/uc?export=view\u0026amp;id=1XcnncJqpZ1fhmuAPoM7uQFaH8yz0z6Jv\u0027 width=\u0027450\u0027/\u003e\u003cbr/\u003e\u003c/div\u003e",
                                            "tessellate":  -1,
                                            "extrude":  0,
                                            "visibility":  -1
                                        },
                         "geometry":  {
                                          "type":  "Point",
                                          "coordinates":  [
                                                              35.02254,
                                                              32.74077,
                                                              0.0
                                                          ]
                                      }
                     },
                     {
                         "type":  "Feature",
                         "properties":  {
                                            "Name":  "#2004",
                                            "description":  "\u003cdiv dir=\u0027rtl\u0027 style=\u0027font-family:Arial;\u0027\u003e\u003cb\u003eשם:\u003c/b\u003e דורית הר-אל שפי\u003cbr/\u003e\u003cb\u003eאתר:\u003c/b\u003e פרסת נקרות\u003cbr/\u003e\u003cb\u003eתאריך:\u003c/b\u003e 21-04-2025\u003cbr/\u003e\u003cb\u003eID:\u003c/b\u003e 222\u003cbr/\u003e\u003cb\u003eFB:\u003c/b\u003e \u003ca href=\u0027https://www.facebook.com/groups/3235176716775457/posts/3621209568172168/\u0027\u003ehttps://www.facebook.com/groups/3235176716775457/posts/3621209568172168/\u003c/a\u003e\u003cbr/\u003e\u003cbr/\u003e\u003cimg src=\u0027https://drive.google.com/uc?export=view\u0026amp;id=1GzWKQ1uJ2rNfYh8yk13G9L8F1vSwasED\u0027 width=\u0027450\u0027/\u003e\u003cbr/\u003e\u003c/div\u003e",
                                            "tessellate":  -1,
                                            "extrude":  0,
                                            "visibility":  -1
                                        },
                         "geometry":  {
                                          "type":  "Point",
                                          "coordinates":  [
                                                              35.011661,
                                                              30.575223,
                                                              0.0
                                                          ]
                                      }
                     },
                     {
                         "type":  "Feature",
                         "properties":  {
                                            "Name":  "#2004",
                                            "description":  "\u003cdiv dir=\u0027rtl\u0027 style=\u0027font-family:Arial;\u0027\u003e\u003cb\u003eשם:\u003c/b\u003e דורית הר-אל שפי\u003cbr/\u003e\u003cb\u003eאתר:\u003c/b\u003e גב ילק\u003cbr/\u003e\u003cb\u003eתאריך:\u003c/b\u003e 06-12-2025\u003cbr/\u003e\u003cb\u003eID:\u003c/b\u003e 428\u003cbr/\u003e\u003cb\u003eFB:\u003c/b\u003e \u003ca href=\u0027https://www.facebook.com/groups/beshvil.yael/posts/3828726650753791\u0027\u003ehttps://www.facebook.com/groups/beshvil.yael/posts/3828726650753791\u003c/a\u003e\u003cbr/\u003e\u003cbr/\u003e\u003cimg src=\u0027https://drive.google.com/uc?export=view\u0026amp;id=1S7ZlL_5nZQswwQGdyGwYU9Nq7NvZYq4C\u0027 width=\u0027450\u0027/\u003e\u003cbr/\u003e\u003c/div\u003e",
                                            "tessellate":  -1,
                                            "extrude":  0,
                                            "visibility":  -1
                                        },
                         "geometry":  {
                                          "type":  "Point",
                                          "coordinates":  [
                                                              34.91138,
                                                              30.55807,
                                                              0.0
                                                          ]
                                      }
                     },
                     {
                         "type":  "Feature",
                         "properties":  {
                                            "Name":  "#2004",
                                            "description":  "\u003cdiv dir=\u0027rtl\u0027 style=\u0027font-family:Arial;\u0027\u003e\u003cb\u003eשם:\u003c/b\u003e דורית הר-אל שפי\u003cbr/\u003e\u003cb\u003eאתר:\u003c/b\u003e ברכת נעמה\u003cbr/\u003e\u003cb\u003eתאריך:\u003c/b\u003e 02-05-2026\u003cbr/\u003e\u003cb\u003eID:\u003c/b\u003e 4330\u003cbr/\u003e\u003cb\u003eFB:\u003c/b\u003e \u003ca href=\u0027https://www.facebook.com/groups/beshvil.yael/posts/3960595270900261/\u0027\u003ehttps://www.facebook.com/groups/beshvil.yael/posts/3960595270900261/\u003c/a\u003e\u003cbr/\u003e\u003cbr/\u003e\u003cimg src=\u0027https://drive.google.com/uc?export=view\u0026amp;id=1_X2v9YY-IGRaJwrcqqntFzXuHYV1zuSH\u0027 width=\u0027450\u0027/\u003e\u003cbr/\u003e\u003c/div\u003e",
                                            "tessellate":  -1,
                                            "extrude":  0,
                                            "visibility":  -1
                                        },
                         "geometry":  {
                                          "type":  "Point",
                                          "coordinates":  [
                                                              35.29639,
                                                              31.34515,
                                                              0.0
                                                          ]
                                      }
                     },
                     {
                         "type":  "Feature",
                         "properties":  {
                                            "Name":  "#2006",
                                            "description":  "\u003cdiv dir=\u0027rtl\u0027 style=\u0027font-family:Arial;\u0027\u003e\u003cb\u003eשם:\u003c/b\u003e חדווה שמרלינג\u003cbr/\u003e\u003cb\u003eאתר:\u003c/b\u003e בקעת הירדן\u003cbr/\u003e\u003cb\u003eתאריך:\u003c/b\u003e 17-04-2025\u003cbr/\u003e\u003cb\u003eID:\u003c/b\u003e 279\u003cbr/\u003e\u003cb\u003eFB:\u003c/b\u003e \u003ca href=\u0027https://www.facebook.com/groups/3235176716775457/posts/3618206441805814/\u0027\u003ehttps://www.facebook.com/groups/3235176716775457/posts/3618206441805814/\u003c/a\u003e\u003cbr/\u003e\u003cbr/\u003e\u003cimg src=\u0027https://drive.google.com/uc?export=view\u0026amp;id=1KZev4Jiw4HsEcNQttTbyzf7R8uy-5wB-\u0027 width=\u0027450\u0027/\u003e\u003cbr/\u003e\u003c/div\u003e",
                                            "tessellate":  -1,
                                            "extrude":  0,
                                            "visibility":  -1
                                        },
                         "geometry":  {
                                          "type":  "Point",
                                          "coordinates":  [
                                                              35.5346802,
                                                              32.2715426,
                                                              0.0
                                                          ]
                                      }
                     },
                     {
                         "type":  "Feature",
                         "properties":  {
                                            "Name":  "#2014",
                                            "description":  "\u003cdiv dir=\u0027rtl\u0027 style=\u0027font-family:Arial;\u0027\u003e\u003cb\u003eשם:\u003c/b\u003e אמיר לב\u003cbr/\u003e\u003cb\u003eאתר:\u003c/b\u003e שביל ישראל\u003cbr/\u003e\u003cb\u003eתאריך:\u003c/b\u003e 03-05-2025\u003cbr/\u003e\u003cb\u003eID:\u003c/b\u003e 74\u003cbr/\u003e\u003cb\u003eFB:\u003c/b\u003e \u003ca href=\u0027https://www.facebook.com/groups/3235176716775457/posts/3633004866992638/\u0027\u003ehttps://www.facebook.com/groups/3235176716775457/posts/3633004866992638/\u003c/a\u003e\u003cbr/\u003e\u003cbr/\u003e\u003cimg src=\u0027https://drive.google.com/uc?export=view\u0026amp;id=14ZoyWStrDd7M-K_MP991ekrAmFqFkeOD\u0027 width=\u0027450\u0027/\u003e\u003cbr/\u003e\u003c/div\u003e",
                                            "tessellate":  -1,
                                            "extrude":  0,
                                            "visibility":  -1
                                        },
                         "geometry":  {
                                          "type":  "Point",
                                          "coordinates":  [
                                                              34.8367753,
                                                              31.5697735,
                                                              0.0
                                                          ]
                                      }
                     },
                     {
                         "type":  "Feature",
                         "properties":  {
                                            "Name":  "#2020",
                                            "description":  "\u003cdiv dir=\u0027rtl\u0027 style=\u0027font-family:Arial;\u0027\u003e\u003cb\u003eשם:\u003c/b\u003e יעל דיין היערי\u003cbr/\u003e\u003cb\u003eאתר:\u003c/b\u003e עין ג\u0027ונס\u003cbr/\u003e\u003cb\u003eתאריך:\u003c/b\u003e 21-03-2025\u003cbr/\u003e\u003cb\u003eID:\u003c/b\u003e 591\u003cbr/\u003e\u003cb\u003eFB:\u003c/b\u003e \u003ca href=\u0027https://www.facebook.com/groups/3235176716775457/permalink/3590260354600423/\u0027\u003ehttps://www.facebook.com/groups/3235176716775457/permalink/3590260354600423/\u003c/a\u003e\u003cbr/\u003e\u003cbr/\u003e\u003cimg src=\u0027https://drive.google.com/uc?export=view\u0026amp;id=1h88ZA96dGam6wBAKAcfzBZNaQqGRj9nR\u0027 width=\u0027450\u0027/\u003e\u003cbr/\u003e\u003c/div\u003e",
                                            "tessellate":  -1,
                                            "extrude":  0,
                                            "visibility":  -1
                                        },
                         "geometry":  {
                                          "type":  "Point",
                                          "coordinates":  [
                                                              35.6664943,
                                                              32.6820921,
                                                              0.0
                                                          ]
                                      }
                     },
                     {
                         "type":  "Feature",
                         "properties":  {
                                            "Name":  "#2020",
                                            "description":  "\u003cdiv dir=\u0027rtl\u0027 style=\u0027font-family:Arial;\u0027\u003e\u003cb\u003eשם:\u003c/b\u003e יעל דיין היערי\u003cbr/\u003e\u003cb\u003eאתר:\u003c/b\u003e מפל לבן\u003cbr/\u003e\u003cb\u003eתאריך:\u003c/b\u003e 21-03-2025\u003cbr/\u003e\u003cb\u003eID:\u003c/b\u003e 593\u003cbr/\u003e\u003cb\u003eFB:\u003c/b\u003e \u003ca href=\u0027https://www.facebook.com/groups/3235176716775457/permalink/3590354914590967/\u0027\u003ehttps://www.facebook.com/groups/3235176716775457/permalink/3590354914590967/\u003c/a\u003e\u003cbr/\u003e\u003cbr/\u003e\u003cimg src=\u0027https://drive.google.com/uc?export=view\u0026amp;id=1hF6A_WNV2QwPD2e7-GV1rFVQ_8kB9BrW\u0027 width=\u0027450\u0027/\u003e\u003cbr/\u003e\u003c/div\u003e",
                                            "tessellate":  -1,
                                            "extrude":  0,
                                            "visibility":  -1
                                        },
                         "geometry":  {
                                          "type":  "Point",
                                          "coordinates":  [
                                                              35.747075,
                                                              32.822355,
                                                              0.0
                                                          ]
                                      }
                     },
                     {
                         "type":  "Feature",
                         "properties":  {
                                            "Name":  "#2020",
                                            "description":  "\u003cdiv dir=\u0027rtl\u0027 style=\u0027font-family:Arial;\u0027\u003e\u003cb\u003eשם:\u003c/b\u003e יעל דיין היערי\u003cbr/\u003e\u003cb\u003eאתר:\u003c/b\u003e דיר עזיז\u003cbr/\u003e\u003cb\u003eתאריך:\u003c/b\u003e 21-03-2025\u003cbr/\u003e\u003cb\u003eID:\u003c/b\u003e 594\u003cbr/\u003e\u003cb\u003eFB:\u003c/b\u003e \u003ca href=\u0027https://www.facebook.com/groups/3235176716775457/permalink/3590468231246302/\u0027\u003ehttps://www.facebook.com/groups/3235176716775457/permalink/3590468231246302/\u003c/a\u003e\u003cbr/\u003e\u003cbr/\u003e\u003cimg src=\u0027https://drive.google.com/uc?export=view\u0026amp;id=1hTlrYBDCYS4Rgeu7tBxqWrj1BV5tdc8Y\u0027 width=\u0027450\u0027/\u003e\u003cbr/\u003e\u003c/div\u003e",
                                            "tessellate":  -1,
                                            "extrude":  0,
                                            "visibility":  -1
                                        },
                         "geometry":  {
                                          "type":  "Point",
                                          "coordinates":  [
                                                              35.712484,
                                                              32.864183,
                                                              0.0
                                                          ]
                                      }
                     },
                     {
                         "type":  "Feature",
                         "properties":  {
                                            "Name":  "#2020",
                                            "description":  "\u003cdiv dir=\u0027rtl\u0027 style=\u0027font-family:Arial;\u0027\u003e\u003cb\u003eשם:\u003c/b\u003e יעל דיין היערי\u003cbr/\u003e\u003cb\u003eאתר:\u003c/b\u003e הר אביטל\u003cbr/\u003e\u003cb\u003eתאריך:\u003c/b\u003e 01-04-2025\u003cbr/\u003e\u003cb\u003eID:\u003c/b\u003e 596\u003cbr/\u003e\u003cb\u003eFB:\u003c/b\u003e \u003ca href=\u0027https://www.facebook.com/groups/3235176716775457/permalink/3601272313499227/\u0027\u003ehttps://www.facebook.com/groups/3235176716775457/permalink/3601272313499227/\u003c/a\u003e\u003cbr/\u003e\u003cbr/\u003e\u003cimg src=\u0027https://drive.google.com/uc?export=view\u0026amp;id=1haeQWJwMLclpUqMeRmRYwZTFjK9FNyox\u0027 width=\u0027450\u0027/\u003e\u003cbr/\u003e\u003c/div\u003e",
                                            "tessellate":  -1,
                                            "extrude":  0,
                                            "visibility":  -1
                                        },
                         "geometry":  {
                                          "type":  "Point",
                                          "coordinates":  [
                                                              35.785193,
                                                              33.103652,
                                                              0.0
                                                          ]
                                      }
                     },
                     {
                         "type":  "Feature",
                         "properties":  {
                                            "Name":  "#2021",
                                            "description":  "\u003cdiv dir=\u0027rtl\u0027 style=\u0027font-family:Arial;\u0027\u003e\u003cb\u003eשם:\u003c/b\u003e טליה הרמן\u003cbr/\u003e\u003cb\u003eאתר:\u003c/b\u003e גיאה\u003cbr/\u003e\u003cb\u003eתאריך:\u003c/b\u003e 29-04-2025\u003cbr/\u003e\u003cb\u003eID:\u003c/b\u003e 27\u003cbr/\u003e\u003cb\u003eFB:\u003c/b\u003e \u003ca href=\u0027https://www.facebook.com/groups/3235176716775457/posts/3629318354027956/\u0027\u003ehttps://www.facebook.com/groups/3235176716775457/posts/3629318354027956/\u003c/a\u003e\u003cbr/\u003e\u003cbr/\u003e\u003cimg src=\u0027https://drive.google.com/uc?export=view\u0026amp;id=11WMFAWMZquFhqizM6U8jKeGk412E3PkM\u0027 width=\u0027450\u0027/\u003e\u003cbr/\u003e\u003c/div\u003e",
                                            "tessellate":  -1,
                                            "extrude":  0,
                                            "visibility":  -1
                                        },
                         "geometry":  {
                                          "type":  "Point",
                                          "coordinates":  [
                                                              34.6175907,
                                                              31.6281542,
                                                              0.0
                                                          ]
                                      }
                     },
                     {
                         "type":  "Feature",
                         "properties":  {
                                            "Name":  "#2021",
                                            "description":  "\u003cdiv dir=\u0027rtl\u0027 style=\u0027font-family:Arial;\u0027\u003e\u003cb\u003eשם:\u003c/b\u003e טליה הרמן\u003cbr/\u003e\u003cb\u003eאתר:\u003c/b\u003e בית העלמין\u003cbr/\u003e\u003cb\u003eתאריך:\u003c/b\u003e 30-05-2025\u003cbr/\u003e\u003cb\u003eID:\u003c/b\u003e 826\u003cbr/\u003e\u003cb\u003eFB:\u003c/b\u003e \u003ca href=\u0027https://www.facebook.com/groups/3235176716775457/posts/3654993948127063/\u0027\u003ehttps://www.facebook.com/groups/3235176716775457/posts/3654993948127063/\u003c/a\u003e\u003cbr/\u003e\u003cbr/\u003e\u003cimg src=\u0027https://drive.google.com/uc?export=view\u0026amp;id=1FGabk0Cv4kUnJdkccrJXRAoqJAZV9Yde\u0027 width=\u0027450\u0027/\u003e\u003cbr/\u003e\u003c/div\u003e",
                                            "tessellate":  -1,
                                            "extrude":  0,
                                            "visibility":  -1
                                        },
                         "geometry":  {
                                          "type":  "Point",
                                          "coordinates":  [
                                                              34.61599,
                                                              31.62703,
                                                              0.0
                                                          ]
                                      }
                     },
                     {
                         "type":  "Feature",
                         "properties":  {
                                            "Name":  "#2021",
                                            "description":  "\u003cdiv dir=\u0027rtl\u0027 style=\u0027font-family:Arial;\u0027\u003e\u003cb\u003eשם:\u003c/b\u003e טליה הרמן\u003cbr/\u003e\u003cb\u003eאתר:\u003c/b\u003e אנדרטת התצפיתניות\u003cbr/\u003e\u003cb\u003eתאריך:\u003c/b\u003e 24-08-2025\u003cbr/\u003e\u003cb\u003eID:\u003c/b\u003e 1638\u003cbr/\u003e\u003cb\u003eFB:\u003c/b\u003e \u003ca href=\u0027https://www.facebook.com/groups/beshvil.yael/posts/3730453150581142/\u0027\u003ehttps://www.facebook.com/groups/beshvil.yael/posts/3730453150581142/\u003c/a\u003e\u003cbr/\u003e\u003cbr/\u003e\u003cimg src=\u0027https://drive.google.com/uc?export=view\u0026amp;id=1NZjhmP_KiwWb5BQeSiPq01pt_tNm8HGk\u0027 width=\u0027450\u0027/\u003e\u003cbr/\u003e\u003c/div\u003e",
                                            "tessellate":  -1,
                                            "extrude":  0,
                                            "visibility":  -1
                                        },
                         "geometry":  {
                                          "type":  "Point",
                                          "coordinates":  [
                                                              34.5182568,
                                                              31.4656543,
                                                              0.0
                                                          ]
                                      }
                     },
                     {
                         "type":  "Feature",
                         "properties":  {
                                            "Name":  "#2021",
                                            "description":  "\u003cdiv dir=\u0027rtl\u0027 style=\u0027font-family:Arial;\u0027\u003e\u003cb\u003eשם:\u003c/b\u003e טליה הרמן\u003cbr/\u003e\u003cb\u003eאתר:\u003c/b\u003e נחל אלכסנדר -חוף נעורים\u003cbr/\u003e\u003cb\u003eתאריך:\u003c/b\u003e 11-09-2025\u003cbr/\u003e\u003cb\u003eID:\u003c/b\u003e 1840\u003cbr/\u003e\u003cb\u003eFB:\u003c/b\u003e \u003ca href=\u0027https://www.facebook.com/groups/beshvil.yael/posts/3747207082239082\u0027\u003ehttps://www.facebook.com/groups/beshvil.yael/posts/3747207082239082\u003c/a\u003e\u003cbr/\u003e\u003cbr/\u003e\u003cimg src=\u0027https://drive.google.com/uc?export=view\u0026amp;id=1JoIAuEhwmHz_ADnXFQpUcgIM3o2dM6cU\u0027 width=\u0027450\u0027/\u003e\u003cbr/\u003e\u003c/div\u003e",
                                            "tessellate":  -1,
                                            "extrude":  0,
                                            "visibility":  -1
                                        },
                         "geometry":  {
                                          "type":  "Point",
                                          "coordinates":  [
                                                              34.86604,
                                                              32.39444,
                                                              0.0
                                                          ]
                                      }
                     },
                     {
                         "type":  "Feature",
                         "properties":  {
                                            "Name":  "#2021",
                                            "description":  "\u003cdiv dir=\u0027rtl\u0027 style=\u0027font-family:Arial;\u0027\u003e\u003cb\u003eשם:\u003c/b\u003e טליה הרמן\u003cbr/\u003e\u003cb\u003eאתר:\u003c/b\u003e נחל שניר\u003cbr/\u003e\u003cb\u003eתאריך:\u003c/b\u003e 13-09-2025\u003cbr/\u003e\u003cb\u003eID:\u003c/b\u003e 1866\u003cbr/\u003e\u003cb\u003eFB:\u003c/b\u003e \u003ca href=\u0027https://www.facebook.com/groups/beshvil.yael/posts/3749322632027527/\u0027\u003ehttps://www.facebook.com/groups/beshvil.yael/posts/3749322632027527/\u003c/a\u003e\u003cbr/\u003e\u003cbr/\u003e\u003cimg src=\u0027https://drive.google.com/uc?export=view\u0026amp;id=1Zrqf-AE8u8BvbukIqCeD8F7pEKRoJE8S\u0027 width=\u0027450\u0027/\u003e\u003cbr/\u003e\u003c/div\u003e",
                                            "tessellate":  -1,
                                            "extrude":  0,
                                            "visibility":  -1
                                        },
                         "geometry":  {
                                          "type":  "Point",
                                          "coordinates":  [
                                                              35.62556,
                                                              33.23132,
                                                              0.0
                                                          ]
                                      }
                     },
                     {
                         "type":  "Feature",
                         "properties":  {
                                            "Name":  "#2021",
                                            "description":  "\u003cdiv dir=\u0027rtl\u0027 style=\u0027font-family:Arial;\u0027\u003e\u003cb\u003eשם:\u003c/b\u003e טליה הרמן\u003cbr/\u003e\u003cb\u003eאתר:\u003c/b\u003e איכילוב\u003cbr/\u003e\u003cb\u003eתאריך:\u003c/b\u003e 16-10-2025\u003cbr/\u003e\u003cb\u003eID:\u003c/b\u003e 2402\u003cbr/\u003e\u003cb\u003eFB:\u003c/b\u003e \u003ca href=\u0027https://www.facebook.com/groups/beshvil.yael/posts/3781441628815627/\u0027\u003ehttps://www.facebook.com/groups/beshvil.yael/posts/3781441628815627/\u003c/a\u003e\u003cbr/\u003e\u003cbr/\u003e\u003cimg src=\u0027https://drive.google.com/uc?export=view\u0026amp;id=1M6pHASvmKBxJpavi69sQV6L-uibd3cF1\u0027 width=\u0027450\u0027/\u003e\u003cbr/\u003e\u003c/div\u003e",
                                            "tessellate":  -1,
                                            "extrude":  0,
                                            "visibility":  -1
                                        },
                         "geometry":  {
                                          "type":  "Point",
                                          "coordinates":  [
                                                              34.79036,
                                                              32.07996,
                                                              0.0
                                                          ]
                                      }
                     },
                     {
                         "type":  "Feature",
                         "properties":  {
                                            "Name":  "#2021",
                                            "description":  "\u003cdiv dir=\u0027rtl\u0027 style=\u0027font-family:Arial;\u0027\u003e\u003cb\u003eשם:\u003c/b\u003e טליה הרמן\u003cbr/\u003e\u003cb\u003eאתר:\u003c/b\u003e דבירה להב\u003cbr/\u003e\u003cb\u003eתאריך:\u003c/b\u003e 07-11-2025\u003cbr/\u003e\u003cb\u003eID:\u003c/b\u003e 2642\u003cbr/\u003e\u003cb\u003eFB:\u003c/b\u003e \u003ca href=\u0027https://www.facebook.com/groups/beshvil.yael/posts/3803209003305556/\u0027\u003ehttps://www.facebook.com/groups/beshvil.yael/posts/3803209003305556/\u003c/a\u003e\u003cbr/\u003e\u003cbr/\u003e\u003cimg src=\u0027https://drive.google.com/uc?export=view\u0026amp;id=1wveSJUn5ShSL0zfmUCsibW9caq7aV9kB\u0027 width=\u0027450\u0027/\u003e\u003cbr/\u003e\u003c/div\u003e",
                                            "tessellate":  -1,
                                            "extrude":  0,
                                            "visibility":  -1
                                        },
                         "geometry":  {
                                          "type":  "Point",
                                          "coordinates":  [
                                                              34.85277,
                                                              31.39724,
                                                              0.0
                                                          ]
                                      }
                     },
                     {
                         "type":  "Feature",
                         "properties":  {
                                            "Name":  "#2021",
                                            "description":  "\u003cdiv dir=\u0027rtl\u0027 style=\u0027font-family:Arial;\u0027\u003e\u003cb\u003eשם:\u003c/b\u003e טליה הרמן\u003cbr/\u003e\u003cb\u003eאתר:\u003c/b\u003e המנסרה\u003cbr/\u003e\u003cb\u003eתאריך:\u003c/b\u003e 18-12-2025\u003cbr/\u003e\u003cb\u003eID:\u003c/b\u003e 3087\u003cbr/\u003e\u003cb\u003eFB:\u003c/b\u003e \u003ca href=\u0027https://www.facebook.com/groups/beshvil.yael/posts/3838861139740342/\u0027\u003ehttps://www.facebook.com/groups/beshvil.yael/posts/3838861139740342/\u003c/a\u003e\u003cbr/\u003e\u003cbr/\u003e\u003cimg src=\u0027https://drive.google.com/uc?export=view\u0026amp;id=18ZO8w2LOpFqts-yir5bLvp9-ICZ_OBqw\u0027 width=\u0027450\u0027/\u003e\u003cbr/\u003e\u003c/div\u003e",
                                            "tessellate":  -1,
                                            "extrude":  0,
                                            "visibility":  -1
                                        },
                         "geometry":  {
                                          "type":  "Point",
                                          "coordinates":  [
                                                              34.838892,
                                                              30.6157791,
                                                              0.0
                                                          ]
                                      }
                     },
                     {
                         "type":  "Feature",
                         "properties":  {
                                            "Name":  "#2021",
                                            "description":  "\u003cdiv dir=\u0027rtl\u0027 style=\u0027font-family:Arial;\u0027\u003e\u003cb\u003eשם:\u003c/b\u003e טליה הרמן\u003cbr/\u003e\u003cb\u003eאתר:\u003c/b\u003e מלהב לחירבת יתיר\u003cbr/\u003e\u003cb\u003eתאריך:\u003c/b\u003e 25-12-2025\u003cbr/\u003e\u003cb\u003eID:\u003c/b\u003e 3162\u003cbr/\u003e\u003cb\u003eFB:\u003c/b\u003e \u003ca href=\u0027https://www.facebook.com/groups/beshvil.yael/posts/3844773832482406\u0027\u003ehttps://www.facebook.com/groups/beshvil.yael/posts/3844773832482406\u003c/a\u003e\u003cbr/\u003e\u003cbr/\u003e\u003cimg src=\u0027https://drive.google.com/uc?export=view\u0026amp;id=1TscTO0VfjXyz78xEukeijjf52436QTaE\u0027 width=\u0027450\u0027/\u003e\u003cbr/\u003e\u003c/div\u003e",
                                            "tessellate":  -1,
                                            "extrude":  0,
                                            "visibility":  -1
                                        },
                         "geometry":  {
                                          "type":  "Point",
                                          "coordinates":  [
                                                              35.0163,
                                                              31.35221,
                                                              0.0
                                                          ]
                                      }
                     },
                     {
                         "type":  "Feature",
                         "properties":  {
                                            "Name":  "#2021",
                                            "description":  "\u003cdiv dir=\u0027rtl\u0027 style=\u0027font-family:Arial;\u0027\u003e\u003cb\u003eשם:\u003c/b\u003e טליה הרמן\u003cbr/\u003e\u003cb\u003eאתר:\u003c/b\u003e מצפה נועם\u003cbr/\u003e\u003cb\u003eתאריך:\u003c/b\u003e 25-12-2025\u003cbr/\u003e\u003cb\u003eID:\u003c/b\u003e 120\u003cbr/\u003e\u003cb\u003eFB:\u003c/b\u003e \u003ca href=\u0027https://www.facebook.com/groups/beshvil.yael/posts/3844506962509093\u0027\u003ehttps://www.facebook.com/groups/beshvil.yael/posts/3844506962509093\u003c/a\u003e\u003cbr/\u003e\u003cbr/\u003e\u003cimg src=\u0027https://drive.google.com/uc?export=view\u0026amp;id=1ll83-zyhg4SfZXtcsMmbwzjpQNDMkrR0\u0027 width=\u0027450\u0027/\u003e\u003cbr/\u003e\u003c/div\u003e",
                                            "tessellate":  -1,
                                            "extrude":  0,
                                            "visibility":  -1
                                        },
                         "geometry":  {
                                          "type":  "Point",
                                          "coordinates":  [
                                                              34.94862,
                                                              31.33832,
                                                              0.0
                                                          ]
                                      }
                     },
                     {
                         "type":  "Feature",
                         "properties":  {
                                            "Name":  "#2021",
                                            "description":  "\u003cdiv dir=\u0027rtl\u0027 style=\u0027font-family:Arial;\u0027\u003e\u003cb\u003eשם:\u003c/b\u003e טליה הרמן\u003cbr/\u003e\u003cb\u003eאתר:\u003c/b\u003e הר עמשא\u003cbr/\u003e\u003cb\u003eתאריך:\u003c/b\u003e 26-12-2025\u003cbr/\u003e\u003cb\u003eID:\u003c/b\u003e 3179\u003cbr/\u003e\u003cb\u003eFB:\u003c/b\u003e \u003ca href=\u0027https://www.facebook.com/groups/beshvil.yael/posts/3845604649065991\u0027\u003ehttps://www.facebook.com/groups/beshvil.yael/posts/3845604649065991\u003c/a\u003e\u003cbr/\u003e\u003cbr/\u003e\u003cimg src=\u0027https://drive.google.com/uc?export=view\u0026amp;id=1e4KOEuFugkTB_bDQGtCoxfc1Y5sQV2LC\u0027 width=\u0027450\u0027/\u003e\u003cbr/\u003e\u003c/div\u003e",
                                            "tessellate":  -1,
                                            "extrude":  0,
                                            "visibility":  -1
                                        },
                         "geometry":  {
                                          "type":  "Point",
                                          "coordinates":  [
                                                              35.09833,
                                                              31.32996,
                                                              0.0
                                                          ]
                                      }
                     },
                     {
                         "type":  "Feature",
                         "properties":  {
                                            "Name":  "#2021",
                                            "description":  "\u003cdiv dir=\u0027rtl\u0027 style=\u0027font-family:Arial;\u0027\u003e\u003cb\u003eשם:\u003c/b\u003e טליה הרמן\u003cbr/\u003e\u003cb\u003eאתר:\u003c/b\u003e עין איתמר\u003cbr/\u003e\u003cb\u003eתאריך:\u003c/b\u003e 15-01-2026\u003cbr/\u003e\u003cb\u003eID:\u003c/b\u003e 3348\u003cbr/\u003e\u003cb\u003eFB:\u003c/b\u003e \u003ca href=\u0027https://www.facebook.com/groups/beshvil.yael/posts/3862304697395986\u0027\u003ehttps://www.facebook.com/groups/beshvil.yael/posts/3862304697395986\u003c/a\u003e\u003cbr/\u003e\u003cbr/\u003e\u003cimg src=\u0027https://drive.google.com/uc?export=view\u0026amp;id=1Vl212TrRSO4O0mYVrxj99fNMWvi8lOmK\u0027 width=\u0027450\u0027/\u003e\u003cbr/\u003e\u003c/div\u003e",
                                            "tessellate":  -1,
                                            "extrude":  0,
                                            "visibility":  -1
                                        },
                         "geometry":  {
                                          "type":  "Point",
                                          "coordinates":  [
                                                              35.14311,
                                                              31.74207,
                                                              0.0
                                                          ]
                                      }
                     },
                     {
                         "type":  "Feature",
                         "properties":  {
                                            "Name":  "#2021",
                                            "description":  "\u003cdiv dir=\u0027rtl\u0027 style=\u0027font-family:Arial;\u0027\u003e\u003cb\u003eשם:\u003c/b\u003e טליה הרמן\u003cbr/\u003e\u003cb\u003eאתר:\u003c/b\u003e אנדרטת חטיבת יפתח\u003cbr/\u003e\u003cb\u003eתאריך:\u003c/b\u003e 17-02-2026\u003cbr/\u003e\u003cb\u003eID:\u003c/b\u003e 3751\u003cbr/\u003e\u003cb\u003eFB:\u003c/b\u003e \u003ca href=\u0027https://www.facebook.com/groups/beshvil.yael/posts/3893188917640897/\u0027\u003ehttps://www.facebook.com/groups/beshvil.yael/posts/3893188917640897/\u003c/a\u003e\u003cbr/\u003e\u003cbr/\u003e\u003cimg src=\u0027https://drive.google.com/uc?export=view\u0026amp;id=1obb70S9q-0rXoQJO7cyA4GpQ8beOcsQX\u0027 width=\u0027450\u0027/\u003e\u003cbr/\u003e\u003c/div\u003e",
                                            "tessellate":  -1,
                                            "extrude":  0,
                                            "visibility":  -1
                                        },
                         "geometry":  {
                                          "type":  "Point",
                                          "coordinates":  [
                                                              34.76194,
                                                              31.44047,
                                                              0.0
                                                          ]
                                      }
                     },
                     {
                         "type":  "Feature",
                         "properties":  {
                                            "Name":  "#2021",
                                            "description":  "\u003cdiv dir=\u0027rtl\u0027 style=\u0027font-family:Arial;\u0027\u003e\u003cb\u003eשם:\u003c/b\u003e טליה הרמן\u003cbr/\u003e\u003cb\u003eאתר:\u003c/b\u003e חירבת בית לויה\u003cbr/\u003e\u003cb\u003eתאריך:\u003c/b\u003e 11-04-2026\u003cbr/\u003e\u003cb\u003eID:\u003c/b\u003e 4110\u003cbr/\u003e\u003cb\u003eFB:\u003c/b\u003e \u003ca href=\u0027https://www.facebook.com/groups/beshvil.yael/posts/3941367716156350\u0027\u003ehttps://www.facebook.com/groups/beshvil.yael/posts/3941367716156350\u003c/a\u003e\u003cbr/\u003e\u003cbr/\u003e\u003cimg src=\u0027https://drive.google.com/uc?export=view\u0026amp;id=1GJWnfsmDBW7iQvXBieMkouJ_ETcXz9Gi\u0027 width=\u0027450\u0027/\u003e\u003cbr/\u003e\u003c/div\u003e",
                                            "tessellate":  -1,
                                            "extrude":  0,
                                            "visibility":  -1
                                        },
                         "geometry":  {
                                          "type":  "Point",
                                          "coordinates":  [
                                                              34.9282,
                                                              31.56326,
                                                              0.0
                                                          ]
                                      }
                     },
                     {
                         "type":  "Feature",
                         "properties":  {
                                            "Name":  "#2021",
                                            "description":  "\u003cdiv dir=\u0027rtl\u0027 style=\u0027font-family:Arial;\u0027\u003e\u003cb\u003eשם:\u003c/b\u003e טליה הרמן\u003cbr/\u003e\u003cb\u003eאתר:\u003c/b\u003e עין האם\u003cbr/\u003e\u003cb\u003eתאריך:\u003c/b\u003e 30-04-2026\u003cbr/\u003e\u003cb\u003eID:\u003c/b\u003e 4286\u003cbr/\u003e\u003cb\u003eFB:\u003c/b\u003e \u003ca href=\u0027https://www.facebook.com/groups/beshvil.yael/posts/3958656117760843\u0027\u003ehttps://www.facebook.com/groups/beshvil.yael/posts/3958656117760843\u003c/a\u003e\u003cbr/\u003e\u003cbr/\u003e\u003cimg src=\u0027https://drive.google.com/uc?export=view\u0026amp;id=1rG8DTsTKZnpBQSOEqYF3f7TZKpVY-sMF\u0027 width=\u0027450\u0027/\u003e\u003cbr/\u003e\u003c/div\u003e",
                                            "tessellate":  -1,
                                            "extrude":  0,
                                            "visibility":  -1
                                        },
                         "geometry":  {
                                          "type":  "Point",
                                          "coordinates":  [
                                                              35.05814,
                                                              31.718,
                                                              0.0
                                                          ]
                                      }
                     },
                     {
                         "type":  "Feature",
                         "properties":  {
                                            "Name":  "#2021",
                                            "description":  "\u003cdiv dir=\u0027rtl\u0027 style=\u0027font-family:Arial;\u0027\u003e\u003cb\u003eשם:\u003c/b\u003e טליה הרמן\u003cbr/\u003e\u003cb\u003eאתר:\u003c/b\u003e נחל השופט\u003cbr/\u003e\u003cb\u003eתאריך:\u003c/b\u003e 13-05-2026\u003cbr/\u003e\u003cb\u003eID:\u003c/b\u003e 4425\u003cbr/\u003e\u003cb\u003eFB:\u003c/b\u003e \u003ca href=\u0027https://www.facebook.com/groups/beshvil.yael/posts/3970803839879404/\u0027\u003ehttps://www.facebook.com/groups/beshvil.yael/posts/3970803839879404/\u003c/a\u003e\u003cbr/\u003e\u003cbr/\u003e\u003cimg src=\u0027https://drive.google.com/uc?export=view\u0026amp;id=19ogURItflYy8ulrd-tQaRU0Cr5tJqQLH\u0027 width=\u0027450\u0027/\u003e\u003cbr/\u003e\u003c/div\u003e",
                                            "tessellate":  -1,
                                            "extrude":  0,
                                            "visibility":  -1
                                        },
                         "geometry":  {
                                          "type":  "Point",
                                          "coordinates":  [
                                                              35.11142,
                                                              32.63541,
                                                              0.0
                                                          ]
                                      }
                     },
                     {
                         "type":  "Feature",
                         "properties":  {
                                            "Name":  "#2023",
                                            "description":  "\u003cdiv dir=\u0027rtl\u0027 style=\u0027font-family:Arial;\u0027\u003e\u003cb\u003eשם:\u003c/b\u003e סיוון בוטוין חבר\u003cbr/\u003e\u003cb\u003eאתר:\u003c/b\u003e נחל חרמון\u003cbr/\u003e\u003cb\u003eתאריך:\u003c/b\u003e 28-11-2025\u003cbr/\u003e\u003cb\u003eID:\u003c/b\u003e 135\u003cbr/\u003e\u003cb\u003eFB:\u003c/b\u003e \u003ca href=\u0027https://www.facebook.com/groups/beshvil.yael/posts/3821769458116177/\u0027\u003ehttps://www.facebook.com/groups/beshvil.yael/posts/3821769458116177/\u003c/a\u003e\u003cbr/\u003e\u003cbr/\u003e\u003cimg src=\u0027https://drive.google.com/uc?export=view\u0026amp;id=1e4uruPh7wpVDAoZFhZraRBNmOXrKQg4z\u0027 width=\u0027450\u0027/\u003e\u003cbr/\u003e\u003c/div\u003e",
                                            "tessellate":  -1,
                                            "extrude":  0,
                                            "visibility":  -1
                                        },
                         "geometry":  {
                                          "type":  "Point",
                                          "coordinates":  [
                                                              35.66548,
                                                              33.23196,
                                                              0.0
                                                          ]
                                      }
                     },
                     {
                         "type":  "Feature",
                         "properties":  {
                                            "Name":  "#2023",
                                            "description":  "\u003cdiv dir=\u0027rtl\u0027 style=\u0027font-family:Arial;\u0027\u003e\u003cb\u003eשם:\u003c/b\u003e סיוון בוטוין חבר\u003cbr/\u003e\u003cb\u003eאתר:\u003c/b\u003e נחל שועלים\u003cbr/\u003e\u003cb\u003eתאריך:\u003c/b\u003e 06-02-2026\u003cbr/\u003e\u003cb\u003eID:\u003c/b\u003e 88\u003cbr/\u003e\u003cb\u003eFB:\u003c/b\u003e \u003ca href=\u0027https://www.facebook.com/groups/beshvil.yael/posts/3882796445346811/\u0027\u003ehttps://www.facebook.com/groups/beshvil.yael/posts/3882796445346811/\u003c/a\u003e\u003cbr/\u003e\u003cbr/\u003e\u003cimg src=\u0027https://drive.google.com/uc?export=view\u0026amp;id=1T3mQheXNm6wMLXYKIJdjjOSz8JDwRFN7\u0027 width=\u0027450\u0027/\u003e\u003cbr/\u003e\u003c/div\u003e",
                                            "tessellate":  -1,
                                            "extrude":  0,
                                            "visibility":  -1
                                        },
                         "geometry":  {
                                          "type":  "Point",
                                          "coordinates":  [
                                                              34.91339,
                                                              30.96144,
                                                              0.0
                                                          ]
                                      }
                     },
                     {
                         "type":  "Feature",
                         "properties":  {
                                            "Name":  "#2023",
                                            "description":  "\u003cdiv dir=\u0027rtl\u0027 style=\u0027font-family:Arial;\u0027\u003e\u003cb\u003eשם:\u003c/b\u003e סיוון בוטוין חבר\u003cbr/\u003e\u003cb\u003eאתר:\u003c/b\u003e כפר הנוקדים\u003cbr/\u003e\u003cb\u003eתאריך:\u003c/b\u003e 13-02-2026\u003cbr/\u003e\u003cb\u003eID:\u003c/b\u003e 72\u003cbr/\u003e\u003cb\u003eFB:\u003c/b\u003e \u003ca href=\u0027https://www.facebook.com/groups/beshvil.yael/posts/3889254134701042/\u0027\u003ehttps://www.facebook.com/groups/beshvil.yael/posts/3889254134701042/\u003c/a\u003e\u003cbr/\u003e\u003cbr/\u003e\u003cimg src=\u0027https://drive.google.com/uc?export=view\u0026amp;id=1PqnNACG52yY08jAkTkY02Gl28VhKDHzk\u0027 width=\u0027450\u0027/\u003e\u003cbr/\u003e\u003c/div\u003e",
                                            "tessellate":  -1,
                                            "extrude":  0,
                                            "visibility":  -1
                                        },
                         "geometry":  {
                                          "type":  "Point",
                                          "coordinates":  [
                                                              35.27222,
                                                              31.30238,
                                                              0.0
                                                          ]
                                      }
                     },
                     {
                         "type":  "Feature",
                         "properties":  {
                                            "Name":  "#2024",
                                            "description":  "\u003cdiv dir=\u0027rtl\u0027 style=\u0027font-family:Arial;\u0027\u003e\u003cb\u003eשם:\u003c/b\u003e \u003cbr/\u003e\u003cb\u003eאתר:\u003c/b\u003e נחל חרמון\u003cbr/\u003e\u003cb\u003eתאריך:\u003c/b\u003e 28-11-2025\u003cbr/\u003e\u003cb\u003eID:\u003c/b\u003e 136\u003cbr/\u003e\u003cb\u003eFB:\u003c/b\u003e \u003ca href=\u0027https://www.facebook.com/groups/beshvil.yael/posts/3821769458116177/\u0027\u003ehttps://www.facebook.com/groups/beshvil.yael/posts/3821769458116177/\u003c/a\u003e\u003cbr/\u003e\u003cbr/\u003e\u003cimg src=\u0027https://drive.google.com/uc?export=view\u0026amp;id=1e4uruPh7wpVDAoZFhZraRBNmOXrKQg4z\u0027 width=\u0027450\u0027/\u003e\u003cbr/\u003e\u003c/div\u003e",
                                            "tessellate":  -1,
                                            "extrude":  0,
                                            "visibility":  -1
                                        },
                         "geometry":  {
                                          "type":  "Point",
                                          "coordinates":  [
                                                              35.66548,
                                                              33.23223,
                                                              0.0
                                                          ]
                                      }
                     },
                     {
                         "type":  "Feature",
                         "properties":  {
                                            "Name":  "#2024",
                                            "description":  "\u003cdiv dir=\u0027rtl\u0027 style=\u0027font-family:Arial;\u0027\u003e\u003cb\u003eשם:\u003c/b\u003e \u003cbr/\u003e\u003cb\u003eאתר:\u003c/b\u003e נחל בוסתן\u003cbr/\u003e\u003cb\u003eתאריך:\u003c/b\u003e 02-12-2025\u003cbr/\u003e\u003cb\u003eID:\u003c/b\u003e 132\u003cbr/\u003e\u003cb\u003eFB:\u003c/b\u003e \u003ca href=\u0027https://www.facebook.com/groups/beshvil.yael/posts/3825170481109408\u0027\u003ehttps://www.facebook.com/groups/beshvil.yael/posts/3825170481109408\u003c/a\u003e\u003cbr/\u003e\u003cbr/\u003e\u003cimg src=\u0027https://drive.google.com/uc?export=view\u0026amp;id=1iqVstTqjZxtKVSNaxTxOOvEtb9AnOW_s\u0027 width=\u0027450\u0027/\u003e\u003cbr/\u003e\u003c/div\u003e",
                                            "tessellate":  -1,
                                            "extrude":  0,
                                            "visibility":  -1
                                        },
                         "geometry":  {
                                          "type":  "Point",
                                          "coordinates":  [
                                                              34.9774,
                                                              32.71314,
                                                              0.0
                                                          ]
                                      }
                     },
                     {
                         "type":  "Feature",
                         "properties":  {
                                            "Name":  "#2024",
                                            "description":  "\u003cdiv dir=\u0027rtl\u0027 style=\u0027font-family:Arial;\u0027\u003e\u003cb\u003eשם:\u003c/b\u003e \u003cbr/\u003e\u003cb\u003eאתר:\u003c/b\u003e נחל שועלים\u003cbr/\u003e\u003cb\u003eתאריך:\u003c/b\u003e 06-02-2026\u003cbr/\u003e\u003cb\u003eID:\u003c/b\u003e 89\u003cbr/\u003e\u003cb\u003eFB:\u003c/b\u003e \u003ca href=\u0027https://www.facebook.com/groups/beshvil.yael/posts/3882796445346811/\u0027\u003ehttps://www.facebook.com/groups/beshvil.yael/posts/3882796445346811/\u003c/a\u003e\u003cbr/\u003e\u003cbr/\u003e\u003cimg src=\u0027https://drive.google.com/uc?export=view\u0026amp;id=1T3mQheXNm6wMLXYKIJdjjOSz8JDwRFN7\u0027 width=\u0027450\u0027/\u003e\u003cbr/\u003e\u003c/div\u003e",
                                            "tessellate":  -1,
                                            "extrude":  0,
                                            "visibility":  -1
                                        },
                         "geometry":  {
                                          "type":  "Point",
                                          "coordinates":  [
                                                              34.91339,
                                                              30.96171,
                                                              0.0
                                                          ]
                                      }
                     },
                     {
                         "type":  "Feature",
                         "properties":  {
                                            "Name":  "#2024",
                                            "description":  "\u003cdiv dir=\u0027rtl\u0027 style=\u0027font-family:Arial;\u0027\u003e\u003cb\u003eשם:\u003c/b\u003e \u003cbr/\u003e\u003cb\u003eאתר:\u003c/b\u003e כפר הנוקדים\u003cbr/\u003e\u003cb\u003eתאריך:\u003c/b\u003e 13-02-2026\u003cbr/\u003e\u003cb\u003eID:\u003c/b\u003e 73\u003cbr/\u003e\u003cb\u003eFB:\u003c/b\u003e \u003ca href=\u0027https://www.facebook.com/groups/beshvil.yael/posts/3889254134701042/\u0027\u003ehttps://www.facebook.com/groups/beshvil.yael/posts/3889254134701042/\u003c/a\u003e\u003cbr/\u003e\u003cbr/\u003e\u003cimg src=\u0027https://drive.google.com/uc?export=view\u0026amp;id=1PqnNACG52yY08jAkTkY02Gl28VhKDHzk\u0027 width=\u0027450\u0027/\u003e\u003cbr/\u003e\u003c/div\u003e",
                                            "tessellate":  -1,
                                            "extrude":  0,
                                            "visibility":  -1
                                        },
                         "geometry":  {
                                          "type":  "Point",
                                          "coordinates":  [
                                                              35.27222,
                                                              31.30265,
                                                              0.0
                                                          ]
                                      }
                     },
                     {
                         "type":  "Feature",
                         "properties":  {
                                            "Name":  "#2025",
                                            "description":  "\u003cdiv dir=\u0027rtl\u0027 style=\u0027font-family:Arial;\u0027\u003e\u003cb\u003eשם:\u003c/b\u003e יעל שלף זאבי\u003cbr/\u003e\u003cb\u003eאתר:\u003c/b\u003e נחל שועלים\u003cbr/\u003e\u003cb\u003eתאריך:\u003c/b\u003e 06-02-2026\u003cbr/\u003e\u003cb\u003eID:\u003c/b\u003e 90\u003cbr/\u003e\u003cb\u003eFB:\u003c/b\u003e \u003ca href=\u0027https://www.facebook.com/groups/beshvil.yael/posts/3882796445346811/\u0027\u003ehttps://www.facebook.com/groups/beshvil.yael/posts/3882796445346811/\u003c/a\u003e\u003cbr/\u003e\u003cbr/\u003e\u003cimg src=\u0027https://drive.google.com/uc?export=view\u0026amp;id=1T3mQheXNm6wMLXYKIJdjjOSz8JDwRFN7\u0027 width=\u0027450\u0027/\u003e\u003cbr/\u003e\u003c/div\u003e",
                                            "tessellate":  -1,
                                            "extrude":  0,
                                            "visibility":  -1
                                        },
                         "geometry":  {
                                          "type":  "Point",
                                          "coordinates":  [
                                                              34.91339,
                                                              30.96198,
                                                              0.0
                                                          ]
                                      }
                     },
                     {
                         "type":  "Feature",
                         "properties":  {
                                            "Name":  "#2026",
                                            "description":  "\u003cdiv dir=\u0027rtl\u0027 style=\u0027font-family:Arial;\u0027\u003e\u003cb\u003eשם:\u003c/b\u003e גלית הרמן\u003cbr/\u003e\u003cb\u003eאתר:\u003c/b\u003e שביל ישראל\u003cbr/\u003e\u003cb\u003eתאריך:\u003c/b\u003e 25-04-2025\u003cbr/\u003e\u003cb\u003eID:\u003c/b\u003e 185\u003cbr/\u003e\u003cb\u003eFB:\u003c/b\u003e \u003ca href=\u0027https://www.facebook.com/groups/3235176716775457/posts/3624866071139851\u0027\u003ehttps://www.facebook.com/groups/3235176716775457/posts/3624866071139851\u003c/a\u003e\u003cbr/\u003e\u003cbr/\u003e\u003cimg src=\u0027https://drive.google.com/uc?export=view\u0026amp;id=1EhoFc2hAgqbM4VjNb123K49FYfOXGOep\u0027 width=\u0027450\u0027/\u003e\u003cbr/\u003e\u003c/div\u003e",
                                            "tessellate":  -1,
                                            "extrude":  0,
                                            "visibility":  -1
                                        },
                         "geometry":  {
                                          "type":  "Point",
                                          "coordinates":  [
                                                              34.8410597,
                                                              31.4232767,
                                                              0.0
                                                          ]
                                      }
                     },
                     {
                         "type":  "Feature",
                         "properties":  {
                                            "Name":  "#2026",
                                            "description":  "\u003cdiv dir=\u0027rtl\u0027 style=\u0027font-family:Arial;\u0027\u003e\u003cb\u003eשם:\u003c/b\u003e טליה הרמן\u003cbr/\u003e\u003cb\u003eאתר:\u003c/b\u003e גיאה\u003cbr/\u003e\u003cb\u003eתאריך:\u003c/b\u003e 29-04-2025\u003cbr/\u003e\u003cb\u003eID:\u003c/b\u003e 28\u003cbr/\u003e\u003cb\u003eFB:\u003c/b\u003e \u003ca href=\u0027https://www.facebook.com/groups/3235176716775457/posts/3629318354027956/\u0027\u003ehttps://www.facebook.com/groups/3235176716775457/posts/3629318354027956/\u003c/a\u003e\u003cbr/\u003e\u003cbr/\u003e\u003cimg src=\u0027https://drive.google.com/uc?export=view\u0026amp;id=11a5Bzm2bkGPUBhjwHVCSlA_aPfR3azul\u0027 width=\u0027450\u0027/\u003e\u003cbr/\u003e\u003c/div\u003e",
                                            "tessellate":  -1,
                                            "extrude":  0,
                                            "visibility":  -1
                                        },
                         "geometry":  {
                                          "type":  "Point",
                                          "coordinates":  [
                                                              34.7772629,
                                                              31.4955373,
                                                              0.0
                                                          ]
                                      }
                     },
                     {
                         "type":  "Feature",
                         "properties":  {
                                            "Name":  "#2026",
                                            "description":  "\u003cdiv dir=\u0027rtl\u0027 style=\u0027font-family:Arial;\u0027\u003e\u003cb\u003eשם:\u003c/b\u003e טליה הרמן\u003cbr/\u003e\u003cb\u003eאתר:\u003c/b\u003e שמורת פורה\u003cbr/\u003e\u003cb\u003eתאריך:\u003c/b\u003e 29-04-2025\u003cbr/\u003e\u003cb\u003eID:\u003c/b\u003e 50\u003cbr/\u003e\u003cb\u003eFB:\u003c/b\u003e \u003ca href=\u0027https://www.facebook.com/groups/3235176716775457/posts/3629318354027956/\u0027\u003ehttps://www.facebook.com/groups/3235176716775457/posts/3629318354027956/\u003c/a\u003e\u003cbr/\u003e\u003cbr/\u003e\u003cimg src=\u0027https://drive.google.com/uc?export=view\u0026amp;id=12qlh9z6xRyenrKW4B9OshBsaugN-h862\u0027 width=\u0027450\u0027/\u003e\u003cbr/\u003e\u003c/div\u003e",
                                            "tessellate":  -1,
                                            "extrude":  0,
                                            "visibility":  -1
                                        },
                         "geometry":  {
                                          "type":  "Point",
                                          "coordinates":  [
                                                              34.7772629,
                                                              31.4955373,
                                                              0.0
                                                          ]
                                      }
                     },
                     {
                         "type":  "Feature",
                         "properties":  {
                                            "Name":  "#2026",
                                            "description":  "\u003cdiv dir=\u0027rtl\u0027 style=\u0027font-family:Arial;\u0027\u003e\u003cb\u003eשם:\u003c/b\u003e גלית הרמן\u003cbr/\u003e\u003cb\u003eאתר:\u003c/b\u003e מצפה אורי אילן\u003cbr/\u003e\u003cb\u003eתאריך:\u003c/b\u003e 28-11-2025\u003cbr/\u003e\u003cb\u003eID:\u003c/b\u003e 2883\u003cbr/\u003e\u003cb\u003eFB:\u003c/b\u003e \u003ca href=\u0027https://www.facebook.com/groups/beshvil.yael/posts/3821576338135489\u0027\u003ehttps://www.facebook.com/groups/beshvil.yael/posts/3821576338135489\u003c/a\u003e\u003cbr/\u003e\u003cbr/\u003e\u003cimg src=\u0027https://drive.google.com/uc?export=view\u0026amp;id=1tfrgUP9RXz6nvSzzCVG4aIZB1AuPJ4Df\u0027 width=\u0027450\u0027/\u003e\u003cbr/\u003e\u003c/div\u003e",
                                            "tessellate":  -1,
                                            "extrude":  0,
                                            "visibility":  -1
                                        },
                         "geometry":  {
                                          "type":  "Point",
                                          "coordinates":  [
                                                              35.66198,
                                                              33.21577,
                                                              0.0
                                                          ]
                                      }
                     },
                     {
                         "type":  "Feature",
                         "properties":  {
                                            "Name":  "#2026",
                                            "description":  "\u003cdiv dir=\u0027rtl\u0027 style=\u0027font-family:Arial;\u0027\u003e\u003cb\u003eשם:\u003c/b\u003e גלית הרמן\u003cbr/\u003e\u003cb\u003eאתר:\u003c/b\u003e נחל חרמון\u003cbr/\u003e\u003cb\u003eתאריך:\u003c/b\u003e 28-11-2025\u003cbr/\u003e\u003cb\u003eID:\u003c/b\u003e 2889\u003cbr/\u003e\u003cb\u003eFB:\u003c/b\u003e \u003ca href=\u0027https://www.facebook.com/groups/beshvil.yael/posts/3821769458116177/\u0027\u003ehttps://www.facebook.com/groups/beshvil.yael/posts/3821769458116177/\u003c/a\u003e\u003cbr/\u003e\u003cbr/\u003e\u003cimg src=\u0027https://drive.google.com/uc?export=view\u0026amp;id=1e4uruPh7wpVDAoZFhZraRBNmOXrKQg4z\u0027 width=\u0027450\u0027/\u003e\u003cbr/\u003e\u003c/div\u003e",
                                            "tessellate":  -1,
                                            "extrude":  0,
                                            "visibility":  -1
                                        },
                         "geometry":  {
                                          "type":  "Point",
                                          "coordinates":  [
                                                              35.66548,
                                                              33.23169,
                                                              0.0
                                                          ]
                                      }
                     },
                     {
                         "type":  "Feature",
                         "properties":  {
                                            "Name":  "#2026",
                                            "description":  "\u003cdiv dir=\u0027rtl\u0027 style=\u0027font-family:Arial;\u0027\u003e\u003cb\u003eשם:\u003c/b\u003e גלית הרמן\u003cbr/\u003e\u003cb\u003eאתר:\u003c/b\u003e מצפה נועם\u003cbr/\u003e\u003cb\u003eתאריך:\u003c/b\u003e 25-12-2025\u003cbr/\u003e\u003cb\u003eID:\u003c/b\u003e 3160\u003cbr/\u003e\u003cb\u003eFB:\u003c/b\u003e \u003ca href=\u0027https://www.facebook.com/groups/beshvil.yael/posts/3844506962509093\u0027\u003ehttps://www.facebook.com/groups/beshvil.yael/posts/3844506962509093\u003c/a\u003e\u003cbr/\u003e\u003cbr/\u003e\u003cimg src=\u0027https://drive.google.com/uc?export=view\u0026amp;id=1ll83-zyhg4SfZXtcsMmbwzjpQNDMkrR0\u0027 width=\u0027450\u0027/\u003e\u003cbr/\u003e\u003c/div\u003e",
                                            "tessellate":  -1,
                                            "extrude":  0,
                                            "visibility":  -1
                                        },
                         "geometry":  {
                                          "type":  "Point",
                                          "coordinates":  [
                                                              34.94862,
                                                              31.33805,
                                                              0.0
                                                          ]
                                      }
                     },
                     {
                         "type":  "Feature",
                         "properties":  {
                                            "Name":  "#2062",
                                            "description":  "\u003cdiv dir=\u0027rtl\u0027 style=\u0027font-family:Arial;\u0027\u003e\u003cb\u003eשם:\u003c/b\u003e גילת רענן\u003cbr/\u003e\u003cb\u003eאתר:\u003c/b\u003e נחל תבור\u003cbr/\u003e\u003cb\u003eתאריך:\u003c/b\u003e 08-05-2026\u003cbr/\u003e\u003cb\u003eID:\u003c/b\u003e 4373\u003cbr/\u003e\u003cb\u003eFB:\u003c/b\u003e \u003ca href=\u0027https://www.facebook.com/groups/beshvil.yael/posts/3965208777105577/\u0027\u003ehttps://www.facebook.com/groups/beshvil.yael/posts/3965208777105577/\u003c/a\u003e\u003cbr/\u003e\u003cbr/\u003e\u003cimg src=\u0027https://drive.google.com/uc?export=view\u0026amp;id=1FVOo9Yqw6YrDk_lySVjt2j2hEUhqEjem\u0027 width=\u0027450\u0027/\u003e\u003cbr/\u003e\u003c/div\u003e",
                                            "tessellate":  -1,
                                            "extrude":  0,
                                            "visibility":  -1
                                        },
                         "geometry":  {
                                          "type":  "Point",
                                          "coordinates":  [
                                                              35.44432,
                                                              32.64875,
                                                              0.0
                                                          ]
                                      }
                     },
                     {
                         "type":  "Feature",
                         "properties":  {
                                            "Name":  "#2062",
                                            "description":  "\u003cdiv dir=\u0027rtl\u0027 style=\u0027font-family:Arial;\u0027\u003e\u003cb\u003eשם:\u003c/b\u003e גילת רענן\u003cbr/\u003e\u003cb\u003eאתר:\u003c/b\u003e עין כרם\u003cbr/\u003e\u003cb\u003eתאריך:\u003c/b\u003e 30-05-2026\u003cbr/\u003e\u003cb\u003eID:\u003c/b\u003e 4579\u003cbr/\u003e\u003cb\u003eFB:\u003c/b\u003e \u003ca href=\u0027https://www.facebook.com/groups/beshvil.yael/posts/3986596101633511/\u0027\u003ehttps://www.facebook.com/groups/beshvil.yael/posts/3986596101633511/\u003c/a\u003e\u003cbr/\u003e\u003cbr/\u003e\u003cimg src=\u0027https://drive.google.com/uc?export=view\u0026amp;id=1m5qmg3DtA6sgPrtgT22kA0zvyy4DCy65\u0027 width=\u0027450\u0027/\u003e\u003cbr/\u003e\u003c/div\u003e",
                                            "tessellate":  -1,
                                            "extrude":  0,
                                            "visibility":  -1
                                        },
                         "geometry":  {
                                          "type":  "Point",
                                          "coordinates":  [
                                                              35.15855,
                                                              31.76721,
                                                              0.0
                                                          ]
                                      }
                     },
                     {
                         "type":  "Feature",
                         "properties":  {
                                            "Name":  "#2063",
                                            "description":  "\u003cdiv dir=\u0027rtl\u0027 style=\u0027font-family:Arial;\u0027\u003e\u003cb\u003eשם:\u003c/b\u003e יעל נבט\u003cbr/\u003e\u003cb\u003eאתר:\u003c/b\u003e מג\u0027רסה\u003cbr/\u003e\u003cb\u003eתאריך:\u003c/b\u003e 16-05-2025\u003cbr/\u003e\u003cb\u003eID:\u003c/b\u003e 531\u003cbr/\u003e\u003cb\u003eFB:\u003c/b\u003e \u003ca href=\u0027https://www.facebook.com/groups/3235176716775457/posts/3643312595961865/\u0027\u003ehttps://www.facebook.com/groups/3235176716775457/posts/3643312595961865/\u003c/a\u003e\u003cbr/\u003e\u003cbr/\u003e\u003cimg src=\u0027https://drive.google.com/uc?export=view\u0026amp;id=1Y24Z8O4bHHpkWx5TZ629TGzQB1RgElfi\u0027 width=\u0027450\u0027/\u003e\u003cbr/\u003e\u003c/div\u003e",
                                            "tessellate":  -1,
                                            "extrude":  0,
                                            "visibility":  -1
                                        },
                         "geometry":  {
                                          "type":  "Point",
                                          "coordinates":  [
                                                              35.6377315,
                                                              32.881084,
                                                              0.0
                                                          ]
                                      }
                     },
                     {
                         "type":  "Feature",
                         "properties":  {
                                            "Name":  "#2066",
                                            "description":  "\u003cdiv dir=\u0027rtl\u0027 style=\u0027font-family:Arial;\u0027\u003e\u003cb\u003eשם:\u003c/b\u003e מיכל קיינן קורן\u003cbr/\u003e\u003cb\u003eאתר:\u003c/b\u003e בני ברק\u003cbr/\u003e\u003cb\u003eתאריך:\u003c/b\u003e 21-09-2025\u003cbr/\u003e\u003cb\u003eID:\u003c/b\u003e 1985\u003cbr/\u003e\u003cb\u003eFB:\u003c/b\u003e \u003ca href=\u0027https://www.facebook.com/groups/beshvil.yael/posts/3756892847937172/\u0027\u003ehttps://www.facebook.com/groups/beshvil.yael/posts/3756892847937172/\u003c/a\u003e\u003cbr/\u003e\u003cbr/\u003e\u003cimg src=\u0027https://drive.google.com/uc?export=view\u0026amp;id=1Q4epIqUndPAcL0HmqzwEMSnbCwZzTzB8\u0027 width=\u0027450\u0027/\u003e\u003cbr/\u003e\u003c/div\u003e",
                                            "tessellate":  -1,
                                            "extrude":  0,
                                            "visibility":  -1
                                        },
                         "geometry":  {
                                          "type":  "Point",
                                          "coordinates":  [
                                                              34.83599,
                                                              32.0858,
                                                              0.0
                                                          ]
                                      }
                     },
                     {
                         "type":  "Feature",
                         "properties":  {
                                            "Name":  "#2077",
                                            "description":  "\u003cdiv dir=\u0027rtl\u0027 style=\u0027font-family:Arial;\u0027\u003e\u003cb\u003eשם:\u003c/b\u003e יוסי מוצפי\u003cbr/\u003e\u003cb\u003eאתר:\u003c/b\u003e חוף השרון\u003cbr/\u003e\u003cb\u003eתאריך:\u003c/b\u003e 04-09-2025\u003cbr/\u003e\u003cb\u003eID:\u003c/b\u003e 1743\u003cbr/\u003e\u003cb\u003eFB:\u003c/b\u003e \u003ca href=\u0027https://www.facebook.com/groups/beshvil.yael/posts/3740441229582334/\u0027\u003ehttps://www.facebook.com/groups/beshvil.yael/posts/3740441229582334/\u003c/a\u003e\u003cbr/\u003e\u003cbr/\u003e\u003cimg src=\u0027https://drive.google.com/uc?export=view\u0026amp;id=1_LxS1G4ZzD_KEV6sNzRvVHjYIGv9tXfx\u0027 width=\u0027450\u0027/\u003e\u003cbr/\u003e\u003c/div\u003e",
                                            "tessellate":  -1,
                                            "extrude":  0,
                                            "visibility":  -1
                                        },
                         "geometry":  {
                                          "type":  "Point",
                                          "coordinates":  [
                                                              34.8014352,
                                                              32.1779545,
                                                              0.0
                                                          ]
                                      }
                     },
                     {
                         "type":  "Feature",
                         "properties":  {
                                            "Name":  "#2135",
                                            "description":  "\u003cdiv dir=\u0027rtl\u0027 style=\u0027font-family:Arial;\u0027\u003e\u003cb\u003eשם:\u003c/b\u003e יעל אסקירה\u003cbr/\u003e\u003cb\u003eאתר:\u003c/b\u003e הר ארדון\u003cbr/\u003e\u003cb\u003eתאריך:\u003c/b\u003e 22-04-2026\u003cbr/\u003e\u003cb\u003eID:\u003c/b\u003e 4220\u003cbr/\u003e\u003cb\u003eFB:\u003c/b\u003e \u003ca href=\u0027https://www.facebook.com/groups/beshvil.yael/posts/3951210341838754\u0027\u003ehttps://www.facebook.com/groups/beshvil.yael/posts/3951210341838754\u003c/a\u003e\u003cbr/\u003e\u003cbr/\u003e\u003cimg src=\u0027https://drive.google.com/uc?export=view\u0026amp;id=1SIbGvVo-qWhNo9VOyiDZVW494Wj9i0fE\u0027 width=\u0027450\u0027/\u003e\u003cbr/\u003e\u003c/div\u003e",
                                            "tessellate":  -1,
                                            "extrude":  0,
                                            "visibility":  -1
                                        },
                         "geometry":  {
                                          "type":  "Point",
                                          "coordinates":  [
                                                              34.953,
                                                              30.64145,
                                                              0.0
                                                          ]
                                      }
                     },
                     {
                         "type":  "Feature",
                         "properties":  {
                                            "Name":  "#2136",
                                            "description":  "\u003cdiv dir=\u0027rtl\u0027 style=\u0027font-family:Arial;\u0027\u003e\u003cb\u003eשם:\u003c/b\u003e \u003cbr/\u003e\u003cb\u003eאתר:\u003c/b\u003e הר ארדון\u003cbr/\u003e\u003cb\u003eתאריך:\u003c/b\u003e 22-04-2026\u003cbr/\u003e\u003cb\u003eID:\u003c/b\u003e 489\u003cbr/\u003e\u003cb\u003eFB:\u003c/b\u003e \u003ca href=\u0027https://www.facebook.com/groups/beshvil.yael/posts/3951210341838754\u0027\u003ehttps://www.facebook.com/groups/beshvil.yael/posts/3951210341838754\u003c/a\u003e\u003cbr/\u003e\u003cbr/\u003e\u003cimg src=\u0027https://drive.google.com/uc?export=view\u0026amp;id=1SIbGvVo-qWhNo9VOyiDZVW494Wj9i0fE\u0027 width=\u0027450\u0027/\u003e\u003cbr/\u003e\u003c/div\u003e",
                                            "tessellate":  -1,
                                            "extrude":  0,
                                            "visibility":  -1
                                        },
                         "geometry":  {
                                          "type":  "Point",
                                          "coordinates":  [
                                                              34.953,
                                                              30.64172,
                                                              0.0
                                                          ]
                                      }
                     },
                     {
                         "type":  "Feature",
                         "properties":  {
                                            "Name":  "#2136",
                                            "description":  "\u003cdiv dir=\u0027rtl\u0027 style=\u0027font-family:Arial;\u0027\u003e\u003cb\u003eשם:\u003c/b\u003e מורן מקמל\u003cbr/\u003e\u003cb\u003eאתר:\u003c/b\u003e עין עבדת\u003cbr/\u003e\u003cb\u003eתאריך:\u003c/b\u003e 16-05-2026\u003cbr/\u003e\u003cb\u003eID:\u003c/b\u003e 4471\u003cbr/\u003e\u003cb\u003eFB:\u003c/b\u003e \u003ca href=\u0027https://www.facebook.com/groups/beshvil.yael/posts/3973677419592046\u0027\u003ehttps://www.facebook.com/groups/beshvil.yael/posts/3973677419592046\u003c/a\u003e\u003cbr/\u003e\u003cbr/\u003e\u003cimg src=\u0027https://drive.google.com/uc?export=view\u0026amp;id=12XvVbQW5-ic5DsN8WXJmyMFegHpW9VHV\u0027 width=\u0027450\u0027/\u003e\u003cbr/\u003e\u003c/div\u003e",
                                            "tessellate":  -1,
                                            "extrude":  0,
                                            "visibility":  -1
                                        },
                         "geometry":  {
                                          "type":  "Point",
                                          "coordinates":  [
                                                              34.76352,
                                                              30.82646,
                                                              0.0
                                                          ]
                                      }
                     },
                     {
                         "type":  "Feature",
                         "properties":  {
                                            "Name":  "#2136",
                                            "description":  "\u003cdiv dir=\u0027rtl\u0027 style=\u0027font-family:Arial;\u0027\u003e\u003cb\u003eשם:\u003c/b\u003e מורן מקמל\u003cbr/\u003e\u003cb\u003eאתר:\u003c/b\u003e בור חמת\u003cbr/\u003e\u003cb\u003eתאריך:\u003c/b\u003e 23-05-2026\u003cbr/\u003e\u003cb\u003eID:\u003c/b\u003e 4516\u003cbr/\u003e\u003cb\u003eFB:\u003c/b\u003e \u003ca href=\u0027https://www.facebook.com/groups/beshvil.yael/posts/3980194602273661\u0027\u003ehttps://www.facebook.com/groups/beshvil.yael/posts/3980194602273661\u003c/a\u003e\u003cbr/\u003e\u003cbr/\u003e\u003cimg src=\u0027https://drive.google.com/uc?export=view\u0026amp;id=1fq0L7kdsT3OW-c-qGJgll2B50il5TKDE\u0027 width=\u0027450\u0027/\u003e\u003cbr/\u003e\u003c/div\u003e",
                                            "tessellate":  -1,
                                            "extrude":  0,
                                            "visibility":  -1
                                        },
                         "geometry":  {
                                          "type":  "Point",
                                          "coordinates":  [
                                                              34.70947,
                                                              30.59343,
                                                              0.0
                                                          ]
                                      }
                     },
                     {
                         "type":  "Feature",
                         "properties":  {
                                            "Name":  "#2168",
                                            "description":  "\u003cdiv dir=\u0027rtl\u0027 style=\u0027font-family:Arial;\u0027\u003e\u003cb\u003eשם:\u003c/b\u003e שרגא סטרג\u0027\u003cbr/\u003e\u003cb\u003eאתר:\u003c/b\u003e נחל חלילים\u003cbr/\u003e\u003cb\u003eתאריך:\u003c/b\u003e 04-06-2025\u003cbr/\u003e\u003cb\u003eID:\u003c/b\u003e 908\u003cbr/\u003e\u003cb\u003eFB:\u003c/b\u003e \u003ca href=\u0027https://www.facebook.com/groups/3235176716775457/posts/3658937231066068/\u0027\u003ehttps://www.facebook.com/groups/3235176716775457/posts/3658937231066068/\u003c/a\u003e\u003cbr/\u003e\u003cbr/\u003e\u003cimg src=\u0027https://drive.google.com/uc?export=view\u0026amp;id=1c5_I72UHp2kqf6stmS_FgSpXWPwND5ir\u0027 width=\u0027450\u0027/\u003e\u003cbr/\u003e\u003c/div\u003e",
                                            "tessellate":  -1,
                                            "extrude":  0,
                                            "visibility":  -1
                                        },
                         "geometry":  {
                                          "type":  "Point",
                                          "coordinates":  [
                                                              35.16565,
                                                              31.80381,
                                                              0.0
                                                          ]
                                      }
                     },
                     {
                         "type":  "Feature",
                         "properties":  {
                                            "Name":  "#2194",
                                            "description":  "\u003cdiv dir=\u0027rtl\u0027 style=\u0027font-family:Arial;\u0027\u003e\u003cb\u003eשם:\u003c/b\u003e הילית בן דב\u003cbr/\u003e\u003cb\u003eאתר:\u003c/b\u003e מצפה / מכתש רמון\u003cbr/\u003e\u003cb\u003eתאריך:\u003c/b\u003e 14-04-2025\u003cbr/\u003e\u003cb\u003eID:\u003c/b\u003e 350\u003cbr/\u003e\u003cb\u003eFB:\u003c/b\u003e \u003ca href=\u0027https://www.facebook.com/groups/3235176716775457/posts/3615129812113477/\u0027\u003ehttps://www.facebook.com/groups/3235176716775457/posts/3615129812113477/\u003c/a\u003e\u003cbr/\u003e\u003cbr/\u003e\u003cimg src=\u0027https://drive.google.com/uc?export=view\u0026amp;id=1QTO-MxZsunQOkiFgNL7aX-J5hpqtzasH\u0027 width=\u0027450\u0027/\u003e\u003cbr/\u003e\u003c/div\u003e",
                                            "tessellate":  -1,
                                            "extrude":  0,
                                            "visibility":  -1
                                        },
                         "geometry":  {
                                          "type":  "Point",
                                          "coordinates":  [
                                                              34.8721271,
                                                              30.6152797,
                                                              0.0
                                                          ]
                                      }
                     },
                     {
                         "type":  "Feature",
                         "properties":  {
                                            "Name":  "#2194",
                                            "description":  "\u003cdiv dir=\u0027rtl\u0027 style=\u0027font-family:Arial;\u0027\u003e\u003cb\u003eשם:\u003c/b\u003e הילית בן דב\u003cbr/\u003e\u003cb\u003eאתר:\u003c/b\u003e נחל ארדון\u003cbr/\u003e\u003cb\u003eתאריך:\u003c/b\u003e 24-10-2025\u003cbr/\u003e\u003cb\u003eID:\u003c/b\u003e 2506\u003cbr/\u003e\u003cb\u003eFB:\u003c/b\u003e \u003ca href=\u0027https://www.facebook.com/groups/beshvil.yael/posts/3789409418018848/\u0027\u003ehttps://www.facebook.com/groups/beshvil.yael/posts/3789409418018848/\u003c/a\u003e\u003cbr/\u003e\u003cbr/\u003e\u003cimg src=\u0027https://drive.google.com/uc?export=view\u0026amp;id=1AKqbeIqmfiSfqdDm0rPOBAUmux7l4vR1\u0027 width=\u0027450\u0027/\u003e\u003cbr/\u003e\u003c/div\u003e",
                                            "tessellate":  -1,
                                            "extrude":  0,
                                            "visibility":  -1
                                        },
                         "geometry":  {
                                          "type":  "Point",
                                          "coordinates":  [
                                                              34.94594,
                                                              30.622412,
                                                              0.0
                                                          ]
                                      }
                     },
                     {
                         "type":  "Feature",
                         "properties":  {
                                            "Name":  "#2206",
                                            "description":  "\u003cdiv dir=\u0027rtl\u0027 style=\u0027font-family:Arial;\u0027\u003e\u003cb\u003eשם:\u003c/b\u003e שירי כץ\u003cbr/\u003e\u003cb\u003eאתר:\u003c/b\u003e הר סהרונים\u003cbr/\u003e\u003cb\u003eתאריך:\u003c/b\u003e 06-11-2025\u003cbr/\u003e\u003cb\u003eID:\u003c/b\u003e 2625\u003cbr/\u003e\u003cb\u003eFB:\u003c/b\u003e \u003ca href=\u0027https://www.facebook.com/groups/beshvil.yael/posts/3801668580126265\u0027\u003ehttps://www.facebook.com/groups/beshvil.yael/posts/3801668580126265\u003c/a\u003e\u003cbr/\u003e\u003cbr/\u003e\u003cimg src=\u0027https://drive.google.com/uc?export=view\u0026amp;id=1b-u-UmtU3X3MLNKJYRe-KfsR5zOf-Qr4\u0027 width=\u0027450\u0027/\u003e\u003cbr/\u003e\u003c/div\u003e",
                                            "tessellate":  -1,
                                            "extrude":  0,
                                            "visibility":  -1
                                        },
                         "geometry":  {
                                          "type":  "Point",
                                          "coordinates":  [
                                                              34.93473,
                                                              30.60266,
                                                              0.0
                                                          ]
                                      }
                     },
                     {
                         "type":  "Feature",
                         "properties":  {
                                            "Name":  "#2207",
                                            "description":  "\u003cdiv dir=\u0027rtl\u0027 style=\u0027font-family:Arial;\u0027\u003e\u003cb\u003eשם:\u003c/b\u003e שירי כץ\u003cbr/\u003e\u003cb\u003eאתר:\u003c/b\u003e תל אביב\u003cbr/\u003e\u003cb\u003eתאריך:\u003c/b\u003e 29-03-2025\u003cbr/\u003e\u003cb\u003eID:\u003c/b\u003e 576\u003cbr/\u003e\u003cb\u003eFB:\u003c/b\u003e \u003ca href=\u0027https://www.facebook.com/groups/3235176716775457/permalink/3597946350498490/\u0027\u003ehttps://www.facebook.com/groups/3235176716775457/permalink/3597946350498490/\u003c/a\u003e\u003cbr/\u003e\u003cbr/\u003e\u003cimg src=\u0027https://drive.google.com/uc?export=view\u0026amp;id=1gOVgPqeCKi73zINwojV1_4L2bI3v18mo\u0027 width=\u0027450\u0027/\u003e\u003cbr/\u003e\u003c/div\u003e",
                                            "tessellate":  -1,
                                            "extrude":  0,
                                            "visibility":  -1
                                        },
                         "geometry":  {
                                          "type":  "Point",
                                          "coordinates":  [
                                                              34.7642438,
                                                              32.0607159,
                                                              0.0
                                                          ]
                                      }
                     },
                     {
                         "type":  "Feature",
                         "properties":  {
                                            "Name":  "#2222",
                                            "description":  "\u003cdiv dir=\u0027rtl\u0027 style=\u0027font-family:Arial;\u0027\u003e\u003cb\u003eשם:\u003c/b\u003e טל שוורץ\u003cbr/\u003e\u003cb\u003eאתר:\u003c/b\u003e מקום של טבע שירים וגם של קינה\u003cbr/\u003e\u003cb\u003eתאריך:\u003c/b\u003e 03-05-2025\u003cbr/\u003e\u003cb\u003eID:\u003c/b\u003e 31\u003cbr/\u003e\u003cb\u003eFB:\u003c/b\u003e \u003ca href=\u0027https://www.facebook.com/groups/3235176716775457/posts/3632912887001836/\u0027\u003ehttps://www.facebook.com/groups/3235176716775457/posts/3632912887001836/\u003c/a\u003e\u003cbr/\u003e\u003cbr/\u003e\u003cimg src=\u0027https://drive.google.com/uc?export=view\u0026amp;id=15fQmbT8Lyd6-HAWgfB7SzqRqE08feLZI\u0027 width=\u0027450\u0027/\u003e\u003cbr/\u003e\u003c/div\u003e",
                                            "tessellate":  -1,
                                            "extrude":  0,
                                            "visibility":  -1
                                        },
                         "geometry":  {
                                          "type":  "Point",
                                          "coordinates":  [
                                                              35.42137,
                                                              32.48274,
                                                              0.0
                                                          ]
                                      }
                     },
                     {
                         "type":  "Feature",
                         "properties":  {
                                            "Name":  "#2223",
                                            "description":  "\u003cdiv dir=\u0027rtl\u0027 style=\u0027font-family:Arial;\u0027\u003e\u003cb\u003eשם:\u003c/b\u003e טל שוורץ\u003cbr/\u003e\u003cb\u003eאתר:\u003c/b\u003e נחל קינה\u003cbr/\u003e\u003cb\u003eתאריך:\u003c/b\u003e 03-04-2025\u003cbr/\u003e\u003cb\u003eID:\u003c/b\u003e 266\u003cbr/\u003e\u003cb\u003eFB:\u003c/b\u003e \u003ca href=\u0027https://www.facebook.com/groups/3235176716775457/permalink/3602949276664864/\u0027\u003ehttps://www.facebook.com/groups/3235176716775457/permalink/3602949276664864/\u003c/a\u003e\u003cbr/\u003e\u003cbr/\u003e\u003cimg src=\u0027https://drive.google.com/uc?export=view\u0026amp;id=1gaSctLeHX1rLytd8pOrbPnSpWTw-bN6Q\u0027 width=\u0027450\u0027/\u003e\u003cbr/\u003e\u003c/div\u003e",
                                            "tessellate":  -1,
                                            "extrude":  0,
                                            "visibility":  -1
                                        },
                         "geometry":  {
                                          "type":  "Point",
                                          "coordinates":  [
                                                              35.17663,
                                                              31.193003,
                                                              0.0
                                                          ]
                                      }
                     },
                     {
                         "type":  "Feature",
                         "properties":  {
                                            "Name":  "#2223",
                                            "description":  "\u003cdiv dir=\u0027rtl\u0027 style=\u0027font-family:Arial;\u0027\u003e\u003cb\u003eשם:\u003c/b\u003e טל שוורץ\u003cbr/\u003e\u003cb\u003eאתר:\u003c/b\u003e מקום של טבע שירים וגם של קינה\u003cbr/\u003e\u003cb\u003eתאריך:\u003c/b\u003e 03-05-2025\u003cbr/\u003e\u003cb\u003eID:\u003c/b\u003e 77\u003cbr/\u003e\u003cb\u003eFB:\u003c/b\u003e \u003ca href=\u0027https://www.facebook.com/groups/3235176716775457/posts/3632912887001836/\u0027\u003ehttps://www.facebook.com/groups/3235176716775457/posts/3632912887001836/\u003c/a\u003e\u003cbr/\u003e\u003cbr/\u003e\u003cimg src=\u0027https://drive.google.com/uc?export=view\u0026amp;id=15fQmbT8Lyd6-HAWgfB7SzqRqE08feLZI\u0027 width=\u0027450\u0027/\u003e\u003cbr/\u003e\u003c/div\u003e",
                                            "tessellate":  -1,
                                            "extrude":  0,
                                            "visibility":  -1
                                        },
                         "geometry":  {
                                          "type":  "Point",
                                          "coordinates":  [
                                                              35.42137,
                                                              32.48247,
                                                              0.0
                                                          ]
                                      }
                     },
                     {
                         "type":  "Feature",
                         "properties":  {
                                            "Name":  "#2224",
                                            "description":  "\u003cdiv dir=\u0027rtl\u0027 style=\u0027font-family:Arial;\u0027\u003e\u003cb\u003eשם:\u003c/b\u003e טל שוורץ\u003cbr/\u003e\u003cb\u003eאתר:\u003c/b\u003e נחל קינה\u003cbr/\u003e\u003cb\u003eתאריך:\u003c/b\u003e 03-04-2025\u003cbr/\u003e\u003cb\u003eID:\u003c/b\u003e 583\u003cbr/\u003e\u003cb\u003eFB:\u003c/b\u003e \u003ca href=\u0027https://www.facebook.com/groups/3235176716775457/permalink/3602949276664864/\u0027\u003ehttps://www.facebook.com/groups/3235176716775457/permalink/3602949276664864/\u003c/a\u003e\u003cbr/\u003e\u003cbr/\u003e\u003cimg src=\u0027https://drive.google.com/uc?export=view\u0026amp;id=1gaSctLeHX1rLytd8pOrbPnSpWTw-bN6Q\u0027 width=\u0027450\u0027/\u003e\u003cbr/\u003e\u003c/div\u003e",
                                            "tessellate":  -1,
                                            "extrude":  0,
                                            "visibility":  -1
                                        },
                         "geometry":  {
                                          "type":  "Point",
                                          "coordinates":  [
                                                              35.17663,
                                                              31.192733,
                                                              0.0
                                                          ]
                                      }
                     },
                     {
                         "type":  "Feature",
                         "properties":  {
                                            "Name":  "#2224",
                                            "description":  "\u003cdiv dir=\u0027rtl\u0027 style=\u0027font-family:Arial;\u0027\u003e\u003cb\u003eשם:\u003c/b\u003e טל שוורץ\u003cbr/\u003e\u003cb\u003eאתר:\u003c/b\u003e רמת הנדיב\u003cbr/\u003e\u003cb\u003eתאריך:\u003c/b\u003e 08-04-2025\u003cbr/\u003e\u003cb\u003eID:\u003c/b\u003e 478\u003cbr/\u003e\u003cb\u003eFB:\u003c/b\u003e \u003ca href=\u0027https://www.facebook.com/groups/3235176716775457/posts/3608268852799573/\u0027\u003ehttps://www.facebook.com/groups/3235176716775457/posts/3608268852799573/\u003c/a\u003e\u003cbr/\u003e\u003cbr/\u003e\u003cimg src=\u0027https://drive.google.com/uc?export=view\u0026amp;id=1XaQHwDtgbiaoEi-EBXCwWxCcgcYQR_sl\u0027 width=\u0027450\u0027/\u003e\u003cbr/\u003e\u003c/div\u003e",
                                            "tessellate":  -1,
                                            "extrude":  0,
                                            "visibility":  -1
                                        },
                         "geometry":  {
                                          "type":  "Point",
                                          "coordinates":  [
                                                              34.9413288,
                                                              32.5592328,
                                                              0.0
                                                          ]
                                      }
                     },
                     {
                         "type":  "Feature",
                         "properties":  {
                                            "Name":  "#2224",
                                            "description":  "\u003cdiv dir=\u0027rtl\u0027 style=\u0027font-family:Arial;\u0027\u003e\u003cb\u003eשם:\u003c/b\u003e טל שוורץ\u003cbr/\u003e\u003cb\u003eאתר:\u003c/b\u003e מקום של טבע שירים וגם של קינה\u003cbr/\u003e\u003cb\u003eתאריך:\u003c/b\u003e 03-05-2025\u003cbr/\u003e\u003cb\u003eID:\u003c/b\u003e 32\u003cbr/\u003e\u003cb\u003eFB:\u003c/b\u003e \u003ca href=\u0027https://www.facebook.com/groups/3235176716775457/posts/3632912887001836/\u0027\u003ehttps://www.facebook.com/groups/3235176716775457/posts/3632912887001836/\u003c/a\u003e\u003cbr/\u003e\u003cbr/\u003e\u003cimg src=\u0027https://drive.google.com/uc?export=view\u0026amp;id=15fQmbT8Lyd6-HAWgfB7SzqRqE08feLZI\u0027 width=\u0027450\u0027/\u003e\u003cbr/\u003e\u003c/div\u003e",
                                            "tessellate":  -1,
                                            "extrude":  0,
                                            "visibility":  -1
                                        },
                         "geometry":  {
                                          "type":  "Point",
                                          "coordinates":  [
                                                              35.42137,
                                                              32.48301,
                                                              0.0
                                                          ]
                                      }
                     },
                     {
                         "type":  "Feature",
                         "properties":  {
                                            "Name":  "#2224",
                                            "description":  "\u003cdiv dir=\u0027rtl\u0027 style=\u0027font-family:Arial;\u0027\u003e\u003cb\u003eשם:\u003c/b\u003e טל שוורץ\u003cbr/\u003e\u003cb\u003eאתר:\u003c/b\u003e קלחים\u003cbr/\u003e\u003cb\u003eתאריך:\u003c/b\u003e 10-05-2025\u003cbr/\u003e\u003cb\u003eID:\u003c/b\u003e 415\u003cbr/\u003e\u003cb\u003eFB:\u003c/b\u003e \u003ca href=\u0027https://www.facebook.com/groups/3235176716775457/posts/3638850686408056/\u0027\u003ehttps://www.facebook.com/groups/3235176716775457/posts/3638850686408056/\u003c/a\u003e\u003cbr/\u003e\u003cbr/\u003e\u003cimg src=\u0027https://drive.google.com/uc?export=view\u0026amp;id=1TzatVYi4XoW3Q0gWgm_f3-RaG-KOxBuG\u0027 width=\u0027450\u0027/\u003e\u003cbr/\u003e\u003c/div\u003e",
                                            "tessellate":  -1,
                                            "extrude":  0,
                                            "visibility":  -1
                                        },
                         "geometry":  {
                                          "type":  "Point",
                                          "coordinates":  [
                                                              34.6799363,
                                                              31.4497792,
                                                              0.0
                                                          ]
                                      }
                     },
                     {
                         "type":  "Feature",
                         "properties":  {
                                            "Name":  "#2224",
                                            "description":  "\u003cdiv dir=\u0027rtl\u0027 style=\u0027font-family:Arial;\u0027\u003e\u003cb\u003eשם:\u003c/b\u003e טל שוורץ\u003cbr/\u003e\u003cb\u003eאתר:\u003c/b\u003e הרי ירושלים\u003cbr/\u003e\u003cb\u003eתאריך:\u003c/b\u003e 04-05-2026\u003cbr/\u003e\u003cb\u003eID:\u003c/b\u003e 4343\u003cbr/\u003e\u003cb\u003eFB:\u003c/b\u003e \u003ca href=\u0027https://www.facebook.com/groups/beshvil.yael/posts/3960766320883156\u0027\u003ehttps://www.facebook.com/groups/beshvil.yael/posts/3960766320883156\u003c/a\u003e\u003cbr/\u003e\u003cbr/\u003e\u003cimg src=\u0027https://drive.google.com/uc?export=view\u0026amp;id=1ruU5Xsny3SByJmwaUv-rXn98ZzveHl9w\u0027 width=\u0027450\u0027/\u003e\u003cbr/\u003e\u003c/div\u003e",
                                            "tessellate":  -1,
                                            "extrude":  0,
                                            "visibility":  -1
                                        },
                         "geometry":  {
                                          "type":  "Point",
                                          "coordinates":  [
                                                              35.10602,
                                                              31.77716,
                                                              0.0
                                                          ]
                                      }
                     },
                     {
                         "type":  "Feature",
                         "properties":  {
                                            "Name":  "#2224",
                                            "description":  "\u003cdiv dir=\u0027rtl\u0027 style=\u0027font-family:Arial;\u0027\u003e\u003cb\u003eשם:\u003c/b\u003e טל שוורץ\u003cbr/\u003e\u003cb\u003eאתר:\u003c/b\u003e קלחים\u003cbr/\u003e\u003cb\u003eתאריך:\u003c/b\u003e 27-05-2026\u003cbr/\u003e\u003cb\u003eID:\u003c/b\u003e 4545\u003cbr/\u003e\u003cb\u003eFB:\u003c/b\u003e \u003ca href=\u0027https://www.facebook.com/groups/beshvil.yael/posts/3984095875216867\u0027\u003ehttps://www.facebook.com/groups/beshvil.yael/posts/3984095875216867\u003c/a\u003e\u003cbr/\u003e\u003cbr/\u003e\u003cimg src=\u0027https://drive.google.com/uc?export=view\u0026amp;id=1VAMtLxBOr2_tdto-HNAUe7MxG2Y55-FB\u0027 width=\u0027450\u0027/\u003e\u003cbr/\u003e\u003c/div\u003e",
                                            "tessellate":  -1,
                                            "extrude":  0,
                                            "visibility":  -1
                                        },
                         "geometry":  {
                                          "type":  "Point",
                                          "coordinates":  [
                                                              34.68248,
                                                              31.45114,
                                                              0.0
                                                          ]
                                      }
                     },
                     {
                         "type":  "Feature",
                         "properties":  {
                                            "Name":  "#2225",
                                            "description":  "\u003cdiv dir=\u0027rtl\u0027 style=\u0027font-family:Arial;\u0027\u003e\u003cb\u003eשם:\u003c/b\u003e \u003cbr/\u003e\u003cb\u003eאתר:\u003c/b\u003e רמת הנדיב\u003cbr/\u003e\u003cb\u003eתאריך:\u003c/b\u003e 08-04-2025\u003cbr/\u003e\u003cb\u003eID:\u003c/b\u003e 272\u003cbr/\u003e\u003cb\u003eFB:\u003c/b\u003e \u003ca href=\u0027https://www.facebook.com/groups/3235176716775457/posts/3608268852799573/\u0027\u003ehttps://www.facebook.com/groups/3235176716775457/posts/3608268852799573/\u003c/a\u003e\u003cbr/\u003e\u003cbr/\u003e\u003cimg src=\u0027https://drive.google.com/uc?export=view\u0026amp;id=1XaQHwDtgbiaoEi-EBXCwWxCcgcYQR_sl\u0027 width=\u0027450\u0027/\u003e\u003cbr/\u003e\u003c/div\u003e",
                                            "tessellate":  -1,
                                            "extrude":  0,
                                            "visibility":  -1
                                        },
                         "geometry":  {
                                          "type":  "Point",
                                          "coordinates":  [
                                                              34.9413288,
                                                              32.5595028,
                                                              0.0
                                                          ]
                                      }
                     },
                     {
                         "type":  "Feature",
                         "properties":  {
                                            "Name":  "#2225",
                                            "description":  "\u003cdiv dir=\u0027rtl\u0027 style=\u0027font-family:Arial;\u0027\u003e\u003cb\u003eשם:\u003c/b\u003e \u003cbr/\u003e\u003cb\u003eאתר:\u003c/b\u003e מקום של טבע שירים וגם של קינה\u003cbr/\u003e\u003cb\u003eתאריך:\u003c/b\u003e 03-05-2025\u003cbr/\u003e\u003cb\u003eID:\u003c/b\u003e 33\u003cbr/\u003e\u003cb\u003eFB:\u003c/b\u003e \u003ca href=\u0027https://www.facebook.com/groups/3235176716775457/posts/3632912887001836/\u0027\u003ehttps://www.facebook.com/groups/3235176716775457/posts/3632912887001836/\u003c/a\u003e\u003cbr/\u003e\u003cbr/\u003e\u003cimg src=\u0027https://drive.google.com/uc?export=view\u0026amp;id=15fQmbT8Lyd6-HAWgfB7SzqRqE08feLZI\u0027 width=\u0027450\u0027/\u003e\u003cbr/\u003e\u003c/div\u003e",
                                            "tessellate":  -1,
                                            "extrude":  0,
                                            "visibility":  -1
                                        },
                         "geometry":  {
                                          "type":  "Point",
                                          "coordinates":  [
                                                              35.42137,
                                                              32.48328,
                                                              0.0
                                                          ]
                                      }
                     },
                     {
                         "type":  "Feature",
                         "properties":  {
                                            "Name":  "#2262",
                                            "description":  "\u003cdiv dir=\u0027rtl\u0027 style=\u0027font-family:Arial;\u0027\u003e\u003cb\u003eשם:\u003c/b\u003e \u003cbr/\u003e\u003cb\u003eאתר:\u003c/b\u003e חאן דרך הבשמים\u003cbr/\u003e\u003cb\u003eתאריך:\u003c/b\u003e 01-05-2026\u003cbr/\u003e\u003cb\u003eID:\u003c/b\u003e 527\u003cbr/\u003e\u003cb\u003eFB:\u003c/b\u003e \u003ca href=\u0027https://www.facebook.com/groups/beshvil.yael/posts/3959457401014048\u0027\u003ehttps://www.facebook.com/groups/beshvil.yael/posts/3959457401014048\u003c/a\u003e\u003cbr/\u003e\u003cbr/\u003e\u003cimg src=\u0027https://drive.google.com/uc?export=view\u0026amp;id=1YFrd_sgvtSFwZ5whIzWsb-vkn72PhLIr\u0027 width=\u0027450\u0027/\u003e\u003cbr/\u003e\u003c/div\u003e",
                                            "tessellate":  -1,
                                            "extrude":  0,
                                            "visibility":  -1
                                        },
                         "geometry":  {
                                          "type":  "Point",
                                          "coordinates":  [
                                                              35.17234,
                                                              30.56116,
                                                              0.0
                                                          ]
                                      }
                     },
                     {
                         "type":  "Feature",
                         "properties":  {
                                            "Name":  "#2263",
                                            "description":  "\u003cdiv dir=\u0027rtl\u0027 style=\u0027font-family:Arial;\u0027\u003e\u003cb\u003eשם:\u003c/b\u003e \u003cbr/\u003e\u003cb\u003eאתר:\u003c/b\u003e חאן דרך הבשמים\u003cbr/\u003e\u003cb\u003eתאריך:\u003c/b\u003e 01-05-2026\u003cbr/\u003e\u003cb\u003eID:\u003c/b\u003e 528\u003cbr/\u003e\u003cb\u003eFB:\u003c/b\u003e \u003ca href=\u0027https://www.facebook.com/groups/beshvil.yael/posts/3959457401014048\u0027\u003ehttps://www.facebook.com/groups/beshvil.yael/posts/3959457401014048\u003c/a\u003e\u003cbr/\u003e\u003cbr/\u003e\u003cimg src=\u0027https://drive.google.com/uc?export=view\u0026amp;id=1YFrd_sgvtSFwZ5whIzWsb-vkn72PhLIr\u0027 width=\u0027450\u0027/\u003e\u003cbr/\u003e\u003c/div\u003e",
                                            "tessellate":  -1,
                                            "extrude":  0,
                                            "visibility":  -1
                                        },
                         "geometry":  {
                                          "type":  "Point",
                                          "coordinates":  [
                                                              35.17234,
                                                              30.56143,
                                                              0.0
                                                          ]
                                      }
                     },
                     {
                         "type":  "Feature",
                         "properties":  {
                                            "Name":  "#2264",
                                            "description":  "\u003cdiv dir=\u0027rtl\u0027 style=\u0027font-family:Arial;\u0027\u003e\u003cb\u003eשם:\u003c/b\u003e \u003cbr/\u003e\u003cb\u003eאתר:\u003c/b\u003e חאן דרך הבשמים\u003cbr/\u003e\u003cb\u003eתאריך:\u003c/b\u003e 01-05-2026\u003cbr/\u003e\u003cb\u003eID:\u003c/b\u003e 529\u003cbr/\u003e\u003cb\u003eFB:\u003c/b\u003e \u003ca href=\u0027https://www.facebook.com/groups/beshvil.yael/posts/3959457401014048\u0027\u003ehttps://www.facebook.com/groups/beshvil.yael/posts/3959457401014048\u003c/a\u003e\u003cbr/\u003e\u003cbr/\u003e\u003cimg src=\u0027https://drive.google.com/uc?export=view\u0026amp;id=1YFrd_sgvtSFwZ5whIzWsb-vkn72PhLIr\u0027 width=\u0027450\u0027/\u003e\u003cbr/\u003e\u003c/div\u003e",
                                            "tessellate":  -1,
                                            "extrude":  0,
                                            "visibility":  -1
                                        },
                         "geometry":  {
                                          "type":  "Point",
                                          "coordinates":  [
                                                              35.17234,
                                                              30.5617,
                                                              0.0
                                                          ]
                                      }
                     },
                     {
                         "type":  "Feature",
                         "properties":  {
                                            "Name":  "#2281",
                                            "description":  "\u003cdiv dir=\u0027rtl\u0027 style=\u0027font-family:Arial;\u0027\u003e\u003cb\u003eשם:\u003c/b\u003e \u003cbr/\u003e\u003cb\u003eאתר:\u003c/b\u003e בדרך הפסלים\u003cbr/\u003e\u003cb\u003eתאריך:\u003c/b\u003e 24-05-2026\u003cbr/\u003e\u003cb\u003eID:\u003c/b\u003e 534\u003cbr/\u003e\u003cb\u003eFB:\u003c/b\u003e \u003ca href=\u0027https://www.facebook.com/groups/beshvil.yael/posts/3980573972235724/\u0027\u003ehttps://www.facebook.com/groups/beshvil.yael/posts/3980573972235724/\u003c/a\u003e\u003cbr/\u003e\u003cbr/\u003e\u003cimg src=\u0027https://drive.google.com/uc?export=view\u0026amp;id=1tkNRss0sM4SqBuqxq2RCdbwK7mben080\u0027 width=\u0027450\u0027/\u003e\u003cbr/\u003e\u003c/div\u003e",
                                            "tessellate":  -1,
                                            "extrude":  0,
                                            "visibility":  -1
                                        },
                         "geometry":  {
                                          "type":  "Point",
                                          "coordinates":  [
                                                              34.97779,
                                                              31.77813,
                                                              0.0
                                                          ]
                                      }
                     },
                     {
                         "type":  "Feature",
                         "properties":  {
                                            "Name":  "#2329",
                                            "description":  "\u003cdiv dir=\u0027rtl\u0027 style=\u0027font-family:Arial;\u0027\u003e\u003cb\u003eשם:\u003c/b\u003e דורון גולפרב גנץ\u003cbr/\u003e\u003cb\u003eאתר:\u003c/b\u003e הר יעלה\u003cbr/\u003e\u003cb\u003eתאריך:\u003c/b\u003e 11-04-2025\u003cbr/\u003e\u003cb\u003eID:\u003c/b\u003e 390\u003cbr/\u003e\u003cb\u003eFB:\u003c/b\u003e \u003ca href=\u0027https://www.facebook.com/groups/3235176716775457/posts/3611792285780563/\u0027\u003ehttps://www.facebook.com/groups/3235176716775457/posts/3611792285780563/\u003c/a\u003e\u003cbr/\u003e\u003cbr/\u003e\u003cimg src=\u0027https://drive.google.com/uc?export=view\u0026amp;id=1SHM3NDTqwINE48OBAzTn_CxmeXJaqway\u0027 width=\u0027450\u0027/\u003e\u003cbr/\u003e\u003c/div\u003e",
                                            "tessellate":  -1,
                                            "extrude":  0,
                                            "visibility":  -1
                                        },
                         "geometry":  {
                                          "type":  "Point",
                                          "coordinates":  [
                                                              35.041667,
                                                              31.751389,
                                                              0.0
                                                          ]
                                      }
                     },
                     {
                         "type":  "Feature",
                         "properties":  {
                                            "Name":  "#2329",
                                            "description":  "\u003cdiv dir=\u0027rtl\u0027 style=\u0027font-family:Arial;\u0027\u003e\u003cb\u003eשם:\u003c/b\u003e דורון גולפרב גנץ\u003cbr/\u003e\u003cb\u003eאתר:\u003c/b\u003e נחל החלק\u003cbr/\u003e\u003cb\u003eתאריך:\u003c/b\u003e 13-04-2025\u003cbr/\u003e\u003cb\u003eID:\u003c/b\u003e 369\u003cbr/\u003e\u003cb\u003eFB:\u003c/b\u003e \u003ca href=\u0027https://www.facebook.com/groups/3235176716775457/posts/3613860618907063/\u0027\u003ehttps://www.facebook.com/groups/3235176716775457/posts/3613860618907063/\u003c/a\u003e\u003cbr/\u003e\u003cbr/\u003e\u003cimg src=\u0027https://drive.google.com/uc?export=view\u0026amp;id=1RL__QeRUnrVBjs69ifJYAaPWpO6AyBMa\u0027 width=\u0027450\u0027/\u003e\u003cbr/\u003e\u003c/div\u003e",
                                            "tessellate":  -1,
                                            "extrude":  0,
                                            "visibility":  -1
                                        },
                         "geometry":  {
                                          "type":  "Point",
                                          "coordinates":  [
                                                              35.0335121,
                                                              30.8624601,
                                                              0.0
                                                          ]
                                      }
                     },
                     {
                         "type":  "Feature",
                         "properties":  {
                                            "Name":  "#2329",
                                            "description":  "\u003cdiv dir=\u0027rtl\u0027 style=\u0027font-family:Arial;\u0027\u003e\u003cb\u003eשם:\u003c/b\u003e דורון גולפרב גנץ\u003cbr/\u003e\u003cb\u003eאתר:\u003c/b\u003e נחל גזם\u003cbr/\u003e\u003cb\u003eתאריך:\u003c/b\u003e 10-05-2025\u003cbr/\u003e\u003cb\u003eID:\u003c/b\u003e 379\u003cbr/\u003e\u003cb\u003eFB:\u003c/b\u003e \u003ca href=\u0027https://www.facebook.com/groups/3235176716775457/posts/3638790069747451/\u0027\u003ehttps://www.facebook.com/groups/3235176716775457/posts/3638790069747451/\u003c/a\u003e\u003cbr/\u003e\u003cbr/\u003e\u003cimg src=\u0027https://drive.google.com/uc?export=view\u0026amp;id=1RXaTRC-GakeO35V-MI9TR3tPkpiz3qSV\u0027 width=\u0027450\u0027/\u003e\u003cbr/\u003e\u003c/div\u003e",
                                            "tessellate":  -1,
                                            "extrude":  0,
                                            "visibility":  -1
                                        },
                         "geometry":  {
                                          "type":  "Point",
                                          "coordinates":  [
                                                              34.950494,
                                                              30.539088,
                                                              0.0
                                                          ]
                                      }
                     },
                     {
                         "type":  "Feature",
                         "properties":  {
                                            "Name":  "#2329",
                                            "description":  "\u003cdiv dir=\u0027rtl\u0027 style=\u0027font-family:Arial;\u0027\u003e\u003cb\u003eשם:\u003c/b\u003e דורון גולפרב גנץ\u003cbr/\u003e\u003cb\u003eאתר:\u003c/b\u003e נחל ברזבה ועין אום צלאח.\u003cbr/\u003e\u003cb\u003eתאריך:\u003c/b\u003e 07-06-2025\u003cbr/\u003e\u003cb\u003eID:\u003c/b\u003e 947\u003cbr/\u003e\u003cb\u003eFB:\u003c/b\u003e \u003ca href=\u0027https://www.facebook.com/groups/3235176716775457/posts/3661758947450563/\u0027\u003ehttps://www.facebook.com/groups/3235176716775457/posts/3661758947450563/\u003c/a\u003e\u003cbr/\u003e\u003cbr/\u003e\u003cimg src=\u0027https://drive.google.com/uc?export=view\u0026amp;id=1KYBjmEvPN-ktXmzkOy3FblJF48ZgKto7\u0027 width=\u0027450\u0027/\u003e\u003cbr/\u003e\u003c/div\u003e",
                                            "tessellate":  -1,
                                            "extrude":  0,
                                            "visibility":  -1
                                        },
                         "geometry":  {
                                          "type":  "Point",
                                          "coordinates":  [
                                                              35.035785,
                                                              30.699156,
                                                              0.0
                                                          ]
                                      }
                     },
                     {
                         "type":  "Feature",
                         "properties":  {
                                            "Name":  "#2329",
                                            "description":  "\u003cdiv dir=\u0027rtl\u0027 style=\u0027font-family:Arial;\u0027\u003e\u003cb\u003eשם:\u003c/b\u003e דורון גולפרב גנץ\u003cbr/\u003e\u003cb\u003eאתר:\u003c/b\u003e עין מקלף\u003cbr/\u003e\u003cb\u003eתאריך:\u003c/b\u003e 11-07-2025\u003cbr/\u003e\u003cb\u003eID:\u003c/b\u003e 355\u003cbr/\u003e\u003cb\u003eFB:\u003c/b\u003e \u003ca href=\u0027https://www.facebook.com/groups/beshvil.yael/posts/3691229051170219\u0027\u003ehttps://www.facebook.com/groups/beshvil.yael/posts/3691229051170219\u003c/a\u003e\u003cbr/\u003e\u003cbr/\u003e\u003cimg src=\u0027https://drive.google.com/uc?export=view\u0026amp;id=1qxHqhOXmP2LKHpRw6lxP3vKUMow3fMv0\u0027 width=\u0027450\u0027/\u003e\u003cbr/\u003e\u003c/div\u003e",
                                            "tessellate":  -1,
                                            "extrude":  0,
                                            "visibility":  -1
                                        },
                         "geometry":  {
                                          "type":  "Point",
                                          "coordinates":  [
                                                              35.1631617,
                                                              31.7958229,
                                                              0.0
                                                          ]
                                      }
                     },
                     {
                         "type":  "Feature",
                         "properties":  {
                                            "Name":  "#2332",
                                            "description":  "\u003cdiv dir=\u0027rtl\u0027 style=\u0027font-family:Arial;\u0027\u003e\u003cb\u003eשם:\u003c/b\u003e אודי אורון\u003cbr/\u003e\u003cb\u003eאתר:\u003c/b\u003e המכתש הגדול\u003cbr/\u003e\u003cb\u003eתאריך:\u003c/b\u003e 29-04-2025\u003cbr/\u003e\u003cb\u003eID:\u003c/b\u003e 32\u003cbr/\u003e\u003cb\u003eFB:\u003c/b\u003e \u003ca href=\u0027https://www.facebook.com/groups/3235176716775457/posts/3628960454063746/\u0027\u003ehttps://www.facebook.com/groups/3235176716775457/posts/3628960454063746/\u003c/a\u003e\u003cbr/\u003e\u003cbr/\u003e\u003cimg src=\u0027https://drive.google.com/uc?export=view\u0026amp;id=11nCzxSrB_EEJRRj5IPa8sVdlErsHumGb\u0027 width=\u0027450\u0027/\u003e\u003cbr/\u003e\u003c/div\u003e",
                                            "tessellate":  -1,
                                            "extrude":  0,
                                            "visibility":  -1
                                        },
                         "geometry":  {
                                          "type":  "Point",
                                          "coordinates":  [
                                                              34.983731,
                                                              30.9369988,
                                                              0.0
                                                          ]
                                      }
                     },
                     {
                         "type":  "Feature",
                         "properties":  {
                                            "Name":  "#2332",
                                            "description":  "\u003cdiv dir=\u0027rtl\u0027 style=\u0027font-family:Arial;\u0027\u003e\u003cb\u003eשם:\u003c/b\u003e אודי אורון\u003cbr/\u003e\u003cb\u003eאתר:\u003c/b\u003e רמת הגולן\u003cbr/\u003e\u003cb\u003eתאריך:\u003c/b\u003e 03-06-2025\u003cbr/\u003e\u003cb\u003eID:\u003c/b\u003e 897\u003cbr/\u003e\u003cb\u003eFB:\u003c/b\u003e \u003ca href=\u0027https://www.facebook.com/groups/3235176716775457/posts/3658266967799761/\u0027\u003ehttps://www.facebook.com/groups/3235176716775457/posts/3658266967799761/\u003c/a\u003e\u003cbr/\u003e\u003cbr/\u003e\u003cimg src=\u0027https://drive.google.com/uc?export=view\u0026amp;id=1n4OEvWq4TSL7XBS3gJh4419IzEj0qFf6\u0027 width=\u0027450\u0027/\u003e\u003cbr/\u003e\u003c/div\u003e",
                                            "tessellate":  -1,
                                            "extrude":  0,
                                            "visibility":  -1
                                        },
                         "geometry":  {
                                          "type":  "Point",
                                          "coordinates":  [
                                                              35.7022947,
                                                              32.9781462,
                                                              0.0
                                                          ]
                                      }
                     },
                     {
                         "type":  "Feature",
                         "properties":  {
                                            "Name":  "#2333",
                                            "description":  "\u003cdiv dir=\u0027rtl\u0027 style=\u0027font-family:Arial;\u0027\u003e\u003cb\u003eשם:\u003c/b\u003e אילה אילוז\u003cbr/\u003e\u003cb\u003eאתר:\u003c/b\u003e פארק נשר\u003cbr/\u003e\u003cb\u003eתאריך:\u003c/b\u003e 26-04-2025\u003cbr/\u003e\u003cb\u003eID:\u003c/b\u003e 171\u003cbr/\u003e\u003cb\u003eFB:\u003c/b\u003e \u003ca href=\u0027https://www.facebook.com/groups/3235176716775457/posts/3625933604366431/\u0027\u003ehttps://www.facebook.com/groups/3235176716775457/posts/3625933604366431/\u003c/a\u003e\u003cbr/\u003e\u003cbr/\u003e\u003cimg src=\u0027https://drive.google.com/uc?export=view\u0026amp;id=1DbXA_HHhrRKrHg2899bh9gbs8djYv8pL\u0027 width=\u0027450\u0027/\u003e\u003cbr/\u003e\u003c/div\u003e",
                                            "tessellate":  -1,
                                            "extrude":  0,
                                            "visibility":  -1
                                        },
                         "geometry":  {
                                          "type":  "Point",
                                          "coordinates":  [
                                                              35.0247738,
                                                              32.76731,
                                                              0.0
                                                          ]
                                      }
                     },
                     {
                         "type":  "Feature",
                         "properties":  {
                                            "Name":  "#2358",
                                            "description":  "\u003cdiv dir=\u0027rtl\u0027 style=\u0027font-family:Arial;\u0027\u003e\u003cb\u003eשם:\u003c/b\u003e לנה אולחובוי\u003cbr/\u003e\u003cb\u003eאתר:\u003c/b\u003e גבעת עדה\u003cbr/\u003e\u003cb\u003eתאריך:\u003c/b\u003e 03-06-2025\u003cbr/\u003e\u003cb\u003eID:\u003c/b\u003e 893\u003cbr/\u003e\u003cb\u003eFB:\u003c/b\u003e \u003ca href=\u0027https://www.facebook.com/groups/3235176716775457/posts/3657758974517227\u0027\u003ehttps://www.facebook.com/groups/3235176716775457/posts/3657758974517227\u003c/a\u003e\u003cbr/\u003e\u003cbr/\u003e\u003cimg src=\u0027https://drive.google.com/uc?export=view\u0026amp;id=1Z8NbR6Gajd-KUAK72k0NDRI2NrcCqhvm\u0027 width=\u0027450\u0027/\u003e\u003cbr/\u003e\u003c/div\u003e",
                                            "tessellate":  -1,
                                            "extrude":  0,
                                            "visibility":  -1
                                        },
                         "geometry":  {
                                          "type":  "Point",
                                          "coordinates":  [
                                                              34.955096,
                                                              32.517078,
                                                              0.0
                                                          ]
                                      }
                     },
                     {
                         "type":  "Feature",
                         "properties":  {
                                            "Name":  "#2358",
                                            "description":  "\u003cdiv dir=\u0027rtl\u0027 style=\u0027font-family:Arial;\u0027\u003e\u003cb\u003eשם:\u003c/b\u003e לנה אולכובוי\u003cbr/\u003e\u003cb\u003eאתר:\u003c/b\u003e נחל כסלון\u003cbr/\u003e\u003cb\u003eתאריך:\u003c/b\u003e 14-10-2025\u003cbr/\u003e\u003cb\u003eID:\u003c/b\u003e 2379\u003cbr/\u003e\u003cb\u003eFB:\u003c/b\u003e \u003ca href=\u0027https://www.facebook.com/groups/beshvil.yael/posts/3779585795667877\u0027\u003ehttps://www.facebook.com/groups/beshvil.yael/posts/3779585795667877\u003c/a\u003e\u003cbr/\u003e\u003cbr/\u003e\u003cimg src=\u0027https://drive.google.com/uc?export=view\u0026amp;id=1UQK8iAbyhdMFZp_u5Mmj0ziOss-2DCms\u0027 width=\u0027450\u0027/\u003e\u003cbr/\u003e\u003c/div\u003e",
                                            "tessellate":  -1,
                                            "extrude":  0,
                                            "visibility":  -1
                                        },
                         "geometry":  {
                                          "type":  "Point",
                                          "coordinates":  [
                                                              35.07096,
                                                              31.78821,
                                                              0.0
                                                          ]
                                      }
                     },
                     {
                         "type":  "Feature",
                         "properties":  {
                                            "Name":  "#2358",
                                            "description":  "\u003cdiv dir=\u0027rtl\u0027 style=\u0027font-family:Arial;\u0027\u003e\u003cb\u003eשם:\u003c/b\u003e לנה אולחובוי\u003cbr/\u003e\u003cb\u003eאתר:\u003c/b\u003e נחל שורק\u003cbr/\u003e\u003cb\u003eתאריך:\u003c/b\u003e 18-10-2025\u003cbr/\u003e\u003cb\u003eID:\u003c/b\u003e 2429\u003cbr/\u003e\u003cb\u003eFB:\u003c/b\u003e \u003ca href=\u0027https://www.facebook.com/groups/beshvil.yael/posts/3783630558596734/\u0027\u003ehttps://www.facebook.com/groups/beshvil.yael/posts/3783630558596734/\u003c/a\u003e\u003cbr/\u003e\u003cbr/\u003e\u003cimg src=\u0027https://drive.google.com/uc?export=view\u0026amp;id=1eb2feUggbAQbdQTbXBhh3qvVWPgq2gfu\u0027 width=\u0027450\u0027/\u003e\u003cbr/\u003e\u003c/div\u003e",
                                            "tessellate":  -1,
                                            "extrude":  0,
                                            "visibility":  -1
                                        },
                         "geometry":  {
                                          "type":  "Point",
                                          "coordinates":  [
                                                              34.90226,
                                                              31.79417,
                                                              0.0
                                                          ]
                                      }
                     },
                     {
                         "type":  "Feature",
                         "properties":  {
                                            "Name":  "#2358",
                                            "description":  "\u003cdiv dir=\u0027rtl\u0027 style=\u0027font-family:Arial;\u0027\u003e\u003cb\u003eשם:\u003c/b\u003e לנה אולחובוי\u003cbr/\u003e\u003cb\u003eאתר:\u003c/b\u003e עין חמד\u003cbr/\u003e\u003cb\u003eתאריך:\u003c/b\u003e 01-11-2025\u003cbr/\u003e\u003cb\u003eID:\u003c/b\u003e 2579\u003cbr/\u003e\u003cb\u003eFB:\u003c/b\u003e \u003ca href=\u0027https://www.facebook.com/groups/beshvil.yael/posts/3797095553916901/\u0027\u003ehttps://www.facebook.com/groups/beshvil.yael/posts/3797095553916901/\u003c/a\u003e\u003cbr/\u003e\u003cbr/\u003e\u003cimg src=\u0027https://drive.google.com/uc?export=view\u0026amp;id=1gd8NYMhy8_G1SjKOigmKfsO-_8fgg_En\u0027 width=\u0027450\u0027/\u003e\u003cbr/\u003e\u003c/div\u003e",
                                            "tessellate":  -1,
                                            "extrude":  0,
                                            "visibility":  -1
                                        },
                         "geometry":  {
                                          "type":  "Point",
                                          "coordinates":  [
                                                              35.12442,
                                                              31.79595,
                                                              0.0
                                                          ]
                                      }
                     },
                     {
                         "type":  "Feature",
                         "properties":  {
                                            "Name":  "#2358",
                                            "description":  "\u003cdiv dir=\u0027rtl\u0027 style=\u0027font-family:Arial;\u0027\u003e\u003cb\u003eשם:\u003c/b\u003e לנה אולחובוי\u003cbr/\u003e\u003cb\u003eאתר:\u003c/b\u003e דליה\u003cbr/\u003e\u003cb\u003eתאריך:\u003c/b\u003e 05-12-2025\u003cbr/\u003e\u003cb\u003eID:\u003c/b\u003e 2970\u003cbr/\u003e\u003cb\u003eFB:\u003c/b\u003e \u003ca href=\u0027https://www.facebook.com/groups/beshvil.yael/posts/3827900510836405\u0027\u003ehttps://www.facebook.com/groups/beshvil.yael/posts/3827900510836405\u003c/a\u003e\u003cbr/\u003e\u003cbr/\u003e\u003cimg src=\u0027https://drive.google.com/uc?export=view\u0026amp;id=1frZJRaLvN2v0NICIHg0xRpTjUn-RPFPv\u0027 width=\u0027450\u0027/\u003e\u003cbr/\u003e\u003c/div\u003e",
                                            "tessellate":  -1,
                                            "extrude":  0,
                                            "visibility":  -1
                                        },
                         "geometry":  {
                                          "type":  "Point",
                                          "coordinates":  [
                                                              35.07481,
                                                              32.58621,
                                                              0.0
                                                          ]
                                      }
                     },
                     {
                         "type":  "Feature",
                         "properties":  {
                                            "Name":  "#2358",
                                            "description":  "\u003cdiv dir=\u0027rtl\u0027 style=\u0027font-family:Arial;\u0027\u003e\u003cb\u003eשם:\u003c/b\u003e לנה אולחובוי\u003cbr/\u003e\u003cb\u003eאתר:\u003c/b\u003e דרך בורמה\u003cbr/\u003e\u003cb\u003eתאריך:\u003c/b\u003e 06-12-2025\u003cbr/\u003e\u003cb\u003eID:\u003c/b\u003e 2979\u003cbr/\u003e\u003cb\u003eFB:\u003c/b\u003e \u003ca href=\u0027https://www.facebook.com/groups/beshvil.yael/posts/3828364864123303/\u0027\u003ehttps://www.facebook.com/groups/beshvil.yael/posts/3828364864123303/\u003c/a\u003e\u003cbr/\u003e\u003cbr/\u003e\u003cimg src=\u0027https://drive.google.com/uc?export=view\u0026amp;id=1Ybdt3H70zwlPkzorrHsNNiDZ9X35_xdd\u0027 width=\u0027450\u0027/\u003e\u003cbr/\u003e\u003c/div\u003e",
                                            "tessellate":  -1,
                                            "extrude":  0,
                                            "visibility":  -1
                                        },
                         "geometry":  {
                                          "type":  "Point",
                                          "coordinates":  [
                                                              35.02317,
                                                              31.80917,
                                                              0.0
                                                          ]
                                      }
                     },
                     {
                         "type":  "Feature",
                         "properties":  {
                                            "Name":  "#2358",
                                            "description":  "\u003cdiv dir=\u0027rtl\u0027 style=\u0027font-family:Arial;\u0027\u003e\u003cb\u003eשם:\u003c/b\u003e לנה אולחובוי\u003cbr/\u003e\u003cb\u003eאתר:\u003c/b\u003e פרק עדולם\u003cbr/\u003e\u003cb\u003eתאריך:\u003c/b\u003e 14-02-2026\u003cbr/\u003e\u003cb\u003eID:\u003c/b\u003e 3714\u003cbr/\u003e\u003cb\u003eFB:\u003c/b\u003e \u003ca href=\u0027https://www.facebook.com/groups/beshvil.yael/posts/3890217534604702/\u0027\u003ehttps://www.facebook.com/groups/beshvil.yael/posts/3890217534604702/\u003c/a\u003e\u003cbr/\u003e\u003cbr/\u003e\u003cimg src=\u0027https://drive.google.com/uc?export=view\u0026amp;id=1nOcHH32M42n8I44rE0MCZf03mOoaN6ae\u0027 width=\u0027450\u0027/\u003e\u003cbr/\u003e\u003c/div\u003e",
                                            "tessellate":  -1,
                                            "extrude":  0,
                                            "visibility":  -1
                                        },
                         "geometry":  {
                                          "type":  "Point",
                                          "coordinates":  [
                                                              34.94503,
                                                              31.65285,
                                                              0.0
                                                          ]
                                      }
                     },
                     {
                         "type":  "Feature",
                         "properties":  {
                                            "Name":  "#2358",
                                            "description":  "\u003cdiv dir=\u0027rtl\u0027 style=\u0027font-family:Arial;\u0027\u003e\u003cb\u003eשם:\u003c/b\u003e לנה אולחובוי\u003cbr/\u003e\u003cb\u003eאתר:\u003c/b\u003e פארק קנדה\u003cbr/\u003e\u003cb\u003eתאריך:\u003c/b\u003e 20-02-2026\u003cbr/\u003e\u003cb\u003eID:\u003c/b\u003e 3788\u003cbr/\u003e\u003cb\u003eFB:\u003c/b\u003e \u003ca href=\u0027https://www.facebook.com/groups/beshvil.yael/posts/3896141187345670\u0027\u003ehttps://www.facebook.com/groups/beshvil.yael/posts/3896141187345670\u003c/a\u003e\u003cbr/\u003e\u003cbr/\u003e\u003cimg src=\u0027https://drive.google.com/uc?export=view\u0026amp;id=1swiMsohF8s918PEv9xEMRVvW9bUw7ScR\u0027 width=\u0027450\u0027/\u003e\u003cbr/\u003e\u003c/div\u003e",
                                            "tessellate":  -1,
                                            "extrude":  0,
                                            "visibility":  -1
                                        },
                         "geometry":  {
                                          "type":  "Point",
                                          "coordinates":  [
                                                              34.99526,
                                                              31.8424,
                                                              0.0
                                                          ]
                                      }
                     },
                     {
                         "type":  "Feature",
                         "properties":  {
                                            "Name":  "#2370",
                                            "description":  "\u003cdiv dir=\u0027rtl\u0027 style=\u0027font-family:Arial;\u0027\u003e\u003cb\u003eשם:\u003c/b\u003e לימור גונן\u003cbr/\u003e\u003cb\u003eאתר:\u003c/b\u003e המפל השחור\u003cbr/\u003e\u003cb\u003eתאריך:\u003c/b\u003e 29-05-2026\u003cbr/\u003e\u003cb\u003eID:\u003c/b\u003e 4571\u003cbr/\u003e\u003cb\u003eFB:\u003c/b\u003e \u003ca href=\u0027https://www.facebook.com/groups/beshvil.yael/posts/3986000121693109\u0027\u003ehttps://www.facebook.com/groups/beshvil.yael/posts/3986000121693109\u003c/a\u003e\u003cbr/\u003e\u003cbr/\u003e\u003cimg src=\u0027https://drive.google.com/uc?export=view\u0026amp;id=1yeAA-EPIFztvdipOEtLRsPwXBs7E5pRL\u0027 width=\u0027450\u0027/\u003e\u003cbr/\u003e\u003c/div\u003e",
                                            "tessellate":  -1,
                                            "extrude":  0,
                                            "visibility":  -1
                                        },
                         "geometry":  {
                                          "type":  "Point",
                                          "coordinates":  [
                                                              35.76127,
                                                              32.83072,
                                                              0.0
                                                          ]
                                      }
                     },
                     {
                         "type":  "Feature",
                         "properties":  {
                                            "Name":  "#2409",
                                            "description":  "\u003cdiv dir=\u0027rtl\u0027 style=\u0027font-family:Arial;\u0027\u003e\u003cb\u003eשם:\u003c/b\u003e ניצן שקל\u003cbr/\u003e\u003cb\u003eאתר:\u003c/b\u003e תמנע\u003cbr/\u003e\u003cb\u003eתאריך:\u003c/b\u003e 27-11-2025\u003cbr/\u003e\u003cb\u003eID:\u003c/b\u003e 2877\u003cbr/\u003e\u003cb\u003eFB:\u003c/b\u003e \u003ca href=\u0027https://www.facebook.com/groups/beshvil.yael/posts/3821118178181305\u0027\u003ehttps://www.facebook.com/groups/beshvil.yael/posts/3821118178181305\u003c/a\u003e\u003cbr/\u003e\u003cbr/\u003e\u003cimg src=\u0027https://drive.google.com/uc?export=view\u0026amp;id=1sHvgDxh12U1td2yz9s474Bnl2DLiV66x\u0027 width=\u0027450\u0027/\u003e\u003cbr/\u003e\u003c/div\u003e",
                                            "tessellate":  -1,
                                            "extrude":  0,
                                            "visibility":  -1
                                        },
                         "geometry":  {
                                          "type":  "Point",
                                          "coordinates":  [
                                                              34.99012,
                                                              29.78751,
                                                              0.0
                                                          ]
                                      }
                     },
                     {
                         "type":  "Feature",
                         "properties":  {
                                            "Name":  "#2409",
                                            "description":  "\u003cdiv dir=\u0027rtl\u0027 style=\u0027font-family:Arial;\u0027\u003e\u003cb\u003eשם:\u003c/b\u003e ניצן שקל\u003cbr/\u003e\u003cb\u003eאתר:\u003c/b\u003e הרי ירושלים\u003cbr/\u003e\u003cb\u003eתאריך:\u003c/b\u003e 19-03-2026\u003cbr/\u003e\u003cb\u003eID:\u003c/b\u003e 3972\u003cbr/\u003e\u003cb\u003eFB:\u003c/b\u003e \u003ca href=\u0027https://www.facebook.com/groups/beshvil.yael/posts/3920028328290289/\u0027\u003ehttps://www.facebook.com/groups/beshvil.yael/posts/3920028328290289/\u003c/a\u003e\u003cbr/\u003e\u003cbr/\u003e\u003cimg src=\u0027https://drive.google.com/uc?export=view\u0026amp;id=1AZMxKjv4r3XcY5xvmpfMclAUHViR8Ax0\u0027 width=\u0027450\u0027/\u003e\u003cbr/\u003e\u003c/div\u003e",
                                            "tessellate":  -1,
                                            "extrude":  0,
                                            "visibility":  -1
                                        },
                         "geometry":  {
                                          "type":  "Point",
                                          "coordinates":  [
                                                              35.07717,
                                                              31.75506,
                                                              0.0
                                                          ]
                                      }
                     },
                     {
                         "type":  "Feature",
                         "properties":  {
                                            "Name":  "#2439",
                                            "description":  "\u003cdiv dir=\u0027rtl\u0027 style=\u0027font-family:Arial;\u0027\u003e\u003cb\u003eשם:\u003c/b\u003e מיכל יניב\u003cbr/\u003e\u003cb\u003eאתר:\u003c/b\u003e מערת עלמה\u003cbr/\u003e\u003cb\u003eתאריך:\u003c/b\u003e 28-06-2025\u003cbr/\u003e\u003cb\u003eID:\u003c/b\u003e 1070\u003cbr/\u003e\u003cb\u003eFB:\u003c/b\u003e \u003ca href=\u0027https://www.facebook.com/groups/beshvil.yael/posts/3679976022295522\u0027\u003ehttps://www.facebook.com/groups/beshvil.yael/posts/3679976022295522\u003c/a\u003e\u003cbr/\u003e\u003cbr/\u003e\u003cimg src=\u0027https://drive.google.com/uc?export=view\u0026amp;id=1lBFbBNWtDCxVWXeZtyyamt6L3aiGePGp\u0027 width=\u0027450\u0027/\u003e\u003cbr/\u003e\u003c/div\u003e",
                                            "tessellate":  -1,
                                            "extrude":  0,
                                            "visibility":  -1
                                        },
                         "geometry":  {
                                          "type":  "Point",
                                          "coordinates":  [
                                                              35.5089929,
                                                              33.0375743,
                                                              0.0
                                                          ]
                                      }
                     },
                     {
                         "type":  "Feature",
                         "properties":  {
                                            "Name":  "#2439",
                                            "description":  "\u003cdiv dir=\u0027rtl\u0027 style=\u0027font-family:Arial;\u0027\u003e\u003cb\u003eשם:\u003c/b\u003e מיכל יניב\u003cbr/\u003e\u003cb\u003eאתר:\u003c/b\u003e ים המלח\u003cbr/\u003e\u003cb\u003eתאריך:\u003c/b\u003e 26-07-2025\u003cbr/\u003e\u003cb\u003eID:\u003c/b\u003e 1301\u003cbr/\u003e\u003cb\u003eFB:\u003c/b\u003e \u003ca href=\u0027https://www.facebook.com/groups/beshvil.yael/posts/3703687489924375\u0027\u003ehttps://www.facebook.com/groups/beshvil.yael/posts/3703687489924375\u003c/a\u003e\u003cbr/\u003e\u003cbr/\u003e\u003cimg src=\u0027https://drive.google.com/uc?export=view\u0026amp;id=1szgyDreubDRu6K0zRoD-ZDsKz43dQXNr\u0027 width=\u0027450\u0027/\u003e\u003cbr/\u003e\u003c/div\u003e",
                                            "tessellate":  -1,
                                            "extrude":  0,
                                            "visibility":  -1
                                        },
                         "geometry":  {
                                          "type":  "Point",
                                          "coordinates":  [
                                                              35.4121713,
                                                              31.7051576,
                                                              0.0
                                                          ]
                                      }
                     },
                     {
                         "type":  "Feature",
                         "properties":  {
                                            "Name":  "#2439",
                                            "description":  "\u003cdiv dir=\u0027rtl\u0027 style=\u0027font-family:Arial;\u0027\u003e\u003cb\u003eשם:\u003c/b\u003e מיכל יניב\u003cbr/\u003e\u003cb\u003eאתר:\u003c/b\u003e ספארי רמת גן\u003cbr/\u003e\u003cb\u003eתאריך:\u003c/b\u003e 02-08-2025\u003cbr/\u003e\u003cb\u003eID:\u003c/b\u003e 1364\u003cbr/\u003e\u003cb\u003eFB:\u003c/b\u003e \u003ca href=\u0027https://www.facebook.com/groups/beshvil.yael/posts/3710163275943463/\u0027\u003ehttps://www.facebook.com/groups/beshvil.yael/posts/3710163275943463/\u003c/a\u003e\u003cbr/\u003e\u003cbr/\u003e\u003cimg src=\u0027https://drive.google.com/uc?export=view\u0026amp;id=1SyJxwNCSuuUssEItykg57YClLj0y5OjF\u0027 width=\u0027450\u0027/\u003e\u003cbr/\u003e\u003c/div\u003e",
                                            "tessellate":  -1,
                                            "extrude":  0,
                                            "visibility":  -1
                                        },
                         "geometry":  {
                                          "type":  "Point",
                                          "coordinates":  [
                                                              34.8246542,
                                                              32.045504,
                                                              0.0
                                                          ]
                                      }
                     },
                     {
                         "type":  "Feature",
                         "properties":  {
                                            "Name":  "#2463",
                                            "description":  "\u003cdiv dir=\u0027rtl\u0027 style=\u0027font-family:Arial;\u0027\u003e\u003cb\u003eשם:\u003c/b\u003e \u003cbr/\u003e\u003cb\u003eאתר:\u003c/b\u003e שביל הגולן\u003cbr/\u003e\u003cb\u003eתאריך:\u003c/b\u003e 19-05-2025\u003cbr/\u003e\u003cb\u003eID:\u003c/b\u003e 286\u003cbr/\u003e\u003cb\u003eFB:\u003c/b\u003e \u003ca href=\u0027https://www.facebook.com/groups/3235176716775457/posts/3619468635012928/\u0027\u003ehttps://www.facebook.com/groups/3235176716775457/posts/3619468635012928/\u003c/a\u003e\u003cbr/\u003e\u003cbr/\u003e\u003cimg src=\u0027https://drive.google.com/uc?export=view\u0026amp;id=1Ibj11Ug9BCLuWlAx5cdpxwxsTNPV74Ja\u0027 width=\u0027450\u0027/\u003e\u003cbr/\u003e\u003c/div\u003e",
                                            "tessellate":  -1,
                                            "extrude":  0,
                                            "visibility":  -1
                                        },
                         "geometry":  {
                                          "type":  "Point",
                                          "coordinates":  [
                                                              35.7720291,
                                                              33.3073869,
                                                              0.0
                                                          ]
                                      }
                     },
                     {
                         "type":  "Feature",
                         "properties":  {
                                            "Name":  "#2464",
                                            "description":  "\u003cdiv dir=\u0027rtl\u0027 style=\u0027font-family:Arial;\u0027\u003e\u003cb\u003eשם:\u003c/b\u003e קרן ילין-מור\u003cbr/\u003e\u003cb\u003eאתר:\u003c/b\u003e עין שמר\u003cbr/\u003e\u003cb\u003eתאריך:\u003c/b\u003e 28-05-2025\u003cbr/\u003e\u003cb\u003eID:\u003c/b\u003e 810\u003cbr/\u003e\u003cb\u003eFB:\u003c/b\u003e \u003ca href=\u0027https://www.facebook.com/groups/3235176716775457/posts/3653506818275776/\u0027\u003ehttps://www.facebook.com/groups/3235176716775457/posts/3653506818275776/\u003c/a\u003e\u003cbr/\u003e\u003cbr/\u003e\u003cimg src=\u0027https://drive.google.com/uc?export=view\u0026amp;id=1Pgog46skCr0JQGCVw0uDRlElGfl4Uy84\u0027 width=\u0027450\u0027/\u003e\u003cbr/\u003e\u003c/div\u003e",
                                            "tessellate":  -1,
                                            "extrude":  0,
                                            "visibility":  -1
                                        },
                         "geometry":  {
                                          "type":  "Point",
                                          "coordinates":  [
                                                              35.0053465,
                                                              32.4591548,
                                                              0.0
                                                          ]
                                      }
                     },
                     {
                         "type":  "Feature",
                         "properties":  {
                                            "Name":  "#2464",
                                            "description":  "\u003cdiv dir=\u0027rtl\u0027 style=\u0027font-family:Arial;\u0027\u003e\u003cb\u003eשם:\u003c/b\u003e קרן ילין-מור\u003cbr/\u003e\u003cb\u003eאתר:\u003c/b\u003e חוף מכמורת\u003cbr/\u003e\u003cb\u003eתאריך:\u003c/b\u003e 13-09-2025\u003cbr/\u003e\u003cb\u003eID:\u003c/b\u003e 1864\u003cbr/\u003e\u003cb\u003eFB:\u003c/b\u003e \u003ca href=\u0027https://www.facebook.com/groups/beshvil.yael/posts/3749098115383312/\u0027\u003ehttps://www.facebook.com/groups/beshvil.yael/posts/3749098115383312/\u003c/a\u003e\u003cbr/\u003e\u003cbr/\u003e\u003cimg src=\u0027https://drive.google.com/uc?export=view\u0026amp;id=1eQoUydELrC1e2WM9tJLdl1pqtH1O2n1U\u0027 width=\u0027450\u0027/\u003e\u003cbr/\u003e\u003c/div\u003e",
                                            "tessellate":  -1,
                                            "extrude":  0,
                                            "visibility":  -1
                                        },
                         "geometry":  {
                                          "type":  "Point",
                                          "coordinates":  [
                                                              34.86778,
                                                              32.40695,
                                                              0.0
                                                          ]
                                      }
                     },
                     {
                         "type":  "Feature",
                         "properties":  {
                                            "Name":  "#2464",
                                            "description":  "\u003cdiv dir=\u0027rtl\u0027 style=\u0027font-family:Arial;\u0027\u003e\u003cb\u003eשם:\u003c/b\u003e קרן ילין-מור\u003cbr/\u003e\u003cb\u003eאתר:\u003c/b\u003e כיכר דיזנגוף\u003cbr/\u003e\u003cb\u003eתאריך:\u003c/b\u003e 07-10-2025\u003cbr/\u003e\u003cb\u003eID:\u003c/b\u003e 2233\u003cbr/\u003e\u003cb\u003eFB:\u003c/b\u003e \u003ca href=\u0027https://www.facebook.com/groups/beshvil.yael/posts/3772080936418363/\u0027\u003ehttps://www.facebook.com/groups/beshvil.yael/posts/3772080936418363/\u003c/a\u003e\u003cbr/\u003e\u003cbr/\u003e\u003cimg src=\u0027https://drive.google.com/uc?export=view\u0026amp;id=1cQLWOY-E1Oj5IRXQ_dIFy1EgsmkYldC7\u0027 width=\u0027450\u0027/\u003e\u003cbr/\u003e\u003c/div\u003e",
                                            "tessellate":  -1,
                                            "extrude":  0,
                                            "visibility":  -1
                                        },
                         "geometry":  {
                                          "type":  "Point",
                                          "coordinates":  [
                                                              34.77416,
                                                              32.07792,
                                                              0.0
                                                          ]
                                      }
                     },
                     {
                         "type":  "Feature",
                         "properties":  {
                                            "Name":  "#2464",
                                            "description":  "\u003cdiv dir=\u0027rtl\u0027 style=\u0027font-family:Arial;\u0027\u003e\u003cb\u003eשם:\u003c/b\u003e קרן ילין-מור\u003cbr/\u003e\u003cb\u003eאתר:\u003c/b\u003e חוף גדור\u003cbr/\u003e\u003cb\u003eתאריך:\u003c/b\u003e 13-10-2025\u003cbr/\u003e\u003cb\u003eID:\u003c/b\u003e 2370\u003cbr/\u003e\u003cb\u003eFB:\u003c/b\u003e \u003ca href=\u0027https://www.facebook.com/groups/beshvil.yael/posts/3778504529109337\u0027\u003ehttps://www.facebook.com/groups/beshvil.yael/posts/3778504529109337\u003c/a\u003e\u003cbr/\u003e\u003cbr/\u003e\u003cimg src=\u0027https://drive.google.com/uc?export=view\u0026amp;id=1K8FVe4PQ4otsHYHyuHPv8KEMwlwtXwx0\u0027 width=\u0027450\u0027/\u003e\u003cbr/\u003e\u003c/div\u003e",
                                            "tessellate":  -1,
                                            "extrude":  0,
                                            "visibility":  -1
                                        },
                         "geometry":  {
                                          "type":  "Point",
                                          "coordinates":  [
                                                              34.92715,
                                                              32.6533,
                                                              0.0
                                                          ]
                                      }
                     },
                     {
                         "type":  "Feature",
                         "properties":  {
                                            "Name":  "#2464",
                                            "description":  "\u003cdiv dir=\u0027rtl\u0027 style=\u0027font-family:Arial;\u0027\u003e\u003cb\u003eשם:\u003c/b\u003e קרן ילין-מור\u003cbr/\u003e\u003cb\u003eאתר:\u003c/b\u003e חוף דור\u003cbr/\u003e\u003cb\u003eתאריך:\u003c/b\u003e 08-11-2025\u003cbr/\u003e\u003cb\u003eID:\u003c/b\u003e 2655\u003cbr/\u003e\u003cb\u003eFB:\u003c/b\u003e \u003ca href=\u0027https://www.facebook.com/groups/beshvil.yael/posts/3804167889876334\u0027\u003ehttps://www.facebook.com/groups/beshvil.yael/posts/3804167889876334\u003c/a\u003e\u003cbr/\u003e\u003cbr/\u003e\u003cimg src=\u0027https://drive.google.com/uc?export=view\u0026amp;id=1JM4aERFrD-rjovtt951c6wZRksUFbfFI\u0027 width=\u0027450\u0027/\u003e\u003cbr/\u003e\u003c/div\u003e",
                                            "tessellate":  -1,
                                            "extrude":  0,
                                            "visibility":  -1
                                        },
                         "geometry":  {
                                          "type":  "Point",
                                          "coordinates":  [
                                                              34.91275,
                                                              32.57743,
                                                              0.0
                                                          ]
                                      }
                     },
                     {
                         "type":  "Feature",
                         "properties":  {
                                            "Name":  "#2464",
                                            "description":  "\u003cdiv dir=\u0027rtl\u0027 style=\u0027font-family:Arial;\u0027\u003e\u003cb\u003eשם:\u003c/b\u003e קרן ילין-מור\u003cbr/\u003e\u003cb\u003eאתר:\u003c/b\u003e הספריה הלאומית\u003cbr/\u003e\u003cb\u003eתאריך:\u003c/b\u003e 18-11-2025\u003cbr/\u003e\u003cb\u003eID:\u003c/b\u003e 2782\u003cbr/\u003e\u003cb\u003eFB:\u003c/b\u003e \u003ca href=\u0027https://www.facebook.com/groups/beshvil.yael/posts/3813087255651064\u0027\u003ehttps://www.facebook.com/groups/beshvil.yael/posts/3813087255651064\u003c/a\u003e\u003cbr/\u003e\u003cbr/\u003e\u003cimg src=\u0027https://drive.google.com/uc?export=view\u0026amp;id=1hyOf4DuF0mBoRuEsj3RvNkEiwuD-bLkN\u0027 width=\u0027450\u0027/\u003e\u003cbr/\u003e\u003c/div\u003e",
                                            "tessellate":  -1,
                                            "extrude":  0,
                                            "visibility":  -1
                                        },
                         "geometry":  {
                                          "type":  "Point",
                                          "coordinates":  [
                                                              35.20295,
                                                              31.77718,
                                                              0.0
                                                          ]
                                      }
                     },
                     {
                         "type":  "Feature",
                         "properties":  {
                                            "Name":  "#2464",
                                            "description":  "\u003cdiv dir=\u0027rtl\u0027 style=\u0027font-family:Arial;\u0027\u003e\u003cb\u003eשם:\u003c/b\u003e קרן ילין-מור\u003cbr/\u003e\u003cb\u003eאתר:\u003c/b\u003e מצפה / מכתש רמון\u003cbr/\u003e\u003cb\u003eתאריך:\u003c/b\u003e 06-12-2025\u003cbr/\u003e\u003cb\u003eID:\u003c/b\u003e 2992\u003cbr/\u003e\u003cb\u003eFB:\u003c/b\u003e \u003ca href=\u0027https://www.facebook.com/groups/beshvil.yael/posts/3828774340749022/\u0027\u003ehttps://www.facebook.com/groups/beshvil.yael/posts/3828774340749022/\u003c/a\u003e\u003cbr/\u003e\u003cbr/\u003e\u003cimg src=\u0027https://drive.google.com/uc?export=view\u0026amp;id=1VuPeMZoh2N7Ty0QN29M2rFCuxNdKQ21h\u0027 width=\u0027450\u0027/\u003e\u003cbr/\u003e\u003c/div\u003e",
                                            "tessellate":  -1,
                                            "extrude":  0,
                                            "visibility":  -1
                                        },
                         "geometry":  {
                                          "type":  "Point",
                                          "coordinates":  [
                                                              34.84466,
                                                              30.59932,
                                                              0.0
                                                          ]
                                      }
                     },
                     {
                         "type":  "Feature",
                         "properties":  {
                                            "Name":  "#2464",
                                            "description":  "\u003cdiv dir=\u0027rtl\u0027 style=\u0027font-family:Arial;\u0027\u003e\u003cb\u003eשם:\u003c/b\u003e קרן ילין-מור\u003cbr/\u003e\u003cb\u003eאתר:\u003c/b\u003e מיצב משל החמ\u0026quot;ל\u003cbr/\u003e\u003cb\u003eתאריך:\u003c/b\u003e 03-01-2026\u003cbr/\u003e\u003cb\u003eID:\u003c/b\u003e 3260\u003cbr/\u003e\u003cb\u003eFB:\u003c/b\u003e \u003ca href=\u0027https://www.facebook.com/groups/beshvil.yael/posts/3852179485075174\u0027\u003ehttps://www.facebook.com/groups/beshvil.yael/posts/3852179485075174\u003c/a\u003e\u003cbr/\u003e\u003cbr/\u003e\u003cimg src=\u0027https://drive.google.com/uc?export=view\u0026amp;id=18OODu4XIn6zRNcQ4pMvJvtwhwbH72eHt\u0027 width=\u0027450\u0027/\u003e\u003cbr/\u003e\u003c/div\u003e",
                                            "tessellate":  -1,
                                            "extrude":  0,
                                            "visibility":  -1
                                        },
                         "geometry":  {
                                          "type":  "Point",
                                          "coordinates":  [
                                                              34.78634,
                                                              32.07762,
                                                              0.0
                                                          ]
                                      }
                     },
                     {
                         "type":  "Feature",
                         "properties":  {
                                            "Name":  "#2464",
                                            "description":  "\u003cdiv dir=\u0027rtl\u0027 style=\u0027font-family:Arial;\u0027\u003e\u003cb\u003eשם:\u003c/b\u003e קרן ילין-מור\u003cbr/\u003e\u003cb\u003eאתר:\u003c/b\u003e תערוכת ״עדות מקומית״\u003cbr/\u003e\u003cb\u003eתאריך:\u003c/b\u003e 09-01-2026\u003cbr/\u003e\u003cb\u003eID:\u003c/b\u003e 3304\u003cbr/\u003e\u003cb\u003eFB:\u003c/b\u003e \u003ca href=\u0027https://www.facebook.com/groups/beshvil.yael/posts/3857083997918056\u0027\u003ehttps://www.facebook.com/groups/beshvil.yael/posts/3857083997918056\u003c/a\u003e\u003cbr/\u003e\u003cbr/\u003e\u003cimg src=\u0027https://drive.google.com/uc?export=view\u0026amp;id=1gx0D8grAFS0yITWlFCn-NbNC8MtR6NaZ\u0027 width=\u0027450\u0027/\u003e\u003cbr/\u003e\u003c/div\u003e",
                                            "tessellate":  -1,
                                            "extrude":  0,
                                            "visibility":  -1
                                        },
                         "geometry":  {
                                          "type":  "Point",
                                          "coordinates":  [
                                                              34.79617,
                                                              32.10308,
                                                              0.0
                                                          ]
                                      }
                     },
                     {
                         "type":  "Feature",
                         "properties":  {
                                            "Name":  "#2464",
                                            "description":  "\u003cdiv dir=\u0027rtl\u0027 style=\u0027font-family:Arial;\u0027\u003e\u003cb\u003eשם:\u003c/b\u003e קרן ילין-מור\u003cbr/\u003e\u003cb\u003eאתר:\u003c/b\u003e מוזיאון ישראל\u003cbr/\u003e\u003cb\u003eתאריך:\u003c/b\u003e 14-02-2026\u003cbr/\u003e\u003cb\u003eID:\u003c/b\u003e 3717\u003cbr/\u003e\u003cb\u003eFB:\u003c/b\u003e \u003ca href=\u0027https://www.facebook.com/groups/beshvil.yael/posts/3890352104591245/\u0027\u003ehttps://www.facebook.com/groups/beshvil.yael/posts/3890352104591245/\u003c/a\u003e\u003cbr/\u003e\u003cbr/\u003e\u003cimg src=\u0027https://drive.google.com/uc?export=view\u0026amp;id=1Q8hkUzeFIFsgE44Om6mWdVTo1zOaj0FF\u0027 width=\u0027450\u0027/\u003e\u003cbr/\u003e\u003c/div\u003e",
                                            "tessellate":  -1,
                                            "extrude":  0,
                                            "visibility":  -1
                                        },
                         "geometry":  {
                                          "type":  "Point",
                                          "coordinates":  [
                                                              35.20419,
                                                              31.77195,
                                                              0.0
                                                          ]
                                      }
                     },
                     {
                         "type":  "Feature",
                         "properties":  {
                                            "Name":  "#2464",
                                            "description":  "\u003cdiv dir=\u0027rtl\u0027 style=\u0027font-family:Arial;\u0027\u003e\u003cb\u003eשם:\u003c/b\u003e קרן ילין-מור\u003cbr/\u003e\u003cb\u003eאתר:\u003c/b\u003e הסטף\u003cbr/\u003e\u003cb\u003eתאריך:\u003c/b\u003e 12-04-2026\u003cbr/\u003e\u003cb\u003eID:\u003c/b\u003e 4120\u003cbr/\u003e\u003cb\u003eFB:\u003c/b\u003e \u003ca href=\u0027https://www.facebook.com/groups/beshvil.yael/posts/3941842716108850\u0027\u003ehttps://www.facebook.com/groups/beshvil.yael/posts/3941842716108850\u003c/a\u003e\u003cbr/\u003e\u003cbr/\u003e\u003cimg src=\u0027https://drive.google.com/uc?export=view\u0026amp;id=1JUJddP0K0bP6HgsfBOMYl-jKg23QgNM-\u0027 width=\u0027450\u0027/\u003e\u003cbr/\u003e\u003c/div\u003e",
                                            "tessellate":  -1,
                                            "extrude":  0,
                                            "visibility":  -1
                                        },
                         "geometry":  {
                                          "type":  "Point",
                                          "coordinates":  [
                                                              35.12785,
                                                              31.77207,
                                                              0.0
                                                          ]
                                      }
                     },
                     {
                         "type":  "Feature",
                         "properties":  {
                                            "Name":  "#2468",
                                            "description":  "\u003cdiv dir=\u0027rtl\u0027 style=\u0027font-family:Arial;\u0027\u003e\u003cb\u003eשם:\u003c/b\u003e יהל בן-נר\u003cbr/\u003e\u003cb\u003eאתר:\u003c/b\u003e שביל הגולן\u003cbr/\u003e\u003cb\u003eתאריך:\u003c/b\u003e 19-05-2025\u003cbr/\u003e\u003cb\u003eID:\u003c/b\u003e 245\u003cbr/\u003e\u003cb\u003eFB:\u003c/b\u003e \u003ca href=\u0027https://www.facebook.com/groups/3235176716775457/posts/3619468635012928/\u0027\u003ehttps://www.facebook.com/groups/3235176716775457/posts/3619468635012928/\u003c/a\u003e\u003cbr/\u003e\u003cbr/\u003e\u003cimg src=\u0027https://drive.google.com/uc?export=view\u0026amp;id=1Ibj11Ug9BCLuWlAx5cdpxwxsTNPV74Ja\u0027 width=\u0027450\u0027/\u003e\u003cbr/\u003e\u003c/div\u003e",
                                            "tessellate":  -1,
                                            "extrude":  0,
                                            "visibility":  -1
                                        },
                         "geometry":  {
                                          "type":  "Point",
                                          "coordinates":  [
                                                              35.7720291,
                                                              33.3071169,
                                                              0.0
                                                          ]
                                      }
                     },
                     {
                         "type":  "Feature",
                         "properties":  {
                                            "Name":  "#2474",
                                            "description":  "\u003cdiv dir=\u0027rtl\u0027 style=\u0027font-family:Arial;\u0027\u003e\u003cb\u003eשם:\u003c/b\u003e לי בוטוין\u003cbr/\u003e\u003cb\u003eאתר:\u003c/b\u003e סחנה\u003cbr/\u003e\u003cb\u003eתאריך:\u003c/b\u003e 14-04-2025\u003cbr/\u003e\u003cb\u003eID:\u003c/b\u003e 343\u003cbr/\u003e\u003cb\u003eFB:\u003c/b\u003e \u003ca href=\u0027https://www.facebook.com/groups/3235176716775457/posts/3615821298710995/\u0027\u003ehttps://www.facebook.com/groups/3235176716775457/posts/3615821298710995/\u003c/a\u003e\u003cbr/\u003e\u003cbr/\u003e\u003cimg src=\u0027https://drive.google.com/uc?export=view\u0026amp;id=1Q-pAN6DwFEdChaOQYt2737Yy8AaOBUkQ\u0027 width=\u0027450\u0027/\u003e\u003cbr/\u003e\u003c/div\u003e",
                                            "tessellate":  -1,
                                            "extrude":  0,
                                            "visibility":  -1
                                        },
                         "geometry":  {
                                          "type":  "Point",
                                          "coordinates":  [
                                                              35.44552,
                                                              32.507101,
                                                              0.0
                                                          ]
                                      }
                     },
                     {
                         "type":  "Feature",
                         "properties":  {
                                            "Name":  "#2474",
                                            "description":  "\u003cdiv dir=\u0027rtl\u0027 style=\u0027font-family:Arial;\u0027\u003e\u003cb\u003eשם:\u003c/b\u003e לי בוטוין\u003cbr/\u003e\u003cb\u003eאתר:\u003c/b\u003e בית אלפא\u003cbr/\u003e\u003cb\u003eתאריך:\u003c/b\u003e 14-04-2025\u003cbr/\u003e\u003cb\u003eID:\u003c/b\u003e 352\u003cbr/\u003e\u003cb\u003eFB:\u003c/b\u003e \u003ca href=\u0027https://www.facebook.com/groups/3235176716775457/posts/3614983772128081/\u0027\u003ehttps://www.facebook.com/groups/3235176716775457/posts/3614983772128081/\u003c/a\u003e\u003cbr/\u003e\u003cbr/\u003e\u003cimg src=\u0027https://drive.google.com/uc?export=view\u0026amp;id=1QWm_Eby4osCBRSc5unWZvK3UQOL7I_oA\u0027 width=\u0027450\u0027/\u003e\u003cbr/\u003e\u003c/div\u003e",
                                            "tessellate":  -1,
                                            "extrude":  0,
                                            "visibility":  -1
                                        },
                         "geometry":  {
                                          "type":  "Point",
                                          "coordinates":  [
                                                              35.4272574,
                                                              32.5136111,
                                                              0.0
                                                          ]
                                      }
                     },
                     {
                         "type":  "Feature",
                         "properties":  {
                                            "Name":  "#2474",
                                            "description":  "\u003cdiv dir=\u0027rtl\u0027 style=\u0027font-family:Arial;\u0027\u003e\u003cb\u003eשם:\u003c/b\u003e לי בוטוין\u003cbr/\u003e\u003cb\u003eאתר:\u003c/b\u003e המסרק\u003cbr/\u003e\u003cb\u003eתאריך:\u003c/b\u003e 18-04-2025\u003cbr/\u003e\u003cb\u003eID:\u003c/b\u003e 257\u003cbr/\u003e\u003cb\u003eFB:\u003c/b\u003e \u003ca href=\u0027https://www.facebook.com/groups/3235176716775457/posts/3618922541734204/\u0027\u003ehttps://www.facebook.com/groups/3235176716775457/posts/3618922541734204/\u003c/a\u003e\u003cbr/\u003e\u003cbr/\u003e\u003cimg src=\u0027https://drive.google.com/uc?export=view\u0026amp;id=1JV4_Seni2DdyQySfWL5_Qbs_YHXTlMsK\u0027 width=\u0027450\u0027/\u003e\u003cbr/\u003e\u003c/div\u003e",
                                            "tessellate":  -1,
                                            "extrude":  0,
                                            "visibility":  -1
                                        },
                         "geometry":  {
                                          "type":  "Point",
                                          "coordinates":  [
                                                              35.0417016,
                                                              31.7945876,
                                                              0.0
                                                          ]
                                      }
                     },
                     {
                         "type":  "Feature",
                         "properties":  {
                                            "Name":  "#2474",
                                            "description":  "\u003cdiv dir=\u0027rtl\u0027 style=\u0027font-family:Arial;\u0027\u003e\u003cb\u003eשם:\u003c/b\u003e לי בוטוין\u003cbr/\u003e\u003cb\u003eאתר:\u003c/b\u003e הקסטל\u003cbr/\u003e\u003cb\u003eתאריך:\u003c/b\u003e 18-04-2025\u003cbr/\u003e\u003cb\u003eID:\u003c/b\u003e 35\u003cbr/\u003e\u003cb\u003eFB:\u003c/b\u003e \u003ca href=\u0027https://www.facebook.com/groups/3235176716775457/posts/3618786911747767/\u0027\u003ehttps://www.facebook.com/groups/3235176716775457/posts/3618786911747767/\u003c/a\u003e\u003cbr/\u003e\u003cbr/\u003e\u003cimg src=\u0027https://drive.google.com/uc?export=view\u0026amp;id=1Jq-wQcYSZ4kfj4PYj4QSHZnbaCewJebc\u0027 width=\u0027450\u0027/\u003e\u003cbr/\u003e\u003c/div\u003e",
                                            "tessellate":  -1,
                                            "extrude":  0,
                                            "visibility":  -1
                                        },
                         "geometry":  {
                                          "type":  "Point",
                                          "coordinates":  [
                                                              35.14217,
                                                              31.79792,
                                                              0.0
                                                          ]
                                      }
                     },
                     {
                         "type":  "Feature",
                         "properties":  {
                                            "Name":  "#2474",
                                            "description":  "\u003cdiv dir=\u0027rtl\u0027 style=\u0027font-family:Arial;\u0027\u003e\u003cb\u003eשם:\u003c/b\u003e לי בוטוין\u003cbr/\u003e\u003cb\u003eאתר:\u003c/b\u003e יער בן שמן\u003cbr/\u003e\u003cb\u003eתאריך:\u003c/b\u003e 25-04-2025\u003cbr/\u003e\u003cb\u003eID:\u003c/b\u003e 174\u003cbr/\u003e\u003cb\u003eFB:\u003c/b\u003e \u003ca href=\u0027https://www.facebook.com/groups/3235176716775457/posts/3625389334420858/\u0027\u003ehttps://www.facebook.com/groups/3235176716775457/posts/3625389334420858/\u003c/a\u003e\u003cbr/\u003e\u003cbr/\u003e\u003cimg src=\u0027https://drive.google.com/uc?export=view\u0026amp;id=1Dg-ncvndwnwWjeY069KIqC93LA2jEnlA\u0027 width=\u0027450\u0027/\u003e\u003cbr/\u003e\u003c/div\u003e",
                                            "tessellate":  -1,
                                            "extrude":  0,
                                            "visibility":  -1
                                        },
                         "geometry":  {
                                          "type":  "Point",
                                          "coordinates":  [
                                                              34.9507802,
                                                              31.9469992,
                                                              0.0
                                                          ]
                                      }
                     },
                     {
                         "type":  "Feature",
                         "properties":  {
                                            "Name":  "#2474",
                                            "description":  "\u003cdiv dir=\u0027rtl\u0027 style=\u0027font-family:Arial;\u0027\u003e\u003cb\u003eשם:\u003c/b\u003e לי בוטוין\u003cbr/\u003e\u003cb\u003eאתר:\u003c/b\u003e מערת האצבע\u003cbr/\u003e\u003cb\u003eתאריך:\u003c/b\u003e 21-05-2025\u003cbr/\u003e\u003cb\u003eID:\u003c/b\u003e 687\u003cbr/\u003e\u003cb\u003eFB:\u003c/b\u003e \u003ca href=\u0027https://www.facebook.com/groups/3235176716775457/posts/3647326218893836/\u0027\u003ehttps://www.facebook.com/groups/3235176716775457/posts/3647326218893836/\u003c/a\u003e\u003cbr/\u003e\u003cbr/\u003e\u003cimg src=\u0027https://drive.google.com/uc?export=view\u0026amp;id=1nzR6B1dftBkKLVBayACsjgKQVqwO01T7\u0027 width=\u0027450\u0027/\u003e\u003cbr/\u003e\u003c/div\u003e",
                                            "tessellate":  -1,
                                            "extrude":  0,
                                            "visibility":  -1
                                        },
                         "geometry":  {
                                          "type":  "Point",
                                          "coordinates":  [
                                                              34.9747375,
                                                              32.7118329,
                                                              0.0
                                                          ]
                                      }
                     },
                     {
                         "type":  "Feature",
                         "properties":  {
                                            "Name":  "#2474",
                                            "description":  "\u003cdiv dir=\u0027rtl\u0027 style=\u0027font-family:Arial;\u0027\u003e\u003cb\u003eשם:\u003c/b\u003e לי בוטוין\u003cbr/\u003e\u003cb\u003eאתר:\u003c/b\u003e שווצריה הקטנה\u003cbr/\u003e\u003cb\u003eתאריך:\u003c/b\u003e 01-06-2025\u003cbr/\u003e\u003cb\u003eID:\u003c/b\u003e 868\u003cbr/\u003e\u003cb\u003eFB:\u003c/b\u003e \u003ca href=\u0027https://www.facebook.com/groups/3235176716775457/posts/3656692444623880/\u0027\u003ehttps://www.facebook.com/groups/3235176716775457/posts/3656692444623880/\u003c/a\u003e\u003cbr/\u003e\u003cbr/\u003e\u003cimg src=\u0027https://drive.google.com/uc?export=view\u0026amp;id=10hhYqjjS32DxeimMvMIiNGTeF0Ek4Rir\u0027 width=\u0027450\u0027/\u003e\u003cbr/\u003e\u003c/div\u003e",
                                            "tessellate":  -1,
                                            "extrude":  0,
                                            "visibility":  -1
                                        },
                         "geometry":  {
                                          "type":  "Point",
                                          "coordinates":  [
                                                              35.0246917,
                                                              32.7454607,
                                                              0.0
                                                          ]
                                      }
                     },
                     {
                         "type":  "Feature",
                         "properties":  {
                                            "Name":  "#2474",
                                            "description":  "\u003cdiv dir=\u0027rtl\u0027 style=\u0027font-family:Arial;\u0027\u003e\u003cb\u003eשם:\u003c/b\u003e לי בוטוין\u003cbr/\u003e\u003cb\u003eאתר:\u003c/b\u003e נחל ערוגות\u003cbr/\u003e\u003cb\u003eתאריך:\u003c/b\u003e 07-07-2025\u003cbr/\u003e\u003cb\u003eID:\u003c/b\u003e 2254\u003cbr/\u003e\u003cb\u003eFB:\u003c/b\u003e \u003ca href=\u0027https://www.facebook.com/groups/beshvil.yael/posts/3772412449718545\u0027\u003ehttps://www.facebook.com/groups/beshvil.yael/posts/3772412449718545\u003c/a\u003e\u003cbr/\u003e\u003cbr/\u003e\u003cimg src=\u0027https://drive.google.com/uc?export=view\u0026amp;id=1t2IlqIZtVHTX90g3sPEKgzchldZ1XDYZ\u0027 width=\u0027450\u0027/\u003e\u003cbr/\u003e\u003c/div\u003e",
                                            "tessellate":  -1,
                                            "extrude":  0,
                                            "visibility":  -1
                                        },
                         "geometry":  {
                                          "type":  "Point",
                                          "coordinates":  [
                                                              35.37763,
                                                              31.46137,
                                                              0.0
                                                          ]
                                      }
                     },
                     {
                         "type":  "Feature",
                         "properties":  {
                                            "Name":  "#2474",
                                            "description":  "\u003cdiv dir=\u0027rtl\u0027 style=\u0027font-family:Arial;\u0027\u003e\u003cb\u003eשם:\u003c/b\u003e לי בוטוין\u003cbr/\u003e\u003cb\u003eאתר:\u003c/b\u003e הר שאול\u003cbr/\u003e\u003cb\u003eתאריך:\u003c/b\u003e 23-09-2025\u003cbr/\u003e\u003cb\u003eID:\u003c/b\u003e 2014\u003cbr/\u003e\u003cb\u003eFB:\u003c/b\u003e \u003ca href=\u0027https://www.facebook.com/groups/beshvil.yael/posts/3758727434420380/\u0027\u003ehttps://www.facebook.com/groups/beshvil.yael/posts/3758727434420380/\u003c/a\u003e\u003cbr/\u003e\u003cbr/\u003e\u003cimg src=\u0027https://drive.google.com/uc?export=view\u0026amp;id=1qyy7hdLxJbtqycOWTykapeEL6jwtpIXT\u0027 width=\u0027450\u0027/\u003e\u003cbr/\u003e\u003c/div\u003e",
                                            "tessellate":  -1,
                                            "extrude":  0,
                                            "visibility":  -1
                                        },
                         "geometry":  {
                                          "type":  "Point",
                                          "coordinates":  [
                                                              35.37567,
                                                              32.53522,
                                                              0.0
                                                          ]
                                      }
                     },
                     {
                         "type":  "Feature",
                         "properties":  {
                                            "Name":  "#2474",
                                            "description":  "\u003cdiv dir=\u0027rtl\u0027 style=\u0027font-family:Arial;\u0027\u003e\u003cb\u003eשם:\u003c/b\u003e לי בוטוין\u003cbr/\u003e\u003cb\u003eאתר:\u003c/b\u003e נחל ערוגות\u003cbr/\u003e\u003cb\u003eתאריך:\u003c/b\u003e 07-10-2025\u003cbr/\u003e\u003cb\u003eID:\u003c/b\u003e 2245\u003cbr/\u003e\u003cb\u003eFB:\u003c/b\u003e \u003ca href=\u0027https://www.facebook.com/groups/beshvil.yael/posts/3772298849729905\u0027\u003ehttps://www.facebook.com/groups/beshvil.yael/posts/3772298849729905\u003c/a\u003e\u003cbr/\u003e\u003cbr/\u003e\u003cimg src=\u0027https://drive.google.com/uc?export=view\u0026amp;id=1Nzei6Q4xRRzjqN7d2XJtAsczQoMjL-Ar\u0027 width=\u0027450\u0027/\u003e\u003cbr/\u003e\u003c/div\u003e",
                                            "tessellate":  -1,
                                            "extrude":  0,
                                            "visibility":  -1
                                        },
                         "geometry":  {
                                          "type":  "Point",
                                          "coordinates":  [
                                                              35.25521,
                                                              31.52838,
                                                              0.0
                                                          ]
                                      }
                     },
                     {
                         "type":  "Feature",
                         "properties":  {
                                            "Name":  "#2474",
                                            "description":  "\u003cdiv dir=\u0027rtl\u0027 style=\u0027font-family:Arial;\u0027\u003e\u003cb\u003eשם:\u003c/b\u003e לי בוטוין\u003cbr/\u003e\u003cb\u003eאתר:\u003c/b\u003e חווארי מצדה\u003cbr/\u003e\u003cb\u003eתאריך:\u003c/b\u003e 07-10-2025\u003cbr/\u003e\u003cb\u003eID:\u003c/b\u003e 2263\u003cbr/\u003e\u003cb\u003eFB:\u003c/b\u003e \u003ca href=\u0027https://www.facebook.com/groups/beshvil.yael/posts/3772623083030815\u0027\u003ehttps://www.facebook.com/groups/beshvil.yael/posts/3772623083030815\u003c/a\u003e\u003cbr/\u003e\u003cbr/\u003e\u003cimg src=\u0027https://drive.google.com/uc?export=view\u0026amp;id=1Ca7LOQu_VI63QXaok6k9PZ4LDLe3Qa-5\u0027 width=\u0027450\u0027/\u003e\u003cbr/\u003e\u003c/div\u003e",
                                            "tessellate":  -1,
                                            "extrude":  0,
                                            "visibility":  -1
                                        },
                         "geometry":  {
                                          "type":  "Point",
                                          "coordinates":  [
                                                              35.37785,
                                                              31.30815,
                                                              0.0
                                                          ]
                                      }
                     },
                     {
                         "type":  "Feature",
                         "properties":  {
                                            "Name":  "#2474",
                                            "description":  "\u003cdiv dir=\u0027rtl\u0027 style=\u0027font-family:Arial;\u0027\u003e\u003cb\u003eשם:\u003c/b\u003e לי בוטוין\u003cbr/\u003e\u003cb\u003eאתר:\u003c/b\u003e חמוקי ניצנה\u003cbr/\u003e\u003cb\u003eתאריך:\u003c/b\u003e 12-10-2025\u003cbr/\u003e\u003cb\u003eID:\u003c/b\u003e 2356\u003cbr/\u003e\u003cb\u003eFB:\u003c/b\u003e \u003ca href=\u0027https://www.facebook.com/groups/beshvil.yael/posts/3777860542507069\u0027\u003ehttps://www.facebook.com/groups/beshvil.yael/posts/3777860542507069\u003c/a\u003e\u003cbr/\u003e\u003cbr/\u003e\u003cimg src=\u0027https://drive.google.com/uc?export=view\u0026amp;id=1lUS2meEorZVmsrU23kYkA2ld4oyOeT1P\u0027 width=\u0027450\u0027/\u003e\u003cbr/\u003e\u003c/div\u003e",
                                            "tessellate":  -1,
                                            "extrude":  0,
                                            "visibility":  -1
                                        },
                         "geometry":  {
                                          "type":  "Point",
                                          "coordinates":  [
                                                              34.59137,
                                                              30.94267,
                                                              0.0
                                                          ]
                                      }
                     },
                     {
                         "type":  "Feature",
                         "properties":  {
                                            "Name":  "#2474",
                                            "description":  "\u003cdiv dir=\u0027rtl\u0027 style=\u0027font-family:Arial;\u0027\u003e\u003cb\u003eשם:\u003c/b\u003e לי בוטוין\u003cbr/\u003e\u003cb\u003eאתר:\u003c/b\u003e כפר הנוקדים\u003cbr/\u003e\u003cb\u003eתאריך:\u003c/b\u003e 13-02-2026\u003cbr/\u003e\u003cb\u003eID:\u003c/b\u003e 3698\u003cbr/\u003e\u003cb\u003eFB:\u003c/b\u003e \u003ca href=\u0027https://www.facebook.com/groups/beshvil.yael/posts/3889254134701042/\u0027\u003ehttps://www.facebook.com/groups/beshvil.yael/posts/3889254134701042/\u003c/a\u003e\u003cbr/\u003e\u003cbr/\u003e\u003cimg src=\u0027https://drive.google.com/uc?export=view\u0026amp;id=1PqnNACG52yY08jAkTkY02Gl28VhKDHzk\u0027 width=\u0027450\u0027/\u003e\u003cbr/\u003e\u003c/div\u003e",
                                            "tessellate":  -1,
                                            "extrude":  0,
                                            "visibility":  -1
                                        },
                         "geometry":  {
                                          "type":  "Point",
                                          "coordinates":  [
                                                              35.27222,
                                                              31.30211,
                                                              0.0
                                                          ]
                                      }
                     },
                     {
                         "type":  "Feature",
                         "properties":  {
                                            "Name":  "#2474",
                                            "description":  "\u003cdiv dir=\u0027rtl\u0027 style=\u0027font-family:Arial;\u0027\u003e\u003cb\u003eשם:\u003c/b\u003e לי בוטוין\u003cbr/\u003e\u003cb\u003eאתר:\u003c/b\u003e יער בן שמן\u003cbr/\u003e\u003cb\u003eתאריך:\u003c/b\u003e 16-05-2026\u003cbr/\u003e\u003cb\u003eID:\u003c/b\u003e 4456\u003cbr/\u003e\u003cb\u003eFB:\u003c/b\u003e \u003ca href=\u0027https://www.facebook.com/groups/beshvil.yael/posts/3973126696313785/\u0027\u003ehttps://www.facebook.com/groups/beshvil.yael/posts/3973126696313785/\u003c/a\u003e\u003cbr/\u003e\u003cbr/\u003e\u003cimg src=\u0027https://drive.google.com/uc?export=view\u0026amp;id=1EovtFa4j8fyLmlYdlgGoDmcE9j_CCFAr\u0027 width=\u0027450\u0027/\u003e\u003cbr/\u003e\u003c/div\u003e",
                                            "tessellate":  -1,
                                            "extrude":  0,
                                            "visibility":  -1
                                        },
                         "geometry":  {
                                          "type":  "Point",
                                          "coordinates":  [
                                                              34.96296,
                                                              31.94292,
                                                              0.0
                                                          ]
                                      }
                     },
                     {
                         "type":  "Feature",
                         "properties":  {
                                            "Name":  "#2474",
                                            "description":  "\u003cdiv dir=\u0027rtl\u0027 style=\u0027font-family:Arial;\u0027\u003e\u003cb\u003eשם:\u003c/b\u003e לי בוטוין\u003cbr/\u003e\u003cb\u003eאתר:\u003c/b\u003e יער בן שמן\u003cbr/\u003e\u003cb\u003eתאריך:\u003c/b\u003e 16-05-2026\u003cbr/\u003e\u003cb\u003eID:\u003c/b\u003e 526\u003cbr/\u003e\u003cb\u003eFB:\u003c/b\u003e \u003ca href=\u0027https://www.facebook.com/groups/beshvil.yael/posts/3973126696313785/\u0027\u003ehttps://www.facebook.com/groups/beshvil.yael/posts/3973126696313785/\u003c/a\u003e\u003cbr/\u003e\u003cbr/\u003e\u003cimg src=\u0027https://drive.google.com/uc?export=view\u0026amp;id=1EovtFa4j8fyLmlYdlgGoDmcE9j_CCFAr\u0027 width=\u0027450\u0027/\u003e\u003cbr/\u003e\u003c/div\u003e",
                                            "tessellate":  -1,
                                            "extrude":  0,
                                            "visibility":  -1
                                        },
                         "geometry":  {
                                          "type":  "Point",
                                          "coordinates":  [
                                                              34.96296,
                                                              31.94319,
                                                              0.0
                                                          ]
                                      }
                     },
                     {
                         "type":  "Feature",
                         "properties":  {
                                            "Name":  "#2474",
                                            "description":  "\u003cdiv dir=\u0027rtl\u0027 style=\u0027font-family:Arial;\u0027\u003e\u003cb\u003eשם:\u003c/b\u003e לי בוטוין\u003cbr/\u003e\u003cb\u003eאתר:\u003c/b\u003e בריכת הדלבים\u003cbr/\u003e\u003cb\u003eתאריך:\u003c/b\u003e 21-05-2026\u003cbr/\u003e\u003cb\u003eID:\u003c/b\u003e 4503\u003cbr/\u003e\u003cb\u003eFB:\u003c/b\u003e \u003ca href=\u0027https://www.facebook.com/groups/beshvil.yael/posts/3978234782469643\u0027\u003ehttps://www.facebook.com/groups/beshvil.yael/posts/3978234782469643\u003c/a\u003e\u003cbr/\u003e\u003cbr/\u003e\u003cimg src=\u0027https://drive.google.com/uc?export=view\u0026amp;id=15ViqBX0Jb_ikItGR7SA8DlzNIC6hn03w\u0027 width=\u0027450\u0027/\u003e\u003cbr/\u003e\u003c/div\u003e",
                                            "tessellate":  -1,
                                            "extrude":  0,
                                            "visibility":  -1
                                        },
                         "geometry":  {
                                          "type":  "Point",
                                          "coordinates":  [
                                                              35.24595,
                                                              33.04294,
                                                              0.0
                                                          ]
                                      }
                     },
                     {
                         "type":  "Feature",
                         "properties":  {
                                            "Name":  "#2475",
                                            "description":  "\u003cdiv dir=\u0027rtl\u0027 style=\u0027font-family:Arial;\u0027\u003e\u003cb\u003eשם:\u003c/b\u003e אלונה רון-שניר\u003cbr/\u003e\u003cb\u003eאתר:\u003c/b\u003e הקסטל\u003cbr/\u003e\u003cb\u003eתאריך:\u003c/b\u003e 18-04-2025\u003cbr/\u003e\u003cb\u003eID:\u003c/b\u003e 34\u003cbr/\u003e\u003cb\u003eFB:\u003c/b\u003e \u003ca href=\u0027https://www.facebook.com/groups/3235176716775457/posts/3618786911747767/\u0027\u003ehttps://www.facebook.com/groups/3235176716775457/posts/3618786911747767/\u003c/a\u003e\u003cbr/\u003e\u003cbr/\u003e\u003cimg src=\u0027https://drive.google.com/uc?export=view\u0026amp;id=1Jq-wQcYSZ4kfj4PYj4QSHZnbaCewJebc\u0027 width=\u0027450\u0027/\u003e\u003cbr/\u003e\u003c/div\u003e",
                                            "tessellate":  -1,
                                            "extrude":  0,
                                            "visibility":  -1
                                        },
                         "geometry":  {
                                          "type":  "Point",
                                          "coordinates":  [
                                                              35.14217,
                                                              31.79765,
                                                              0.0
                                                          ]
                                      }
                     },
                     {
                         "type":  "Feature",
                         "properties":  {
                                            "Name":  "#2475",
                                            "description":  "\u003cdiv dir=\u0027rtl\u0027 style=\u0027font-family:Arial;\u0027\u003e\u003cb\u003eשם:\u003c/b\u003e אלונה רון-שניר\u003cbr/\u003e\u003cb\u003eאתר:\u003c/b\u003e המסרק\u003cbr/\u003e\u003cb\u003eתאריך:\u003c/b\u003e 18-04-2025\u003cbr/\u003e\u003cb\u003eID:\u003c/b\u003e 276\u003cbr/\u003e\u003cb\u003eFB:\u003c/b\u003e \u003ca href=\u0027https://www.facebook.com/groups/3235176716775457/posts/3618922541734204/\u0027\u003ehttps://www.facebook.com/groups/3235176716775457/posts/3618922541734204/\u003c/a\u003e\u003cbr/\u003e\u003cbr/\u003e\u003cimg src=\u0027https://drive.google.com/uc?export=view\u0026amp;id=1JV4_Seni2DdyQySfWL5_Qbs_YHXTlMsK\u0027 width=\u0027450\u0027/\u003e\u003cbr/\u003e\u003c/div\u003e",
                                            "tessellate":  -1,
                                            "extrude":  0,
                                            "visibility":  -1
                                        },
                         "geometry":  {
                                          "type":  "Point",
                                          "coordinates":  [
                                                              35.0417016,
                                                              31.7948576,
                                                              0.0
                                                          ]
                                      }
                     },
                     {
                         "type":  "Feature",
                         "properties":  {
                                            "Name":  "#2475",
                                            "description":  "\u003cdiv dir=\u0027rtl\u0027 style=\u0027font-family:Arial;\u0027\u003e\u003cb\u003eשם:\u003c/b\u003e אלונה רון-שניר\u003cbr/\u003e\u003cb\u003eאתר:\u003c/b\u003e נחל ערוגות\u003cbr/\u003e\u003cb\u003eתאריך:\u003c/b\u003e 07-07-2025\u003cbr/\u003e\u003cb\u003eID:\u003c/b\u003e 42\u003cbr/\u003e\u003cb\u003eFB:\u003c/b\u003e \u003ca href=\u0027https://www.facebook.com/groups/beshvil.yael/posts/3772412449718545\u0027\u003ehttps://www.facebook.com/groups/beshvil.yael/posts/3772412449718545\u003c/a\u003e\u003cbr/\u003e\u003cbr/\u003e\u003cimg src=\u0027https://drive.google.com/uc?export=view\u0026amp;id=1t2IlqIZtVHTX90g3sPEKgzchldZ1XDYZ\u0027 width=\u0027450\u0027/\u003e\u003cbr/\u003e\u003c/div\u003e",
                                            "tessellate":  -1,
                                            "extrude":  0,
                                            "visibility":  -1
                                        },
                         "geometry":  {
                                          "type":  "Point",
                                          "coordinates":  [
                                                              35.37763,
                                                              31.46164,
                                                              0.0
                                                          ]
                                      }
                     },
                     {
                         "type":  "Feature",
                         "properties":  {
                                            "Name":  "#2478",
                                            "description":  "\u003cdiv dir=\u0027rtl\u0027 style=\u0027font-family:Arial;\u0027\u003e\u003cb\u003eשם:\u003c/b\u003e אריאלה רון\u003cbr/\u003e\u003cb\u003eאתר:\u003c/b\u003e הקסטל\u003cbr/\u003e\u003cb\u003eתאריך:\u003c/b\u003e 18-04-2025\u003cbr/\u003e\u003cb\u003eID:\u003c/b\u003e 265\u003cbr/\u003e\u003cb\u003eFB:\u003c/b\u003e \u003ca href=\u0027https://www.facebook.com/groups/3235176716775457/posts/3618786911747767/\u0027\u003ehttps://www.facebook.com/groups/3235176716775457/posts/3618786911747767/\u003c/a\u003e\u003cbr/\u003e\u003cbr/\u003e\u003cimg src=\u0027https://drive.google.com/uc?export=view\u0026amp;id=1Jq-wQcYSZ4kfj4PYj4QSHZnbaCewJebc\u0027 width=\u0027450\u0027/\u003e\u003cbr/\u003e\u003c/div\u003e",
                                            "tessellate":  -1,
                                            "extrude":  0,
                                            "visibility":  -1
                                        },
                         "geometry":  {
                                          "type":  "Point",
                                          "coordinates":  [
                                                              35.14217,
                                                              31.79738,
                                                              0.0
                                                          ]
                                      }
                     },
                     {
                         "type":  "Feature",
                         "properties":  {
                                            "Name":  "#2484",
                                            "description":  "\u003cdiv dir=\u0027rtl\u0027 style=\u0027font-family:Arial;\u0027\u003e\u003cb\u003eשם:\u003c/b\u003e אפרת הרמל סער\u003cbr/\u003e\u003cb\u003eאתר:\u003c/b\u003e פארק תמנע\u003cbr/\u003e\u003cb\u003eתאריך:\u003c/b\u003e 24-11-2025\u003cbr/\u003e\u003cb\u003eID:\u003c/b\u003e 2855\u003cbr/\u003e\u003cb\u003eFB:\u003c/b\u003e \u003ca href=\u0027https://www.facebook.com/groups/beshvil.yael/posts/3817855348507588/\u0027\u003ehttps://www.facebook.com/groups/beshvil.yael/posts/3817855348507588/\u003c/a\u003e\u003cbr/\u003e\u003cbr/\u003e\u003cimg src=\u0027https://drive.google.com/uc?export=view\u0026amp;id=1Vsa05X_M2W566qw4dSC6clxd9mdghFQm\u0027 width=\u0027450\u0027/\u003e\u003cbr/\u003e\u003c/div\u003e",
                                            "tessellate":  -1,
                                            "extrude":  0,
                                            "visibility":  -1
                                        },
                         "geometry":  {
                                          "type":  "Point",
                                          "coordinates":  [
                                                              34.98965,
                                                              29.78737,
                                                              0.0
                                                          ]
                                      }
                     },
                     {
                         "type":  "Feature",
                         "properties":  {
                                            "Name":  "#2540",
                                            "description":  "\u003cdiv dir=\u0027rtl\u0027 style=\u0027font-family:Arial;\u0027\u003e\u003cb\u003eשם:\u003c/b\u003e מיכל לב\u003cbr/\u003e\u003cb\u003eאתר:\u003c/b\u003e פארק נחל חדרה\u003cbr/\u003e\u003cb\u003eתאריך:\u003c/b\u003e 17-01-2026\u003cbr/\u003e\u003cb\u003eID:\u003c/b\u003e 3378\u003cbr/\u003e\u003cb\u003eFB:\u003c/b\u003e \u003ca href=\u0027https://www.facebook.com/groups/beshvil.yael/posts/3863971147229341\u0027\u003ehttps://www.facebook.com/groups/beshvil.yael/posts/3863971147229341\u003c/a\u003e\u003cbr/\u003e\u003cbr/\u003e\u003cimg src=\u0027https://drive.google.com/uc?export=view\u0026amp;id=1RDx0i2GQd0zrd9NFiKZwz8OhSE9NRLKQ\u0027 width=\u0027450\u0027/\u003e\u003cbr/\u003e\u003c/div\u003e",
                                            "tessellate":  -1,
                                            "extrude":  0,
                                            "visibility":  -1
                                        },
                         "geometry":  {
                                          "type":  "Point",
                                          "coordinates":  [
                                                              34.88827,
                                                              32.46358,
                                                              0.0
                                                          ]
                                      }
                     },
                     {
                         "type":  "Feature",
                         "properties":  {
                                            "Name":  "#2540",
                                            "description":  "\u003cdiv dir=\u0027rtl\u0027 style=\u0027font-family:Arial;\u0027\u003e\u003cb\u003eשם:\u003c/b\u003e מיכל לב\u003cbr/\u003e\u003cb\u003eאתר:\u003c/b\u003e מעגן מיכאל\u003cbr/\u003e\u003cb\u003eתאריך:\u003c/b\u003e 19-01-2026\u003cbr/\u003e\u003cb\u003eID:\u003c/b\u003e 3405\u003cbr/\u003e\u003cb\u003eFB:\u003c/b\u003e \u003ca href=\u0027https://www.facebook.com/groups/beshvil.yael/posts/3865614913731631\u0027\u003ehttps://www.facebook.com/groups/beshvil.yael/posts/3865614913731631\u003c/a\u003e\u003cbr/\u003e\u003cbr/\u003e\u003cimg src=\u0027https://drive.google.com/uc?export=view\u0026amp;id=1z2ZRzlgeVJ7yg-RMPbuxx7hbf33kennG\u0027 width=\u0027450\u0027/\u003e\u003cbr/\u003e\u003c/div\u003e",
                                            "tessellate":  -1,
                                            "extrude":  0,
                                            "visibility":  -1
                                        },
                         "geometry":  {
                                          "type":  "Point",
                                          "coordinates":  [
                                                              34.90866,
                                                              32.56148,
                                                              0.0
                                                          ]
                                      }
                     },
                     {
                         "type":  "Feature",
                         "properties":  {
                                            "Name":  "#2540",
                                            "description":  "\u003cdiv dir=\u0027rtl\u0027 style=\u0027font-family:Arial;\u0027\u003e\u003cb\u003eשם:\u003c/b\u003e מיכל לב\u003cbr/\u003e\u003cb\u003eאתר:\u003c/b\u003e תל עזקה\u003cbr/\u003e\u003cb\u003eתאריך:\u003c/b\u003e 24-01-2026\u003cbr/\u003e\u003cb\u003eID:\u003c/b\u003e 3455\u003cbr/\u003e\u003cb\u003eFB:\u003c/b\u003e \u003ca href=\u0027https://www.facebook.com/groups/beshvil.yael/posts/3870215279938261/\u0027\u003ehttps://www.facebook.com/groups/beshvil.yael/posts/3870215279938261/\u003c/a\u003e\u003cbr/\u003e\u003cbr/\u003e\u003cimg src=\u0027https://drive.google.com/uc?export=view\u0026amp;id=11--Ko32MuZcUCdMaA_Zbya9Z0kGivyXE\u0027 width=\u0027450\u0027/\u003e\u003cbr/\u003e\u003c/div\u003e",
                                            "tessellate":  -1,
                                            "extrude":  0,
                                            "visibility":  -1
                                        },
                         "geometry":  {
                                          "type":  "Point",
                                          "coordinates":  [
                                                              34.93569,
                                                              31.70051,
                                                              0.0
                                                          ]
                                      }
                     },
                     {
                         "type":  "Feature",
                         "properties":  {
                                            "Name":  "#2540",
                                            "description":  "\u003cdiv dir=\u0027rtl\u0027 style=\u0027font-family:Arial;\u0027\u003e\u003cb\u003eשם:\u003c/b\u003e מיכל לב\u003cbr/\u003e\u003cb\u003eאתר:\u003c/b\u003e רמת הנדיב\u003cbr/\u003e\u003cb\u003eתאריך:\u003c/b\u003e 10-02-2026\u003cbr/\u003e\u003cb\u003eID:\u003c/b\u003e 3653\u003cbr/\u003e\u003cb\u003eFB:\u003c/b\u003e \u003ca href=\u0027https://www.facebook.com/groups/beshvil.yael/posts/3886342214992234/\u0027\u003ehttps://www.facebook.com/groups/beshvil.yael/posts/3886342214992234/\u003c/a\u003e\u003cbr/\u003e\u003cbr/\u003e\u003cimg src=\u0027https://drive.google.com/uc?export=view\u0026amp;id=1g4IdPentHkU9rNGRqlQBys__ggk9EKUq\u0027 width=\u0027450\u0027/\u003e\u003cbr/\u003e\u003c/div\u003e",
                                            "tessellate":  -1,
                                            "extrude":  0,
                                            "visibility":  -1
                                        },
                         "geometry":  {
                                          "type":  "Point",
                                          "coordinates":  [
                                                              34.94735,
                                                              32.5513,
                                                              0.0
                                                          ]
                                      }
                     },
                     {
                         "type":  "Feature",
                         "properties":  {
                                            "Name":  "#2540",
                                            "description":  "\u003cdiv dir=\u0027rtl\u0027 style=\u0027font-family:Arial;\u0027\u003e\u003cb\u003eשם:\u003c/b\u003e מיכל לב\u003cbr/\u003e\u003cb\u003eאתר:\u003c/b\u003e יקום - פולג\u003cbr/\u003e\u003cb\u003eתאריך:\u003c/b\u003e 16-02-2026\u003cbr/\u003e\u003cb\u003eID:\u003c/b\u003e 3735\u003cbr/\u003e\u003cb\u003eFB:\u003c/b\u003e \u003ca href=\u0027https://www.facebook.com/groups/beshvil.yael/posts/3892090697750719/\u0027\u003ehttps://www.facebook.com/groups/beshvil.yael/posts/3892090697750719/\u003c/a\u003e\u003cbr/\u003e\u003cbr/\u003e\u003cimg src=\u0027https://drive.google.com/uc?export=view\u0026amp;id=1r2eDGcqb5-6NNW4Cu3PN2i5kO1w6ibHg\u0027 width=\u0027450\u0027/\u003e\u003cbr/\u003e\u003c/div\u003e",
                                            "tessellate":  -1,
                                            "extrude":  0,
                                            "visibility":  -1
                                        },
                         "geometry":  {
                                          "type":  "Point",
                                          "coordinates":  [
                                                              34.83833,
                                                              32.25414,
                                                              0.0
                                                          ]
                                      }
                     },
                     {
                         "type":  "Feature",
                         "properties":  {
                                            "Name":  "#2540",
                                            "description":  "\u003cdiv dir=\u0027rtl\u0027 style=\u0027font-family:Arial;\u0027\u003e\u003cb\u003eשם:\u003c/b\u003e מיכל לב\u003cbr/\u003e\u003cb\u003eאתר:\u003c/b\u003e רכבת העמק ההיסטורית\u003cbr/\u003e\u003cb\u003eתאריך:\u003c/b\u003e 06-05-2026\u003cbr/\u003e\u003cb\u003eID:\u003c/b\u003e 4365\u003cbr/\u003e\u003cb\u003eFB:\u003c/b\u003e \u003ca href=\u0027https://www.facebook.com/groups/beshvil.yael/posts/3963974187229036\u0027\u003ehttps://www.facebook.com/groups/beshvil.yael/posts/3963974187229036\u003c/a\u003e\u003cbr/\u003e\u003cbr/\u003e\u003cimg src=\u0027https://drive.google.com/uc?export=view\u0026amp;id=10iTpRjPVslJZwBIwPR8VnuYmN2OkZN9H\u0027 width=\u0027450\u0027/\u003e\u003cbr/\u003e\u003c/div\u003e",
                                            "tessellate":  -1,
                                            "extrude":  0,
                                            "visibility":  -1
                                        },
                         "geometry":  {
                                          "type":  "Point",
                                          "coordinates":  [
                                                              35.15319,
                                                              32.67373,
                                                              0.0
                                                          ]
                                      }
                     },
                     {
                         "type":  "Feature",
                         "properties":  {
                                            "Name":  "#2540",
                                            "description":  "\u003cdiv dir=\u0027rtl\u0027 style=\u0027font-family:Arial;\u0027\u003e\u003cb\u003eשם:\u003c/b\u003e מיכל לב\u003cbr/\u003e\u003cb\u003eאתר:\u003c/b\u003e נחל חדרה\u003cbr/\u003e\u003cb\u003eתאריך:\u003c/b\u003e 11-05-2026\u003cbr/\u003e\u003cb\u003eID:\u003c/b\u003e 4405\u003cbr/\u003e\u003cb\u003eFB:\u003c/b\u003e \u003ca href=\u0027https://www.facebook.com/groups/beshvil.yael/posts/3968516940108094\u0027\u003ehttps://www.facebook.com/groups/beshvil.yael/posts/3968516940108094\u003c/a\u003e\u003cbr/\u003e\u003cbr/\u003e\u003cimg src=\u0027https://drive.google.com/uc?export=view\u0026amp;id=1iWl5p-YYmdXo3-oTZFVN6RYafQSjuYkv\u0027 width=\u0027450\u0027/\u003e\u003cbr/\u003e\u003c/div\u003e",
                                            "tessellate":  -1,
                                            "extrude":  0,
                                            "visibility":  -1
                                        },
                         "geometry":  {
                                          "type":  "Point",
                                          "coordinates":  [
                                                              34.8866,
                                                              32.46457,
                                                              0.0
                                                          ]
                                      }
                     },
                     {
                         "type":  "Feature",
                         "properties":  {
                                            "Name":  "#2540",
                                            "description":  "\u003cdiv dir=\u0027rtl\u0027 style=\u0027font-family:Arial;\u0027\u003e\u003cb\u003eשם:\u003c/b\u003e מיכל לב\u003cbr/\u003e\u003cb\u003eאתר:\u003c/b\u003e מחנה המעפילים\u003cbr/\u003e\u003cb\u003eתאריך:\u003c/b\u003e 12-05-2026\u003cbr/\u003e\u003cb\u003eID:\u003c/b\u003e 4408\u003cbr/\u003e\u003cb\u003eFB:\u003c/b\u003e \u003ca href=\u0027https://www.facebook.com/groups/beshvil.yael/posts/3969407456685709\u0027\u003ehttps://www.facebook.com/groups/beshvil.yael/posts/3969407456685709\u003c/a\u003e\u003cbr/\u003e\u003cbr/\u003e\u003cimg src=\u0027https://drive.google.com/uc?export=view\u0026amp;id=13COGT54zltTg3F6SopsoK0D2WeMmvsXQ\u0027 width=\u0027450\u0027/\u003e\u003cbr/\u003e\u003c/div\u003e",
                                            "tessellate":  -1,
                                            "extrude":  0,
                                            "visibility":  -1
                                        },
                         "geometry":  {
                                          "type":  "Point",
                                          "coordinates":  [
                                                              34.94869,
                                                              32.71168,
                                                              0.0
                                                          ]
                                      }
                     },
                     {
                         "type":  "Feature",
                         "properties":  {
                                            "Name":  "#2540",
                                            "description":  "\u003cdiv dir=\u0027rtl\u0027 style=\u0027font-family:Arial;\u0027\u003e\u003cb\u003eשם:\u003c/b\u003e מיכל לב\u003cbr/\u003e\u003cb\u003eאתר:\u003c/b\u003e נחל קטיע\u003cbr/\u003e\u003cb\u003eתאריך:\u003c/b\u003e 18-05-2026\u003cbr/\u003e\u003cb\u003eID:\u003c/b\u003e 4490\u003cbr/\u003e\u003cb\u003eFB:\u003c/b\u003e \u003ca href=\u0027https://www.facebook.com/groups/beshvil.yael/posts/3975232346103220/\u0027\u003ehttps://www.facebook.com/groups/beshvil.yael/posts/3975232346103220/\u003c/a\u003e\u003cbr/\u003e\u003cbr/\u003e\u003cimg src=\u0027https://drive.google.com/uc?export=view\u0026amp;id=1qVIDFtIqplOaajDdd2ZiVGT7Zs2mDsoX\u0027 width=\u0027450\u0027/\u003e\u003cbr/\u003e\u003c/div\u003e",
                                            "tessellate":  -1,
                                            "extrude":  0,
                                            "visibility":  -1
                                        },
                         "geometry":  {
                                          "type":  "Point",
                                          "coordinates":  [
                                                              35.02804,
                                                              32.7667,
                                                              0.0
                                                          ]
                                      }
                     },
                     {
                         "type":  "Feature",
                         "properties":  {
                                            "Name":  "#2540",
                                            "description":  "\u003cdiv dir=\u0027rtl\u0027 style=\u0027font-family:Arial;\u0027\u003e\u003cb\u003eשם:\u003c/b\u003e מיכל לב\u003cbr/\u003e\u003cb\u003eאתר:\u003c/b\u003e מצפור ינון תמיר\u003cbr/\u003e\u003cb\u003eתאריך:\u003c/b\u003e 19-05-2026\u003cbr/\u003e\u003cb\u003eID:\u003c/b\u003e 4494\u003cbr/\u003e\u003cb\u003eFB:\u003c/b\u003e \u003ca href=\u0027https://www.facebook.com/groups/beshvil.yael/posts/3976417825984672\u0027\u003ehttps://www.facebook.com/groups/beshvil.yael/posts/3976417825984672\u003c/a\u003e\u003cbr/\u003e\u003cbr/\u003e\u003cimg src=\u0027https://drive.google.com/uc?export=view\u0026amp;id=11URVd6dajhq_VWJLJujY_k8VlcIjxLzK\u0027 width=\u0027450\u0027/\u003e\u003cbr/\u003e\u003c/div\u003e",
                                            "tessellate":  -1,
                                            "extrude":  0,
                                            "visibility":  -1
                                        },
                         "geometry":  {
                                          "type":  "Point",
                                          "coordinates":  [
                                                              35.74355,
                                                              32.75932,
                                                              0.0
                                                          ]
                                      }
                     },
                     {
                         "type":  "Feature",
                         "properties":  {
                                            "Name":  "#2541",
                                            "description":  "\u003cdiv dir=\u0027rtl\u0027 style=\u0027font-family:Arial;\u0027\u003e\u003cb\u003eשם:\u003c/b\u003e מיכל לב\u003cbr/\u003e\u003cb\u003eאתר:\u003c/b\u003e עין ארובות\u003cbr/\u003e\u003cb\u003eתאריך:\u003c/b\u003e 31-01-2026\u003cbr/\u003e\u003cb\u003eID:\u003c/b\u003e 3536\u003cbr/\u003e\u003cb\u003eFB:\u003c/b\u003e \u003ca href=\u0027https://www.facebook.com/groups/beshvil.yael/posts/3877013035925152\u0027\u003ehttps://www.facebook.com/groups/beshvil.yael/posts/3877013035925152\u003c/a\u003e\u003cbr/\u003e\u003cbr/\u003e\u003cimg src=\u0027https://drive.google.com/uc?export=view\u0026amp;id=1yJzHN8BgAxBiJ14Ene8Uf9dc5nDUM5Qg\u0027 width=\u0027450\u0027/\u003e\u003cbr/\u003e\u003c/div\u003e",
                                            "tessellate":  -1,
                                            "extrude":  0,
                                            "visibility":  -1
                                        },
                         "geometry":  {
                                          "type":  "Point",
                                          "coordinates":  [
                                                              35.02011,
                                                              32.48182,
                                                              0.0
                                                          ]
                                      }
                     },
                     {
                         "type":  "Feature",
                         "properties":  {
                                            "Name":  "#2541",
                                            "description":  "\u003cdiv dir=\u0027rtl\u0027 style=\u0027font-family:Arial;\u0027\u003e\u003cb\u003eשם:\u003c/b\u003e ענבר לב\u003cbr/\u003e\u003cb\u003eאתר:\u003c/b\u003e מחנה צלמון\u003cbr/\u003e\u003cb\u003eתאריך:\u003c/b\u003e 01-02-2026\u003cbr/\u003e\u003cb\u003eID:\u003c/b\u003e 3555\u003cbr/\u003e\u003cb\u003eFB:\u003c/b\u003e \u003ca href=\u0027https://www.facebook.com/groups/beshvil.yael/posts/3877684122524710\u0027\u003ehttps://www.facebook.com/groups/beshvil.yael/posts/3877684122524710\u003c/a\u003e\u003cbr/\u003e\u003cbr/\u003e\u003cimg src=\u0027https://drive.google.com/uc?export=view\u0026amp;id=1K2H9EbmYGRcm2WLz78b7rf4ioT_0GXvt\u0027 width=\u0027450\u0027/\u003e\u003cbr/\u003e\u003c/div\u003e",
                                            "tessellate":  -1,
                                            "extrude":  0,
                                            "visibility":  -1
                                        },
                         "geometry":  {
                                          "type":  "Point",
                                          "coordinates":  [
                                                              35.36808,
                                                              32.88191,
                                                              0.0
                                                          ]
                                      }
                     },
                     {
                         "type":  "Feature",
                         "properties":  {
                                            "Name":  "#2541",
                                            "description":  "\u003cdiv dir=\u0027rtl\u0027 style=\u0027font-family:Arial;\u0027\u003e\u003cb\u003eשם:\u003c/b\u003e מיכל לב\u003cbr/\u003e\u003cb\u003eאתר:\u003c/b\u003e רמת הנדיב\u003cbr/\u003e\u003cb\u003eתאריך:\u003c/b\u003e 10-02-2026\u003cbr/\u003e\u003cb\u003eID:\u003c/b\u003e 81\u003cbr/\u003e\u003cb\u003eFB:\u003c/b\u003e \u003ca href=\u0027https://www.facebook.com/groups/beshvil.yael/posts/3886342214992234/\u0027\u003ehttps://www.facebook.com/groups/beshvil.yael/posts/3886342214992234/\u003c/a\u003e\u003cbr/\u003e\u003cbr/\u003e\u003cimg src=\u0027https://drive.google.com/uc?export=view\u0026amp;id=1g4IdPentHkU9rNGRqlQBys__ggk9EKUq\u0027 width=\u0027450\u0027/\u003e\u003cbr/\u003e\u003c/div\u003e",
                                            "tessellate":  -1,
                                            "extrude":  0,
                                            "visibility":  -1
                                        },
                         "geometry":  {
                                          "type":  "Point",
                                          "coordinates":  [
                                                              34.94735,
                                                              32.55157,
                                                              0.0
                                                          ]
                                      }
                     },
                     {
                         "type":  "Feature",
                         "properties":  {
                                            "Name":  "#2541",
                                            "description":  "\u003cdiv dir=\u0027rtl\u0027 style=\u0027font-family:Arial;\u0027\u003e\u003cb\u003eשם:\u003c/b\u003e מיכל לב\u003cbr/\u003e\u003cb\u003eאתר:\u003c/b\u003e יקום - פולג\u003cbr/\u003e\u003cb\u003eתאריך:\u003c/b\u003e 16-02-2026\u003cbr/\u003e\u003cb\u003eID:\u003c/b\u003e 68\u003cbr/\u003e\u003cb\u003eFB:\u003c/b\u003e \u003ca href=\u0027https://www.facebook.com/groups/beshvil.yael/posts/3892090697750719/\u0027\u003ehttps://www.facebook.com/groups/beshvil.yael/posts/3892090697750719/\u003c/a\u003e\u003cbr/\u003e\u003cbr/\u003e\u003cimg src=\u0027https://drive.google.com/uc?export=view\u0026amp;id=1r2eDGcqb5-6NNW4Cu3PN2i5kO1w6ibHg\u0027 width=\u0027450\u0027/\u003e\u003cbr/\u003e\u003c/div\u003e",
                                            "tessellate":  -1,
                                            "extrude":  0,
                                            "visibility":  -1
                                        },
                         "geometry":  {
                                          "type":  "Point",
                                          "coordinates":  [
                                                              34.83833,
                                                              32.25441,
                                                              0.0
                                                          ]
                                      }
                     },
                     {
                         "type":  "Feature",
                         "properties":  {
                                            "Name":  "#2541",
                                            "description":  "\u003cdiv dir=\u0027rtl\u0027 style=\u0027font-family:Arial;\u0027\u003e\u003cb\u003eשם:\u003c/b\u003e מיכל לב\u003cbr/\u003e\u003cb\u003eאתר:\u003c/b\u003e אובליסק\u003cbr/\u003e\u003cb\u003eתאריך:\u003c/b\u003e 06-04-2026\u003cbr/\u003e\u003cb\u003eID:\u003c/b\u003e 4060\u003cbr/\u003e\u003cb\u003eFB:\u003c/b\u003e \u003ca href=\u0027https://www.secure.facebook.com/groups/beshvil.yael/posts/3936872423272546/\u0027\u003ehttps://www.secure.facebook.com/groups/beshvil.yael/posts/3936872423272546/\u003c/a\u003e\u003cbr/\u003e\u003cbr/\u003e\u003cimg src=\u0027https://drive.google.com/uc?export=view\u0026amp;id=1p0C7tFlQKEhLE26TAVbWnS4u9pptyW62\u0027 width=\u0027450\u0027/\u003e\u003cbr/\u003e\u003c/div\u003e",
                                            "tessellate":  -1,
                                            "extrude":  0,
                                            "visibility":  -1
                                        },
                         "geometry":  {
                                          "type":  "Point",
                                          "coordinates":  [
                                                              34.89832,
                                                              32.49958,
                                                              0.0
                                                          ]
                                      }
                     },
                     {
                         "type":  "Feature",
                         "properties":  {
                                            "Name":  "#2541",
                                            "description":  "\u003cdiv dir=\u0027rtl\u0027 style=\u0027font-family:Arial;\u0027\u003e\u003cb\u003eשם:\u003c/b\u003e מיכל לב\u003cbr/\u003e\u003cb\u003eאתר:\u003c/b\u003e חוף האקוודוקט\u003cbr/\u003e\u003cb\u003eתאריך:\u003c/b\u003e 23-05-2026\u003cbr/\u003e\u003cb\u003eID:\u003c/b\u003e 4512\u003cbr/\u003e\u003cb\u003eFB:\u003c/b\u003e \u003ca href=\u0027https://www.facebook.com/groups/beshvil.yael/posts/3979999662293155/\u0027\u003ehttps://www.facebook.com/groups/beshvil.yael/posts/3979999662293155/\u003c/a\u003e\u003cbr/\u003e\u003cbr/\u003e\u003cimg src=\u0027https://drive.google.com/uc?export=view\u0026amp;id=1RN7G3fzbMr7ujHCQdqz9zKsRN1Bo7YQ9\u0027 width=\u0027450\u0027/\u003e\u003cbr/\u003e\u003c/div\u003e",
                                            "tessellate":  -1,
                                            "extrude":  0,
                                            "visibility":  -1
                                        },
                         "geometry":  {
                                          "type":  "Point",
                                          "coordinates":  [
                                                              34.89617,
                                                              32.51339,
                                                              0.0
                                                          ]
                                      }
                     },
                     {
                         "type":  "Feature",
                         "properties":  {
                                            "Name":  "#2622",
                                            "description":  "\u003cdiv dir=\u0027rtl\u0027 style=\u0027font-family:Arial;\u0027\u003e\u003cb\u003eשם:\u003c/b\u003e רונית טודר\u003cbr/\u003e\u003cb\u003eאתר:\u003c/b\u003e נחל צלמון תחתון\u003cbr/\u003e\u003cb\u003eתאריך:\u003c/b\u003e 06-12-2025\u003cbr/\u003e\u003cb\u003eID:\u003c/b\u003e 2976\u003cbr/\u003e\u003cb\u003eFB:\u003c/b\u003e \u003ca href=\u0027https://www.facebook.com/groups/beshvil.yael/posts/3828277000798756/\u0027\u003ehttps://www.facebook.com/groups/beshvil.yael/posts/3828277000798756/\u003c/a\u003e\u003cbr/\u003e\u003cbr/\u003e\u003cimg src=\u0027https://drive.google.com/uc?export=view\u0026amp;id=1MebXdWAH1sDTgHkswBoSA7hx_ZBxw3e0\u0027 width=\u0027450\u0027/\u003e\u003cbr/\u003e\u003c/div\u003e",
                                            "tessellate":  -1,
                                            "extrude":  0,
                                            "visibility":  -1
                                        },
                         "geometry":  {
                                          "type":  "Point",
                                          "coordinates":  [
                                                              35.37299,
                                                              32.908,
                                                              0.0
                                                          ]
                                      }
                     },
                     {
                         "type":  "Feature",
                         "properties":  {
                                            "Name":  "#2640",
                                            "description":  "\u003cdiv dir=\u0027rtl\u0027 style=\u0027font-family:Arial;\u0027\u003e\u003cb\u003eשם:\u003c/b\u003e עדי ישראלי\u003cbr/\u003e\u003cb\u003eאתר:\u003c/b\u003e הר בני רסן\u003cbr/\u003e\u003cb\u003eתאריך:\u003c/b\u003e 04-11-2025\u003cbr/\u003e\u003cb\u003eID:\u003c/b\u003e 2610\u003cbr/\u003e\u003cb\u003eFB:\u003c/b\u003e \u003ca href=\u0027https://www.facebook.com/groups/beshvil.yael/posts/3800052340287889\u0027\u003ehttps://www.facebook.com/groups/beshvil.yael/posts/3800052340287889\u003c/a\u003e\u003cbr/\u003e\u003cbr/\u003e\u003cimg src=\u0027https://drive.google.com/uc?export=view\u0026amp;id=1jquma646rWf09GmTgvYmBOe4MVLZUkEQ\u0027 width=\u0027450\u0027/\u003e\u003cbr/\u003e\u003c/div\u003e",
                                            "tessellate":  -1,
                                            "extrude":  0,
                                            "visibility":  -1
                                        },
                         "geometry":  {
                                          "type":  "Point",
                                          "coordinates":  [
                                                              35.8315,
                                                              33.08411,
                                                              0.0
                                                          ]
                                      }
                     },
                     {
                         "type":  "Feature",
                         "properties":  {
                                            "Name":  "#2640",
                                            "description":  "\u003cdiv dir=\u0027rtl\u0027 style=\u0027font-family:Arial;\u0027\u003e\u003cb\u003eשם:\u003c/b\u003e עדי ישראלי\u003cbr/\u003e\u003cb\u003eאתר:\u003c/b\u003e מעלה זרון\u003cbr/\u003e\u003cb\u003eתאריך:\u003c/b\u003e 08-01-2026\u003cbr/\u003e\u003cb\u003eID:\u003c/b\u003e 3294\u003cbr/\u003e\u003cb\u003eFB:\u003c/b\u003e \u003ca href=\u0027https://www.facebook.com/groups/beshvil.yael/posts/3856165891343200\u0027\u003ehttps://www.facebook.com/groups/beshvil.yael/posts/3856165891343200\u003c/a\u003e\u003cbr/\u003e\u003cbr/\u003e\u003cimg src=\u0027https://drive.google.com/uc?export=view\u0026amp;id=1nIm05KbbiSZIdzdlJQdSVrpYcgbuQ2E-\u0027 width=\u0027450\u0027/\u003e\u003cbr/\u003e\u003c/div\u003e",
                                            "tessellate":  -1,
                                            "extrude":  0,
                                            "visibility":  -1
                                        },
                         "geometry":  {
                                          "type":  "Point",
                                          "coordinates":  [
                                                              35.33666,
                                                              31.15039,
                                                              0.0
                                                          ]
                                      }
                     },
                     {
                         "type":  "Feature",
                         "properties":  {
                                            "Name":  "#2640",
                                            "description":  "\u003cdiv dir=\u0027rtl\u0027 style=\u0027font-family:Arial;\u0027\u003e\u003cb\u003eשם:\u003c/b\u003e עדי ישראלי\u003cbr/\u003e\u003cb\u003eאתר:\u003c/b\u003e הר רמון\u003cbr/\u003e\u003cb\u003eתאריך:\u003c/b\u003e 04-04-2026\u003cbr/\u003e\u003cb\u003eID:\u003c/b\u003e 4036\u003cbr/\u003e\u003cb\u003eFB:\u003c/b\u003e \u003ca href=\u0027https://www.secure.facebook.com/groups/beshvil.yael/posts/3934960976797024/\u0027\u003ehttps://www.secure.facebook.com/groups/beshvil.yael/posts/3934960976797024/\u003c/a\u003e\u003cbr/\u003e\u003cbr/\u003e\u003cimg src=\u0027https://drive.google.com/uc?export=view\u0026amp;id=1jjTB96E9sdBJ4saHgJeWA1c7GxH8Xv1l\u0027 width=\u0027450\u0027/\u003e\u003cbr/\u003e\u003c/div\u003e",
                                            "tessellate":  -1,
                                            "extrude":  0,
                                            "visibility":  -1
                                        },
                         "geometry":  {
                                          "type":  "Point",
                                          "coordinates":  [
                                                              34.63675,
                                                              30.50323,
                                                              0.0
                                                          ]
                                      }
                     },
                     {
                         "type":  "Feature",
                         "properties":  {
                                            "Name":  "#2640",
                                            "description":  "\u003cdiv dir=\u0027rtl\u0027 style=\u0027font-family:Arial;\u0027\u003e\u003cb\u003eשם:\u003c/b\u003e עדי ישראלי\u003cbr/\u003e\u003cb\u003eאתר:\u003c/b\u003e גלבוע\u003cbr/\u003e\u003cb\u003eתאריך:\u003c/b\u003e 02-05-2026\u003cbr/\u003e\u003cb\u003eID:\u003c/b\u003e 4318\u003cbr/\u003e\u003cb\u003eFB:\u003c/b\u003e \u003ca href=\u0027https://www.facebook.com/groups/beshvil.yael/posts/3960360620923726/\u0027\u003ehttps://www.facebook.com/groups/beshvil.yael/posts/3960360620923726/\u003c/a\u003e\u003cbr/\u003e\u003cbr/\u003e\u003cimg src=\u0027https://drive.google.com/uc?export=view\u0026amp;id=1I6IeEPRbinELWbxUraRqBnczwmciAjnB\u0027 width=\u0027450\u0027/\u003e\u003cbr/\u003e\u003c/div\u003e",
                                            "tessellate":  -1,
                                            "extrude":  0,
                                            "visibility":  -1
                                        },
                         "geometry":  {
                                          "type":  "Point",
                                          "coordinates":  [
                                                              35.3851,
                                                              32.51284,
                                                              0.0
                                                          ]
                                      }
                     },
                     {
                         "type":  "Feature",
                         "properties":  {
                                            "Name":  "#2649",
                                            "description":  "\u003cdiv dir=\u0027rtl\u0027 style=\u0027font-family:Arial;\u0027\u003e\u003cb\u003eשם:\u003c/b\u003e נועה ריס\u003cbr/\u003e\u003cb\u003eאתר:\u003c/b\u003e נחל דליות - מג\u0027רסה\u003cbr/\u003e\u003cb\u003eתאריך:\u003c/b\u003e 10-07-2025\u003cbr/\u003e\u003cb\u003eID:\u003c/b\u003e 1147\u003cbr/\u003e\u003cb\u003eFB:\u003c/b\u003e \u003ca href=\u0027https://www.facebook.com/groups/beshvil.yael/posts/3690249831268141/\u0027\u003ehttps://www.facebook.com/groups/beshvil.yael/posts/3690249831268141/\u003c/a\u003e\u003cbr/\u003e\u003cbr/\u003e\u003cimg src=\u0027https://drive.google.com/uc?export=view\u0026amp;id=1JhEumFF83KYBfv8ul_ZGPbB05nXsIvOY\u0027 width=\u0027450\u0027/\u003e\u003cbr/\u003e\u003c/div\u003e",
                                            "tessellate":  -1,
                                            "extrude":  0,
                                            "visibility":  -1
                                        },
                         "geometry":  {
                                          "type":  "Point",
                                          "coordinates":  [
                                                              35.6362921,
                                                              32.8931653,
                                                              0.0
                                                          ]
                                      }
                     },
                     {
                         "type":  "Feature",
                         "properties":  {
                                            "Name":  "#2649",
                                            "description":  "\u003cdiv dir=\u0027rtl\u0027 style=\u0027font-family:Arial;\u0027\u003e\u003cb\u003eשם:\u003c/b\u003e נועה ריס\u003cbr/\u003e\u003cb\u003eאתר:\u003c/b\u003e מכתש חתירה\u003cbr/\u003e\u003cb\u003eתאריך:\u003c/b\u003e 22-12-2025\u003cbr/\u003e\u003cb\u003eID:\u003c/b\u003e 3138\u003cbr/\u003e\u003cb\u003eFB:\u003c/b\u003e \u003ca href=\u0027https://www.facebook.com/groups/beshvil.yael/posts/3841571759469280/\u0027\u003ehttps://www.facebook.com/groups/beshvil.yael/posts/3841571759469280/\u003c/a\u003e\u003cbr/\u003e\u003cbr/\u003e\u003cimg src=\u0027https://drive.google.com/uc?export=view\u0026amp;id=1lLk4ae38MY7fQ9QAlK6wmUbPhfdFTdoD\u0027 width=\u0027450\u0027/\u003e\u003cbr/\u003e\u003c/div\u003e",
                                            "tessellate":  -1,
                                            "extrude":  0,
                                            "visibility":  -1
                                        },
                         "geometry":  {
                                          "type":  "Point",
                                          "coordinates":  [
                                                              34.94493,
                                                              30.96055,
                                                              0.0
                                                          ]
                                      }
                     },
                     {
                         "type":  "Feature",
                         "properties":  {
                                            "Name":  "#2661",
                                            "description":  "\u003cdiv dir=\u0027rtl\u0027 style=\u0027font-family:Arial;\u0027\u003e\u003cb\u003eשם:\u003c/b\u003e יהודית כהן\u003cbr/\u003e\u003cb\u003eאתר:\u003c/b\u003e נחל עמוד\u003cbr/\u003e\u003cb\u003eתאריך:\u003c/b\u003e 17-07-2025\u003cbr/\u003e\u003cb\u003eID:\u003c/b\u003e 1215\u003cbr/\u003e\u003cb\u003eFB:\u003c/b\u003e \u003ca href=\u0027https://www.facebook.com/groups/beshvil.yael/posts/3696341100659014/\u0027\u003ehttps://www.facebook.com/groups/beshvil.yael/posts/3696341100659014/\u003c/a\u003e\u003cbr/\u003e\u003cbr/\u003e\u003cimg src=\u0027https://drive.google.com/uc?export=view\u0026amp;id=1c3qivD6H0PnFIP8jZuMsO1V0nAQ-guFZ\u0027 width=\u0027450\u0027/\u003e\u003cbr/\u003e\u003c/div\u003e",
                                            "tessellate":  -1,
                                            "extrude":  0,
                                            "visibility":  -1
                                        },
                         "geometry":  {
                                          "type":  "Point",
                                          "coordinates":  [
                                                              35.2180883,
                                                              33.0403427,
                                                              0.0
                                                          ]
                                      }
                     },
                     {
                         "type":  "Feature",
                         "properties":  {
                                            "Name":  "#2661",
                                            "description":  "\u003cdiv dir=\u0027rtl\u0027 style=\u0027font-family:Arial;\u0027\u003e\u003cb\u003eשם:\u003c/b\u003e יהודית כהן\u003cbr/\u003e\u003cb\u003eאתר:\u003c/b\u003e נחל כזיב\u003cbr/\u003e\u003cb\u003eתאריך:\u003c/b\u003e 19-07-2025\u003cbr/\u003e\u003cb\u003eID:\u003c/b\u003e 1246\u003cbr/\u003e\u003cb\u003eFB:\u003c/b\u003e \u003ca href=\u0027https://www.facebook.com/groups/beshvil.yael/posts/3698332627126528/\u0027\u003ehttps://www.facebook.com/groups/beshvil.yael/posts/3698332627126528/\u003c/a\u003e\u003cbr/\u003e\u003cbr/\u003e\u003cimg src=\u0027https://drive.google.com/uc?export=view\u0026amp;id=1BNzcRu4O-PFO1bvOPkPLpeM63ghlz_1_\u0027 width=\u0027450\u0027/\u003e\u003cbr/\u003e\u003c/div\u003e",
                                            "tessellate":  -1,
                                            "extrude":  0,
                                            "visibility":  -1
                                        },
                         "geometry":  {
                                          "type":  "Point",
                                          "coordinates":  [
                                                              35.2599737,
                                                              33.0321405,
                                                              0.0
                                                          ]
                                      }
                     },
                     {
                         "type":  "Feature",
                         "properties":  {
                                            "Name":  "#2661",
                                            "description":  "\u003cdiv dir=\u0027rtl\u0027 style=\u0027font-family:Arial;\u0027\u003e\u003cb\u003eשם:\u003c/b\u003e יהודית כהן\u003cbr/\u003e\u003cb\u003eאתר:\u003c/b\u003e נחל קטלב\u003cbr/\u003e\u003cb\u003eתאריך:\u003c/b\u003e 27-09-2025\u003cbr/\u003e\u003cb\u003eID:\u003c/b\u003e 2077\u003cbr/\u003e\u003cb\u003eFB:\u003c/b\u003e \u003ca href=\u0027https://www.facebook.com/groups/beshvil.yael/posts/3762618417364615/\u0027\u003ehttps://www.facebook.com/groups/beshvil.yael/posts/3762618417364615/\u003c/a\u003e\u003cbr/\u003e\u003cbr/\u003e\u003cimg src=\u0027https://drive.google.com/uc?export=view\u0026amp;id=1VUK5s0LjldPtL8Wbo34A942Cf7dwZft4\u0027 width=\u0027450\u0027/\u003e\u003cbr/\u003e\u003c/div\u003e",
                                            "tessellate":  -1,
                                            "extrude":  0,
                                            "visibility":  -1
                                        },
                         "geometry":  {
                                          "type":  "Point",
                                          "coordinates":  [
                                                              35.07799,
                                                              31.73709,
                                                              0.0
                                                          ]
                                      }
                     },
                     {
                         "type":  "Feature",
                         "properties":  {
                                            "Name":  "#2661",
                                            "description":  "\u003cdiv dir=\u0027rtl\u0027 style=\u0027font-family:Arial;\u0027\u003e\u003cb\u003eשם:\u003c/b\u003e יהודית כהן\u003cbr/\u003e\u003cb\u003eאתר:\u003c/b\u003e נחל קטלב\u003cbr/\u003e\u003cb\u003eתאריך:\u003c/b\u003e 27-09-2025\u003cbr/\u003e\u003cb\u003eID:\u003c/b\u003e 43\u003cbr/\u003e\u003cb\u003eFB:\u003c/b\u003e \u003ca href=\u0027https://www.facebook.com/groups/beshvil.yael/posts/3762618417364615/\u0027\u003ehttps://www.facebook.com/groups/beshvil.yael/posts/3762618417364615/\u003c/a\u003e\u003cbr/\u003e\u003cbr/\u003e\u003cimg src=\u0027https://drive.google.com/uc?export=view\u0026amp;id=1KdzYReaN8d_NRRs1_R9IVaZwsAgiGDNn\u0027 width=\u0027450\u0027/\u003e\u003cbr/\u003e\u003c/div\u003e",
                                            "tessellate":  -1,
                                            "extrude":  0,
                                            "visibility":  -1
                                        },
                         "geometry":  {
                                          "type":  "Point",
                                          "coordinates":  [
                                                              35.07459,
                                                              31.73476,
                                                              0.0
                                                          ]
                                      }
                     },
                     {
                         "type":  "Feature",
                         "properties":  {
                                            "Name":  "#2661",
                                            "description":  "\u003cdiv dir=\u0027rtl\u0027 style=\u0027font-family:Arial;\u0027\u003e\u003cb\u003eשם:\u003c/b\u003e יהודית כהן\u003cbr/\u003e\u003cb\u003eאתר:\u003c/b\u003e כיכר הבימה\u003cbr/\u003e\u003cb\u003eתאריך:\u003c/b\u003e 23-11-2025\u003cbr/\u003e\u003cb\u003eID:\u003c/b\u003e 2843\u003cbr/\u003e\u003cb\u003eFB:\u003c/b\u003e \u003ca href=\u0027https://www.facebook.com/groups/beshvil.yael/posts/3817213208571802\u0027\u003ehttps://www.facebook.com/groups/beshvil.yael/posts/3817213208571802\u003c/a\u003e\u003cbr/\u003e\u003cbr/\u003e\u003cimg src=\u0027https://drive.google.com/uc?export=view\u0026amp;id=1gCBvlxTXH-5WiGD23C6XWAYOGgf13qKd\u0027 width=\u0027450\u0027/\u003e\u003cbr/\u003e\u003c/div\u003e",
                                            "tessellate":  -1,
                                            "extrude":  0,
                                            "visibility":  -1
                                        },
                         "geometry":  {
                                          "type":  "Point",
                                          "coordinates":  [
                                                              34.77948,
                                                              32.07232,
                                                              0.0
                                                          ]
                                      }
                     },
                     {
                         "type":  "Feature",
                         "properties":  {
                                            "Name":  "#2661",
                                            "description":  "\u003cdiv dir=\u0027rtl\u0027 style=\u0027font-family:Arial;\u0027\u003e\u003cb\u003eשם:\u003c/b\u003e יהודית כהן\u003cbr/\u003e\u003cb\u003eאתר:\u003c/b\u003e פרסת נקרות\u003cbr/\u003e\u003cb\u003eתאריך:\u003c/b\u003e 04-04-2026\u003cbr/\u003e\u003cb\u003eID:\u003c/b\u003e 4048\u003cbr/\u003e\u003cb\u003eFB:\u003c/b\u003e \u003ca href=\u0027https://www.secure.facebook.com/groups/beshvil.yael/posts/3935430206750101\u0027\u003ehttps://www.secure.facebook.com/groups/beshvil.yael/posts/3935430206750101\u003c/a\u003e\u003cbr/\u003e\u003cbr/\u003e\u003cimg src=\u0027https://drive.google.com/uc?export=view\u0026amp;id=1hpjkOAWPh9v3YUvmQFEGV3ByZwy0ODuU\u0027 width=\u0027450\u0027/\u003e\u003cbr/\u003e\u003c/div\u003e",
                                            "tessellate":  -1,
                                            "extrude":  0,
                                            "visibility":  -1
                                        },
                         "geometry":  {
                                          "type":  "Point",
                                          "coordinates":  [
                                                              34.92766,
                                                              30.60397,
                                                              0.0
                                                          ]
                                      }
                     },
                     {
                         "type":  "Feature",
                         "properties":  {
                                            "Name":  "#2661",
                                            "description":  "\u003cdiv dir=\u0027rtl\u0027 style=\u0027font-family:Arial;\u0027\u003e\u003cb\u003eשם:\u003c/b\u003e יהודית כהן\u003cbr/\u003e\u003cb\u003eאתר:\u003c/b\u003e חירבת חנות\u003cbr/\u003e\u003cb\u003eתאריך:\u003c/b\u003e 11-04-2026\u003cbr/\u003e\u003cb\u003eID:\u003c/b\u003e 4096\u003cbr/\u003e\u003cb\u003eFB:\u003c/b\u003e \u003ca href=\u0027https://www.facebook.com/groups/beshvil.yael/posts/3941189912840797/\u0027\u003ehttps://www.facebook.com/groups/beshvil.yael/posts/3941189912840797/\u003c/a\u003e\u003cbr/\u003e\u003cbr/\u003e\u003cimg src=\u0027https://drive.google.com/uc?export=view\u0026amp;id=15jk3RYeNdcJZNEhktm_qePbl44-pwB58\u0027 width=\u0027450\u0027/\u003e\u003cbr/\u003e\u003c/div\u003e",
                                            "tessellate":  -1,
                                            "extrude":  0,
                                            "visibility":  -1
                                        },
                         "geometry":  {
                                          "type":  "Point",
                                          "coordinates":  [
                                                              35.04704,
                                                              31.71185,
                                                              0.0
                                                          ]
                                      }
                     },
                     {
                         "type":  "Feature",
                         "properties":  {
                                            "Name":  "#2661",
                                            "description":  "\u003cdiv dir=\u0027rtl\u0027 style=\u0027font-family:Arial;\u0027\u003e\u003cb\u003eשם:\u003c/b\u003e יהודית כהן\u003cbr/\u003e\u003cb\u003eאתר:\u003c/b\u003e חאן דרך הבשמים\u003cbr/\u003e\u003cb\u003eתאריך:\u003c/b\u003e 01-05-2026\u003cbr/\u003e\u003cb\u003eID:\u003c/b\u003e 4295\u003cbr/\u003e\u003cb\u003eFB:\u003c/b\u003e \u003ca href=\u0027https://www.facebook.com/groups/beshvil.yael/posts/3959457401014048\u0027\u003ehttps://www.facebook.com/groups/beshvil.yael/posts/3959457401014048\u003c/a\u003e\u003cbr/\u003e\u003cbr/\u003e\u003cimg src=\u0027https://drive.google.com/uc?export=view\u0026amp;id=1YFrd_sgvtSFwZ5whIzWsb-vkn72PhLIr\u0027 width=\u0027450\u0027/\u003e\u003cbr/\u003e\u003c/div\u003e",
                                            "tessellate":  -1,
                                            "extrude":  0,
                                            "visibility":  -1
                                        },
                         "geometry":  {
                                          "type":  "Point",
                                          "coordinates":  [
                                                              35.17234,
                                                              30.56089,
                                                              0.0
                                                          ]
                                      }
                     },
                     {
                         "type":  "Feature",
                         "properties":  {
                                            "Name":  "#2661",
                                            "description":  "\u003cdiv dir=\u0027rtl\u0027 style=\u0027font-family:Arial;\u0027\u003e\u003cb\u003eשם:\u003c/b\u003e יהודית כהן\u003cbr/\u003e\u003cb\u003eאתר:\u003c/b\u003e שביל המעיינות\u003cbr/\u003e\u003cb\u003eתאריך:\u003c/b\u003e 23-05-2026\u003cbr/\u003e\u003cb\u003eID:\u003c/b\u003e 4510\u003cbr/\u003e\u003cb\u003eFB:\u003c/b\u003e \u003ca href=\u0027https://www.facebook.com/groups/beshvil.yael/posts/3979874785638976\u0027\u003ehttps://www.facebook.com/groups/beshvil.yael/posts/3979874785638976\u003c/a\u003e\u003cbr/\u003e\u003cbr/\u003e\u003cimg src=\u0027https://drive.google.com/uc?export=view\u0026amp;id=1fNXxcPT86AZhSmkcmD4tprK_DJEiH5v3\u0027 width=\u0027450\u0027/\u003e\u003cbr/\u003e\u003c/div\u003e",
                                            "tessellate":  -1,
                                            "extrude":  0,
                                            "visibility":  -1
                                        },
                         "geometry":  {
                                          "type":  "Point",
                                          "coordinates":  [
                                                              35.13027,
                                                              31.74914,
                                                              0.0
                                                          ]
                                      }
                     },
                     {
                         "type":  "Feature",
                         "properties":  {
                                            "Name":  "#2662",
                                            "description":  "\u003cdiv dir=\u0027rtl\u0027 style=\u0027font-family:Arial;\u0027\u003e\u003cb\u003eשם:\u003c/b\u003e יהודית כהן\u003cbr/\u003e\u003cb\u003eאתר:\u003c/b\u003e עין תינה\u003cbr/\u003e\u003cb\u003eתאריך:\u003c/b\u003e 25-08-2025\u003cbr/\u003e\u003cb\u003eID:\u003c/b\u003e 1654\u003cbr/\u003e\u003cb\u003eFB:\u003c/b\u003e \u003ca href=\u0027https://www.facebook.com/groups/beshvil.yael/posts/3731981987094925/\u0027\u003ehttps://www.facebook.com/groups/beshvil.yael/posts/3731981987094925/\u003c/a\u003e\u003cbr/\u003e\u003cbr/\u003e\u003cimg src=\u0027https://drive.google.com/uc?export=view\u0026amp;id=1Y1X_VgZ03RUilWJCXNaXFsEki88lr-mC\u0027 width=\u0027450\u0027/\u003e\u003cbr/\u003e\u003c/div\u003e",
                                            "tessellate":  -1,
                                            "extrude":  0,
                                            "visibility":  -1
                                        },
                         "geometry":  {
                                          "type":  "Point",
                                          "coordinates":  [
                                                              35.643312,
                                                              33.078674,
                                                              0.0
                                                          ]
                                      }
                     },
                     {
                         "type":  "Feature",
                         "properties":  {
                                            "Name":  "#2662",
                                            "description":  "\u003cdiv dir=\u0027rtl\u0027 style=\u0027font-family:Arial;\u0027\u003e\u003cb\u003eשם:\u003c/b\u003e יהודית כהן\u003cbr/\u003e\u003cb\u003eאתר:\u003c/b\u003e שביל המעיינות\u003cbr/\u003e\u003cb\u003eתאריך:\u003c/b\u003e 23-05-2026\u003cbr/\u003e\u003cb\u003eID:\u003c/b\u003e 535\u003cbr/\u003e\u003cb\u003eFB:\u003c/b\u003e \u003ca href=\u0027https://www.facebook.com/groups/beshvil.yael/posts/3979874785638976\u0027\u003ehttps://www.facebook.com/groups/beshvil.yael/posts/3979874785638976\u003c/a\u003e\u003cbr/\u003e\u003cbr/\u003e\u003cimg src=\u0027https://drive.google.com/uc?export=view\u0026amp;id=1fNXxcPT86AZhSmkcmD4tprK_DJEiH5v3\u0027 width=\u0027450\u0027/\u003e\u003cbr/\u003e\u003c/div\u003e",
                                            "tessellate":  -1,
                                            "extrude":  0,
                                            "visibility":  -1
                                        },
                         "geometry":  {
                                          "type":  "Point",
                                          "coordinates":  [
                                                              35.13027,
                                                              31.74941,
                                                              0.0
                                                          ]
                                      }
                     },
                     {
                         "type":  "Feature",
                         "properties":  {
                                            "Name":  "#2664",
                                            "description":  "\u003cdiv dir=\u0027rtl\u0027 style=\u0027font-family:Arial;\u0027\u003e\u003cb\u003eשם:\u003c/b\u003e ענבל כהן\u003cbr/\u003e\u003cb\u003eאתר:\u003c/b\u003e נחל קטלב\u003cbr/\u003e\u003cb\u003eתאריך:\u003c/b\u003e 27-09-2025\u003cbr/\u003e\u003cb\u003eID:\u003c/b\u003e 2078\u003cbr/\u003e\u003cb\u003eFB:\u003c/b\u003e \u003ca href=\u0027https://www.facebook.com/groups/beshvil.yael/posts/3762618417364615/\u0027\u003ehttps://www.facebook.com/groups/beshvil.yael/posts/3762618417364615/\u003c/a\u003e\u003cbr/\u003e\u003cbr/\u003e\u003cimg src=\u0027https://drive.google.com/uc?export=view\u0026amp;id=1KdzYReaN8d_NRRs1_R9IVaZwsAgiGDNn\u0027 width=\u0027450\u0027/\u003e\u003cbr/\u003e\u003c/div\u003e",
                                            "tessellate":  -1,
                                            "extrude":  0,
                                            "visibility":  -1
                                        },
                         "geometry":  {
                                          "type":  "Point",
                                          "coordinates":  [
                                                              35.07459,
                                                              31.73449,
                                                              0.0
                                                          ]
                                      }
                     },
                     {
                         "type":  "Feature",
                         "properties":  {
                                            "Name":  "#2669",
                                            "description":  "\u003cdiv dir=\u0027rtl\u0027 style=\u0027font-family:Arial;\u0027\u003e\u003cb\u003eשם:\u003c/b\u003e אושרי ברמן\u003cbr/\u003e\u003cb\u003eאתר:\u003c/b\u003e תל אביב - שבוע הספר\u003cbr/\u003e\u003cb\u003eתאריך:\u003c/b\u003e 13-06-2025\u003cbr/\u003e\u003cb\u003eID:\u003c/b\u003e 1006\u003cbr/\u003e\u003cb\u003eFB:\u003c/b\u003e \u003ca href=\u0027https://www.facebook.com/groups/beshvil.yael/posts/3666536850306106/\u0027\u003ehttps://www.facebook.com/groups/beshvil.yael/posts/3666536850306106/\u003c/a\u003e\u003cbr/\u003e\u003cbr/\u003e\u003cimg src=\u0027https://drive.google.com/uc?export=view\u0026amp;id=1iLeEdaHwtakvWXyhK-HlxLPpsBEc4U9U\u0027 width=\u0027450\u0027/\u003e\u003cbr/\u003e\u003c/div\u003e",
                                            "tessellate":  -1,
                                            "extrude":  0,
                                            "visibility":  -1
                                        },
                         "geometry":  {
                                          "type":  "Point",
                                          "coordinates":  [
                                                              34.7879,
                                                              32.07289,
                                                              0.0
                                                          ]
                                      }
                     },
                     {
                         "type":  "Feature",
                         "properties":  {
                                            "Name":  "#2669",
                                            "description":  "\u003cdiv dir=\u0027rtl\u0027 style=\u0027font-family:Arial;\u0027\u003e\u003cb\u003eשם:\u003c/b\u003e אושרי ברמן\u003cbr/\u003e\u003cb\u003eאתר:\u003c/b\u003e חמל נחל עוז\u003cbr/\u003e\u003cb\u003eתאריך:\u003c/b\u003e 27-08-2025\u003cbr/\u003e\u003cb\u003eID:\u003c/b\u003e 1664\u003cbr/\u003e\u003cb\u003eFB:\u003c/b\u003e \u003ca href=\u0027https://www.facebook.com/groups/beshvil.yael/posts/3733554963604294/\u0027\u003ehttps://www.facebook.com/groups/beshvil.yael/posts/3733554963604294/\u003c/a\u003e\u003cbr/\u003e\u003cbr/\u003e\u003cimg src=\u0027https://drive.google.com/uc?export=view\u0026amp;id=1NYfeD7U-HDGHH6fiv6lbvHBsS_gtxc1Y\u0027 width=\u0027450\u0027/\u003e\u003cbr/\u003e\u003c/div\u003e",
                                            "tessellate":  -1,
                                            "extrude":  0,
                                            "visibility":  -1
                                        },
                         "geometry":  {
                                          "type":  "Point",
                                          "coordinates":  [
                                                              34.4962374,
                                                              31.4765414,
                                                              0.0
                                                          ]
                                      }
                     },
                     {
                         "type":  "Feature",
                         "properties":  {
                                            "Name":  "#2669",
                                            "description":  "\u003cdiv dir=\u0027rtl\u0027 style=\u0027font-family:Arial;\u0027\u003e\u003cb\u003eשם:\u003c/b\u003e אושרי ברמן\u003cbr/\u003e\u003cb\u003eאתר:\u003c/b\u003e חמ\u0026quot;ל נחל עוז\u003cbr/\u003e\u003cb\u003eתאריך:\u003c/b\u003e 09-11-2025\u003cbr/\u003e\u003cb\u003eID:\u003c/b\u003e 2672\u003cbr/\u003e\u003cb\u003eFB:\u003c/b\u003e \u003ca href=\u0027https://www.facebook.com/groups/beshvil.yael/posts/3805053566454433\u0027\u003ehttps://www.facebook.com/groups/beshvil.yael/posts/3805053566454433\u003c/a\u003e\u003cbr/\u003e\u003cbr/\u003e\u003cimg src=\u0027https://drive.google.com/uc?export=view\u0026amp;id=1G1v0fw6GBSdL9H-JtXfoCNJDUFnjkuy1\u0027 width=\u0027450\u0027/\u003e\u003cbr/\u003e\u003c/div\u003e",
                                            "tessellate":  -1,
                                            "extrude":  0,
                                            "visibility":  -1
                                        },
                         "geometry":  {
                                          "type":  "Point",
                                          "coordinates":  [
                                                              34.49595,
                                                              31.47743,
                                                              0.0
                                                          ]
                                      }
                     },
                     {
                         "type":  "Feature",
                         "properties":  {
                                            "Name":  "#2671",
                                            "description":  "\u003cdiv dir=\u0027rtl\u0027 style=\u0027font-family:Arial;\u0027\u003e\u003cb\u003eשם:\u003c/b\u003e דליה חרובי\u003cbr/\u003e\u003cb\u003eאתר:\u003c/b\u003e יער אשתאול\u003cbr/\u003e\u003cb\u003eתאריך:\u003c/b\u003e 20-09-2025\u003cbr/\u003e\u003cb\u003eID:\u003c/b\u003e 1957\u003cbr/\u003e\u003cb\u003eFB:\u003c/b\u003e \u003ca href=\u0027https://www.facebook.com/groups/beshvil.yael/posts/3755397471420043\u0027\u003ehttps://www.facebook.com/groups/beshvil.yael/posts/3755397471420043\u003c/a\u003e\u003cbr/\u003e\u003cbr/\u003e\u003cimg src=\u0027https://drive.google.com/uc?export=view\u0026amp;id=1rkU7ewgmaoX-iLof5TkTzTFlS89tJ-jb\u0027 width=\u0027450\u0027/\u003e\u003cbr/\u003e\u003c/div\u003e",
                                            "tessellate":  -1,
                                            "extrude":  0,
                                            "visibility":  -1
                                        },
                         "geometry":  {
                                          "type":  "Point",
                                          "coordinates":  [
                                                              34.98378,
                                                              31.80011,
                                                              0.0
                                                          ]
                                      }
                     },
                     {
                         "type":  "Feature",
                         "properties":  {
                                            "Name":  "#2671",
                                            "description":  "\u003cdiv dir=\u0027rtl\u0027 style=\u0027font-family:Arial;\u0027\u003e\u003cb\u003eשם:\u003c/b\u003e דליה חרובי\u003cbr/\u003e\u003cb\u003eאתר:\u003c/b\u003e יער אשתאול\u003cbr/\u003e\u003cb\u003eתאריך:\u003c/b\u003e 08-11-2025\u003cbr/\u003e\u003cb\u003eID:\u003c/b\u003e 2647\u003cbr/\u003e\u003cb\u003eFB:\u003c/b\u003e \u003ca href=\u0027https://www.facebook.com/groups/beshvil.yael/posts/3803831676576622/\u0027\u003ehttps://www.facebook.com/groups/beshvil.yael/posts/3803831676576622/\u003c/a\u003e\u003cbr/\u003e\u003cbr/\u003e\u003cimg src=\u0027https://drive.google.com/uc?export=view\u0026amp;id=1BjfZmpAuq-HwX_LOZqlZvxHBm0vs7cXl\u0027 width=\u0027450\u0027/\u003e\u003cbr/\u003e\u003c/div\u003e",
                                            "tessellate":  -1,
                                            "extrude":  0,
                                            "visibility":  -1
                                        },
                         "geometry":  {
                                          "type":  "Point",
                                          "coordinates":  [
                                                              34.9823,
                                                              31.80041,
                                                              0.0
                                                          ]
                                      }
                     },
                     {
                         "type":  "Feature",
                         "properties":  {
                                            "Name":  "#2671",
                                            "description":  "\u003cdiv dir=\u0027rtl\u0027 style=\u0027font-family:Arial;\u0027\u003e\u003cb\u003eשם:\u003c/b\u003e דליה חרובי\u003cbr/\u003e\u003cb\u003eאתר:\u003c/b\u003e פארק קנדה\u003cbr/\u003e\u003cb\u003eתאריך:\u003c/b\u003e 06-12-2025\u003cbr/\u003e\u003cb\u003eID:\u003c/b\u003e 2977\u003cbr/\u003e\u003cb\u003eFB:\u003c/b\u003e \u003ca href=\u0027https://www.facebook.com/groups/beshvil.yael/posts/3828329537460169\u0027\u003ehttps://www.facebook.com/groups/beshvil.yael/posts/3828329537460169\u003c/a\u003e\u003cbr/\u003e\u003cbr/\u003e\u003cimg src=\u0027https://drive.google.com/uc?export=view\u0026amp;id=1nukZA8mOaUj6jF8--6YC0sP3gQop9Hro\u0027 width=\u0027450\u0027/\u003e\u003cbr/\u003e\u003c/div\u003e",
                                            "tessellate":  -1,
                                            "extrude":  0,
                                            "visibility":  -1
                                        },
                         "geometry":  {
                                          "type":  "Point",
                                          "coordinates":  [
                                                              35.0012,
                                                              31.84351,
                                                              0.0
                                                          ]
                                      }
                     },
                     {
                         "type":  "Feature",
                         "properties":  {
                                            "Name":  "#2671",
                                            "description":  "\u003cdiv dir=\u0027rtl\u0027 style=\u0027font-family:Arial;\u0027\u003e\u003cb\u003eשם:\u003c/b\u003e דליה חרובי\u003cbr/\u003e\u003cb\u003eאתר:\u003c/b\u003e עין קלט\u003cbr/\u003e\u003cb\u003eתאריך:\u003c/b\u003e 17-01-2026\u003cbr/\u003e\u003cb\u003eID:\u003c/b\u003e 3384\u003cbr/\u003e\u003cb\u003eFB:\u003c/b\u003e \u003ca href=\u0027https://www.facebook.com/groups/beshvil.yael/posts/3864060550553734\u0027\u003ehttps://www.facebook.com/groups/beshvil.yael/posts/3864060550553734\u003c/a\u003e\u003cbr/\u003e\u003cbr/\u003e\u003cimg src=\u0027https://drive.google.com/uc?export=view\u0026amp;id=1IziFEKzragZYxiMuzQ9mOF9lJHEg-d3J\u0027 width=\u0027450\u0027/\u003e\u003cbr/\u003e\u003c/div\u003e",
                                            "tessellate":  -1,
                                            "extrude":  0,
                                            "visibility":  -1
                                        },
                         "geometry":  {
                                          "type":  "Point",
                                          "coordinates":  [
                                                              35.37524,
                                                              31.83649,
                                                              0.0
                                                          ]
                                      }
                     },
                     {
                         "type":  "Feature",
                         "properties":  {
                                            "Name":  "#2671",
                                            "description":  "\u003cdiv dir=\u0027rtl\u0027 style=\u0027font-family:Arial;\u0027\u003e\u003cb\u003eשם:\u003c/b\u003e דליה חרובי\u003cbr/\u003e\u003cb\u003eאתר:\u003c/b\u003e מצפה משואה\u003cbr/\u003e\u003cb\u003eתאריך:\u003c/b\u003e 21-02-2026\u003cbr/\u003e\u003cb\u003eID:\u003c/b\u003e 3800\u003cbr/\u003e\u003cb\u003eFB:\u003c/b\u003e \u003ca href=\u0027https://www.facebook.com/groups/beshvil.yael/posts/3896898077269981/\u0027\u003ehttps://www.facebook.com/groups/beshvil.yael/posts/3896898077269981/\u003c/a\u003e\u003cbr/\u003e\u003cbr/\u003e\u003cimg src=\u0027https://drive.google.com/uc?export=view\u0026amp;id=1ogu48l2Icg1POJY1h56rRl6peV3BNcv8\u0027 width=\u0027450\u0027/\u003e\u003cbr/\u003e\u003c/div\u003e",
                                            "tessellate":  -1,
                                            "extrude":  0,
                                            "visibility":  -1
                                        },
                         "geometry":  {
                                          "type":  "Point",
                                          "coordinates":  [
                                                              34.91973,
                                                              31.66338,
                                                              0.0
                                                          ]
                                      }
                     },
                     {
                         "type":  "Feature",
                         "properties":  {
                                            "Name":  "#2671",
                                            "description":  "\u003cdiv dir=\u0027rtl\u0027 style=\u0027font-family:Arial;\u0027\u003e\u003cb\u003eשם:\u003c/b\u003e דליה חרובי\u003cbr/\u003e\u003cb\u003eאתר:\u003c/b\u003e עמק האלה\u003cbr/\u003e\u003cb\u003eתאריך:\u003c/b\u003e 03-03-2026\u003cbr/\u003e\u003cb\u003eID:\u003c/b\u003e 3910\u003cbr/\u003e\u003cb\u003eFB:\u003c/b\u003e \u003ca href=\u0027https://www.facebook.com/groups/beshvil.yael/posts/3906598626299926/\u0027\u003ehttps://www.facebook.com/groups/beshvil.yael/posts/3906598626299926/\u003c/a\u003e\u003cbr/\u003e\u003cbr/\u003e\u003cimg src=\u0027https://drive.google.com/uc?export=view\u0026amp;id=14A5WFb4P6jjCWvEAyIN6vU0Dz2usZ-C6\u0027 width=\u0027450\u0027/\u003e\u003cbr/\u003e\u003c/div\u003e",
                                            "tessellate":  -1,
                                            "extrude":  0,
                                            "visibility":  -1
                                        },
                         "geometry":  {
                                          "type":  "Point",
                                          "coordinates":  [
                                                              34.94946,
                                                              31.68809,
                                                              0.0
                                                          ]
                                      }
                     },
                     {
                         "type":  "Feature",
                         "properties":  {
                                            "Name":  "#2671",
                                            "description":  "\u003cdiv dir=\u0027rtl\u0027 style=\u0027font-family:Arial;\u0027\u003e\u003cb\u003eשם:\u003c/b\u003e דליה חרובי\u003cbr/\u003e\u003cb\u003eאתר:\u003c/b\u003e יער בן שמן\u003cbr/\u003e\u003cb\u003eתאריך:\u003c/b\u003e 04-04-2026\u003cbr/\u003e\u003cb\u003eID:\u003c/b\u003e 4039\u003cbr/\u003e\u003cb\u003eFB:\u003c/b\u003e \u003ca href=\u0027https://www.secure.facebook.com/groups/beshvil.yael/posts/3935013490125106\u0027\u003ehttps://www.secure.facebook.com/groups/beshvil.yael/posts/3935013490125106\u003c/a\u003e\u003cbr/\u003e\u003cbr/\u003e\u003cimg src=\u0027https://drive.google.com/uc?export=view\u0026amp;id=1IFAbIraRy6djL663k4ZHi7Dylu1ownk8\u0027 width=\u0027450\u0027/\u003e\u003cbr/\u003e\u003c/div\u003e",
                                            "tessellate":  -1,
                                            "extrude":  0,
                                            "visibility":  -1
                                        },
                         "geometry":  {
                                          "type":  "Point",
                                          "coordinates":  [
                                                              34.94995,
                                                              31.94756,
                                                              0.0
                                                          ]
                                      }
                     },
                     {
                         "type":  "Feature",
                         "properties":  {
                                            "Name":  "#2671",
                                            "description":  "\u003cdiv dir=\u0027rtl\u0027 style=\u0027font-family:Arial;\u0027\u003e\u003cb\u003eשם:\u003c/b\u003e דליה חרובי\u003cbr/\u003e\u003cb\u003eאתר:\u003c/b\u003e מצפה הראל\u003cbr/\u003e\u003cb\u003eתאריך:\u003c/b\u003e 18-04-2026\u003cbr/\u003e\u003cb\u003eID:\u003c/b\u003e 4151\u003cbr/\u003e\u003cb\u003eFB:\u003c/b\u003e \u003ca href=\u0027https://www.facebook.com/groups/beshvil.yael/posts/3947391138887341\u0027\u003ehttps://www.facebook.com/groups/beshvil.yael/posts/3947391138887341\u003c/a\u003e\u003cbr/\u003e\u003cbr/\u003e\u003cimg src=\u0027https://drive.google.com/uc?export=view\u0026amp;id=1o7rBrKhhN1B70rh9bZbJHP3Hr_jtTojB\u0027 width=\u0027450\u0027/\u003e\u003cbr/\u003e\u003c/div\u003e",
                                            "tessellate":  -1,
                                            "extrude":  0,
                                            "visibility":  -1
                                        },
                         "geometry":  {
                                          "type":  "Point",
                                          "coordinates":  [
                                                              34.96362,
                                                              31.80776,
                                                              0.0
                                                          ]
                                      }
                     },
                     {
                         "type":  "Feature",
                         "properties":  {
                                            "Name":  "#2671",
                                            "description":  "\u003cdiv dir=\u0027rtl\u0027 style=\u0027font-family:Arial;\u0027\u003e\u003cb\u003eשם:\u003c/b\u003e דליה חרובי\u003cbr/\u003e\u003cb\u003eאתר:\u003c/b\u003e פארק המעיינות\u003cbr/\u003e\u003cb\u003eתאריך:\u003c/b\u003e 09-05-2026\u003cbr/\u003e\u003cb\u003eID:\u003c/b\u003e 4383\u003cbr/\u003e\u003cb\u003eFB:\u003c/b\u003e \u003ca href=\u0027https://www.facebook.com/groups/beshvil.yael/posts/3966570626969392\u0027\u003ehttps://www.facebook.com/groups/beshvil.yael/posts/3966570626969392\u003c/a\u003e\u003cbr/\u003e\u003cbr/\u003e\u003cimg src=\u0027https://drive.google.com/uc?export=view\u0026amp;id=1Va7kavmqsblxIWIQ-VCtCSZqbsjZfqcx\u0027 width=\u0027450\u0027/\u003e\u003cbr/\u003e\u003c/div\u003e",
                                            "tessellate":  -1,
                                            "extrude":  0,
                                            "visibility":  -1
                                        },
                         "geometry":  {
                                          "type":  "Point",
                                          "coordinates":  [
                                                              35.44828,
                                                              32.50366,
                                                              0.0
                                                          ]
                                      }
                     },
                     {
                         "type":  "Feature",
                         "properties":  {
                                            "Name":  "#2671",
                                            "description":  "\u003cdiv dir=\u0027rtl\u0027 style=\u0027font-family:Arial;\u0027\u003e\u003cb\u003eשם:\u003c/b\u003e דליה חרובי\u003cbr/\u003e\u003cb\u003eאתר:\u003c/b\u003e נחל כסלון\u003cbr/\u003e\u003cb\u003eתאריך:\u003c/b\u003e 16-05-2026\u003cbr/\u003e\u003cb\u003eID:\u003c/b\u003e 4459\u003cbr/\u003e\u003cb\u003eFB:\u003c/b\u003e \u003ca href=\u0027https://www.facebook.com/groups/beshvil.yael/posts/3973235226302932\u0027\u003ehttps://www.facebook.com/groups/beshvil.yael/posts/3973235226302932\u003c/a\u003e\u003cbr/\u003e\u003cbr/\u003e\u003cimg src=\u0027https://drive.google.com/uc?export=view\u0026amp;id=1ICaoJspydIHL5luSVr116uu3M-Zz8v05\u0027 width=\u0027450\u0027/\u003e\u003cbr/\u003e\u003c/div\u003e",
                                            "tessellate":  -1,
                                            "extrude":  0,
                                            "visibility":  -1
                                        },
                         "geometry":  {
                                          "type":  "Point",
                                          "coordinates":  [
                                                              35.07468,
                                                              31.78849,
                                                              0.0
                                                          ]
                                      }
                     },
                     {
                         "type":  "Feature",
                         "properties":  {
                                            "Name":  "#2695",
                                            "description":  "\u003cdiv dir=\u0027rtl\u0027 style=\u0027font-family:Arial;\u0027\u003e\u003cb\u003eשם:\u003c/b\u003e בועז שחם\u003cbr/\u003e\u003cb\u003eאתר:\u003c/b\u003e שדה חלמיש\u003cbr/\u003e\u003cb\u003eתאריך:\u003c/b\u003e 31-05-2025\u003cbr/\u003e\u003cb\u003eID:\u003c/b\u003e 857\u003cbr/\u003e\u003cb\u003eFB:\u003c/b\u003e \u003ca href=\u0027https://www.facebook.com/groups/3235176716775457/posts/3656048528021605/\u0027\u003ehttps://www.facebook.com/groups/3235176716775457/posts/3656048528021605/\u003c/a\u003e\u003cbr/\u003e\u003cbr/\u003e\u003cimg src=\u0027https://drive.google.com/uc?export=view\u0026amp;id=1MO_3Vspr49aKK7eD9GfV4TLFHjG748jS\u0027 width=\u0027450\u0027/\u003e\u003cbr/\u003e\u003c/div\u003e",
                                            "tessellate":  -1,
                                            "extrude":  0,
                                            "visibility":  -1
                                        },
                         "geometry":  {
                                          "type":  "Point",
                                          "coordinates":  [
                                                              34.94594,
                                                              30.622412,
                                                              0.0
                                                          ]
                                      }
                     },
                     {
                         "type":  "Feature",
                         "properties":  {
                                            "Name":  "#2695",
                                            "description":  "\u003cdiv dir=\u0027rtl\u0027 style=\u0027font-family:Arial;\u0027\u003e\u003cb\u003eשם:\u003c/b\u003e בועז שחם\u003cbr/\u003e\u003cb\u003eאתר:\u003c/b\u003e נחל ארדון\u003cbr/\u003e\u003cb\u003eתאריך:\u003c/b\u003e 31-05-2025\u003cbr/\u003e\u003cb\u003eID:\u003c/b\u003e 858\u003cbr/\u003e\u003cb\u003eFB:\u003c/b\u003e \u003ca href=\u0027https://www.facebook.com/groups/3235176716775457/posts/3656050588021399/\u0027\u003ehttps://www.facebook.com/groups/3235176716775457/posts/3656050588021399/\u003c/a\u003e\u003cbr/\u003e\u003cbr/\u003e\u003cimg src=\u0027https://drive.google.com/uc?export=view\u0026amp;id=1MXUBVwOKNbJJWs7WyfBDZC5KmQMmLIBq\u0027 width=\u0027450\u0027/\u003e\u003cbr/\u003e\u003c/div\u003e",
                                            "tessellate":  -1,
                                            "extrude":  0,
                                            "visibility":  -1
                                        },
                         "geometry":  {
                                          "type":  "Point",
                                          "coordinates":  [
                                                              34.94594,
                                                              30.62241,
                                                              0.0
                                                          ]
                                      }
                     },
                     {
                         "type":  "Feature",
                         "properties":  {
                                            "Name":  "#2695",
                                            "description":  "\u003cdiv dir=\u0027rtl\u0027 style=\u0027font-family:Arial;\u0027\u003e\u003cb\u003eשם:\u003c/b\u003e בועז שחם\u003cbr/\u003e\u003cb\u003eאתר:\u003c/b\u003e תל חי\u003cbr/\u003e\u003cb\u003eתאריך:\u003c/b\u003e 11-06-2025\u003cbr/\u003e\u003cb\u003eID:\u003c/b\u003e 997\u003cbr/\u003e\u003cb\u003eFB:\u003c/b\u003e \u003ca href=\u0027https://www.facebook.com/groups/beshvil.yael/posts/3665365613756563/\u0027\u003ehttps://www.facebook.com/groups/beshvil.yael/posts/3665365613756563/\u003c/a\u003e\u003cbr/\u003e\u003cbr/\u003e\u003cimg src=\u0027https://drive.google.com/uc?export=view\u0026amp;id=1nqWhCp03ZzSYrcb22_-0BqZDBf-CnQWo\u0027 width=\u0027450\u0027/\u003e\u003cbr/\u003e\u003c/div\u003e",
                                            "tessellate":  -1,
                                            "extrude":  0,
                                            "visibility":  -1
                                        },
                         "geometry":  {
                                          "type":  "Point",
                                          "coordinates":  [
                                                              35.5785896,
                                                              33.2394516,
                                                              0.0
                                                          ]
                                      }
                     },
                     {
                         "type":  "Feature",
                         "properties":  {
                                            "Name":  "#2695",
                                            "description":  "\u003cdiv dir=\u0027rtl\u0027 style=\u0027font-family:Arial;\u0027\u003e\u003cb\u003eשם:\u003c/b\u003e בועז שחם\u003cbr/\u003e\u003cb\u003eאתר:\u003c/b\u003e חרמון\u003cbr/\u003e\u003cb\u003eתאריך:\u003c/b\u003e 02-07-2025\u003cbr/\u003e\u003cb\u003eID:\u003c/b\u003e 1082\u003cbr/\u003e\u003cb\u003eFB:\u003c/b\u003e \u003ca href=\u0027https://www.facebook.com/groups/beshvil.yael/posts/3683573538602437/\u0027\u003ehttps://www.facebook.com/groups/beshvil.yael/posts/3683573538602437/\u003c/a\u003e\u003cbr/\u003e\u003cbr/\u003e\u003cimg src=\u0027https://drive.google.com/uc?export=view\u0026amp;id=1O6wApVgkmGyIyvFOZoBfLTwqWjE9iQe3\u0027 width=\u0027450\u0027/\u003e\u003cbr/\u003e\u003c/div\u003e",
                                            "tessellate":  -1,
                                            "extrude":  0,
                                            "visibility":  -1
                                        },
                         "geometry":  {
                                          "type":  "Point",
                                          "coordinates":  [
                                                              35.7516069,
                                                              33.2714352,
                                                              0.0
                                                          ]
                                      }
                     },
                     {
                         "type":  "Feature",
                         "properties":  {
                                            "Name":  "#2695",
                                            "description":  "\u003cdiv dir=\u0027rtl\u0027 style=\u0027font-family:Arial;\u0027\u003e\u003cb\u003eשם:\u003c/b\u003e בועז שחם\u003cbr/\u003e\u003cb\u003eאתר:\u003c/b\u003e רמת בקע\u003cbr/\u003e\u003cb\u003eתאריך:\u003c/b\u003e 22-07-2025\u003cbr/\u003e\u003cb\u003eID:\u003c/b\u003e 1512\u003cbr/\u003e\u003cb\u003eFB:\u003c/b\u003e \u003ca href=\u0027https://www.facebook.com/groups/beshvil.yael/posts/3719907908302333/\u0027\u003ehttps://www.facebook.com/groups/beshvil.yael/posts/3719907908302333/\u003c/a\u003e\u003cbr/\u003e\u003cbr/\u003e\u003cimg src=\u0027https://drive.google.com/uc?export=view\u0026amp;id=16mSCra7fFXlO7VIZCgiXEUaF3KyQdF53\u0027 width=\u0027450\u0027/\u003e\u003cbr/\u003e\u003c/div\u003e",
                                            "tessellate":  -1,
                                            "extrude":  0,
                                            "visibility":  -1
                                        },
                         "geometry":  {
                                          "type":  "Point",
                                          "coordinates":  [
                                                              34.8475287,
                                                              31.1147228,
                                                              0.0
                                                          ]
                                      }
                     },
                     {
                         "type":  "Feature",
                         "properties":  {
                                            "Name":  "#2695",
                                            "description":  "\u003cdiv dir=\u0027rtl\u0027 style=\u0027font-family:Arial;\u0027\u003e\u003cb\u003eשם:\u003c/b\u003e בועז שחם\u003cbr/\u003e\u003cb\u003eאתר:\u003c/b\u003e רועי\u003cbr/\u003e\u003cb\u003eתאריך:\u003c/b\u003e 21-04-2026\u003cbr/\u003e\u003cb\u003eID:\u003c/b\u003e 4203\u003cbr/\u003e\u003cb\u003eFB:\u003c/b\u003e \u003ca href=\u0027https://www.facebook.com/groups/beshvil.yael/posts/3950352288591226/\u0027\u003ehttps://www.facebook.com/groups/beshvil.yael/posts/3950352288591226/\u003c/a\u003e\u003cbr/\u003e\u003cbr/\u003e\u003cimg src=\u0027https://drive.google.com/uc?export=view\u0026amp;id=1lz2R_2F18CoBaFs7eHwjWvzJEEtCm7-w\u0027 width=\u0027450\u0027/\u003e\u003cbr/\u003e\u003c/div\u003e",
                                            "tessellate":  -1,
                                            "extrude":  0,
                                            "visibility":  -1
                                        },
                         "geometry":  {
                                          "type":  "Point",
                                          "coordinates":  [
                                                              35.49565,
                                                              32.25563,
                                                              0.0
                                                          ]
                                      }
                     },
                     {
                         "type":  "Feature",
                         "properties":  {
                                            "Name":  "#2704",
                                            "description":  "\u003cdiv dir=\u0027rtl\u0027 style=\u0027font-family:Arial;\u0027\u003e\u003cb\u003eשם:\u003c/b\u003e תמר לביא\u003cbr/\u003e\u003cb\u003eאתר:\u003c/b\u003e חוף דור\u003cbr/\u003e\u003cb\u003eתאריך:\u003c/b\u003e 11-06-2025\u003cbr/\u003e\u003cb\u003eID:\u003c/b\u003e 993\u003cbr/\u003e\u003cb\u003eFB:\u003c/b\u003e \u003ca href=\u0027https://www.facebook.com/groups/beshvil.yael/posts/3665298633763261/\u0027\u003ehttps://www.facebook.com/groups/beshvil.yael/posts/3665298633763261/\u003c/a\u003e\u003cbr/\u003e\u003cbr/\u003e\u003cimg src=\u0027https://drive.google.com/uc?export=view\u0026amp;id=1D4COxLVhS7u9EPyV98UnVpDIlCtsBzNZ\u0027 width=\u0027450\u0027/\u003e\u003cbr/\u003e\u003c/div\u003e",
                                            "tessellate":  -1,
                                            "extrude":  0,
                                            "visibility":  -1
                                        },
                         "geometry":  {
                                          "type":  "Point",
                                          "coordinates":  [
                                                              34.9266113,
                                                              32.6539074,
                                                              0.0
                                                          ]
                                      }
                     },
                     {
                         "type":  "Feature",
                         "properties":  {
                                            "Name":  "#2707",
                                            "description":  "\u003cdiv dir=\u0027rtl\u0027 style=\u0027font-family:Arial;\u0027\u003e\u003cb\u003eשם:\u003c/b\u003e שירה גורקייביץ זילבר\u003cbr/\u003e\u003cb\u003eאתר:\u003c/b\u003e אגמון החולה\u003cbr/\u003e\u003cb\u003eתאריך:\u003c/b\u003e 09-07-2025\u003cbr/\u003e\u003cb\u003eID:\u003c/b\u003e 1139\u003cbr/\u003e\u003cb\u003eFB:\u003c/b\u003e \u003ca href=\u0027https://www.facebook.com/groups/beshvil.yael/posts/3689499541343170/\u0027\u003ehttps://www.facebook.com/groups/beshvil.yael/posts/3689499541343170/\u003c/a\u003e\u003cbr/\u003e\u003cbr/\u003e\u003cimg src=\u0027https://drive.google.com/uc?export=view\u0026amp;id=1JmxjMaqpqDREHayI-NynmraW79QBg59N\u0027 width=\u0027450\u0027/\u003e\u003cbr/\u003e\u003c/div\u003e",
                                            "tessellate":  -1,
                                            "extrude":  0,
                                            "visibility":  -1
                                        },
                         "geometry":  {
                                          "type":  "Point",
                                          "coordinates":  [
                                                              35.6004861,
                                                              33.1033666,
                                                              0.0
                                                          ]
                                      }
                     },
                     {
                         "type":  "Feature",
                         "properties":  {
                                            "Name":  "#2707",
                                            "description":  "\u003cdiv dir=\u0027rtl\u0027 style=\u0027font-family:Arial;\u0027\u003e\u003cb\u003eשם:\u003c/b\u003e שירה גורקייביץ זילבר\u003cbr/\u003e\u003cb\u003eאתר:\u003c/b\u003e פארק ארץ התנ\u0026quot;ך\u003cbr/\u003e\u003cb\u003eתאריך:\u003c/b\u003e 23-07-2025\u003cbr/\u003e\u003cb\u003eID:\u003c/b\u003e 1281\u003cbr/\u003e\u003cb\u003eFB:\u003c/b\u003e \u003ca href=\u0027https://www.facebook.com/groups/beshvil.yael/posts/3701361143490343\u0027\u003ehttps://www.facebook.com/groups/beshvil.yael/posts/3701361143490343\u003c/a\u003e\u003cbr/\u003e\u003cbr/\u003e\u003cimg src=\u0027https://drive.google.com/uc?export=view\u0026amp;id=10E_f20FLqL2V3swI197gUY1sXhc0xn9Z\u0027 width=\u0027450\u0027/\u003e\u003cbr/\u003e\u003c/div\u003e",
                                            "tessellate":  -1,
                                            "extrude":  0,
                                            "visibility":  -1
                                        },
                         "geometry":  {
                                          "type":  "Point",
                                          "coordinates":  [
                                                              35.1936785,
                                                              31.80832,
                                                              0.0
                                                          ]
                                      }
                     },
                     {
                         "type":  "Feature",
                         "properties":  {
                                            "Name":  "#2707",
                                            "description":  "\u003cdiv dir=\u0027rtl\u0027 style=\u0027font-family:Arial;\u0027\u003e\u003cb\u003eשם:\u003c/b\u003e שירה גורקייביץ זילבר\u003cbr/\u003e\u003cb\u003eאתר:\u003c/b\u003e מוזיאון גוש קטיף\u003cbr/\u003e\u003cb\u003eתאריך:\u003c/b\u003e 29-07-2025\u003cbr/\u003e\u003cb\u003eID:\u003c/b\u003e 1331\u003cbr/\u003e\u003cb\u003eFB:\u003c/b\u003e \u003ca href=\u0027https://www.facebook.com/groups/beshvil.yael/posts/3706903206269470/\u0027\u003ehttps://www.facebook.com/groups/beshvil.yael/posts/3706903206269470/\u003c/a\u003e\u003cbr/\u003e\u003cbr/\u003e\u003cimg src=\u0027https://drive.google.com/uc?export=view\u0026amp;id=1xOnNiOA1g136_y0MnpQwEDpaybnvH7LX\u0027 width=\u0027450\u0027/\u003e\u003cbr/\u003e\u003c/div\u003e",
                                            "tessellate":  -1,
                                            "extrude":  0,
                                            "visibility":  -1
                                        },
                         "geometry":  {
                                          "type":  "Point",
                                          "coordinates":  [
                                                              35.2093047,
                                                              31.7858124,
                                                              0.0
                                                          ]
                                      }
                     },
                     {
                         "type":  "Feature",
                         "properties":  {
                                            "Name":  "#2707",
                                            "description":  "\u003cdiv dir=\u0027rtl\u0027 style=\u0027font-family:Arial;\u0027\u003e\u003cb\u003eשם:\u003c/b\u003e שירה גורקייביץ זילבר\u003cbr/\u003e\u003cb\u003eאתר:\u003c/b\u003e בניין העירייה הישן\u003cbr/\u003e\u003cb\u003eתאריך:\u003c/b\u003e 10-08-2025\u003cbr/\u003e\u003cb\u003eID:\u003c/b\u003e 1484\u003cbr/\u003e\u003cb\u003eFB:\u003c/b\u003e \u003ca href=\u0027https://www.facebook.com/groups/beshvil.yael/posts/3717762465183544/\u0027\u003ehttps://www.facebook.com/groups/beshvil.yael/posts/3717762465183544/\u003c/a\u003e\u003cbr/\u003e\u003cbr/\u003e\u003cimg src=\u0027https://drive.google.com/uc?export=view\u0026amp;id=148aPIXcRNvkKPjwbSdV87zSwx9C0hsag\u0027 width=\u0027450\u0027/\u003e\u003cbr/\u003e\u003c/div\u003e",
                                            "tessellate":  -1,
                                            "extrude":  0,
                                            "visibility":  -1
                                        },
                         "geometry":  {
                                          "type":  "Point",
                                          "coordinates":  [
                                                              35.22502,
                                                              31.77933,
                                                              0.0
                                                          ]
                                      }
                     },
                     {
                         "type":  "Feature",
                         "properties":  {
                                            "Name":  "#2707",
                                            "description":  "\u003cdiv dir=\u0027rtl\u0027 style=\u0027font-family:Arial;\u0027\u003e\u003cb\u003eשם:\u003c/b\u003e שירה גורקייביץ זילבר\u003cbr/\u003e\u003cb\u003eאתר:\u003c/b\u003e רדיו ירושלים\u003cbr/\u003e\u003cb\u003eתאריך:\u003c/b\u003e 10-08-2025\u003cbr/\u003e\u003cb\u003eID:\u003c/b\u003e 1485\u003cbr/\u003e\u003cb\u003eFB:\u003c/b\u003e \u003ca href=\u0027https://www.facebook.com/groups/beshvil.yael/posts/3717770581849399/\u0027\u003ehttps://www.facebook.com/groups/beshvil.yael/posts/3717770581849399/\u003c/a\u003e\u003cbr/\u003e\u003cbr/\u003e\u003cimg src=\u0027https://drive.google.com/uc?export=view\u0026amp;id=16vO4i7MYljLs0o5TVBoylm5j0Y_6RwkG\u0027 width=\u0027450\u0027/\u003e\u003cbr/\u003e\u003c/div\u003e",
                                            "tessellate":  -1,
                                            "extrude":  0,
                                            "visibility":  -1
                                        },
                         "geometry":  {
                                          "type":  "Point",
                                          "coordinates":  [
                                                              35.2237124,
                                                              31.7806881,
                                                              0.0
                                                          ]
                                      }
                     },
                     {
                         "type":  "Feature",
                         "properties":  {
                                            "Name":  "#2707",
                                            "description":  "\u003cdiv dir=\u0027rtl\u0027 style=\u0027font-family:Arial;\u0027\u003e\u003cb\u003eשם:\u003c/b\u003e שירה גורקייביץ זילבר\u003cbr/\u003e\u003cb\u003eאתר:\u003c/b\u003e פארק הירקון\u003cbr/\u003e\u003cb\u003eתאריך:\u003c/b\u003e 17-08-2025\u003cbr/\u003e\u003cb\u003eID:\u003c/b\u003e 1563\u003cbr/\u003e\u003cb\u003eFB:\u003c/b\u003e \u003ca href=\u0027https://www.facebook.com/groups/beshvil.yael/posts/3724220981204359/\u0027\u003ehttps://www.facebook.com/groups/beshvil.yael/posts/3724220981204359/\u003c/a\u003e\u003cbr/\u003e\u003cbr/\u003e\u003cimg src=\u0027https://drive.google.com/uc?export=view\u0026amp;id=1NqviLFJxOymaGvvRe8oAL7JxhDf_q670\u0027 width=\u0027450\u0027/\u003e\u003cbr/\u003e\u003c/div\u003e",
                                            "tessellate":  -1,
                                            "extrude":  0,
                                            "visibility":  -1
                                        },
                         "geometry":  {
                                          "type":  "Point",
                                          "coordinates":  [
                                                              34.83159,
                                                              32.10612,
                                                              0.0
                                                          ]
                                      }
                     },
                     {
                         "type":  "Feature",
                         "properties":  {
                                            "Name":  "#2707",
                                            "description":  "\u003cdiv dir=\u0027rtl\u0027 style=\u0027font-family:Arial;\u0027\u003e\u003cb\u003eשם:\u003c/b\u003e שירה גורקייביץ זילבר\u003cbr/\u003e\u003cb\u003eאתר:\u003c/b\u003e נצרת\u003cbr/\u003e\u003cb\u003eתאריך:\u003c/b\u003e 27-08-2025\u003cbr/\u003e\u003cb\u003eID:\u003c/b\u003e 1667\u003cbr/\u003e\u003cb\u003eFB:\u003c/b\u003e \u003ca href=\u0027https://www.facebook.com/groups/beshvil.yael/posts/3733734886919635/\u0027\u003ehttps://www.facebook.com/groups/beshvil.yael/posts/3733734886919635/\u003c/a\u003e\u003cbr/\u003e\u003cbr/\u003e\u003cimg src=\u0027https://drive.google.com/uc?export=view\u0026amp;id=1OnLVF7iN7PL5YbcN2eWPFBX7vRA4n7Tg\u0027 width=\u0027450\u0027/\u003e\u003cbr/\u003e\u003c/div\u003e",
                                            "tessellate":  -1,
                                            "extrude":  0,
                                            "visibility":  -1
                                        },
                         "geometry":  {
                                          "type":  "Point",
                                          "coordinates":  [
                                                              35.2980158,
                                                              32.7048695,
                                                              0.0
                                                          ]
                                      }
                     },
                     {
                         "type":  "Feature",
                         "properties":  {
                                            "Name":  "#2707",
                                            "description":  "\u003cdiv dir=\u0027rtl\u0027 style=\u0027font-family:Arial;\u0027\u003e\u003cb\u003eשם:\u003c/b\u003e שירה גורקייביץ זילבר\u003cbr/\u003e\u003cb\u003eאתר:\u003c/b\u003e נהר הירדן\u003cbr/\u003e\u003cb\u003eתאריך:\u003c/b\u003e 27-08-2025\u003cbr/\u003e\u003cb\u003eID:\u003c/b\u003e 1670\u003cbr/\u003e\u003cb\u003eFB:\u003c/b\u003e \u003ca href=\u0027https://www.facebook.com/groups/beshvil.yael/posts/3733855746907549/\u0027\u003ehttps://www.facebook.com/groups/beshvil.yael/posts/3733855746907549/\u003c/a\u003e\u003cbr/\u003e\u003cbr/\u003e\u003cimg src=\u0027https://drive.google.com/uc?export=view\u0026amp;id=1VbObIu4r0QNU5AAem7vzhoB_fX03MZ4O\u0027 width=\u0027450\u0027/\u003e\u003cbr/\u003e\u003c/div\u003e",
                                            "tessellate":  -1,
                                            "extrude":  0,
                                            "visibility":  -1
                                        },
                         "geometry":  {
                                          "type":  "Point",
                                          "coordinates":  [
                                                              35.62857,
                                                              33.02505,
                                                              0.0
                                                          ]
                                      }
                     },
                     {
                         "type":  "Feature",
                         "properties":  {
                                            "Name":  "#2707",
                                            "description":  "\u003cdiv dir=\u0027rtl\u0027 style=\u0027font-family:Arial;\u0027\u003e\u003cb\u003eשם:\u003c/b\u003e שירה גורקייביץ זילבר\u003cbr/\u003e\u003cb\u003eאתר:\u003c/b\u003e רחוב אתיופיה\u003cbr/\u003e\u003cb\u003eתאריך:\u003c/b\u003e 18-09-2025\u003cbr/\u003e\u003cb\u003eID:\u003c/b\u003e 1934\u003cbr/\u003e\u003cb\u003eFB:\u003c/b\u003e \u003ca href=\u0027https://www.facebook.com/groups/beshvil.yael/posts/3753835958242861\u0027\u003ehttps://www.facebook.com/groups/beshvil.yael/posts/3753835958242861\u003c/a\u003e\u003cbr/\u003e\u003cbr/\u003e\u003cimg src=\u0027https://drive.google.com/uc?export=view\u0026amp;id=15TAjBtNdj7ayDBKidmmNlH6O3OBAqOQY\u0027 width=\u0027450\u0027/\u003e\u003cbr/\u003e\u003c/div\u003e",
                                            "tessellate":  -1,
                                            "extrude":  0,
                                            "visibility":  -1
                                        },
                         "geometry":  {
                                          "type":  "Point",
                                          "coordinates":  [
                                                              35.22083,
                                                              31.78443,
                                                              0.0
                                                          ]
                                      }
                     },
                     {
                         "type":  "Feature",
                         "properties":  {
                                            "Name":  "#2707",
                                            "description":  "\u003cdiv dir=\u0027rtl\u0027 style=\u0027font-family:Arial;\u0027\u003e\u003cb\u003eשם:\u003c/b\u003e שירה גורקייביץ זילבר\u003cbr/\u003e\u003cb\u003eאתר:\u003c/b\u003e קבר שמואל הנביא\u003cbr/\u003e\u003cb\u003eתאריך:\u003c/b\u003e 09-10-2025\u003cbr/\u003e\u003cb\u003eID:\u003c/b\u003e 2299\u003cbr/\u003e\u003cb\u003eFB:\u003c/b\u003e \u003ca href=\u0027https://www.facebook.com/groups/beshvil.yael/posts/3774764822816641\u0027\u003ehttps://www.facebook.com/groups/beshvil.yael/posts/3774764822816641\u003c/a\u003e\u003cbr/\u003e\u003cbr/\u003e\u003cimg src=\u0027https://drive.google.com/uc?export=view\u0026amp;id=1uE_KyvOLFCnpQixirg5X6buW2i1eWwMZ\u0027 width=\u0027450\u0027/\u003e\u003cbr/\u003e\u003c/div\u003e",
                                            "tessellate":  -1,
                                            "extrude":  0,
                                            "visibility":  -1
                                        },
                         "geometry":  {
                                          "type":  "Point",
                                          "coordinates":  [
                                                              35.18037,
                                                              31.83318,
                                                              0.0
                                                          ]
                                      }
                     },
                     {
                         "type":  "Feature",
                         "properties":  {
                                            "Name":  "#2707",
                                            "description":  "\u003cdiv dir=\u0027rtl\u0027 style=\u0027font-family:Arial;\u0027\u003e\u003cb\u003eשם:\u003c/b\u003e שירה גורקייביץ זילבר\u003cbr/\u003e\u003cb\u003eאתר:\u003c/b\u003e קיבוץ נחל עוז\u003cbr/\u003e\u003cb\u003eתאריך:\u003c/b\u003e 22-10-2025\u003cbr/\u003e\u003cb\u003eID:\u003c/b\u003e 2484\u003cbr/\u003e\u003cb\u003eFB:\u003c/b\u003e \u003ca href=\u0027https://www.facebook.com/groups/beshvil.yael/posts/3787396514886805/\u0027\u003ehttps://www.facebook.com/groups/beshvil.yael/posts/3787396514886805/\u003c/a\u003e\u003cbr/\u003e\u003cbr/\u003e\u003cimg src=\u0027https://drive.google.com/uc?export=view\u0026amp;id=1E_LFQ-87vMP_bFLicP8eVKd8D5PzKT1J\u0027 width=\u0027450\u0027/\u003e\u003cbr/\u003e\u003c/div\u003e",
                                            "tessellate":  -1,
                                            "extrude":  0,
                                            "visibility":  -1
                                        },
                         "geometry":  {
                                          "type":  "Point",
                                          "coordinates":  [
                                                              34.49664,
                                                              31.47308,
                                                              0.0
                                                          ]
                                      }
                     },
                     {
                         "type":  "Feature",
                         "properties":  {
                                            "Name":  "#2707",
                                            "description":  "\u003cdiv dir=\u0027rtl\u0027 style=\u0027font-family:Arial;\u0027\u003e\u003cb\u003eשם:\u003c/b\u003e שירה גורקייביץ זילבר\u003cbr/\u003e\u003cb\u003eאתר:\u003c/b\u003e אנדרטת משטרת שדרות\u003cbr/\u003e\u003cb\u003eתאריך:\u003c/b\u003e 22-10-2025\u003cbr/\u003e\u003cb\u003eID:\u003c/b\u003e 2488\u003cbr/\u003e\u003cb\u003eFB:\u003c/b\u003e \u003ca href=\u0027https://www.facebook.com/groups/beshvil.yael/posts/3787547714871685/\u0027\u003ehttps://www.facebook.com/groups/beshvil.yael/posts/3787547714871685/\u003c/a\u003e\u003cbr/\u003e\u003cbr/\u003e\u003cimg src=\u0027https://drive.google.com/uc?export=view\u0026amp;id=1gTH04FhJAJoJgBfUhNSYxNJUPXRxjz_z\u0027 width=\u0027450\u0027/\u003e\u003cbr/\u003e\u003c/div\u003e",
                                            "tessellate":  -1,
                                            "extrude":  0,
                                            "visibility":  -1
                                        },
                         "geometry":  {
                                          "type":  "Point",
                                          "coordinates":  [
                                                              34.59897,
                                                              31.51797,
                                                              0.0
                                                          ]
                                      }
                     },
                     {
                         "type":  "Feature",
                         "properties":  {
                                            "Name":  "#2707",
                                            "description":  "\u003cdiv dir=\u0027rtl\u0027 style=\u0027font-family:Arial;\u0027\u003e\u003cb\u003eשם:\u003c/b\u003e שירה גורקייביץ זילבר\u003cbr/\u003e\u003cb\u003eאתר:\u003c/b\u003e מוזיאון ישראל\u003cbr/\u003e\u003cb\u003eתאריך:\u003c/b\u003e 11-11-2025\u003cbr/\u003e\u003cb\u003eID:\u003c/b\u003e 2693\u003cbr/\u003e\u003cb\u003eFB:\u003c/b\u003e \u003ca href=\u0027https://www.facebook.com/groups/beshvil.yael/posts/3807036752922781/\u0027\u003ehttps://www.facebook.com/groups/beshvil.yael/posts/3807036752922781/\u003c/a\u003e\u003cbr/\u003e\u003cbr/\u003e\u003cimg src=\u0027https://drive.google.com/uc?export=view\u0026amp;id=1YlFnIUkrAdQXAM7oHrfhFY9rUH8qW0iU\u0027 width=\u0027450\u0027/\u003e\u003cbr/\u003e\u003c/div\u003e",
                                            "tessellate":  -1,
                                            "extrude":  0,
                                            "visibility":  -1
                                        },
                         "geometry":  {
                                          "type":  "Point",
                                          "coordinates":  [
                                                              35.20418,
                                                              31.77225,
                                                              0.0
                                                          ]
                                      }
                     },
                     {
                         "type":  "Feature",
                         "properties":  {
                                            "Name":  "#2707",
                                            "description":  "\u003cdiv dir=\u0027rtl\u0027 style=\u0027font-family:Arial;\u0027\u003e\u003cb\u003eשם:\u003c/b\u003e שירה גורקייביץ זילבר\u003cbr/\u003e\u003cb\u003eאתר:\u003c/b\u003e אקווריום ישראל\u003cbr/\u003e\u003cb\u003eתאריך:\u003c/b\u003e 25-12-2025\u003cbr/\u003e\u003cb\u003eID:\u003c/b\u003e 3159\u003cbr/\u003e\u003cb\u003eFB:\u003c/b\u003e \u003ca href=\u0027https://www.facebook.com/groups/beshvil.yael/posts/3844442935848829\u0027\u003ehttps://www.facebook.com/groups/beshvil.yael/posts/3844442935848829\u003c/a\u003e\u003cbr/\u003e\u003cbr/\u003e\u003cimg src=\u0027https://drive.google.com/uc?export=view\u0026amp;id=1iCTwvTatIe3DOGb0bEXjWB1fjfYDejcj\u0027 width=\u0027450\u0027/\u003e\u003cbr/\u003e\u003c/div\u003e",
                                            "tessellate":  -1,
                                            "extrude":  0,
                                            "visibility":  -1
                                        },
                         "geometry":  {
                                          "type":  "Point",
                                          "coordinates":  [
                                                              35.16571,
                                                              31.74456,
                                                              0.0
                                                          ]
                                      }
                     },
                     {
                         "type":  "Feature",
                         "properties":  {
                                            "Name":  "#2707",
                                            "description":  "\u003cdiv dir=\u0027rtl\u0027 style=\u0027font-family:Arial;\u0027\u003e\u003cb\u003eשם:\u003c/b\u003e שירה גורקייביץ זילבר\u003cbr/\u003e\u003cb\u003eאתר:\u003c/b\u003e נבי סמואל\u003cbr/\u003e\u003cb\u003eתאריך:\u003c/b\u003e 09-02-2026\u003cbr/\u003e\u003cb\u003eID:\u003c/b\u003e 3644\u003cbr/\u003e\u003cb\u003eFB:\u003c/b\u003e \u003ca href=\u0027https://www.facebook.com/groups/beshvil.yael/posts/3885280295098426/\u0027\u003ehttps://www.facebook.com/groups/beshvil.yael/posts/3885280295098426/\u003c/a\u003e\u003cbr/\u003e\u003cbr/\u003e\u003cimg src=\u0027https://drive.google.com/uc?export=view\u0026amp;id=1135ucOpEGmLjPO-6TMzVW6sZ-49_dlN7\u0027 width=\u0027450\u0027/\u003e\u003cbr/\u003e\u003c/div\u003e",
                                            "tessellate":  -1,
                                            "extrude":  0,
                                            "visibility":  -1
                                        },
                         "geometry":  {
                                          "type":  "Point",
                                          "coordinates":  [
                                                              35.18164,
                                                              31.83453,
                                                              0.0
                                                          ]
                                      }
                     },
                     {
                         "type":  "Feature",
                         "properties":  {
                                            "Name":  "#2707",
                                            "description":  "\u003cdiv dir=\u0027rtl\u0027 style=\u0027font-family:Arial;\u0027\u003e\u003cb\u003eשם:\u003c/b\u003e שירה גורקייביץ זילבר\u003cbr/\u003e\u003cb\u003eאתר:\u003c/b\u003e עין ליבנה\u003cbr/\u003e\u003cb\u003eתאריך:\u003c/b\u003e 17-05-2026\u003cbr/\u003e\u003cb\u003eID:\u003c/b\u003e 4480\u003cbr/\u003e\u003cb\u003eFB:\u003c/b\u003e \u003ca href=\u0027https://www.facebook.com/groups/beshvil.yael/posts/3974378659521922/\u0027\u003ehttps://www.facebook.com/groups/beshvil.yael/posts/3974378659521922/\u003c/a\u003e\u003cbr/\u003e\u003cbr/\u003e\u003cimg src=\u0027https://drive.google.com/uc?export=view\u0026amp;id=1V16CMTYmAkbtUSU29wlYUEGQLGLoSj2T\u0027 width=\u0027450\u0027/\u003e\u003cbr/\u003e\u003c/div\u003e",
                                            "tessellate":  -1,
                                            "extrude":  0,
                                            "visibility":  -1
                                        },
                         "geometry":  {
                                          "type":  "Point",
                                          "coordinates":  [
                                                              35.09886,
                                                              31.66167,
                                                              0.0
                                                          ]
                                      }
                     },
                     {
                         "type":  "Feature",
                         "properties":  {
                                            "Name":  "#2707",
                                            "description":  "\u003cdiv dir=\u0027rtl\u0027 style=\u0027font-family:Arial;\u0027\u003e\u003cb\u003eשם:\u003c/b\u003e שירה גורקייביץ זילבר\u003cbr/\u003e\u003cb\u003eאתר:\u003c/b\u003e עין חמד\u003cbr/\u003e\u003cb\u003eתאריך:\u003c/b\u003e 18-05-2026\u003cbr/\u003e\u003cb\u003eID:\u003c/b\u003e 4488\u003cbr/\u003e\u003cb\u003eFB:\u003c/b\u003e \u003ca href=\u0027https://www.facebook.com/groups/beshvil.yael/posts/3975172622775859/\u0027\u003ehttps://www.facebook.com/groups/beshvil.yael/posts/3975172622775859/\u003c/a\u003e\u003cbr/\u003e\u003cbr/\u003e\u003cimg src=\u0027https://drive.google.com/uc?export=view\u0026amp;id=1hOKZyNnS9rRZ-Dzm4xNMNq6y_3UtndkU\u0027 width=\u0027450\u0027/\u003e\u003cbr/\u003e\u003c/div\u003e",
                                            "tessellate":  -1,
                                            "extrude":  0,
                                            "visibility":  -1
                                        },
                         "geometry":  {
                                          "type":  "Point",
                                          "coordinates":  [
                                                              35.12521,
                                                              31.7967,
                                                              0.0
                                                          ]
                                      }
                     },
                     {
                         "type":  "Feature",
                         "properties":  {
                                            "Name":  "#2724",
                                            "description":  "\u003cdiv dir=\u0027rtl\u0027 style=\u0027font-family:Arial;\u0027\u003e\u003cb\u003eשם:\u003c/b\u003e ירון גולן\u003cbr/\u003e\u003cb\u003eאתר:\u003c/b\u003e חורשת טל\u003cbr/\u003e\u003cb\u003eתאריך:\u003c/b\u003e 16-07-2025\u003cbr/\u003e\u003cb\u003eID:\u003c/b\u003e 1203\u003cbr/\u003e\u003cb\u003eFB:\u003c/b\u003e \u003ca href=\u0027https://www.facebook.com/groups/beshvil.yael/posts/3695668740726250/\u0027\u003ehttps://www.facebook.com/groups/beshvil.yael/posts/3695668740726250/\u003c/a\u003e\u003cbr/\u003e\u003cbr/\u003e\u003cimg src=\u0027https://drive.google.com/uc?export=view\u0026amp;id=1A32AlvCsjFkxPOO6jq0ahQD3hEQmtFuL\u0027 width=\u0027450\u0027/\u003e\u003cbr/\u003e\u003c/div\u003e",
                                            "tessellate":  -1,
                                            "extrude":  0,
                                            "visibility":  -1
                                        },
                         "geometry":  {
                                          "type":  "Point",
                                          "coordinates":  [
                                                              35.6294775,
                                                              33.2214792,
                                                              0.0
                                                          ]
                                      }
                     },
                     {
                         "type":  "Feature",
                         "properties":  {
                                            "Name":  "#2724",
                                            "description":  "\u003cdiv dir=\u0027rtl\u0027 style=\u0027font-family:Arial;\u0027\u003e\u003cb\u003eשם:\u003c/b\u003e ירון גולן\u003cbr/\u003e\u003cb\u003eאתר:\u003c/b\u003e תל פאחר\u003cbr/\u003e\u003cb\u003eתאריך:\u003c/b\u003e 17-07-2025\u003cbr/\u003e\u003cb\u003eID:\u003c/b\u003e 1225\u003cbr/\u003e\u003cb\u003eFB:\u003c/b\u003e \u003ca href=\u0027https://www.facebook.com/groups/beshvil.yael/posts/3696598800633244/\u0027\u003ehttps://www.facebook.com/groups/beshvil.yael/posts/3696598800633244/\u003c/a\u003e\u003cbr/\u003e\u003cbr/\u003e\u003cimg src=\u0027https://drive.google.com/uc?export=view\u0026amp;id=1fNz81nCxFtKZJhSxzJHx4gAOzMsu-3Tw\u0027 width=\u0027450\u0027/\u003e\u003cbr/\u003e\u003c/div\u003e",
                                            "tessellate":  -1,
                                            "extrude":  0,
                                            "visibility":  -1
                                        },
                         "geometry":  {
                                          "type":  "Point",
                                          "coordinates":  [
                                                              35.6934658,
                                                              33.2260529,
                                                              0.0
                                                          ]
                                      }
                     },
                     {
                         "type":  "Feature",
                         "properties":  {
                                            "Name":  "#2724",
                                            "description":  "\u003cdiv dir=\u0027rtl\u0027 style=\u0027font-family:Arial;\u0027\u003e\u003cb\u003eשם:\u003c/b\u003e ירון גולן\u003cbr/\u003e\u003cb\u003eאתר:\u003c/b\u003e עין עקב\u003cbr/\u003e\u003cb\u003eתאריך:\u003c/b\u003e 23-09-2025\u003cbr/\u003e\u003cb\u003eID:\u003c/b\u003e 2015\u003cbr/\u003e\u003cb\u003eFB:\u003c/b\u003e \u003ca href=\u0027https://www.facebook.com/groups/beshvil.yael/posts/3758728821086908/\u0027\u003ehttps://www.facebook.com/groups/beshvil.yael/posts/3758728821086908/\u003c/a\u003e\u003cbr/\u003e\u003cbr/\u003e\u003cimg src=\u0027https://drive.google.com/uc?export=view\u0026amp;id=1p8S21CaXIBSXcF5fH1CI2EVJvcqdBBCP\u0027 width=\u0027450\u0027/\u003e\u003cbr/\u003e\u003c/div\u003e",
                                            "tessellate":  -1,
                                            "extrude":  0,
                                            "visibility":  -1
                                        },
                         "geometry":  {
                                          "type":  "Point",
                                          "coordinates":  [
                                                              34.8125,
                                                              30.81291,
                                                              0.0
                                                          ]
                                      }
                     },
                     {
                         "type":  "Feature",
                         "properties":  {
                                            "Name":  "#2724",
                                            "description":  "\u003cdiv dir=\u0027rtl\u0027 style=\u0027font-family:Arial;\u0027\u003e\u003cb\u003eשם:\u003c/b\u003e ירון גולן\u003cbr/\u003e\u003cb\u003eאתר:\u003c/b\u003e נחל נקרות\u003cbr/\u003e\u003cb\u003eתאריך:\u003c/b\u003e 01-05-2026\u003cbr/\u003e\u003cb\u003eID:\u003c/b\u003e 4304\u003cbr/\u003e\u003cb\u003eFB:\u003c/b\u003e \u003ca href=\u0027https://www.facebook.com/groups/beshvil.yael/posts/3959666910993097\u0027\u003ehttps://www.facebook.com/groups/beshvil.yael/posts/3959666910993097\u003c/a\u003e\u003cbr/\u003e\u003cbr/\u003e\u003cimg src=\u0027https://drive.google.com/uc?export=view\u0026amp;id=1Y1NcNiESl1XtvtqXHlcnByucu6Baewjb\u0027 width=\u0027450\u0027/\u003e\u003cbr/\u003e\u003c/div\u003e",
                                            "tessellate":  -1,
                                            "extrude":  0,
                                            "visibility":  -1
                                        },
                         "geometry":  {
                                          "type":  "Point",
                                          "coordinates":  [
                                                              34.93905,
                                                              30.594,
                                                              0.0
                                                          ]
                                      }
                     },
                     {
                         "type":  "Feature",
                         "properties":  {
                                            "Name":  "#2727",
                                            "description":  "\u003cdiv dir=\u0027rtl\u0027 style=\u0027font-family:Arial;\u0027\u003e\u003cb\u003eשם:\u003c/b\u003e מירב לבל\u003cbr/\u003e\u003cb\u003eאתר:\u003c/b\u003e נחל צין\u003cbr/\u003e\u003cb\u003eתאריך:\u003c/b\u003e 15-09-2025\u003cbr/\u003e\u003cb\u003eID:\u003c/b\u003e 1894\u003cbr/\u003e\u003cb\u003eFB:\u003c/b\u003e \u003ca href=\u0027https://www.facebook.com/groups/beshvil.yael/posts/3751198201839970\u0027\u003ehttps://www.facebook.com/groups/beshvil.yael/posts/3751198201839970\u003c/a\u003e\u003cbr/\u003e\u003cbr/\u003e\u003cimg src=\u0027https://drive.google.com/uc?export=view\u0026amp;id=1R6wi_p_jIHG40cwPKMT1fdcI0AVs1vRh\u0027 width=\u0027450\u0027/\u003e\u003cbr/\u003e\u003c/div\u003e",
                                            "tessellate":  -1,
                                            "extrude":  0,
                                            "visibility":  -1
                                        },
                         "geometry":  {
                                          "type":  "Point",
                                          "coordinates":  [
                                                              35.06,
                                                              30.84623,
                                                              0.0
                                                          ]
                                      }
                     },
                     {
                         "type":  "Feature",
                         "properties":  {
                                            "Name":  "#2727",
                                            "description":  "\u003cdiv dir=\u0027rtl\u0027 style=\u0027font-family:Arial;\u0027\u003e\u003cb\u003eשם:\u003c/b\u003e מירב לבל\u003cbr/\u003e\u003cb\u003eאתר:\u003c/b\u003e עין עבדת\u003cbr/\u003e\u003cb\u003eתאריך:\u003c/b\u003e 24-09-2025\u003cbr/\u003e\u003cb\u003eID:\u003c/b\u003e 2026\u003cbr/\u003e\u003cb\u003eFB:\u003c/b\u003e \u003ca href=\u0027https://www.facebook.com/groups/beshvil.yael/posts/3759416681018122\u0027\u003ehttps://www.facebook.com/groups/beshvil.yael/posts/3759416681018122\u003c/a\u003e\u003cbr/\u003e\u003cbr/\u003e\u003cimg src=\u0027https://drive.google.com/uc?export=view\u0026amp;id=1uArH9z4hL-EHP0ld_hKiZC0xuImDHgUi\u0027 width=\u0027450\u0027/\u003e\u003cbr/\u003e\u003c/div\u003e",
                                            "tessellate":  -1,
                                            "extrude":  0,
                                            "visibility":  -1
                                        },
                         "geometry":  {
                                          "type":  "Point",
                                          "coordinates":  [
                                                              34.7623391,
                                                              30.8263184,
                                                              0.0
                                                          ]
                                      }
                     },
                     {
                         "type":  "Feature",
                         "properties":  {
                                            "Name":  "#2727",
                                            "description":  "\u003cdiv dir=\u0027rtl\u0027 style=\u0027font-family:Arial;\u0027\u003e\u003cb\u003eשם:\u003c/b\u003e מירב לבל\u003cbr/\u003e\u003cb\u003eאתר:\u003c/b\u003e שמורת ירוחם\u003cbr/\u003e\u003cb\u003eתאריך:\u003c/b\u003e 01-11-2025\u003cbr/\u003e\u003cb\u003eID:\u003c/b\u003e 2590\u003cbr/\u003e\u003cb\u003eFB:\u003c/b\u003e \u003ca href=\u0027https://www.facebook.com/groups/beshvil.yael/posts/3797397410553382\u0027\u003ehttps://www.facebook.com/groups/beshvil.yael/posts/3797397410553382\u003c/a\u003e\u003cbr/\u003e\u003cbr/\u003e\u003cimg src=\u0027https://drive.google.com/uc?export=view\u0026amp;id=1oi2BIpWdxFE5gs9HSV_7LFd0u7QpKEcM\u0027 width=\u0027450\u0027/\u003e\u003cbr/\u003e\u003c/div\u003e",
                                            "tessellate":  -1,
                                            "extrude":  0,
                                            "visibility":  -1
                                        },
                         "geometry":  {
                                          "type":  "Point",
                                          "coordinates":  [
                                                              34.89638,
                                                              30.97574,
                                                              0.0
                                                          ]
                                      }
                     },
                     {
                         "type":  "Feature",
                         "properties":  {
                                            "Name":  "#2727",
                                            "description":  "\u003cdiv dir=\u0027rtl\u0027 style=\u0027font-family:Arial;\u0027\u003e\u003cb\u003eשם:\u003c/b\u003e מירב לבל\u003cbr/\u003e\u003cb\u003eאתר:\u003c/b\u003e עין חותם\u003cbr/\u003e\u003cb\u003eתאריך:\u003c/b\u003e 07-01-2026\u003cbr/\u003e\u003cb\u003eID:\u003c/b\u003e 3285\u003cbr/\u003e\u003cb\u003eFB:\u003c/b\u003e \u003ca href=\u0027https://www.facebook.com/groups/beshvil.yael/posts/3855177491442040\u0027\u003ehttps://www.facebook.com/groups/beshvil.yael/posts/3855177491442040\u003c/a\u003e\u003cbr/\u003e\u003cbr/\u003e\u003cimg src=\u0027https://drive.google.com/uc?export=view\u0026amp;id=1ODlwjokU8f9_h_wVXaehrSIhLzjZYpCd\u0027 width=\u0027450\u0027/\u003e\u003cbr/\u003e\u003c/div\u003e",
                                            "tessellate":  -1,
                                            "extrude":  0,
                                            "visibility":  -1
                                        },
                         "geometry":  {
                                          "type":  "Point",
                                          "coordinates":  [
                                                              35.34245,
                                                              33.00425,
                                                              0.0
                                                          ]
                                      }
                     },
                     {
                         "type":  "Feature",
                         "properties":  {
                                            "Name":  "#2727",
                                            "description":  "\u003cdiv dir=\u0027rtl\u0027 style=\u0027font-family:Arial;\u0027\u003e\u003cb\u003eשם:\u003c/b\u003e מירב לבל\u003cbr/\u003e\u003cb\u003eאתר:\u003c/b\u003e נחל דוד\u003cbr/\u003e\u003cb\u003eתאריך:\u003c/b\u003e 18-01-2026\u003cbr/\u003e\u003cb\u003eID:\u003c/b\u003e 3399\u003cbr/\u003e\u003cb\u003eFB:\u003c/b\u003e \u003ca href=\u0027https://www.facebook.com/groups/beshvil.yael/posts/3864533783839744/\u0027\u003ehttps://www.facebook.com/groups/beshvil.yael/posts/3864533783839744/\u003c/a\u003e\u003cbr/\u003e\u003cbr/\u003e\u003cimg src=\u0027https://drive.google.com/uc?export=view\u0026amp;id=15UHJaPkJlYV5RlTMtdl3u5jMn1sbDaLP\u0027 width=\u0027450\u0027/\u003e\u003cbr/\u003e\u003c/div\u003e",
                                            "tessellate":  -1,
                                            "extrude":  0,
                                            "visibility":  -1
                                        },
                         "geometry":  {
                                          "type":  "Point",
                                          "coordinates":  [
                                                              35.36613,
                                                              31.47813,
                                                              0.0
                                                          ]
                                      }
                     },
                     {
                         "type":  "Feature",
                         "properties":  {
                                            "Name":  "#2727",
                                            "description":  "\u003cdiv dir=\u0027rtl\u0027 style=\u0027font-family:Arial;\u0027\u003e\u003cb\u003eשם:\u003c/b\u003e מירב לבל\u003cbr/\u003e\u003cb\u003eאתר:\u003c/b\u003e עין ארובות\u003cbr/\u003e\u003cb\u003eתאריך:\u003c/b\u003e 14-04-2026\u003cbr/\u003e\u003cb\u003eID:\u003c/b\u003e 4129\u003cbr/\u003e\u003cb\u003eFB:\u003c/b\u003e \u003ca href=\u0027https://www.facebook.com/groups/beshvil.yael/posts/3944045339221921/\u0027\u003ehttps://www.facebook.com/groups/beshvil.yael/posts/3944045339221921/\u003c/a\u003e\u003cbr/\u003e\u003cbr/\u003e\u003cimg src=\u0027https://drive.google.com/uc?export=view\u0026amp;id=1LHx-Z2oRH1UodmtrbTzKsuH4O0rHdS2q\u0027 width=\u0027450\u0027/\u003e\u003cbr/\u003e\u003c/div\u003e",
                                            "tessellate":  -1,
                                            "extrude":  0,
                                            "visibility":  -1
                                        },
                         "geometry":  {
                                          "type":  "Point",
                                          "coordinates":  [
                                                              35.02348,
                                                              32.48207,
                                                              0.0
                                                          ]
                                      }
                     },
                     {
                         "type":  "Feature",
                         "properties":  {
                                            "Name":  "#2760",
                                            "description":  "\u003cdiv dir=\u0027rtl\u0027 style=\u0027font-family:Arial;\u0027\u003e\u003cb\u003eשם:\u003c/b\u003e אורה גלאון\u003cbr/\u003e\u003cb\u003eאתר:\u003c/b\u003e מגדל צדק\u003cbr/\u003e\u003cb\u003eתאריך:\u003c/b\u003e 17-11-2025\u003cbr/\u003e\u003cb\u003eID:\u003c/b\u003e 2770\u003cbr/\u003e\u003cb\u003eFB:\u003c/b\u003e \u003ca href=\u0027https://www.facebook.com/groups/beshvil.yael/posts/3812426452383811/\u0027\u003ehttps://www.facebook.com/groups/beshvil.yael/posts/3812426452383811/\u003c/a\u003e\u003cbr/\u003e\u003cbr/\u003e\u003cimg src=\u0027https://drive.google.com/uc?export=view\u0026amp;id=1jjUnuiH8rtW0pw0Mk05fL24zKLgfIfXw\u0027 width=\u0027450\u0027/\u003e\u003cbr/\u003e\u003c/div\u003e",
                                            "tessellate":  -1,
                                            "extrude":  0,
                                            "visibility":  -1
                                        },
                         "geometry":  {
                                          "type":  "Point",
                                          "coordinates":  [
                                                              34.95699,
                                                              32.0811,
                                                              0.0
                                                          ]
                                      }
                     },
                     {
                         "type":  "Feature",
                         "properties":  {
                                            "Name":  "#2761",
                                            "description":  "\u003cdiv dir=\u0027rtl\u0027 style=\u0027font-family:Arial;\u0027\u003e\u003cb\u003eשם:\u003c/b\u003e טל שרת\u003cbr/\u003e\u003cb\u003eאתר:\u003c/b\u003e בדרך לירוחם\u003cbr/\u003e\u003cb\u003eתאריך:\u003c/b\u003e 25-06-2025\u003cbr/\u003e\u003cb\u003eID:\u003c/b\u003e 1060\u003cbr/\u003e\u003cb\u003eFB:\u003c/b\u003e \u003ca href=\u0027https://www.facebook.com/groups/beshvil.yael/posts/3678081629151628\u0027\u003ehttps://www.facebook.com/groups/beshvil.yael/posts/3678081629151628\u003c/a\u003e\u003cbr/\u003e\u003cbr/\u003e\u003cimg src=\u0027https://drive.google.com/uc?export=view\u0026amp;id=1L13tSM-B5DhY7b8zTTDMbkIJdkbh-sTR\u0027 width=\u0027450\u0027/\u003e\u003cbr/\u003e\u003c/div\u003e",
                                            "tessellate":  -1,
                                            "extrude":  0,
                                            "visibility":  -1
                                        },
                         "geometry":  {
                                          "type":  "Point",
                                          "coordinates":  [
                                                              34.9035804,
                                                              31.00454,
                                                              0.0
                                                          ]
                                      }
                     },
                     {
                         "type":  "Feature",
                         "properties":  {
                                            "Name":  "#2761",
                                            "description":  "\u003cdiv dir=\u0027rtl\u0027 style=\u0027font-family:Arial;\u0027\u003e\u003cb\u003eשם:\u003c/b\u003e טל שרת\u003cbr/\u003e\u003cb\u003eאתר:\u003c/b\u003e ארץ הצבי\u003cbr/\u003e\u003cb\u003eתאריך:\u003c/b\u003e 22-08-2025\u003cbr/\u003e\u003cb\u003eID:\u003c/b\u003e 1620\u003cbr/\u003e\u003cb\u003eFB:\u003c/b\u003e \u003ca href=\u0027https://www.facebook.com/groups/beshvil.yael/posts/3728889557404168/\u0027\u003ehttps://www.facebook.com/groups/beshvil.yael/posts/3728889557404168/\u003c/a\u003e\u003cbr/\u003e\u003cbr/\u003e\u003cimg src=\u0027https://drive.google.com/uc?export=view\u0026amp;id=1hpoYFmFzDFUw84DFvAhtjTneksyLqoFc\u0027 width=\u0027450\u0027/\u003e\u003cbr/\u003e\u003c/div\u003e",
                                            "tessellate":  -1,
                                            "extrude":  0,
                                            "visibility":  -1
                                        },
                         "geometry":  {
                                          "type":  "Point",
                                          "coordinates":  [
                                                              35.3552716,
                                                              31.8224021,
                                                              0.0
                                                          ]
                                      }
                     },
                     {
                         "type":  "Feature",
                         "properties":  {
                                            "Name":  "#2772",
                                            "description":  "\u003cdiv dir=\u0027rtl\u0027 style=\u0027font-family:Arial;\u0027\u003e\u003cb\u003eשם:\u003c/b\u003e מיש אדלשטיין\u003cbr/\u003e\u003cb\u003eאתר:\u003c/b\u003e בית אלפא\u003cbr/\u003e\u003cb\u003eתאריך:\u003c/b\u003e 19-08-2025\u003cbr/\u003e\u003cb\u003eID:\u003c/b\u003e 1588\u003cbr/\u003e\u003cb\u003eFB:\u003c/b\u003e \u003ca href=\u0027https://www.facebook.com/groups/beshvil.yael/posts/3725952507697873/\u0027\u003ehttps://www.facebook.com/groups/beshvil.yael/posts/3725952507697873/\u003c/a\u003e\u003cbr/\u003e\u003cbr/\u003e\u003cimg src=\u0027https://drive.google.com/uc?export=view\u0026amp;id=1WELF850W8dY6uBMymnYwhUT6ZhZ8L144\u0027 width=\u0027450\u0027/\u003e\u003cbr/\u003e\u003c/div\u003e",
                                            "tessellate":  -1,
                                            "extrude":  0,
                                            "visibility":  -1
                                        },
                         "geometry":  {
                                          "type":  "Point",
                                          "coordinates":  [
                                                              35.4323444,
                                                              32.5170807,
                                                              0.0
                                                          ]
                                      }
                     },
                     {
                         "type":  "Feature",
                         "properties":  {
                                            "Name":  "#2772",
                                            "description":  "\u003cdiv dir=\u0027rtl\u0027 style=\u0027font-family:Arial;\u0027\u003e\u003cb\u003eשם:\u003c/b\u003e מיש אדלשטיין\u003cbr/\u003e\u003cb\u003eאתר:\u003c/b\u003e מצפה בית רימון\u003cbr/\u003e\u003cb\u003eתאריך:\u003c/b\u003e 06-05-2026\u003cbr/\u003e\u003cb\u003eID:\u003c/b\u003e 4363\u003cbr/\u003e\u003cb\u003eFB:\u003c/b\u003e \u003ca href=\u0027https://www.facebook.com/groups/beshvil.yael/posts/3963864443906677/\u0027\u003ehttps://www.facebook.com/groups/beshvil.yael/posts/3963864443906677/\u003c/a\u003e\u003cbr/\u003e\u003cbr/\u003e\u003cimg src=\u0027https://drive.google.com/uc?export=view\u0026amp;id=1AP1D5G9WsdsNXVhWPRnZC3OkZlwm3Jg2\u0027 width=\u0027450\u0027/\u003e\u003cbr/\u003e\u003c/div\u003e",
                                            "tessellate":  -1,
                                            "extrude":  0,
                                            "visibility":  -1
                                        },
                         "geometry":  {
                                          "type":  "Point",
                                          "coordinates":  [
                                                              35.32842,
                                                              32.78362,
                                                              0.0
                                                          ]
                                      }
                     },
                     {
                         "type":  "Feature",
                         "properties":  {
                                            "Name":  "#2772",
                                            "description":  "\u003cdiv dir=\u0027rtl\u0027 style=\u0027font-family:Arial;\u0027\u003e\u003cb\u003eשם:\u003c/b\u003e מיש אדלשטיין\u003cbr/\u003e\u003cb\u003eאתר:\u003c/b\u003e בית גבריאל\u003cbr/\u003e\u003cb\u003eתאריך:\u003c/b\u003e 06-05-2026\u003cbr/\u003e\u003cb\u003eID:\u003c/b\u003e 4366\u003cbr/\u003e\u003cb\u003eFB:\u003c/b\u003e \u003ca href=\u0027https://www.facebook.com/groups/beshvil.yael/posts/3964073557219099/\u0027\u003ehttps://www.facebook.com/groups/beshvil.yael/posts/3964073557219099/\u003c/a\u003e\u003cbr/\u003e\u003cbr/\u003e\u003cimg src=\u0027https://drive.google.com/uc?export=view\u0026amp;id=1WsrW5yrihi2ET7Xb1FegoMbu_jAUIsKP\u0027 width=\u0027450\u0027/\u003e\u003cbr/\u003e\u003c/div\u003e",
                                            "tessellate":  -1,
                                            "extrude":  0,
                                            "visibility":  -1
                                        },
                         "geometry":  {
                                          "type":  "Point",
                                          "coordinates":  [
                                                              35.58893,
                                                              32.705,
                                                              0.0
                                                          ]
                                      }
                     },
                     {
                         "type":  "Feature",
                         "properties":  {
                                            "Name":  "#2772",
                                            "description":  "\u003cdiv dir=\u0027rtl\u0027 style=\u0027font-family:Arial;\u0027\u003e\u003cb\u003eשם:\u003c/b\u003e מיש אדלשטיין\u003cbr/\u003e\u003cb\u003eאתר:\u003c/b\u003e מרינה הרצליה\u003cbr/\u003e\u003cb\u003eתאריך:\u003c/b\u003e 13-05-2026\u003cbr/\u003e\u003cb\u003eID:\u003c/b\u003e 4421\u003cbr/\u003e\u003cb\u003eFB:\u003c/b\u003e \u003ca href=\u0027https://www.facebook.com/groups/beshvil.yael/posts/3970436486582806/\u0027\u003ehttps://www.facebook.com/groups/beshvil.yael/posts/3970436486582806/\u003c/a\u003e\u003cbr/\u003e\u003cbr/\u003e\u003cimg src=\u0027https://drive.google.com/uc?export=view\u0026amp;id=1z1_yhDyavduUKOk6SsWnCCpT_8udhpB4\u0027 width=\u0027450\u0027/\u003e\u003cbr/\u003e\u003c/div\u003e",
                                            "tessellate":  -1,
                                            "extrude":  0,
                                            "visibility":  -1
                                        },
                         "geometry":  {
                                          "type":  "Point",
                                          "coordinates":  [
                                                              34.78652,
                                                              32.16745,
                                                              0.0
                                                          ]
                                      }
                     },
                     {
                         "type":  "Feature",
                         "properties":  {
                                            "Name":  "#2772",
                                            "description":  "\u003cdiv dir=\u0027rtl\u0027 style=\u0027font-family:Arial;\u0027\u003e\u003cb\u003eשם:\u003c/b\u003e מיש אדלשטיין\u003cbr/\u003e\u003cb\u003eאתר:\u003c/b\u003e כנרת\u003cbr/\u003e\u003cb\u003eתאריך:\u003c/b\u003e 25-05-2026\u003cbr/\u003e\u003cb\u003eID:\u003c/b\u003e 4531\u003cbr/\u003e\u003cb\u003eFB:\u003c/b\u003e \u003ca href=\u0027https://www.facebook.com/groups/beshvil.yael/posts/3981728868786901/\u0027\u003ehttps://www.facebook.com/groups/beshvil.yael/posts/3981728868786901/\u003c/a\u003e\u003cbr/\u003e\u003cbr/\u003e\u003cimg src=\u0027https://drive.google.com/uc?export=view\u0026amp;id=1SJOnWZtIZVln8m6fy5vBS9m4ZSrpx1GI\u0027 width=\u0027450\u0027/\u003e\u003cbr/\u003e\u003c/div\u003e",
                                            "tessellate":  -1,
                                            "extrude":  0,
                                            "visibility":  -1
                                        },
                         "geometry":  {
                                          "type":  "Point",
                                          "coordinates":  [
                                                              35.56439,
                                                              32.81707,
                                                              0.0
                                                          ]
                                      }
                     },
                     {
                         "type":  "Feature",
                         "properties":  {
                                            "Name":  "#2773",
                                            "description":  "\u003cdiv dir=\u0027rtl\u0027 style=\u0027font-family:Arial;\u0027\u003e\u003cb\u003eשם:\u003c/b\u003e חנן אדלשטיין\u003cbr/\u003e\u003cb\u003eאתר:\u003c/b\u003e מצפה בית רימון\u003cbr/\u003e\u003cb\u003eתאריך:\u003c/b\u003e 06-05-2026\u003cbr/\u003e\u003cb\u003eID:\u003c/b\u003e 503\u003cbr/\u003e\u003cb\u003eFB:\u003c/b\u003e \u003ca href=\u0027https://www.facebook.com/groups/beshvil.yael/posts/3963864443906677/\u0027\u003ehttps://www.facebook.com/groups/beshvil.yael/posts/3963864443906677/\u003c/a\u003e\u003cbr/\u003e\u003cbr/\u003e\u003cimg src=\u0027https://drive.google.com/uc?export=view\u0026amp;id=1AP1D5G9WsdsNXVhWPRnZC3OkZlwm3Jg2\u0027 width=\u0027450\u0027/\u003e\u003cbr/\u003e\u003c/div\u003e",
                                            "tessellate":  -1,
                                            "extrude":  0,
                                            "visibility":  -1
                                        },
                         "geometry":  {
                                          "type":  "Point",
                                          "coordinates":  [
                                                              35.32842,
                                                              32.78389,
                                                              0.0
                                                          ]
                                      }
                     },
                     {
                         "type":  "Feature",
                         "properties":  {
                                            "Name":  "#2773",
                                            "description":  "\u003cdiv dir=\u0027rtl\u0027 style=\u0027font-family:Arial;\u0027\u003e\u003cb\u003eשם:\u003c/b\u003e חנן אדלשטיין\u003cbr/\u003e\u003cb\u003eאתר:\u003c/b\u003e בית גבריאל\u003cbr/\u003e\u003cb\u003eתאריך:\u003c/b\u003e 06-05-2026\u003cbr/\u003e\u003cb\u003eID:\u003c/b\u003e 504\u003cbr/\u003e\u003cb\u003eFB:\u003c/b\u003e \u003ca href=\u0027https://www.facebook.com/groups/beshvil.yael/posts/3964073557219099/\u0027\u003ehttps://www.facebook.com/groups/beshvil.yael/posts/3964073557219099/\u003c/a\u003e\u003cbr/\u003e\u003cbr/\u003e\u003cimg src=\u0027https://drive.google.com/uc?export=view\u0026amp;id=1WsrW5yrihi2ET7Xb1FegoMbu_jAUIsKP\u0027 width=\u0027450\u0027/\u003e\u003cbr/\u003e\u003c/div\u003e",
                                            "tessellate":  -1,
                                            "extrude":  0,
                                            "visibility":  -1
                                        },
                         "geometry":  {
                                          "type":  "Point",
                                          "coordinates":  [
                                                              35.58893,
                                                              32.70527,
                                                              0.0
                                                          ]
                                      }
                     },
                     {
                         "type":  "Feature",
                         "properties":  {
                                            "Name":  "#2773",
                                            "description":  "\u003cdiv dir=\u0027rtl\u0027 style=\u0027font-family:Arial;\u0027\u003e\u003cb\u003eשם:\u003c/b\u003e חנן אדלשטיין\u003cbr/\u003e\u003cb\u003eאתר:\u003c/b\u003e כנרת\u003cbr/\u003e\u003cb\u003eתאריך:\u003c/b\u003e 25-05-2026\u003cbr/\u003e\u003cb\u003eID:\u003c/b\u003e 533\u003cbr/\u003e\u003cb\u003eFB:\u003c/b\u003e \u003ca href=\u0027https://www.facebook.com/groups/beshvil.yael/posts/3981728868786901/\u0027\u003ehttps://www.facebook.com/groups/beshvil.yael/posts/3981728868786901/\u003c/a\u003e\u003cbr/\u003e\u003cbr/\u003e\u003cimg src=\u0027https://drive.google.com/uc?export=view\u0026amp;id=1SJOnWZtIZVln8m6fy5vBS9m4ZSrpx1GI\u0027 width=\u0027450\u0027/\u003e\u003cbr/\u003e\u003c/div\u003e",
                                            "tessellate":  -1,
                                            "extrude":  0,
                                            "visibility":  -1
                                        },
                         "geometry":  {
                                          "type":  "Point",
                                          "coordinates":  [
                                                              35.56439,
                                                              32.81734,
                                                              0.0
                                                          ]
                                      }
                     },
                     {
                         "type":  "Feature",
                         "properties":  {
                                            "Name":  "#2778",
                                            "description":  "\u003cdiv dir=\u0027rtl\u0027 style=\u0027font-family:Arial;\u0027\u003e\u003cb\u003eשם:\u003c/b\u003e יעל פטישי\u003cbr/\u003e\u003cb\u003eאתר:\u003c/b\u003e שדה תעופה רמון\u003cbr/\u003e\u003cb\u003eתאריך:\u003c/b\u003e 01-01-2026\u003cbr/\u003e\u003cb\u003eID:\u003c/b\u003e 3235\u003cbr/\u003e\u003cb\u003eFB:\u003c/b\u003e \u003ca href=\u0027https://www.facebook.com/groups/beshvil.yael/posts/3850862901873499\u0027\u003ehttps://www.facebook.com/groups/beshvil.yael/posts/3850862901873499\u003c/a\u003e\u003cbr/\u003e\u003cbr/\u003e\u003cimg src=\u0027https://drive.google.com/uc?export=view\u0026amp;id=1mZkrq5Aqutt4DnJC4A4v7VrC2VvMnPhj\u0027 width=\u0027450\u0027/\u003e\u003cbr/\u003e\u003c/div\u003e",
                                            "tessellate":  -1,
                                            "extrude":  0,
                                            "visibility":  -1
                                        },
                         "geometry":  {
                                          "type":  "Point",
                                          "coordinates":  [
                                                              35.005775,
                                                              29.7255897,
                                                              0.0
                                                          ]
                                      }
                     },
                     {
                         "type":  "Feature",
                         "properties":  {
                                            "Name":  "#2813",
                                            "description":  "\u003cdiv dir=\u0027rtl\u0027 style=\u0027font-family:Arial;\u0027\u003e\u003cb\u003eשם:\u003c/b\u003e נוה צוייגנברג\u003cbr/\u003e\u003cb\u003eאתר:\u003c/b\u003e אנדרטת התצפיתניות\u003cbr/\u003e\u003cb\u003eתאריך:\u003c/b\u003e 07-10-2025\u003cbr/\u003e\u003cb\u003eID:\u003c/b\u003e 2264\u003cbr/\u003e\u003cb\u003eFB:\u003c/b\u003e \u003ca href=\u0027https://www.facebook.com/groups/beshvil.yael/posts/3772630033030120\u0027\u003ehttps://www.facebook.com/groups/beshvil.yael/posts/3772630033030120\u003c/a\u003e\u003cbr/\u003e\u003cbr/\u003e\u003cimg src=\u0027https://drive.google.com/uc?export=view\u0026amp;id=1pflqZa1EZnoeR3_PWbllO-4lkkqhShK5\u0027 width=\u0027450\u0027/\u003e\u003cbr/\u003e\u003c/div\u003e",
                                            "tessellate":  -1,
                                            "extrude":  0,
                                            "visibility":  -1
                                        },
                         "geometry":  {
                                          "type":  "Point",
                                          "coordinates":  [
                                                              34.52414,
                                                              31.46188,
                                                              0.0
                                                          ]
                                      }
                     },
                     {
                         "type":  "Feature",
                         "properties":  {
                                            "Name":  "#2828",
                                            "description":  "\u003cdiv dir=\u0027rtl\u0027 style=\u0027font-family:Arial;\u0027\u003e\u003cb\u003eשם:\u003c/b\u003e ציפי סבאר\u003cbr/\u003e\u003cb\u003eאתר:\u003c/b\u003e זכרון יעקב\u003cbr/\u003e\u003cb\u003eתאריך:\u003c/b\u003e 16-12-2025\u003cbr/\u003e\u003cb\u003eID:\u003c/b\u003e 3070\u003cbr/\u003e\u003cb\u003eFB:\u003c/b\u003e \u003ca href=\u0027https://www.facebook.com/groups/beshvil.yael/posts/3837121803247609\u0027\u003ehttps://www.facebook.com/groups/beshvil.yael/posts/3837121803247609\u003c/a\u003e\u003cbr/\u003e\u003cbr/\u003e\u003cimg src=\u0027https://drive.google.com/uc?export=view\u0026amp;id=1MPQsyYqnyeOC9m1PzGnSYfbrVo7eo90V\u0027 width=\u0027450\u0027/\u003e\u003cbr/\u003e\u003c/div\u003e",
                                            "tessellate":  -1,
                                            "extrude":  0,
                                            "visibility":  -1
                                        },
                         "geometry":  {
                                          "type":  "Point",
                                          "coordinates":  [
                                                              34.9538,
                                                              32.57814,
                                                              0.0
                                                          ]
                                      }
                     },
                     {
                         "type":  "Feature",
                         "properties":  {
                                            "Name":  "#2847",
                                            "description":  "\u003cdiv dir=\u0027rtl\u0027 style=\u0027font-family:Arial;\u0027\u003e\u003cb\u003eשם:\u003c/b\u003e רוני ברגמן דורינגטון\u003cbr/\u003e\u003cb\u003eאתר:\u003c/b\u003e חוף בית ינאי\u003cbr/\u003e\u003cb\u003eתאריך:\u003c/b\u003e 14-09-2025\u003cbr/\u003e\u003cb\u003eID:\u003c/b\u003e 1871\u003cbr/\u003e\u003cb\u003eFB:\u003c/b\u003e \u003ca href=\u0027https://www.facebook.com/groups/beshvil.yael/posts/3749927001967090\u0027\u003ehttps://www.facebook.com/groups/beshvil.yael/posts/3749927001967090\u003c/a\u003e\u003cbr/\u003e\u003cbr/\u003e\u003cimg src=\u0027https://drive.google.com/uc?export=view\u0026amp;id=1_wkbJCKgQNvAzf5d0xgBlYYXE8F9wVFO\u0027 width=\u0027450\u0027/\u003e\u003cbr/\u003e\u003c/div\u003e",
                                            "tessellate":  -1,
                                            "extrude":  0,
                                            "visibility":  -1
                                        },
                         "geometry":  {
                                          "type":  "Point",
                                          "coordinates":  [
                                                              34.86377,
                                                              32.38753,
                                                              0.0
                                                          ]
                                      }
                     },
                     {
                         "type":  "Feature",
                         "properties":  {
                                            "Name":  "#2855",
                                            "description":  "\u003cdiv dir=\u0027rtl\u0027 style=\u0027font-family:Arial;\u0027\u003e\u003cb\u003eשם:\u003c/b\u003e אורי לוי\u003cbr/\u003e\u003cb\u003eאתר:\u003c/b\u003e שן רמון\u003cbr/\u003e\u003cb\u003eתאריך:\u003c/b\u003e 07-12-2025\u003cbr/\u003e\u003cb\u003eID:\u003c/b\u003e 2998\u003cbr/\u003e\u003cb\u003eFB:\u003c/b\u003e \u003ca href=\u0027https://www.facebook.com/groups/beshvil.yael/posts/3829526504007139\u0027\u003ehttps://www.facebook.com/groups/beshvil.yael/posts/3829526504007139\u003c/a\u003e\u003cbr/\u003e\u003cbr/\u003e\u003cimg src=\u0027https://drive.google.com/uc?export=view\u0026amp;id=18Ezmu9KB-Q1db-9-XQAAWvxNs2dsRswS\u0027 width=\u0027450\u0027/\u003e\u003cbr/\u003e\u003c/div\u003e",
                                            "tessellate":  -1,
                                            "extrude":  0,
                                            "visibility":  -1
                                        },
                         "geometry":  {
                                          "type":  "Point",
                                          "coordinates":  [
                                                              34.84548,
                                                              30.57074,
                                                              0.0
                                                          ]
                                      }
                     },
                     {
                         "type":  "Feature",
                         "properties":  {
                                            "Name":  "#2867",
                                            "description":  "\u003cdiv dir=\u0027rtl\u0027 style=\u0027font-family:Arial;\u0027\u003e\u003cb\u003eשם:\u003c/b\u003e אלון נחשון\u003cbr/\u003e\u003cb\u003eאתר:\u003c/b\u003e מצפה / מכתש רמון\u003cbr/\u003e\u003cb\u003eתאריך:\u003c/b\u003e 10-02-2026\u003cbr/\u003e\u003cb\u003eID:\u003c/b\u003e 3658\u003cbr/\u003e\u003cb\u003eFB:\u003c/b\u003e \u003ca href=\u0027https://www.facebook.com/groups/beshvil.yael/posts/3870244676601988/\u0027\u003ehttps://www.facebook.com/groups/beshvil.yael/posts/3870244676601988/\u003c/a\u003e\u003cbr/\u003e\u003cbr/\u003e\u003cimg src=\u0027https://drive.google.com/uc?export=view\u0026amp;id=18B_P3RypisJXw1aiTRjUubDpUF7AxNMe\u0027 width=\u0027450\u0027/\u003e\u003cbr/\u003e\u003c/div\u003e",
                                            "tessellate":  -1,
                                            "extrude":  0,
                                            "visibility":  -1
                                        },
                         "geometry":  {
                                          "type":  "Point",
                                          "coordinates":  [
                                                              34.68227,
                                                              30.54315,
                                                              0.0
                                                          ]
                                      }
                     },
                     {
                         "type":  "Feature",
                         "properties":  {
                                            "Name":  "#2895",
                                            "description":  "\u003cdiv dir=\u0027rtl\u0027 style=\u0027font-family:Arial;\u0027\u003e\u003cb\u003eשם:\u003c/b\u003e תמי חן לויט\u003cbr/\u003e\u003cb\u003eאתר:\u003c/b\u003e תל דור\u003cbr/\u003e\u003cb\u003eתאריך:\u003c/b\u003e 31-05-2025\u003cbr/\u003e\u003cb\u003eID:\u003c/b\u003e 854\u003cbr/\u003e\u003cb\u003eFB:\u003c/b\u003e \u003ca href=\u0027https://www.facebook.com/groups/3235176716775457/posts/3655938814699243/\u0027\u003ehttps://www.facebook.com/groups/3235176716775457/posts/3655938814699243/\u003c/a\u003e\u003cbr/\u003e\u003cbr/\u003e\u003cimg src=\u0027https://drive.google.com/uc?export=view\u0026amp;id=1HnL0QbAUo1P4xXbenjfd8s960qwbPFzt\u0027 width=\u0027450\u0027/\u003e\u003cbr/\u003e\u003c/div\u003e",
                                            "tessellate":  -1,
                                            "extrude":  0,
                                            "visibility":  -1
                                        },
                         "geometry":  {
                                          "type":  "Point",
                                          "coordinates":  [
                                                              34.920557,
                                                              32.6214205,
                                                              0.0
                                                          ]
                                      }
                     },
                     {
                         "type":  "Feature",
                         "properties":  {
                                            "Name":  "#2895",
                                            "description":  "\u003cdiv dir=\u0027rtl\u0027 style=\u0027font-family:Arial;\u0027\u003e\u003cb\u003eשם:\u003c/b\u003e תמי חן לויט\u003cbr/\u003e\u003cb\u003eאתר:\u003c/b\u003e שבט ארד הרצליה\u003cbr/\u003e\u003cb\u003eתאריך:\u003c/b\u003e 30-07-2025\u003cbr/\u003e\u003cb\u003eID:\u003c/b\u003e 1336\u003cbr/\u003e\u003cb\u003eFB:\u003c/b\u003e \u003ca href=\u0027https://www.facebook.com/groups/beshvil.yael/posts/3707595786200212\u0027\u003ehttps://www.facebook.com/groups/beshvil.yael/posts/3707595786200212\u003c/a\u003e\u003cbr/\u003e\u003cbr/\u003e\u003cimg src=\u0027https://drive.google.com/uc?export=view\u0026amp;id=1Upx860aBsKxap35aYmqB3Pw7tL4wh1SZ\u0027 width=\u0027450\u0027/\u003e\u003cbr/\u003e\u003c/div\u003e",
                                            "tessellate":  -1,
                                            "extrude":  0,
                                            "visibility":  -1
                                        },
                         "geometry":  {
                                          "type":  "Point",
                                          "coordinates":  [
                                                              34.83583,
                                                              32.17395,
                                                              0.0
                                                          ]
                                      }
                     },
                     {
                         "type":  "Feature",
                         "properties":  {
                                            "Name":  "#2895",
                                            "description":  "\u003cdiv dir=\u0027rtl\u0027 style=\u0027font-family:Arial;\u0027\u003e\u003cb\u003eשם:\u003c/b\u003e תמי חן לויט\u003cbr/\u003e\u003cb\u003eאתר:\u003c/b\u003e חורשת טל\u003cbr/\u003e\u003cb\u003eתאריך:\u003c/b\u003e 24-08-2025\u003cbr/\u003e\u003cb\u003eID:\u003c/b\u003e 1637\u003cbr/\u003e\u003cb\u003eFB:\u003c/b\u003e \u003ca href=\u0027https://www.facebook.com/groups/beshvil.yael/posts/3730441977248926/\u0027\u003ehttps://www.facebook.com/groups/beshvil.yael/posts/3730441977248926/\u003c/a\u003e\u003cbr/\u003e\u003cbr/\u003e\u003cimg src=\u0027https://drive.google.com/uc?export=view\u0026amp;id=1mvZDM1fYqPUOmU-WSWBmubgrwKxeKW7K\u0027 width=\u0027450\u0027/\u003e\u003cbr/\u003e\u003c/div\u003e",
                                            "tessellate":  -1,
                                            "extrude":  0,
                                            "visibility":  -1
                                        },
                         "geometry":  {
                                          "type":  "Point",
                                          "coordinates":  [
                                                              35.6296224,
                                                              33.2210708,
                                                              0.0
                                                          ]
                                      }
                     },
                     {
                         "type":  "Feature",
                         "properties":  {
                                            "Name":  "#2896",
                                            "description":  "\u003cdiv dir=\u0027rtl\u0027 style=\u0027font-family:Arial;\u0027\u003e\u003cb\u003eשם:\u003c/b\u003e תמי חן לויט\u003cbr/\u003e\u003cb\u003eאתר:\u003c/b\u003e סחנה\u003cbr/\u003e\u003cb\u003eתאריך:\u003c/b\u003e 03-02-2026\u003cbr/\u003e\u003cb\u003eID:\u003c/b\u003e 3570\u003cbr/\u003e\u003cb\u003eFB:\u003c/b\u003e \u003ca href=\u0027https://www.facebook.com/groups/beshvil.yael/posts/3879503475676108\u0027\u003ehttps://www.facebook.com/groups/beshvil.yael/posts/3879503475676108\u003c/a\u003e\u003cbr/\u003e\u003cbr/\u003e\u003cimg src=\u0027https://drive.google.com/uc?export=view\u0026amp;id=1l7dGLaaolC8SMXgYu4HfPkbpcGaPMy9Q\u0027 width=\u0027450\u0027/\u003e\u003cbr/\u003e\u003c/div\u003e",
                                            "tessellate":  -1,
                                            "extrude":  0,
                                            "visibility":  -1
                                        },
                         "geometry":  {
                                          "type":  "Point",
                                          "coordinates":  [
                                                              35.44557,
                                                              32.50655,
                                                              0.0
                                                          ]
                                      }
                     },
                     {
                         "type":  "Feature",
                         "properties":  {
                                            "Name":  "#2916",
                                            "description":  "\u003cdiv dir=\u0027rtl\u0027 style=\u0027font-family:Arial;\u0027\u003e\u003cb\u003eשם:\u003c/b\u003e ורד זיו\u003cbr/\u003e\u003cb\u003eאתר:\u003c/b\u003e תל דן\u003cbr/\u003e\u003cb\u003eתאריך:\u003c/b\u003e 02-06-2025\u003cbr/\u003e\u003cb\u003eID:\u003c/b\u003e 891\u003cbr/\u003e\u003cb\u003eFB:\u003c/b\u003e \u003ca href=\u0027https://www.facebook.com/groups/3235176716775457/posts/3657638134529311/\u0027\u003ehttps://www.facebook.com/groups/3235176716775457/posts/3657638134529311/\u003c/a\u003e\u003cbr/\u003e\u003cbr/\u003e\u003cimg src=\u0027https://drive.google.com/uc?export=view\u0026amp;id=1UnA_tkiH0BbsGsDpNxCWmPnGATE1XVCB\u0027 width=\u0027450\u0027/\u003e\u003cbr/\u003e\u003c/div\u003e",
                                            "tessellate":  -1,
                                            "extrude":  0,
                                            "visibility":  -1
                                        },
                         "geometry":  {
                                          "type":  "Point",
                                          "coordinates":  [
                                                              35.6505736,
                                                              33.249124,
                                                              0.0
                                                          ]
                                      }
                     },
                     {
                         "type":  "Feature",
                         "properties":  {
                                            "Name":  "#2932",
                                            "description":  "\u003cdiv dir=\u0027rtl\u0027 style=\u0027font-family:Arial;\u0027\u003e\u003cb\u003eשם:\u003c/b\u003e אירית גרינברג קושניר\u003cbr/\u003e\u003cb\u003eאתר:\u003c/b\u003e הר עידו\u003cbr/\u003e\u003cb\u003eתאריך:\u003c/b\u003e 28-03-2026\u003cbr/\u003e\u003cb\u003eID:\u003c/b\u003e 4004\u003cbr/\u003e\u003cb\u003eFB:\u003c/b\u003e \u003ca href=\u0027https://www.facebook.com/groups/beshvil.yael/posts/3928658124093976/\u0027\u003ehttps://www.facebook.com/groups/beshvil.yael/posts/3928658124093976/\u003c/a\u003e\u003cbr/\u003e\u003cbr/\u003e\u003cimg src=\u0027https://drive.google.com/uc?export=view\u0026amp;id=1UC5OSd8ggzm0rVFe13jOHyFbFU8E-SMJ\u0027 width=\u0027450\u0027/\u003e\u003cbr/\u003e\u003c/div\u003e",
                                            "tessellate":  -1,
                                            "extrude":  0,
                                            "visibility":  -1
                                        },
                         "geometry":  {
                                          "type":  "Point",
                                          "coordinates":  [
                                                              34.75917,
                                                              30.55007,
                                                              0.0
                                                          ]
                                      }
                     },
                     {
                         "type":  "Feature",
                         "properties":  {
                                            "Name":  "#2932",
                                            "description":  "\u003cdiv dir=\u0027rtl\u0027 style=\u0027font-family:Arial;\u0027\u003e\u003cb\u003eשם:\u003c/b\u003e אירית גרינברג קושניר\u003cbr/\u003e\u003cb\u003eאתר:\u003c/b\u003e שביל כרמל-כנרת\u003cbr/\u003e\u003cb\u003eתאריך:\u003c/b\u003e 15-05-2026\u003cbr/\u003e\u003cb\u003eID:\u003c/b\u003e 4436\u003cbr/\u003e\u003cb\u003eFB:\u003c/b\u003e \u003ca href=\u0027https://www.facebook.com/groups/beshvil.yael/posts/3972217033071418/\u0027\u003ehttps://www.facebook.com/groups/beshvil.yael/posts/3972217033071418/\u003c/a\u003e\u003cbr/\u003e\u003cbr/\u003e\u003cimg src=\u0027https://drive.google.com/uc?export=view\u0026amp;id=1h8jSh32EYT8Lv6pZghO7M6QxXUlyCypt\u0027 width=\u0027450\u0027/\u003e\u003cbr/\u003e\u003c/div\u003e",
                                            "tessellate":  -1,
                                            "extrude":  0,
                                            "visibility":  -1
                                        },
                         "geometry":  {
                                          "type":  "Point",
                                          "coordinates":  [
                                                              35.38239,
                                                              32.67953,
                                                              0.0
                                                          ]
                                      }
                     },
                     {
                         "type":  "Feature",
                         "properties":  {
                                            "Name":  "#2934",
                                            "description":  "\u003cdiv dir=\u0027rtl\u0027 style=\u0027font-family:Arial;\u0027\u003e\u003cb\u003eשם:\u003c/b\u003e ויקטוריה יביץ\u003cbr/\u003e\u003cb\u003eאתר:\u003c/b\u003e לטרון\u003cbr/\u003e\u003cb\u003eתאריך:\u003c/b\u003e 24-05-2025\u003cbr/\u003e\u003cb\u003eID:\u003c/b\u003e 765\u003cbr/\u003e\u003cb\u003eFB:\u003c/b\u003e \u003ca href=\u0027https://www.facebook.com/groups/3235176716775457/posts/3650061461953645/\u0027\u003ehttps://www.facebook.com/groups/3235176716775457/posts/3650061461953645/\u003c/a\u003e\u003cbr/\u003e\u003cbr/\u003e\u003cimg src=\u0027https://drive.google.com/uc?export=view\u0026amp;id=1Hwv9PSXo-CWUC1JYtWXOTJe9A5dAyTe_\u0027 width=\u0027450\u0027/\u003e\u003cbr/\u003e\u003c/div\u003e",
                                            "tessellate":  -1,
                                            "extrude":  0,
                                            "visibility":  -1
                                        },
                         "geometry":  {
                                          "type":  "Point",
                                          "coordinates":  [
                                                              34.99334,
                                                              31.83574,
                                                              0.0
                                                          ]
                                      }
                     },
                     {
                         "type":  "Feature",
                         "properties":  {
                                            "Name":  "#2934",
                                            "description":  "\u003cdiv dir=\u0027rtl\u0027 style=\u0027font-family:Arial;\u0027\u003e\u003cb\u003eשם:\u003c/b\u003e ויקטוריה יביץ\u003cbr/\u003e\u003cb\u003eאתר:\u003c/b\u003e אילת\u003cbr/\u003e\u003cb\u003eתאריך:\u003c/b\u003e 30-05-2025\u003cbr/\u003e\u003cb\u003eID:\u003c/b\u003e 829\u003cbr/\u003e\u003cb\u003eFB:\u003c/b\u003e \u003ca href=\u0027https://www.facebook.com/groups/3235176716775457/posts/3655136338112824/\u0027\u003ehttps://www.facebook.com/groups/3235176716775457/posts/3655136338112824/\u003c/a\u003e\u003cbr/\u003e\u003cbr/\u003e\u003cimg src=\u0027https://drive.google.com/uc?export=view\u0026amp;id=1FWePfdqxRVfWlrfFVYZg36d8kyPMDofu\u0027 width=\u0027450\u0027/\u003e\u003cbr/\u003e\u003c/div\u003e",
                                            "tessellate":  -1,
                                            "extrude":  0,
                                            "visibility":  -1
                                        },
                         "geometry":  {
                                          "type":  "Point",
                                          "coordinates":  [
                                                              34.9300819,
                                                              29.5205662,
                                                              0.0
                                                          ]
                                      }
                     },
                     {
                         "type":  "Feature",
                         "properties":  {
                                            "Name":  "#2934",
                                            "description":  "\u003cdiv dir=\u0027rtl\u0027 style=\u0027font-family:Arial;\u0027\u003e\u003cb\u003eשם:\u003c/b\u003e ויקטוריה יביץ\u003cbr/\u003e\u003cb\u003eאתר:\u003c/b\u003e הקניו האדום\u003cbr/\u003e\u003cb\u003eתאריך:\u003c/b\u003e 01-06-2025\u003cbr/\u003e\u003cb\u003eID:\u003c/b\u003e 870\u003cbr/\u003e\u003cb\u003eFB:\u003c/b\u003e \u003ca href=\u0027https://www.facebook.com/groups/3235176716775457/posts/3656714584621666/\u0027\u003ehttps://www.facebook.com/groups/3235176716775457/posts/3656714584621666/\u003c/a\u003e\u003cbr/\u003e\u003cbr/\u003e\u003cimg src=\u0027https://drive.google.com/uc?export=view\u0026amp;id=1QXjhChy7ex9rYAInwRRDkJCd_XQ8ezY1\u0027 width=\u0027450\u0027/\u003e\u003cbr/\u003e\u003c/div\u003e",
                                            "tessellate":  -1,
                                            "extrude":  0,
                                            "visibility":  -1
                                        },
                         "geometry":  {
                                          "type":  "Point",
                                          "coordinates":  [
                                                              34.8833103,
                                                              29.6811573,
                                                              0.0
                                                          ]
                                      }
                     },
                     {
                         "type":  "Feature",
                         "properties":  {
                                            "Name":  "#2934",
                                            "description":  "\u003cdiv dir=\u0027rtl\u0027 style=\u0027font-family:Arial;\u0027\u003e\u003cb\u003eשם:\u003c/b\u003e ויקטוריה יביץ\u003cbr/\u003e\u003cb\u003eאתר:\u003c/b\u003e הגן הבוטני\u003cbr/\u003e\u003cb\u003eתאריך:\u003c/b\u003e 05-07-2025\u003cbr/\u003e\u003cb\u003eID:\u003c/b\u003e 1110\u003cbr/\u003e\u003cb\u003eFB:\u003c/b\u003e \u003ca href=\u0027https://www.facebook.com/groups/beshvil.yael/posts/3686100395016418/\u0027\u003ehttps://www.facebook.com/groups/beshvil.yael/posts/3686100395016418/\u003c/a\u003e\u003cbr/\u003e\u003cbr/\u003e\u003cimg src=\u0027https://drive.google.com/uc?export=view\u0026amp;id=1CGW5ktR1Dftl6TAfAgNwj_0mlUJA-XqI\u0027 width=\u0027450\u0027/\u003e\u003cbr/\u003e\u003c/div\u003e",
                                            "tessellate":  -1,
                                            "extrude":  0,
                                            "visibility":  -1
                                        },
                         "geometry":  {
                                          "type":  "Point",
                                          "coordinates":  [
                                                              35.2013406,
                                                              31.7656377,
                                                              0.0
                                                          ]
                                      }
                     },
                     {
                         "type":  "Feature",
                         "properties":  {
                                            "Name":  "#2934",
                                            "description":  "\u003cdiv dir=\u0027rtl\u0027 style=\u0027font-family:Arial;\u0027\u003e\u003cb\u003eשם:\u003c/b\u003e ויקטוריה יביץ\u003cbr/\u003e\u003cb\u003eאתר:\u003c/b\u003e נחל עוז\u003cbr/\u003e\u003cb\u003eתאריך:\u003c/b\u003e 30-07-2025\u003cbr/\u003e\u003cb\u003eID:\u003c/b\u003e 1344\u003cbr/\u003e\u003cb\u003eFB:\u003c/b\u003e \u003ca href=\u0027https://www.facebook.com/groups/beshvil.yael/posts/3707939316165859/\u0027\u003ehttps://www.facebook.com/groups/beshvil.yael/posts/3707939316165859/\u003c/a\u003e\u003cbr/\u003e\u003cbr/\u003e\u003cimg src=\u0027https://drive.google.com/uc?export=view\u0026amp;id=1mFxdTIenwc642LF2voga1uC2b8YWJtDx\u0027 width=\u0027450\u0027/\u003e\u003cbr/\u003e\u003c/div\u003e",
                                            "tessellate":  -1,
                                            "extrude":  0,
                                            "visibility":  -1
                                        },
                         "geometry":  {
                                          "type":  "Point",
                                          "coordinates":  [
                                                              34.498252,
                                                              31.4764317,
                                                              0.0
                                                          ]
                                      }
                     },
                     {
                         "type":  "Feature",
                         "properties":  {
                                            "Name":  "#2934",
                                            "description":  "\u003cdiv dir=\u0027rtl\u0027 style=\u0027font-family:Arial;\u0027\u003e\u003cb\u003eשם:\u003c/b\u003e ויקטוריה יביץ\u003cbr/\u003e\u003cb\u003eאתר:\u003c/b\u003e מוזיאון העיצוב\u003cbr/\u003e\u003cb\u003eתאריך:\u003c/b\u003e 20-09-2025\u003cbr/\u003e\u003cb\u003eID:\u003c/b\u003e 1970\u003cbr/\u003e\u003cb\u003eFB:\u003c/b\u003e \u003ca href=\u0027https://www.facebook.com/groups/beshvil.yael/posts/3755769861382804/\u0027\u003ehttps://www.facebook.com/groups/beshvil.yael/posts/3755769861382804/\u003c/a\u003e\u003cbr/\u003e\u003cbr/\u003e\u003cimg src=\u0027https://drive.google.com/uc?export=view\u0026amp;id=1FD9Ry2aNGtdFTNBHMQcwPlsuq0udurQL\u0027 width=\u0027450\u0027/\u003e\u003cbr/\u003e\u003c/div\u003e",
                                            "tessellate":  -1,
                                            "extrude":  0,
                                            "visibility":  -1
                                        },
                         "geometry":  {
                                          "type":  "Point",
                                          "coordinates":  [
                                                              34.77761,
                                                              32.0112,
                                                              0.0
                                                          ]
                                      }
                     },
                     {
                         "type":  "Feature",
                         "properties":  {
                                            "Name":  "#2934",
                                            "description":  "\u003cdiv dir=\u0027rtl\u0027 style=\u0027font-family:Arial;\u0027\u003e\u003cb\u003eשם:\u003c/b\u003e ויקטוריה יביץ\u003cbr/\u003e\u003cb\u003eאתר:\u003c/b\u003e שווצריה הקטנה\u003cbr/\u003e\u003cb\u003eתאריך:\u003c/b\u003e 14-10-2025\u003cbr/\u003e\u003cb\u003eID:\u003c/b\u003e 2382\u003cbr/\u003e\u003cb\u003eFB:\u003c/b\u003e \u003ca href=\u0027https://www.facebook.com/groups/beshvil.yael/posts/3779851928974597/\u0027\u003ehttps://www.facebook.com/groups/beshvil.yael/posts/3779851928974597/\u003c/a\u003e\u003cbr/\u003e\u003cbr/\u003e\u003cimg src=\u0027https://drive.google.com/uc?export=view\u0026amp;id=1pDZ6sSoGZX3AJdIRjxUIa8x90XlT42HO\u0027 width=\u0027450\u0027/\u003e\u003cbr/\u003e\u003c/div\u003e",
                                            "tessellate":  -1,
                                            "extrude":  0,
                                            "visibility":  -1
                                        },
                         "geometry":  {
                                          "type":  "Point",
                                          "coordinates":  [
                                                              35.02074,
                                                              32.7481,
                                                              0.0
                                                          ]
                                      }
                     },
                     {
                         "type":  "Feature",
                         "properties":  {
                                            "Name":  "#2934",
                                            "description":  "\u003cdiv dir=\u0027rtl\u0027 style=\u0027font-family:Arial;\u0027\u003e\u003cb\u003eשם:\u003c/b\u003e ויקטוריה יביץ\u003cbr/\u003e\u003cb\u003eאתר:\u003c/b\u003e פארק אקולוגי\u003cbr/\u003e\u003cb\u003eתאריך:\u003c/b\u003e 01-11-2025\u003cbr/\u003e\u003cb\u003eID:\u003c/b\u003e 2584\u003cbr/\u003e\u003cb\u003eFB:\u003c/b\u003e \u003ca href=\u0027https://www.facebook.com/groups/beshvil.yael/posts/3797255233900933/\u0027\u003ehttps://www.facebook.com/groups/beshvil.yael/posts/3797255233900933/\u003c/a\u003e\u003cbr/\u003e\u003cbr/\u003e\u003cimg src=\u0027https://drive.google.com/uc?export=view\u0026amp;id=1csFjppp6my4lZGA1SdQRl4-pLEg8Sv3w\u0027 width=\u0027450\u0027/\u003e\u003cbr/\u003e\u003c/div\u003e",
                                            "tessellate":  -1,
                                            "extrude":  0,
                                            "visibility":  -1
                                        },
                         "geometry":  {
                                          "type":  "Point",
                                          "coordinates":  [
                                                              34.88998,
                                                              32.13303,
                                                              0.0
                                                          ]
                                      }
                     },
                     {
                         "type":  "Feature",
                         "properties":  {
                                            "Name":  "#2934",
                                            "description":  "\u003cdiv dir=\u0027rtl\u0027 style=\u0027font-family:Arial;\u0027\u003e\u003cb\u003eשם:\u003c/b\u003e ויקטוריה יביץ\u003cbr/\u003e\u003cb\u003eאתר:\u003c/b\u003e חוף סידנא עלי\u003cbr/\u003e\u003cb\u003eתאריך:\u003c/b\u003e 22-11-2025\u003cbr/\u003e\u003cb\u003eID:\u003c/b\u003e 2841\u003cbr/\u003e\u003cb\u003eFB:\u003c/b\u003e \u003ca href=\u0027https://www.facebook.com/groups/beshvil.yael/posts/3816857061940750\u0027\u003ehttps://www.facebook.com/groups/beshvil.yael/posts/3816857061940750\u003c/a\u003e\u003cbr/\u003e\u003cbr/\u003e\u003cimg src=\u0027https://drive.google.com/uc?export=view\u0026amp;id=1_okiWs14xKHGhSvdFK5SfM4sf_pLceOX\u0027 width=\u0027450\u0027/\u003e\u003cbr/\u003e\u003c/div\u003e",
                                            "tessellate":  -1,
                                            "extrude":  0,
                                            "visibility":  -1
                                        },
                         "geometry":  {
                                          "type":  "Point",
                                          "coordinates":  [
                                                              34.80463,
                                                              32.18814,
                                                              0.0
                                                          ]
                                      }
                     },
                     {
                         "type":  "Feature",
                         "properties":  {
                                            "Name":  "#2934",
                                            "description":  "\u003cdiv dir=\u0027rtl\u0027 style=\u0027font-family:Arial;\u0027\u003e\u003cb\u003eשם:\u003c/b\u003e ויקטוריה יביץ\u003cbr/\u003e\u003cb\u003eאתר:\u003c/b\u003e גבעת האשחרים\u003cbr/\u003e\u003cb\u003eתאריך:\u003c/b\u003e 29-11-2025\u003cbr/\u003e\u003cb\u003eID:\u003c/b\u003e 2914\u003cbr/\u003e\u003cb\u003eFB:\u003c/b\u003e \u003ca href=\u0027https://www.facebook.com/groups/beshvil.yael/posts/3822698304689959\u0027\u003ehttps://www.facebook.com/groups/beshvil.yael/posts/3822698304689959\u003c/a\u003e\u003cbr/\u003e\u003cbr/\u003e\u003cimg src=\u0027https://drive.google.com/uc?export=view\u0026amp;id=1rdyaESa9UwBQWW6zuYHdKi7ugWrsa1FN\u0027 width=\u0027450\u0027/\u003e\u003cbr/\u003e\u003c/div\u003e",
                                            "tessellate":  -1,
                                            "extrude":  0,
                                            "visibility":  -1
                                        },
                         "geometry":  {
                                          "type":  "Point",
                                          "coordinates":  [
                                                              34.9171,
                                                              32.53989,
                                                              0.0
                                                          ]
                                      }
                     },
                     {
                         "type":  "Feature",
                         "properties":  {
                                            "Name":  "#2934",
                                            "description":  "\u003cdiv dir=\u0027rtl\u0027 style=\u0027font-family:Arial;\u0027\u003e\u003cb\u003eשם:\u003c/b\u003e ויקטוריה יביץ\u003cbr/\u003e\u003cb\u003eאתר:\u003c/b\u003e מבצר מונפורט\u003cbr/\u003e\u003cb\u003eתאריך:\u003c/b\u003e 26-12-2025\u003cbr/\u003e\u003cb\u003eID:\u003c/b\u003e 3184\u003cbr/\u003e\u003cb\u003eFB:\u003c/b\u003e \u003ca href=\u0027https://www.facebook.com/groups/beshvil.yael/posts/3845747332385056/\u0027\u003ehttps://www.facebook.com/groups/beshvil.yael/posts/3845747332385056/\u003c/a\u003e\u003cbr/\u003e\u003cbr/\u003e\u003cimg src=\u0027https://drive.google.com/uc?export=view\u0026amp;id=1Jjm8GvJovWQ8Vr6WKfSIeKsNqgbKy91E\u0027 width=\u0027450\u0027/\u003e\u003cbr/\u003e\u003c/div\u003e",
                                            "tessellate":  -1,
                                            "extrude":  0,
                                            "visibility":  -1
                                        },
                         "geometry":  {
                                          "type":  "Point",
                                          "coordinates":  [
                                                              35.22063,
                                                              33.04003,
                                                              0.0
                                                          ]
                                      }
                     },
                     {
                         "type":  "Feature",
                         "properties":  {
                                            "Name":  "#2934",
                                            "description":  "\u003cdiv dir=\u0027rtl\u0027 style=\u0027font-family:Arial;\u0027\u003e\u003cb\u003eשם:\u003c/b\u003e ויקטוריה יביץ\u003cbr/\u003e\u003cb\u003eאתר:\u003c/b\u003e אנדרטת אסון המסוקים\u003cbr/\u003e\u003cb\u003eתאריך:\u003c/b\u003e 17-01-2026\u003cbr/\u003e\u003cb\u003eID:\u003c/b\u003e 3387\u003cbr/\u003e\u003cb\u003eFB:\u003c/b\u003e \u003ca href=\u0027https://www.facebook.com/groups/beshvil.yael/posts/3864169777209478/\u0027\u003ehttps://www.facebook.com/groups/beshvil.yael/posts/3864169777209478/\u003c/a\u003e\u003cbr/\u003e\u003cbr/\u003e\u003cimg src=\u0027https://drive.google.com/uc?export=view\u0026amp;id=13_xInLSYFUC88tXibYFvUQs1pbTvOsbP\u0027 width=\u0027450\u0027/\u003e\u003cbr/\u003e\u003c/div\u003e",
                                            "tessellate":  -1,
                                            "extrude":  0,
                                            "visibility":  -1
                                        },
                         "geometry":  {
                                          "type":  "Point",
                                          "coordinates":  [
                                                              35.64121,
                                                              33.22214,
                                                              0.0
                                                          ]
                                      }
                     },
                     {
                         "type":  "Feature",
                         "properties":  {
                                            "Name":  "#2934",
                                            "description":  "\u003cdiv dir=\u0027rtl\u0027 style=\u0027font-family:Arial;\u0027\u003e\u003cb\u003eשם:\u003c/b\u003e ויקטוריה יביץ\u003cbr/\u003e\u003cb\u003eאתר:\u003c/b\u003e נחל חרמון\u003cbr/\u003e\u003cb\u003eתאריך:\u003c/b\u003e 17-01-2026\u003cbr/\u003e\u003cb\u003eID:\u003c/b\u003e 3388\u003cbr/\u003e\u003cb\u003eFB:\u003c/b\u003e \u003ca href=\u0027https://www.facebook.com/groups/beshvil.yael/posts/3864178730541916\u0027\u003ehttps://www.facebook.com/groups/beshvil.yael/posts/3864178730541916\u003c/a\u003e\u003cbr/\u003e\u003cbr/\u003e\u003cimg src=\u0027https://drive.google.com/uc?export=view\u0026amp;id=1PBnchsdc1-6f-i0Tx9wUWETi03swHG4_\u0027 width=\u0027450\u0027/\u003e\u003cbr/\u003e\u003c/div\u003e",
                                            "tessellate":  -1,
                                            "extrude":  0,
                                            "visibility":  -1
                                        },
                         "geometry":  {
                                          "type":  "Point",
                                          "coordinates":  [
                                                              35.65971,
                                                              33.22939,
                                                              0.0
                                                          ]
                                      }
                     },
                     {
                         "type":  "Feature",
                         "properties":  {
                                            "Name":  "#2934",
                                            "description":  "\u003cdiv dir=\u0027rtl\u0027 style=\u0027font-family:Arial;\u0027\u003e\u003cb\u003eשם:\u003c/b\u003e ויקטוריה יביץ\u003cbr/\u003e\u003cb\u003eאתר:\u003c/b\u003e יקנעם\u003cbr/\u003e\u003cb\u003eתאריך:\u003c/b\u003e 24-01-2026\u003cbr/\u003e\u003cb\u003eID:\u003c/b\u003e 3466\u003cbr/\u003e\u003cb\u003eFB:\u003c/b\u003e \u003ca href=\u0027https://www.facebook.com/groups/beshvil.yael/posts/3870553216571134\u0027\u003ehttps://www.facebook.com/groups/beshvil.yael/posts/3870553216571134\u003c/a\u003e\u003cbr/\u003e\u003cbr/\u003e\u003cimg src=\u0027https://drive.google.com/uc?export=view\u0026amp;id=1xpiRw0WLdYZMATdKAS72pvW4npVp_2IJ\u0027 width=\u0027450\u0027/\u003e\u003cbr/\u003e\u003c/div\u003e",
                                            "tessellate":  -1,
                                            "extrude":  0,
                                            "visibility":  -1
                                        },
                         "geometry":  {
                                          "type":  "Point",
                                          "coordinates":  [
                                                              35.09276,
                                                              32.64219,
                                                              0.0
                                                          ]
                                      }
                     },
                     {
                         "type":  "Feature",
                         "properties":  {
                                            "Name":  "#2934",
                                            "description":  "\u003cdiv dir=\u0027rtl\u0027 style=\u0027font-family:Arial;\u0027\u003e\u003cb\u003eשם:\u003c/b\u003e ויקטוריה יביץ\u003cbr/\u003e\u003cb\u003eאתר:\u003c/b\u003e פארק דינה, ארסוף\u003cbr/\u003e\u003cb\u003eתאריך:\u003c/b\u003e 06-02-2026\u003cbr/\u003e\u003cb\u003eID:\u003c/b\u003e 3594\u003cbr/\u003e\u003cb\u003eFB:\u003c/b\u003e \u003ca href=\u0027https://www.facebook.com/groups/beshvil.yael/posts/3882533785373077/\u0027\u003ehttps://www.facebook.com/groups/beshvil.yael/posts/3882533785373077/\u003c/a\u003e\u003cbr/\u003e\u003cbr/\u003e\u003cimg src=\u0027https://drive.google.com/uc?export=view\u0026amp;id=1cjUJ-o9riJPH3UPuCjKGyFDiBY_5FooA\u0027 width=\u0027450\u0027/\u003e\u003cbr/\u003e\u003c/div\u003e",
                                            "tessellate":  -1,
                                            "extrude":  0,
                                            "visibility":  -1
                                        },
                         "geometry":  {
                                          "type":  "Point",
                                          "coordinates":  [
                                                              34.8177,
                                                              32.20777,
                                                              0.0
                                                          ]
                                      }
                     },
                     {
                         "type":  "Feature",
                         "properties":  {
                                            "Name":  "#2934",
                                            "description":  "\u003cdiv dir=\u0027rtl\u0027 style=\u0027font-family:Arial;\u0027\u003e\u003cb\u003eשם:\u003c/b\u003e ויקטוריה יביץ\u003cbr/\u003e\u003cb\u003eאתר:\u003c/b\u003e ארץ המינזרים\u003cbr/\u003e\u003cb\u003eתאריך:\u003c/b\u003e 26-02-2026\u003cbr/\u003e\u003cb\u003eID:\u003c/b\u003e 3869\u003cbr/\u003e\u003cb\u003eFB:\u003c/b\u003e \u003ca href=\u0027https://www.facebook.com/groups/beshvil.yael/posts/3901906820102440/\u0027\u003ehttps://www.facebook.com/groups/beshvil.yael/posts/3901906820102440/\u003c/a\u003e\u003cbr/\u003e\u003cbr/\u003e\u003cimg src=\u0027https://drive.google.com/uc?export=view\u0026amp;id=1JJ0UpUgQkism4kDSG6i279qaaxSqh5FH\u0027 width=\u0027450\u0027/\u003e\u003cbr/\u003e\u003c/div\u003e",
                                            "tessellate":  -1,
                                            "extrude":  0,
                                            "visibility":  -1
                                        },
                         "geometry":  {
                                          "type":  "Point",
                                          "coordinates":  [
                                                              35.54145,
                                                              31.82497,
                                                              0.0
                                                          ]
                                      }
                     },
                     {
                         "type":  "Feature",
                         "properties":  {
                                            "Name":  "#2934",
                                            "description":  "\u003cdiv dir=\u0027rtl\u0027 style=\u0027font-family:Arial;\u0027\u003e\u003cb\u003eשם:\u003c/b\u003e ויקטוריה יביץ\u003cbr/\u003e\u003cb\u003eאתר:\u003c/b\u003e גן ר\u0026quot;של\u003cbr/\u003e\u003cb\u003eתאריך:\u003c/b\u003e 21-03-2026\u003cbr/\u003e\u003cb\u003eID:\u003c/b\u003e 3984\u003cbr/\u003e\u003cb\u003eFB:\u003c/b\u003e \u003ca href=\u0027https://www.facebook.com/groups/beshvil.yael/posts/3922437481382707/\u0027\u003ehttps://www.facebook.com/groups/beshvil.yael/posts/3922437481382707/\u003c/a\u003e\u003cbr/\u003e\u003cbr/\u003e\u003cimg src=\u0027https://drive.google.com/uc?export=view\u0026amp;id=1AJYyioz3oF3r6wadyaPPSkGTq7d0z2dn\u0027 width=\u0027450\u0027/\u003e\u003cbr/\u003e\u003c/div\u003e",
                                            "tessellate":  -1,
                                            "extrude":  0,
                                            "visibility":  -1
                                        },
                         "geometry":  {
                                          "type":  "Point",
                                          "coordinates":  [
                                                              34.84545,
                                                              32.17913,
                                                              0.0
                                                          ]
                                      }
                     },
                     {
                         "type":  "Feature",
                         "properties":  {
                                            "Name":  "#2934",
                                            "description":  "\u003cdiv dir=\u0027rtl\u0027 style=\u0027font-family:Arial;\u0027\u003e\u003cb\u003eשם:\u003c/b\u003e ויקטוריה יביץ\u003cbr/\u003e\u003cb\u003eאתר:\u003c/b\u003e אובליסק קסריה\u003cbr/\u003e\u003cb\u003eתאריך:\u003c/b\u003e 11-04-2026\u003cbr/\u003e\u003cb\u003eID:\u003c/b\u003e 4112\u003cbr/\u003e\u003cb\u003eFB:\u003c/b\u003e \u003ca href=\u0027https://www.facebook.com/groups/beshvil.yael/posts/3941475556145566\u0027\u003ehttps://www.facebook.com/groups/beshvil.yael/posts/3941475556145566\u003c/a\u003e\u003cbr/\u003e\u003cbr/\u003e\u003cimg src=\u0027https://drive.google.com/uc?export=view\u0026amp;id=1ONCRxIM0BTozLL8hnw5wsuwpzBpXOWEy\u0027 width=\u0027450\u0027/\u003e\u003cbr/\u003e\u003c/div\u003e",
                                            "tessellate":  -1,
                                            "extrude":  0,
                                            "visibility":  -1
                                        },
                         "geometry":  {
                                          "type":  "Point",
                                          "coordinates":  [
                                                              34.89851,
                                                              32.49842,
                                                              0.0
                                                          ]
                                      }
                     },
                     {
                         "type":  "Feature",
                         "properties":  {
                                            "Name":  "#2934",
                                            "description":  "\u003cdiv dir=\u0027rtl\u0027 style=\u0027font-family:Arial;\u0027\u003e\u003cb\u003eשם:\u003c/b\u003e ויקטוריה יביץ\u003cbr/\u003e\u003cb\u003eאתר:\u003c/b\u003e  נחל שורק\u003cbr/\u003e\u003cb\u003eתאריך:\u003c/b\u003e 25-04-2026\u003cbr/\u003e\u003cb\u003eID:\u003c/b\u003e 4253\u003cbr/\u003e\u003cb\u003eFB:\u003c/b\u003e \u003ca href=\u0027https://www.facebook.com/groups/beshvil.yael/posts/3953905194902602\u0027\u003ehttps://www.facebook.com/groups/beshvil.yael/posts/3953905194902602\u003c/a\u003e\u003cbr/\u003e\u003cbr/\u003e\u003cimg src=\u0027https://drive.google.com/uc?export=view\u0026amp;id=1lRRpuPnYS5BqQxJT40XalgGBPz5U0PvZ\u0027 width=\u0027450\u0027/\u003e\u003cbr/\u003e\u003c/div\u003e",
                                            "tessellate":  -1,
                                            "extrude":  0,
                                            "visibility":  -1
                                        },
                         "geometry":  {
                                          "type":  "Point",
                                          "coordinates":  [
                                                              34.72266,
                                                              31.93239,
                                                              0.0
                                                          ]
                                      }
                     },
                     {
                         "type":  "Feature",
                         "properties":  {
                                            "Name":  "#2934",
                                            "description":  "\u003cdiv dir=\u0027rtl\u0027 style=\u0027font-family:Arial;\u0027\u003e\u003cb\u003eשם:\u003c/b\u003e ויקטוריה יביץ\u003cbr/\u003e\u003cb\u003eאתר:\u003c/b\u003e הגנים הבהאים בעכו\u003cbr/\u003e\u003cb\u003eתאריך:\u003c/b\u003e 16-05-2026\u003cbr/\u003e\u003cb\u003eID:\u003c/b\u003e 4472\u003cbr/\u003e\u003cb\u003eFB:\u003c/b\u003e \u003ca href=\u0027https://www.facebook.com/groups/beshvil.yael/posts/3973741292918992\u0027\u003ehttps://www.facebook.com/groups/beshvil.yael/posts/3973741292918992\u003c/a\u003e\u003cbr/\u003e\u003cbr/\u003e\u003cimg src=\u0027https://drive.google.com/uc?export=view\u0026amp;id=19_2HV1X8-npwlx-kCU9Vcof6kFXPjbmN\u0027 width=\u0027450\u0027/\u003e\u003cbr/\u003e\u003c/div\u003e",
                                            "tessellate":  -1,
                                            "extrude":  0,
                                            "visibility":  -1
                                        },
                         "geometry":  {
                                          "type":  "Point",
                                          "coordinates":  [
                                                              35.09193,
                                                              32.94777,
                                                              0.0
                                                          ]
                                      }
                     },
                     {
                         "type":  "Feature",
                         "properties":  {
                                            "Name":  "#2944",
                                            "description":  "\u003cdiv dir=\u0027rtl\u0027 style=\u0027font-family:Arial;\u0027\u003e\u003cb\u003eשם:\u003c/b\u003e ענת לייבר\u003cbr/\u003e\u003cb\u003eאתר:\u003c/b\u003e מצפה / מכתש רמון\u003cbr/\u003e\u003cb\u003eתאריך:\u003c/b\u003e 03-05-2025\u003cbr/\u003e\u003cb\u003eID:\u003c/b\u003e 82\u003cbr/\u003e\u003cb\u003eFB:\u003c/b\u003e \u003ca href=\u0027https://www.facebook.com/groups/3235176716775457/posts/3632903753669416/\u0027\u003ehttps://www.facebook.com/groups/3235176716775457/posts/3632903753669416/\u003c/a\u003e\u003cbr/\u003e\u003cbr/\u003e\u003cimg src=\u0027https://drive.google.com/uc?export=view\u0026amp;id=15zS3RrkpvcK_Ek68TdOT8ttyXqnJ9cU3\u0027 width=\u0027450\u0027/\u003e\u003cbr/\u003e\u003c/div\u003e",
                                            "tessellate":  -1,
                                            "extrude":  0,
                                            "visibility":  -1
                                        },
                         "geometry":  {
                                          "type":  "Point",
                                          "coordinates":  [
                                                              34.8844867,
                                                              30.6152797,
                                                              0.0
                                                          ]
                                      }
                     },
                     {
                         "type":  "Feature",
                         "properties":  {
                                            "Name":  "#2944",
                                            "description":  "\u003cdiv dir=\u0027rtl\u0027 style=\u0027font-family:Arial;\u0027\u003e\u003cb\u003eשם:\u003c/b\u003e ענת לייבר\u003cbr/\u003e\u003cb\u003eאתר:\u003c/b\u003e נחל גוונים\u003cbr/\u003e\u003cb\u003eתאריך:\u003c/b\u003e 25-10-2025\u003cbr/\u003e\u003cb\u003eID:\u003c/b\u003e 2519\u003cbr/\u003e\u003cb\u003eFB:\u003c/b\u003e \u003ca href=\u0027https://www.facebook.com/groups/beshvil.yael/posts/3790500997909690\u0027\u003ehttps://www.facebook.com/groups/beshvil.yael/posts/3790500997909690\u003c/a\u003e\u003cbr/\u003e\u003cbr/\u003e\u003cimg src=\u0027https://drive.google.com/uc?export=view\u0026amp;id=18kw425Ro5FyRHXTCnJXFUX0SeLjm6-Jk\u0027 width=\u0027450\u0027/\u003e\u003cbr/\u003e\u003c/div\u003e",
                                            "tessellate":  -1,
                                            "extrude":  0,
                                            "visibility":  -1
                                        },
                         "geometry":  {
                                          "type":  "Point",
                                          "coordinates":  [
                                                              34.91778,
                                                              30.59284,
                                                              0.0
                                                          ]
                                      }
                     },
                     {
                         "type":  "Feature",
                         "properties":  {
                                            "Name":  "#2944",
                                            "description":  "\u003cdiv dir=\u0027rtl\u0027 style=\u0027font-family:Arial;\u0027\u003e\u003cb\u003eשם:\u003c/b\u003e ענת לייבר\u003cbr/\u003e\u003cb\u003eאתר:\u003c/b\u003e עין עוזי\u003cbr/\u003e\u003cb\u003eתאריך:\u003c/b\u003e 09-05-2026\u003cbr/\u003e\u003cb\u003eID:\u003c/b\u003e 4385\u003cbr/\u003e\u003cb\u003eFB:\u003c/b\u003e \u003ca href=\u0027https://www.facebook.com/groups/beshvil.yael/posts/3966772583615863\u0027\u003ehttps://www.facebook.com/groups/beshvil.yael/posts/3966772583615863\u003c/a\u003e\u003cbr/\u003e\u003cbr/\u003e\u003cimg src=\u0027https://drive.google.com/uc?export=view\u0026amp;id=1AakEdlUFuHc8t5XvIxOAfkmaDCjatI6L\u0027 width=\u0027450\u0027/\u003e\u003cbr/\u003e\u003c/div\u003e",
                                            "tessellate":  -1,
                                            "extrude":  0,
                                            "visibility":  -1
                                        },
                         "geometry":  {
                                          "type":  "Point",
                                          "coordinates":  [
                                                              35.13777,
                                                              31.75811,
                                                              0.0
                                                          ]
                                      }
                     },
                     {
                         "type":  "Feature",
                         "properties":  {
                                            "Name":  "#2945",
                                            "description":  "\u003cdiv dir=\u0027rtl\u0027 style=\u0027font-family:Arial;\u0027\u003e\u003cb\u003eשם:\u003c/b\u003e ענת לייבר\u003cbr/\u003e\u003cb\u003eאתר:\u003c/b\u003e מצפה / מכתש רמון\u003cbr/\u003e\u003cb\u003eתאריך:\u003c/b\u003e 03-05-2025\u003cbr/\u003e\u003cb\u003eID:\u003c/b\u003e 83\u003cbr/\u003e\u003cb\u003eFB:\u003c/b\u003e \u003ca href=\u0027https://www.facebook.com/groups/3235176716775457/posts/3632903753669416/\u0027\u003ehttps://www.facebook.com/groups/3235176716775457/posts/3632903753669416/\u003c/a\u003e\u003cbr/\u003e\u003cbr/\u003e\u003cimg src=\u0027https://drive.google.com/uc?export=view\u0026amp;id=1646E5WuFGWmupqSEG6GCsHa3gwyWWC8r\u0027 width=\u0027450\u0027/\u003e\u003cbr/\u003e\u003c/div\u003e",
                                            "tessellate":  -1,
                                            "extrude":  0,
                                            "visibility":  -1
                                        },
                         "geometry":  {
                                          "type":  "Point",
                                          "coordinates":  [
                                                              34.85244,
                                                              30.583772,
                                                              0.0
                                                          ]
                                      }
                     },
                     {
                         "type":  "Feature",
                         "properties":  {
                                            "Name":  "#2945",
                                            "description":  "\u003cdiv dir=\u0027rtl\u0027 style=\u0027font-family:Arial;\u0027\u003e\u003cb\u003eשם:\u003c/b\u003e ענת לייבר\u003cbr/\u003e\u003cb\u003eאתר:\u003c/b\u003e נחל גוונים\u003cbr/\u003e\u003cb\u003eתאריך:\u003c/b\u003e 25-10-2025\u003cbr/\u003e\u003cb\u003eID:\u003c/b\u003e 150\u003cbr/\u003e\u003cb\u003eFB:\u003c/b\u003e \u003ca href=\u0027https://www.facebook.com/groups/beshvil.yael/posts/3790500997909690\u0027\u003ehttps://www.facebook.com/groups/beshvil.yael/posts/3790500997909690\u003c/a\u003e\u003cbr/\u003e\u003cbr/\u003e\u003cimg src=\u0027https://drive.google.com/uc?export=view\u0026amp;id=18kw425Ro5FyRHXTCnJXFUX0SeLjm6-Jk\u0027 width=\u0027450\u0027/\u003e\u003cbr/\u003e\u003c/div\u003e",
                                            "tessellate":  -1,
                                            "extrude":  0,
                                            "visibility":  -1
                                        },
                         "geometry":  {
                                          "type":  "Point",
                                          "coordinates":  [
                                                              34.91778,
                                                              30.59311,
                                                              0.0
                                                          ]
                                      }
                     }
                 ]
}