{
    "type":  "FeatureCollection",
    "name":  "3000-4499",
    "crs":  {
                "type":  "name",
                "properties":  {
                                   "name":  "urn:ogc:def:crs:OGC:1.3:CRS84"
                               }
            },
    "features":  [
                     {
                         "type":  "Feature",
                         "properties":  {
                                            "Name":  "#3427",
                                            "description":  "\u003cdiv dir=\u0027rtl\u0027 style=\u0027font-family:Arial;\u0027\u003e\u003cb\u003eשם:\u003c/b\u003e אדון דיקלון\u003cbr/\u003e\u003cb\u003eאתר:\u003c/b\u003e מצוק ה 40\u003cbr/\u003e\u003cb\u003eתאריך:\u003c/b\u003e 28-12-2025\u003cbr/\u003e\u003cb\u003eID:\u003c/b\u003e 3195\u003cbr/\u003e\u003cb\u003eFB:\u003c/b\u003e \u003ca href=\u0027https://www.facebook.com/groups/beshvil.yael/posts/3846809812278808\u0027\u003ehttps://www.facebook.com/groups/beshvil.yael/posts/3846809812278808\u003c/a\u003e\u003cbr/\u003e\u003cbr/\u003e\u003cimg src=\u0027https://drive.google.com/uc?export=view\u0026amp;id=14nS7UVXNtpeI0N-MPoO4JQIulEGh701h\u0027 width=\u0027450\u0027/\u003e\u003cbr/\u003e\u003c/div\u003e",
                                            "tessellate":  -1,
                                            "extrude":  0,
                                            "visibility":  -1
                                        },
                         "geometry":  {
                                          "type":  "Point",
                                          "coordinates":  [
                                                              35.02937,
                                                              32.75467,
                                                              0.0
                                                          ]
                                      }
                     },
                     {
                         "type":  "Feature",
                         "properties":  {
                                            "Name":  "#3427",
                                            "description":  "\u003cdiv dir=\u0027rtl\u0027 style=\u0027font-family:Arial;\u0027\u003e\u003cb\u003eשם:\u003c/b\u003e אדון דיקלון\u003cbr/\u003e\u003cb\u003eאתר:\u003c/b\u003e הערבה הדרומית\u003cbr/\u003e\u003cb\u003eתאריך:\u003c/b\u003e 08-01-2026\u003cbr/\u003e\u003cb\u003eID:\u003c/b\u003e 3295\u003cbr/\u003e\u003cb\u003eFB:\u003c/b\u003e \u003ca href=\u0027https://www.facebook.com/groups/beshvil.yael/posts/3856217804671342\u0027\u003ehttps://www.facebook.com/groups/beshvil.yael/posts/3856217804671342\u003c/a\u003e\u003cbr/\u003e\u003cbr/\u003e\u003cimg src=\u0027https://drive.google.com/uc?export=view\u0026amp;id=1wX2DzwXnzlg-hwXGMqFooH5vxn-qJfn8\u0027 width=\u0027450\u0027/\u003e\u003cbr/\u003e\u003c/div\u003e",
                                            "tessellate":  -1,
                                            "extrude":  0,
                                            "visibility":  -1
                                        },
                         "geometry":  {
                                          "type":  "Point",
                                          "coordinates":  [
                                                              35.01769,
                                                              29.80435,
                                                              0.0
                                                          ]
                                      }
                     },
                     {
                         "type":  "Feature",
                         "properties":  {
                                            "Name":  "#3427",
                                            "description":  "\u003cdiv dir=\u0027rtl\u0027 style=\u0027font-family:Arial;\u0027\u003e\u003cb\u003eשם:\u003c/b\u003e אדון דיקלון\u003cbr/\u003e\u003cb\u003eאתר:\u003c/b\u003e מצוק ארבל\u003cbr/\u003e\u003cb\u003eתאריך:\u003c/b\u003e 10-01-2026\u003cbr/\u003e\u003cb\u003eID:\u003c/b\u003e 3319\u003cbr/\u003e\u003cb\u003eFB:\u003c/b\u003e \u003ca href=\u0027https://www.facebook.com/groups/beshvil.yael/posts/3858245674468555\u0027\u003ehttps://www.facebook.com/groups/beshvil.yael/posts/3858245674468555\u003c/a\u003e\u003cbr/\u003e\u003cbr/\u003e\u003cimg src=\u0027https://drive.google.com/uc?export=view\u0026amp;id=1-woWeLuuy7NcAPMRbXtmnZP_v6vDs3tX\u0027 width=\u0027450\u0027/\u003e\u003cbr/\u003e\u003c/div\u003e",
                                            "tessellate":  -1,
                                            "extrude":  0,
                                            "visibility":  -1
                                        },
                         "geometry":  {
                                          "type":  "Point",
                                          "coordinates":  [
                                                              35.50327,
                                                              32.81808,
                                                              0.0
                                                          ]
                                      }
                     },
                     {
                         "type":  "Feature",
                         "properties":  {
                                            "Name":  "#3427",
                                            "description":  "\u003cdiv dir=\u0027rtl\u0027 style=\u0027font-family:Arial;\u0027\u003e\u003cb\u003eשם:\u003c/b\u003e אדון דיקלון\u003cbr/\u003e\u003cb\u003eאתר:\u003c/b\u003e החותרים\u003cbr/\u003e\u003cb\u003eתאריך:\u003c/b\u003e 24-01-2026\u003cbr/\u003e\u003cb\u003eID:\u003c/b\u003e 3439\u003cbr/\u003e\u003cb\u003eFB:\u003c/b\u003e \u003ca href=\u0027https://www.facebook.com/groups/beshvil.yael/posts/3869876659972123/\u0027\u003ehttps://www.facebook.com/groups/beshvil.yael/posts/3869876659972123/\u003c/a\u003e\u003cbr/\u003e\u003cbr/\u003e\u003cimg src=\u0027https://drive.google.com/uc?export=view\u0026amp;id=1npWaKnp8ugrR6RtNsjfE6r8nmVbiTSlB\u0027 width=\u0027450\u0027/\u003e\u003cbr/\u003e\u003c/div\u003e",
                                            "tessellate":  -1,
                                            "extrude":  0,
                                            "visibility":  -1
                                        },
                         "geometry":  {
                                          "type":  "Point",
                                          "coordinates":  [
                                                              34.95136,
                                                              32.75613,
                                                              0.0
                                                          ]
                                      }
                     },
                     {
                         "type":  "Feature",
                         "properties":  {
                                            "Name":  "#3427",
                                            "description":  "\u003cdiv dir=\u0027rtl\u0027 style=\u0027font-family:Arial;\u0027\u003e\u003cb\u003eשם:\u003c/b\u003e אדון דיקלון\u003cbr/\u003e\u003cb\u003eאתר:\u003c/b\u003e חרמונית\u003cbr/\u003e\u003cb\u003eתאריך:\u003c/b\u003e 04-05-2026\u003cbr/\u003e\u003cb\u003eID:\u003c/b\u003e 4347\u003cbr/\u003e\u003cb\u003eFB:\u003c/b\u003e \u003ca href=\u0027https://www.facebook.com/groups/beshvil.yael/posts/3962200390739749\u0027\u003ehttps://www.facebook.com/groups/beshvil.yael/posts/3962200390739749\u003c/a\u003e\u003cbr/\u003e\u003cbr/\u003e\u003cimg src=\u0027https://drive.google.com/uc?export=view\u0026amp;id=1kA7wxAEUf-TeKEzv7egcSPzC5j4iDiNX\u0027 width=\u0027450\u0027/\u003e\u003cbr/\u003e\u003c/div\u003e",
                                            "tessellate":  -1,
                                            "extrude":  0,
                                            "visibility":  -1
                                        },
                         "geometry":  {
                                          "type":  "Point",
                                          "coordinates":  [
                                                              35.78696,
                                                              33.18008,
                                                              0.0
                                                          ]
                                      }
                     },
                     {
                         "type":  "Feature",
                         "properties":  {
                                            "Name":  "#3429",
                                            "description":  "\u003cdiv dir=\u0027rtl\u0027 style=\u0027font-family:Arial;\u0027\u003e\u003cb\u003eשם:\u003c/b\u003e דובי קלדרון\u003cbr/\u003e\u003cb\u003eאתר:\u003c/b\u003e מקום יפה לקפה\u003cbr/\u003e\u003cb\u003eתאריך:\u003c/b\u003e 31-12-2025\u003cbr/\u003e\u003cb\u003eID:\u003c/b\u003e 3213\u003cbr/\u003e\u003cb\u003eFB:\u003c/b\u003e \u003ca href=\u0027https://www.facebook.com/groups/beshvil.yael/posts/3849314148695041\u0027\u003ehttps://www.facebook.com/groups/beshvil.yael/posts/3849314148695041\u003c/a\u003e\u003cbr/\u003e\u003cbr/\u003e\u003cimg src=\u0027https://drive.google.com/uc?export=view\u0026amp;id=1vNskLTMYkMq_wGT7Fmwj9H6JnL0bHylW\u0027 width=\u0027450\u0027/\u003e\u003cbr/\u003e\u003c/div\u003e",
                                            "tessellate":  -1,
                                            "extrude":  0,
                                            "visibility":  -1
                                        },
                         "geometry":  {
                                          "type":  "Point",
                                          "coordinates":  [
                                                              35.52083,
                                                              32.9033,
                                                              0.0
                                                          ]
                                      }
                     },
                     {
                         "type":  "Feature",
                         "properties":  {
                                            "Name":  "#3443",
                                            "description":  "\u003cdiv dir=\u0027rtl\u0027 style=\u0027font-family:Arial;\u0027\u003e\u003cb\u003eשם:\u003c/b\u003e מיקה אבירם\u003cbr/\u003e\u003cb\u003eאתר:\u003c/b\u003e השפך הדרומי של הכינרת\u003cbr/\u003e\u003cb\u003eתאריך:\u003c/b\u003e 28-09-2025\u003cbr/\u003e\u003cb\u003eID:\u003c/b\u003e 2086\u003cbr/\u003e\u003cb\u003eFB:\u003c/b\u003e \u003ca href=\u0027https://www.facebook.com/groups/beshvil.yael/posts/3763387500621040\u0027\u003ehttps://www.facebook.com/groups/beshvil.yael/posts/3763387500621040\u003c/a\u003e\u003cbr/\u003e\u003cbr/\u003e\u003cimg src=\u0027https://drive.google.com/uc?export=view\u0026amp;id=1PhcsLAC82bQFmls8ZBUmCHuM5E-nasTh\u0027 width=\u0027450\u0027/\u003e\u003cbr/\u003e\u003c/div\u003e",
                                            "tessellate":  -1,
                                            "extrude":  0,
                                            "visibility":  -1
                                        },
                         "geometry":  {
                                          "type":  "Point",
                                          "coordinates":  [
                                                              35.58542,
                                                              32.70983,
                                                              0.0
                                                          ]
                                      }
                     },
                     {
                         "type":  "Feature",
                         "properties":  {
                                            "Name":  "#3443",
                                            "description":  "\u003cdiv dir=\u0027rtl\u0027 style=\u0027font-family:Arial;\u0027\u003e\u003cb\u003eשם:\u003c/b\u003e מיקה אבירם\u003cbr/\u003e\u003cb\u003eאתר:\u003c/b\u003e מצוק ה 40\u003cbr/\u003e\u003cb\u003eתאריך:\u003c/b\u003e 08-11-2025\u003cbr/\u003e\u003cb\u003eID:\u003c/b\u003e 2648\u003cbr/\u003e\u003cb\u003eFB:\u003c/b\u003e \u003ca href=\u0027https://www.facebook.com/groups/beshvil.yael/posts/3803961589896964\u0027\u003ehttps://www.facebook.com/groups/beshvil.yael/posts/3803961589896964\u003c/a\u003e\u003cbr/\u003e\u003cbr/\u003e\u003cimg src=\u0027https://drive.google.com/uc?export=view\u0026amp;id=1TplXo5VKyPiRkdwb25y0Lsq5Yj2b6zYn\u0027 width=\u0027450\u0027/\u003e\u003cbr/\u003e\u003c/div\u003e",
                                            "tessellate":  -1,
                                            "extrude":  0,
                                            "visibility":  -1
                                        },
                         "geometry":  {
                                          "type":  "Point",
                                          "coordinates":  [
                                                              35.03199,
                                                              32.75636,
                                                              0.0
                                                          ]
                                      }
                     },
                     {
                         "type":  "Feature",
                         "properties":  {
                                            "Name":  "#3443",
                                            "description":  "\u003cdiv dir=\u0027rtl\u0027 style=\u0027font-family:Arial;\u0027\u003e\u003cb\u003eשם:\u003c/b\u003e מיקה אבירם\u003cbr/\u003e\u003cb\u003eאתר:\u003c/b\u003e  מצפה יונתן ורמולן\u003cbr/\u003e\u003cb\u003eתאריך:\u003c/b\u003e 22-02-2026\u003cbr/\u003e\u003cb\u003eID:\u003c/b\u003e 3834\u003cbr/\u003e\u003cb\u003eFB:\u003c/b\u003e \u003ca href=\u0027https://www.facebook.com/groups/beshvil.yael/posts/3898159033810552/\u0027\u003ehttps://www.facebook.com/groups/beshvil.yael/posts/3898159033810552/\u003c/a\u003e\u003cbr/\u003e\u003cbr/\u003e\u003cimg src=\u0027https://drive.google.com/uc?export=view\u0026amp;id=1wqkkCDR-50abbJet8nN_GDE2SQOB4Z_g\u0027 width=\u0027450\u0027/\u003e\u003cbr/\u003e\u003c/div\u003e",
                                            "tessellate":  -1,
                                            "extrude":  0,
                                            "visibility":  -1
                                        },
                         "geometry":  {
                                          "type":  "Point",
                                          "coordinates":  [
                                                              34.52946,
                                                              31.46734,
                                                              0.0
                                                          ]
                                      }
                     },
                     {
                         "type":  "Feature",
                         "properties":  {
                                            "Name":  "#3443",
                                            "description":  "\u003cdiv dir=\u0027rtl\u0027 style=\u0027font-family:Arial;\u0027\u003e\u003cb\u003eשם:\u003c/b\u003e מיקה אבירם\u003cbr/\u003e\u003cb\u003eאתר:\u003c/b\u003e אנדרטת אסון הכרמל\u003cbr/\u003e\u003cb\u003eתאריך:\u003c/b\u003e 21-04-2026\u003cbr/\u003e\u003cb\u003eID:\u003c/b\u003e 4185\u003cbr/\u003e\u003cb\u003eFB:\u003c/b\u003e \u003ca href=\u0027https://www.facebook.com/groups/beshvil.yael/posts/3950011528625302/\u0027\u003ehttps://www.facebook.com/groups/beshvil.yael/posts/3950011528625302/\u003c/a\u003e\u003cbr/\u003e\u003cbr/\u003e\u003cimg src=\u0027https://drive.google.com/uc?export=view\u0026amp;id=1udZwfX5gXTNFXBPB9CsbaaVN2EWpKQdP\u0027 width=\u0027450\u0027/\u003e\u003cbr/\u003e\u003c/div\u003e",
                                            "tessellate":  -1,
                                            "extrude":  0,
                                            "visibility":  -1
                                        },
                         "geometry":  {
                                          "type":  "Point",
                                          "coordinates":  [
                                                              35.0128,
                                                              32.72893,
                                                              0.0
                                                          ]
                                      }
                     },
                     {
                         "type":  "Feature",
                         "properties":  {
                                            "Name":  "#3010",
                                            "description":  "\u003cdiv dir=\u0027rtl\u0027 style=\u0027font-family:Arial;\u0027\u003e\u003cb\u003eשם:\u003c/b\u003e יפעת זיידמן\u003cbr/\u003e\u003cb\u003eאתר:\u003c/b\u003e חוף גדור\u003cbr/\u003e\u003cb\u003eתאריך:\u003c/b\u003e 12-07-2025\u003cbr/\u003e\u003cb\u003eID:\u003c/b\u003e 1164\u003cbr/\u003e\u003cb\u003eFB:\u003c/b\u003e \u003ca href=\u0027https://www.facebook.com/groups/beshvil.yael/posts/3691765054449952\u0027\u003ehttps://www.facebook.com/groups/beshvil.yael/posts/3691765054449952\u003c/a\u003e\u003cbr/\u003e\u003cbr/\u003e\u003cimg src=\u0027https://drive.google.com/uc?export=view\u0026amp;id=1cJGAtHKtcxLGhmBa6scmFJq6-47Hox-S\u0027 width=\u0027450\u0027/\u003e\u003cbr/\u003e\u003c/div\u003e",
                                            "tessellate":  -1,
                                            "extrude":  0,
                                            "visibility":  -1
                                        },
                         "geometry":  {
                                          "type":  "Point",
                                          "coordinates":  [
                                                              34.87116,
                                                              32.41369,
                                                              0.0
                                                          ]
                                      }
                     },
                     {
                         "type":  "Feature",
                         "properties":  {
                                            "Name":  "#3010",
                                            "description":  "\u003cdiv dir=\u0027rtl\u0027 style=\u0027font-family:Arial;\u0027\u003e\u003cb\u003eשם:\u003c/b\u003e יפעת זיידמן\u003cbr/\u003e\u003cb\u003eאתר:\u003c/b\u003e בניאס\u003cbr/\u003e\u003cb\u003eתאריך:\u003c/b\u003e 29-07-2025\u003cbr/\u003e\u003cb\u003eID:\u003c/b\u003e 1330\u003cbr/\u003e\u003cb\u003eFB:\u003c/b\u003e \u003ca href=\u0027https://www.facebook.com/groups/beshvil.yael/posts/3706894819603642/\u0027\u003ehttps://www.facebook.com/groups/beshvil.yael/posts/3706894819603642/\u003c/a\u003e\u003cbr/\u003e\u003cbr/\u003e\u003cimg src=\u0027https://drive.google.com/uc?export=view\u0026amp;id=1pDIPIuvL4XRaWEShwRtr9zRESVBikxfI\u0027 width=\u0027450\u0027/\u003e\u003cbr/\u003e\u003c/div\u003e",
                                            "tessellate":  -1,
                                            "extrude":  0,
                                            "visibility":  -1
                                        },
                         "geometry":  {
                                          "type":  "Point",
                                          "coordinates":  [
                                                              35.62903,
                                                              33.1919,
                                                              0.0
                                                          ]
                                      }
                     },
                     {
                         "type":  "Feature",
                         "properties":  {
                                            "Name":  "#3010",
                                            "description":  "\u003cdiv dir=\u0027rtl\u0027 style=\u0027font-family:Arial;\u0027\u003e\u003cb\u003eשם:\u003c/b\u003e יפעת זיידמן\u003cbr/\u003e\u003cb\u003eאתר:\u003c/b\u003e מצפה / מכתש רמון\u003cbr/\u003e\u003cb\u003eתאריך:\u003c/b\u003e 12-10-2025\u003cbr/\u003e\u003cb\u003eID:\u003c/b\u003e 2349\u003cbr/\u003e\u003cb\u003eFB:\u003c/b\u003e \u003ca href=\u0027https://www.facebook.com/groups/beshvil.yael/posts/3777622955864161\u0027\u003ehttps://www.facebook.com/groups/beshvil.yael/posts/3777622955864161\u003c/a\u003e\u003cbr/\u003e\u003cbr/\u003e\u003cimg src=\u0027https://drive.google.com/uc?export=view\u0026amp;id=1QAD3nZ-txf8LiF3KvP1uLaAowMsnGN2E\u0027 width=\u0027450\u0027/\u003e\u003cbr/\u003e\u003c/div\u003e",
                                            "tessellate":  -1,
                                            "extrude":  0,
                                            "visibility":  -1
                                        },
                         "geometry":  {
                                          "type":  "Point",
                                          "coordinates":  [
                                                              34.79465,
                                                              30.61694,
                                                              0.0
                                                          ]
                                      }
                     },
                     {
                         "type":  "Feature",
                         "properties":  {
                                            "Name":  "#3010",
                                            "description":  "\u003cdiv dir=\u0027rtl\u0027 style=\u0027font-family:Arial;\u0027\u003e\u003cb\u003eשם:\u003c/b\u003e יפעת זיידמן\u003cbr/\u003e\u003cb\u003eאתר:\u003c/b\u003e נחל צבעון\u003cbr/\u003e\u003cb\u003eתאריך:\u003c/b\u003e 20-12-2025\u003cbr/\u003e\u003cb\u003eID:\u003c/b\u003e 3108\u003cbr/\u003e\u003cb\u003eFB:\u003c/b\u003e \u003ca href=\u0027https://www.facebook.com/groups/beshvil.yael/posts/3840224982937291\u0027\u003ehttps://www.facebook.com/groups/beshvil.yael/posts/3840224982937291\u003c/a\u003e\u003cbr/\u003e\u003cbr/\u003e\u003cimg src=\u0027https://drive.google.com/uc?export=view\u0026amp;id=1XqeeK37-Y1328ixOObdPmEreMHTIkHVa\u0027 width=\u0027450\u0027/\u003e\u003cbr/\u003e\u003c/div\u003e",
                                            "tessellate":  -1,
                                            "extrude":  0,
                                            "visibility":  -1
                                        },
                         "geometry":  {
                                          "type":  "Point",
                                          "coordinates":  [
                                                              35.41316,
                                                              33.02646,
                                                              0.0
                                                          ]
                                      }
                     },
                     {
                         "type":  "Feature",
                         "properties":  {
                                            "Name":  "#3010",
                                            "description":  "\u003cdiv dir=\u0027rtl\u0027 style=\u0027font-family:Arial;\u0027\u003e\u003cb\u003eשם:\u003c/b\u003e יפעת זיידמן\u003cbr/\u003e\u003cb\u003eאתר:\u003c/b\u003e מרכז להצלת צבי הים\u003cbr/\u003e\u003cb\u003eתאריך:\u003c/b\u003e 07-01-2026\u003cbr/\u003e\u003cb\u003eID:\u003c/b\u003e 3290\u003cbr/\u003e\u003cb\u003eFB:\u003c/b\u003e \u003ca href=\u0027https://www.facebook.com/groups/beshvil.yael/posts/3855605408065915\u0027\u003ehttps://www.facebook.com/groups/beshvil.yael/posts/3855605408065915\u003c/a\u003e\u003cbr/\u003e\u003cbr/\u003e\u003cimg src=\u0027https://drive.google.com/uc?export=view\u0026amp;id=1S7m7AiACkkbUQqt0jIJh3gqIJ40ridFu\u0027 width=\u0027450\u0027/\u003e\u003cbr/\u003e\u003c/div\u003e",
                                            "tessellate":  -1,
                                            "extrude":  0,
                                            "visibility":  -1
                                        },
                         "geometry":  {
                                          "type":  "Point",
                                          "coordinates":  [
                                                              34.86819,
                                                              32.3961,
                                                              0.0
                                                          ]
                                      }
                     },
                     {
                         "type":  "Feature",
                         "properties":  {
                                            "Name":  "#3010",
                                            "description":  "\u003cdiv dir=\u0027rtl\u0027 style=\u0027font-family:Arial;\u0027\u003e\u003cb\u003eשם:\u003c/b\u003e יפעת זיידמן\u003cbr/\u003e\u003cb\u003eאתר:\u003c/b\u003e מרכז ארטקיימא\u003cbr/\u003e\u003cb\u003eתאריך:\u003c/b\u003e 12-01-2026\u003cbr/\u003e\u003cb\u003eID:\u003c/b\u003e 3335\u003cbr/\u003e\u003cb\u003eFB:\u003c/b\u003e \u003ca href=\u0027https://www.facebook.com/groups/beshvil.yael/posts/3859486814344441\u0027\u003ehttps://www.facebook.com/groups/beshvil.yael/posts/3859486814344441\u003c/a\u003e\u003cbr/\u003e\u003cbr/\u003e\u003cimg src=\u0027https://drive.google.com/uc?export=view\u0026amp;id=1Mx5ASy391uqwMD4dFCfoeAbRjMYjGeTA\u0027 width=\u0027450\u0027/\u003e\u003cbr/\u003e\u003c/div\u003e",
                                            "tessellate":  -1,
                                            "extrude":  0,
                                            "visibility":  -1
                                        },
                         "geometry":  {
                                          "type":  "Point",
                                          "coordinates":  [
                                                              34.90944,
                                                              32.1847,
                                                              0.0
                                                          ]
                                      }
                     },
                     {
                         "type":  "Feature",
                         "properties":  {
                                            "Name":  "#3010",
                                            "description":  "\u003cdiv dir=\u0027rtl\u0027 style=\u0027font-family:Arial;\u0027\u003e\u003cb\u003eשם:\u003c/b\u003e יפעת זיידמן\u003cbr/\u003e\u003cb\u003eאתר:\u003c/b\u003e מקורות הירקון\u003cbr/\u003e\u003cb\u003eתאריך:\u003c/b\u003e 15-02-2026\u003cbr/\u003e\u003cb\u003eID:\u003c/b\u003e 3725\u003cbr/\u003e\u003cb\u003eFB:\u003c/b\u003e \u003ca href=\u0027https://www.facebook.com/groups/beshvil.yael/posts/3891079271185195/\u0027\u003ehttps://www.facebook.com/groups/beshvil.yael/posts/3891079271185195/\u003c/a\u003e\u003cbr/\u003e\u003cbr/\u003e\u003cimg src=\u0027https://drive.google.com/uc?export=view\u0026amp;id=12SexzRhHUOhyeD3dNq_JSOr94Gdaplpp\u0027 width=\u0027450\u0027/\u003e\u003cbr/\u003e\u003c/div\u003e",
                                            "tessellate":  -1,
                                            "extrude":  0,
                                            "visibility":  -1
                                        },
                         "geometry":  {
                                          "type":  "Point",
                                          "coordinates":  [
                                                              34.91293,
                                                              32.1122,
                                                              0.0
                                                          ]
                                      }
                     },
                     {
                         "type":  "Feature",
                         "properties":  {
                                            "Name":  "#3010",
                                            "description":  "\u003cdiv dir=\u0027rtl\u0027 style=\u0027font-family:Arial;\u0027\u003e\u003cb\u003eשם:\u003c/b\u003e יפעת זיידמן\u003cbr/\u003e\u003cb\u003eאתר:\u003c/b\u003e רמת הנדיב\u003cbr/\u003e\u003cb\u003eתאריך:\u003c/b\u003e 12-04-2026\u003cbr/\u003e\u003cb\u003eID:\u003c/b\u003e 4119\u003cbr/\u003e\u003cb\u003eFB:\u003c/b\u003e \u003ca href=\u0027https://www.facebook.com/groups/beshvil.yael/posts/3941762272783561/\u0027\u003ehttps://www.facebook.com/groups/beshvil.yael/posts/3941762272783561/\u003c/a\u003e\u003cbr/\u003e\u003cbr/\u003e\u003cimg src=\u0027https://drive.google.com/uc?export=view\u0026amp;id=1BLUppebTDdXlBy-OsuV1rwyiR-nyDMtE\u0027 width=\u0027450\u0027/\u003e\u003cbr/\u003e\u003c/div\u003e",
                                            "tessellate":  -1,
                                            "extrude":  0,
                                            "visibility":  -1
                                        },
                         "geometry":  {
                                          "type":  "Point",
                                          "coordinates":  [
                                                              34.94786,
                                                              32.55215,
                                                              0.0
                                                          ]
                                      }
                     },
                     {
                         "type":  "Feature",
                         "properties":  {
                                            "Name":  "#3010",
                                            "description":  "\u003cdiv dir=\u0027rtl\u0027 style=\u0027font-family:Arial;\u0027\u003e\u003cb\u003eשם:\u003c/b\u003e יפעת זיידמן\u003cbr/\u003e\u003cb\u003eאתר:\u003c/b\u003e אנדרטת התצפיתניות\u003cbr/\u003e\u003cb\u003eתאריך:\u003c/b\u003e 05-05-2026\u003cbr/\u003e\u003cb\u003eID:\u003c/b\u003e 4357\u003cbr/\u003e\u003cb\u003eFB:\u003c/b\u003e \u003ca href=\u0027https://www.facebook.com/groups/beshvil.yael/posts/3963345623958559\u0027\u003ehttps://www.facebook.com/groups/beshvil.yael/posts/3963345623958559\u003c/a\u003e\u003cbr/\u003e\u003cbr/\u003e\u003cimg src=\u0027https://drive.google.com/uc?export=view\u0026amp;id=1uM5uQxjJ5j4X9y9Ood-k_kOyZGFx3iHa\u0027 width=\u0027450\u0027/\u003e\u003cbr/\u003e\u003c/div\u003e",
                                            "tessellate":  -1,
                                            "extrude":  0,
                                            "visibility":  -1
                                        },
                         "geometry":  {
                                          "type":  "Point",
                                          "coordinates":  [
                                                              34.52474,
                                                              31.46339,
                                                              0.0
                                                          ]
                                      }
                     },
                     {
                         "type":  "Feature",
                         "properties":  {
                                            "Name":  "#3010",
                                            "description":  "\u003cdiv dir=\u0027rtl\u0027 style=\u0027font-family:Arial;\u0027\u003e\u003cb\u003eשם:\u003c/b\u003e יפעת זיידמן\u003cbr/\u003e\u003cb\u003eאתר:\u003c/b\u003e נחל תנינים\u003cbr/\u003e\u003cb\u003eתאריך:\u003c/b\u003e 16-05-2026\u003cbr/\u003e\u003cb\u003eID:\u003c/b\u003e 4468\u003cbr/\u003e\u003cb\u003eFB:\u003c/b\u003e \u003ca href=\u0027https://www.facebook.com/groups/beshvil.yael/posts/3973500162943105\u0027\u003ehttps://www.facebook.com/groups/beshvil.yael/posts/3973500162943105\u003c/a\u003e\u003cbr/\u003e\u003cbr/\u003e\u003cimg src=\u0027https://drive.google.com/uc?export=view\u0026amp;id=1vvuElD-lCcnDJpR98AyS8EFrhUnDPiyr\u0027 width=\u0027450\u0027/\u003e\u003cbr/\u003e\u003c/div\u003e",
                                            "tessellate":  -1,
                                            "extrude":  0,
                                            "visibility":  -1
                                        },
                         "geometry":  {
                                          "type":  "Point",
                                          "coordinates":  [
                                                              34.99021,
                                                              32.53821,
                                                              0.0
                                                          ]
                                      }
                     },
                     {
                         "type":  "Feature",
                         "properties":  {
                                            "Name":  "#3015",
                                            "description":  "\u003cdiv dir=\u0027rtl\u0027 style=\u0027font-family:Arial;\u0027\u003e\u003cb\u003eשם:\u003c/b\u003e שרון שפי-לוין\u003cbr/\u003e\u003cb\u003eאתר:\u003c/b\u003e נחל סלוודורה\u003cbr/\u003e\u003cb\u003eתאריך:\u003c/b\u003e 20-12-2025\u003cbr/\u003e\u003cb\u003eID:\u003c/b\u003e 3112\u003cbr/\u003e\u003cb\u003eFB:\u003c/b\u003e \u003ca href=\u0027https://www.facebook.com/groups/beshvil.yael/posts/3840472799579176\u0027\u003ehttps://www.facebook.com/groups/beshvil.yael/posts/3840472799579176\u003c/a\u003e\u003cbr/\u003e\u003cbr/\u003e\u003cimg src=\u0027https://drive.google.com/uc?export=view\u0026amp;id=1dVLwwz5MdG-yuR6IOuBmMPYfQgSzIi94\u0027 width=\u0027450\u0027/\u003e\u003cbr/\u003e\u003c/div\u003e",
                                            "tessellate":  -1,
                                            "extrude":  0,
                                            "visibility":  -1
                                        },
                         "geometry":  {
                                          "type":  "Point",
                                          "coordinates":  [
                                                              35.39166,
                                                              31.51841,
                                                              0.0
                                                          ]
                                      }
                     },
                     {
                         "type":  "Feature",
                         "properties":  {
                                            "Name":  "#3015",
                                            "description":  "\u003cdiv dir=\u0027rtl\u0027 style=\u0027font-family:Arial;\u0027\u003e\u003cb\u003eשם:\u003c/b\u003e שרון שפי-לוין\u003cbr/\u003e\u003cb\u003eאתר:\u003c/b\u003e נחל סלוודורה\u003cbr/\u003e\u003cb\u003eתאריך:\u003c/b\u003e 20-12-2025\u003cbr/\u003e\u003cb\u003eID:\u003c/b\u003e 3118\u003cbr/\u003e\u003cb\u003eFB:\u003c/b\u003e \u003ca href=\u0027https://www.facebook.com/groups/beshvil.yael/posts/3840472799579176\u0027\u003ehttps://www.facebook.com/groups/beshvil.yael/posts/3840472799579176\u003c/a\u003e\u003cbr/\u003e\u003cbr/\u003e\u003cimg src=\u0027https://drive.google.com/uc?export=view\u0026amp;id=1wRUX3mIm-mGqaxnYA3e-W8vtG8G5d5ut\u0027 width=\u0027450\u0027/\u003e\u003cbr/\u003e\u003c/div\u003e",
                                            "tessellate":  -1,
                                            "extrude":  0,
                                            "visibility":  -1
                                        },
                         "geometry":  {
                                          "type":  "Point",
                                          "coordinates":  [
                                                              35.39211,
                                                              31.51812,
                                                              0.0
                                                          ]
                                      }
                     },
                     {
                         "type":  "Feature",
                         "properties":  {
                                            "Name":  "#3016",
                                            "description":  "\u003cdiv dir=\u0027rtl\u0027 style=\u0027font-family:Arial;\u0027\u003e\u003cb\u003eשם:\u003c/b\u003e \u003cbr/\u003e\u003cb\u003eאתר:\u003c/b\u003e נחל סלוודורה\u003cbr/\u003e\u003cb\u003eתאריך:\u003c/b\u003e 20-12-2025\u003cbr/\u003e\u003cb\u003eID:\u003c/b\u003e 3112\u003cbr/\u003e\u003cb\u003eFB:\u003c/b\u003e \u003ca href=\u0027https://www.facebook.com/groups/beshvil.yael/posts/3840472799579176\u0027\u003ehttps://www.facebook.com/groups/beshvil.yael/posts/3840472799579176\u003c/a\u003e\u003cbr/\u003e\u003cbr/\u003e\u003cimg src=\u0027https://drive.google.com/uc?export=view\u0026amp;id=1dVLwwz5MdG-yuR6IOuBmMPYfQgSzIi94\u0027 width=\u0027450\u0027/\u003e\u003cbr/\u003e\u003c/div\u003e",
                                            "tessellate":  -1,
                                            "extrude":  0,
                                            "visibility":  -1
                                        },
                         "geometry":  {
                                          "type":  "Point",
                                          "coordinates":  [
                                                              35.39166,
                                                              31.51868,
                                                              0.0
                                                          ]
                                      }
                     },
                     {
                         "type":  "Feature",
                         "properties":  {
                                            "Name":  "#3016",
                                            "description":  "\u003cdiv dir=\u0027rtl\u0027 style=\u0027font-family:Arial;\u0027\u003e\u003cb\u003eשם:\u003c/b\u003e \u003cbr/\u003e\u003cb\u003eאתר:\u003c/b\u003e נחל סלוודורה\u003cbr/\u003e\u003cb\u003eתאריך:\u003c/b\u003e 20-12-2025\u003cbr/\u003e\u003cb\u003eID:\u003c/b\u003e 3118\u003cbr/\u003e\u003cb\u003eFB:\u003c/b\u003e \u003ca href=\u0027https://www.facebook.com/groups/beshvil.yael/posts/3840472799579176\u0027\u003ehttps://www.facebook.com/groups/beshvil.yael/posts/3840472799579176\u003c/a\u003e\u003cbr/\u003e\u003cbr/\u003e\u003cimg src=\u0027https://drive.google.com/uc?export=view\u0026amp;id=1wRUX3mIm-mGqaxnYA3e-W8vtG8G5d5ut\u0027 width=\u0027450\u0027/\u003e\u003cbr/\u003e\u003c/div\u003e",
                                            "tessellate":  -1,
                                            "extrude":  0,
                                            "visibility":  -1
                                        },
                         "geometry":  {
                                          "type":  "Point",
                                          "coordinates":  [
                                                              35.39211,
                                                              31.51839,
                                                              0.0
                                                          ]
                                      }
                     },
                     {
                         "type":  "Feature",
                         "properties":  {
                                            "Name":  "#3036",
                                            "description":  "\u003cdiv dir=\u0027rtl\u0027 style=\u0027font-family:Arial;\u0027\u003e\u003cb\u003eשם:\u003c/b\u003e צביקה מלמד\u003cbr/\u003e\u003cb\u003eאתר:\u003c/b\u003e גבעת עדה\u003cbr/\u003e\u003cb\u003eתאריך:\u003c/b\u003e 23-05-2025\u003cbr/\u003e\u003cb\u003eID:\u003c/b\u003e 741\u003cbr/\u003e\u003cb\u003eFB:\u003c/b\u003e \u003ca href=\u0027https://www.facebook.com/groups/3235176716775457/posts/3649015062058285/\u0027\u003ehttps://www.facebook.com/groups/3235176716775457/posts/3649015062058285/\u003c/a\u003e\u003cbr/\u003e\u003cbr/\u003e\u003cimg src=\u0027https://drive.google.com/uc?export=view\u0026amp;id=1ypzloJtR9h-ZDjvULOzNVVmF-XnWptw-\u0027 width=\u0027450\u0027/\u003e\u003cbr/\u003e\u003c/div\u003e",
                                            "tessellate":  -1,
                                            "extrude":  0,
                                            "visibility":  -1
                                        },
                         "geometry":  {
                                          "type":  "Point",
                                          "coordinates":  [
                                                              34.99844,
                                                              32.51569,
                                                              0.0
                                                          ]
                                      }
                     },
                     {
                         "type":  "Feature",
                         "properties":  {
                                            "Name":  "#3036",
                                            "description":  "\u003cdiv dir=\u0027rtl\u0027 style=\u0027font-family:Arial;\u0027\u003e\u003cb\u003eשם:\u003c/b\u003e צביקה מלמד\u003cbr/\u003e\u003cb\u003eאתר:\u003c/b\u003e בית אריאלה\u003cbr/\u003e\u003cb\u003eתאריך:\u003c/b\u003e 29-05-2025\u003cbr/\u003e\u003cb\u003eID:\u003c/b\u003e 814\u003cbr/\u003e\u003cb\u003eFB:\u003c/b\u003e \u003ca href=\u0027https://www.facebook.com/groups/3235176716775457/posts/3653932061566585/\u0027\u003ehttps://www.facebook.com/groups/3235176716775457/posts/3653932061566585/\u003c/a\u003e\u003cbr/\u003e\u003cbr/\u003e\u003cimg src=\u0027https://drive.google.com/uc?export=view\u0026amp;id=1PrXDwR_lvWu0WeFFd90ocAhBNzmn6aoV\u0027 width=\u0027450\u0027/\u003e\u003cbr/\u003e\u003c/div\u003e",
                                            "tessellate":  -1,
                                            "extrude":  0,
                                            "visibility":  -1
                                        },
                         "geometry":  {
                                          "type":  "Point",
                                          "coordinates":  [
                                                              34.7862936,
                                                              32.0766888,
                                                              0.0
                                                          ]
                                      }
                     },
                     {
                         "type":  "Feature",
                         "properties":  {
                                            "Name":  "#3038",
                                            "description":  "\u003cdiv dir=\u0027rtl\u0027 style=\u0027font-family:Arial;\u0027\u003e\u003cb\u003eשם:\u003c/b\u003e חן פורטוגלי-שובל\u003cbr/\u003e\u003cb\u003eאתר:\u003c/b\u003e יער ביריה\u003cbr/\u003e\u003cb\u003eתאריך:\u003c/b\u003e 02-06-2025\u003cbr/\u003e\u003cb\u003eID:\u003c/b\u003e 889\u003cbr/\u003e\u003cb\u003eFB:\u003c/b\u003e \u003ca href=\u0027https://www.facebook.com/groups/3235176716775457/posts/3657586017867856/\u0027\u003ehttps://www.facebook.com/groups/3235176716775457/posts/3657586017867856/\u003c/a\u003e\u003cbr/\u003e\u003cbr/\u003e\u003cimg src=\u0027https://drive.google.com/uc?export=view\u0026amp;id=1KGvpGymIHQN1oC_drvU0c4NEXtiHuYm8\u0027 width=\u0027450\u0027/\u003e\u003cbr/\u003e\u003c/div\u003e",
                                            "tessellate":  -1,
                                            "extrude":  0,
                                            "visibility":  -1
                                        },
                         "geometry":  {
                                          "type":  "Point",
                                          "coordinates":  [
                                                              35.4996688,
                                                              32.9939544,
                                                              0.0
                                                          ]
                                      }
                     },
                     {
                         "type":  "Feature",
                         "properties":  {
                                            "Name":  "#3040",
                                            "description":  "\u003cdiv dir=\u0027rtl\u0027 style=\u0027font-family:Arial;\u0027\u003e\u003cb\u003eשם:\u003c/b\u003e אורלי קמחי\u003cbr/\u003e\u003cb\u003eאתר:\u003c/b\u003e שביל הגולן מקטע 2\u003cbr/\u003e\u003cb\u003eתאריך:\u003c/b\u003e 18-10-2025\u003cbr/\u003e\u003cb\u003eID:\u003c/b\u003e 2427\u003cbr/\u003e\u003cb\u003eFB:\u003c/b\u003e \u003ca href=\u0027https://www.facebook.com/groups/beshvil.yael/posts/3783596845266772\u0027\u003ehttps://www.facebook.com/groups/beshvil.yael/posts/3783596845266772\u003c/a\u003e\u003cbr/\u003e\u003cbr/\u003e\u003cimg src=\u0027https://drive.google.com/uc?export=view\u0026amp;id=1gLYagwtR2yidRqwjKfhjwOFxVQIeOMRM\u0027 width=\u0027450\u0027/\u003e\u003cbr/\u003e\u003c/div\u003e",
                                            "tessellate":  -1,
                                            "extrude":  0,
                                            "visibility":  -1
                                        },
                         "geometry":  {
                                          "type":  "Point",
                                          "coordinates":  [
                                                              35.76227,
                                                              33.23092,
                                                              0.0
                                                          ]
                                      }
                     },
                     {
                         "type":  "Feature",
                         "properties":  {
                                            "Name":  "#3040",
                                            "description":  "\u003cdiv dir=\u0027rtl\u0027 style=\u0027font-family:Arial;\u0027\u003e\u003cb\u003eשם:\u003c/b\u003e אורלי קמחי\u003cbr/\u003e\u003cb\u003eאתר:\u003c/b\u003e שביל הגולן 3-4\u003cbr/\u003e\u003cb\u003eתאריך:\u003c/b\u003e 21-11-2025\u003cbr/\u003e\u003cb\u003eID:\u003c/b\u003e 2802\u003cbr/\u003e\u003cb\u003eFB:\u003c/b\u003e \u003ca href=\u0027https://www.facebook.com/groups/beshvil.yael/posts/3815031398789983/\u0027\u003ehttps://www.facebook.com/groups/beshvil.yael/posts/3815031398789983/\u003c/a\u003e\u003cbr/\u003e\u003cbr/\u003e\u003cimg src=\u0027https://drive.google.com/uc?export=view\u0026amp;id=1Ct2mewCh3Xe8WKLOzcpDShUMC6BT4cUY\u0027 width=\u0027450\u0027/\u003e\u003cbr/\u003e\u003c/div\u003e",
                                            "tessellate":  -1,
                                            "extrude":  0,
                                            "visibility":  -1
                                        },
                         "geometry":  {
                                          "type":  "Point",
                                          "coordinates":  [
                                                              35.77522,
                                                              33.18975,
                                                              0.0
                                                          ]
                                      }
                     },
                     {
                         "type":  "Feature",
                         "properties":  {
                                            "Name":  "#3040",
                                            "description":  "\u003cdiv dir=\u0027rtl\u0027 style=\u0027font-family:Arial;\u0027\u003e\u003cb\u003eשם:\u003c/b\u003e אורלי קמחי\u003cbr/\u003e\u003cb\u003eאתר:\u003c/b\u003e מדרך עוז\u003cbr/\u003e\u003cb\u003eתאריך:\u003c/b\u003e 01-02-2026\u003cbr/\u003e\u003cb\u003eID:\u003c/b\u003e 3557\u003cbr/\u003e\u003cb\u003eFB:\u003c/b\u003e \u003ca href=\u0027https://www.facebook.com/groups/beshvil.yael/posts/3877758709183918\u0027\u003ehttps://www.facebook.com/groups/beshvil.yael/posts/3877758709183918\u003c/a\u003e\u003cbr/\u003e\u003cbr/\u003e\u003cimg src=\u0027https://drive.google.com/uc?export=view\u0026amp;id=1jpCoVicM1bNNG-0hTCzIo-phjLQ-UefB\u0027 width=\u0027450\u0027/\u003e\u003cbr/\u003e\u003c/div\u003e",
                                            "tessellate":  -1,
                                            "extrude":  0,
                                            "visibility":  -1
                                        },
                         "geometry":  {
                                          "type":  "Point",
                                          "coordinates":  [
                                                              35.16879,
                                                              32.59262,
                                                              0.0
                                                          ]
                                      }
                     },
                     {
                         "type":  "Feature",
                         "properties":  {
                                            "Name":  "#3054",
                                            "description":  "\u003cdiv dir=\u0027rtl\u0027 style=\u0027font-family:Arial;\u0027\u003e\u003cb\u003eשם:\u003c/b\u003e קרן ניצן רייזמן\u003cbr/\u003e\u003cb\u003eאתר:\u003c/b\u003e מצדה\u003cbr/\u003e\u003cb\u003eתאריך:\u003c/b\u003e 01-05-2025\u003cbr/\u003e\u003cb\u003eID:\u003c/b\u003e 23\u003cbr/\u003e\u003cb\u003eFB:\u003c/b\u003e \u003ca href=\u0027https://www.facebook.com/groups/3235176716775457/posts/3630876203872171/\u0027\u003ehttps://www.facebook.com/groups/3235176716775457/posts/3630876203872171/\u003c/a\u003e\u003cbr/\u003e\u003cbr/\u003e\u003cimg src=\u0027https://drive.google.com/uc?export=view\u0026amp;id=11AfBWsSST45Ke5EY8hPZeTR2V21JCldk\u0027 width=\u0027450\u0027/\u003e\u003cbr/\u003e\u003c/div\u003e",
                                            "tessellate":  -1,
                                            "extrude":  0,
                                            "visibility":  -1
                                        },
                         "geometry":  {
                                          "type":  "Point",
                                          "coordinates":  [
                                                              35.363052,
                                                              31.31088,
                                                              0.0
                                                          ]
                                      }
                     },
                     {
                         "type":  "Feature",
                         "properties":  {
                                            "Name":  "#3139",
                                            "description":  "\u003cdiv dir=\u0027rtl\u0027 style=\u0027font-family:Arial;\u0027\u003e\u003cb\u003eשם:\u003c/b\u003e קטי שפילברג\u003cbr/\u003e\u003cb\u003eאתר:\u003c/b\u003e הר הכרמל\u003cbr/\u003e\u003cb\u003eתאריך:\u003c/b\u003e 10-06-2025\u003cbr/\u003e\u003cb\u003eID:\u003c/b\u003e 975\u003cbr/\u003e\u003cb\u003eFB:\u003c/b\u003e \u003ca href=\u0027https://www.facebook.com/groups/beshvil.yael/posts/3664357237190734/\u0027\u003ehttps://www.facebook.com/groups/beshvil.yael/posts/3664357237190734/\u003c/a\u003e\u003cbr/\u003e\u003cbr/\u003e\u003cimg src=\u0027https://drive.google.com/uc?export=view\u0026amp;id=1-qQqvM5A3A6Q6S6Ja_k-j4u0ogSDdkW-\u0027 width=\u0027450\u0027/\u003e\u003cbr/\u003e\u003c/div\u003e",
                                            "tessellate":  -1,
                                            "extrude":  0,
                                            "visibility":  -1
                                        },
                         "geometry":  {
                                          "type":  "Point",
                                          "coordinates":  [
                                                              35.04808,
                                                              32.7485,
                                                              0.0
                                                          ]
                                      }
                     },
                     {
                         "type":  "Feature",
                         "properties":  {
                                            "Name":  "#3144",
                                            "description":  "\u003cdiv dir=\u0027rtl\u0027 style=\u0027font-family:Arial;\u0027\u003e\u003cb\u003eשם:\u003c/b\u003e אלון בר\u003cbr/\u003e\u003cb\u003eאתר:\u003c/b\u003e עין צור\u003cbr/\u003e\u003cb\u003eתאריך:\u003c/b\u003e 22-05-2025\u003cbr/\u003e\u003cb\u003eID:\u003c/b\u003e 713\u003cbr/\u003e\u003cb\u003eFB:\u003c/b\u003e \u003ca href=\u0027https://www.facebook.com/groups/3235176716775457/posts/3648177612142030/\u0027\u003ehttps://www.facebook.com/groups/3235176716775457/posts/3648177612142030/\u003c/a\u003e\u003cbr/\u003e\u003cbr/\u003e\u003cimg src=\u0027https://drive.google.com/uc?export=view\u0026amp;id=1sVAAVL0NLfhPzPrCRTFyzN3IFDM-oSRl\u0027 width=\u0027450\u0027/\u003e\u003cbr/\u003e\u003c/div\u003e",
                                            "tessellate":  -1,
                                            "extrude":  0,
                                            "visibility":  -1
                                        },
                         "geometry":  {
                                          "type":  "Point",
                                          "coordinates":  [
                                                              34.951703,
                                                              32.55017,
                                                              0.0
                                                          ]
                                      }
                     },
                     {
                         "type":  "Feature",
                         "properties":  {
                                            "Name":  "#3145",
                                            "description":  "\u003cdiv dir=\u0027rtl\u0027 style=\u0027font-family:Arial;\u0027\u003e\u003cb\u003eשם:\u003c/b\u003e אלון בר\u003cbr/\u003e\u003cb\u003eאתר:\u003c/b\u003e חוף הקשתות אשדוד\u003cbr/\u003e\u003cb\u003eתאריך:\u003c/b\u003e 01-06-2025\u003cbr/\u003e\u003cb\u003eID:\u003c/b\u003e 859\u003cbr/\u003e\u003cb\u003eFB:\u003c/b\u003e \u003ca href=\u0027https://www.facebook.com/groups/3235176716775457/posts/3656263561333435/\u0027\u003ehttps://www.facebook.com/groups/3235176716775457/posts/3656263561333435/\u003c/a\u003e\u003cbr/\u003e\u003cbr/\u003e\u003cimg src=\u0027https://drive.google.com/uc?export=view\u0026amp;id=1MZcczv8_i2Z8BEb3YPoR9wywP1iiXu70\u0027 width=\u0027450\u0027/\u003e\u003cbr/\u003e\u003c/div\u003e",
                                            "tessellate":  -1,
                                            "extrude":  0,
                                            "visibility":  -1
                                        },
                         "geometry":  {
                                          "type":  "Point",
                                          "coordinates":  [
                                                              34.6311922,
                                                              31.7979816,
                                                              0.0
                                                          ]
                                      }
                     },
                     {
                         "type":  "Feature",
                         "properties":  {
                                            "Name":  "#3152",
                                            "description":  "\u003cdiv dir=\u0027rtl\u0027 style=\u0027font-family:Arial;\u0027\u003e\u003cb\u003eשם:\u003c/b\u003e טלי רותם\u003cbr/\u003e\u003cb\u003eאתר:\u003c/b\u003e גב ילק\u003cbr/\u003e\u003cb\u003eתאריך:\u003c/b\u003e 06-12-2025\u003cbr/\u003e\u003cb\u003eID:\u003c/b\u003e 2990\u003cbr/\u003e\u003cb\u003eFB:\u003c/b\u003e \u003ca href=\u0027https://www.facebook.com/groups/beshvil.yael/posts/3828726650753791\u0027\u003ehttps://www.facebook.com/groups/beshvil.yael/posts/3828726650753791\u003c/a\u003e\u003cbr/\u003e\u003cbr/\u003e\u003cimg src=\u0027https://drive.google.com/uc?export=view\u0026amp;id=1S7ZlL_5nZQswwQGdyGwYU9Nq7NvZYq4C\u0027 width=\u0027450\u0027/\u003e\u003cbr/\u003e\u003c/div\u003e",
                                            "tessellate":  -1,
                                            "extrude":  0,
                                            "visibility":  -1
                                        },
                         "geometry":  {
                                          "type":  "Point",
                                          "coordinates":  [
                                                              34.91138,
                                                              30.55834,
                                                              0.0
                                                          ]
                                      }
                     },
                     {
                         "type":  "Feature",
                         "properties":  {
                                            "Name":  "#3152",
                                            "description":  "\u003cdiv dir=\u0027rtl\u0027 style=\u0027font-family:Arial;\u0027\u003e\u003cb\u003eשם:\u003c/b\u003e טלי רותם\u003cbr/\u003e\u003cb\u003eאתר:\u003c/b\u003e נחל צבעון\u003cbr/\u003e\u003cb\u003eתאריך:\u003c/b\u003e 28-02-2026\u003cbr/\u003e\u003cb\u003eID:\u003c/b\u003e 3891\u003cbr/\u003e\u003cb\u003eFB:\u003c/b\u003e \u003ca href=\u0027https://www.facebook.com/groups/beshvil.yael/posts/3903528236606965/\u0027\u003ehttps://www.facebook.com/groups/beshvil.yael/posts/3903528236606965/\u003c/a\u003e\u003cbr/\u003e\u003cbr/\u003e\u003cimg src=\u0027https://drive.google.com/uc?export=view\u0026amp;id=1l0tiM5NSlSOYIwCQtZvljLEZNyHNW38f\u0027 width=\u0027450\u0027/\u003e\u003cbr/\u003e\u003c/div\u003e",
                                            "tessellate":  -1,
                                            "extrude":  0,
                                            "visibility":  -1
                                        },
                         "geometry":  {
                                          "type":  "Point",
                                          "coordinates":  [
                                                              35.41288,
                                                              33.02635,
                                                              0.0
                                                          ]
                                      }
                     },
                     {
                         "type":  "Feature",
                         "properties":  {
                                            "Name":  "#3152",
                                            "description":  "\u003cdiv dir=\u0027rtl\u0027 style=\u0027font-family:Arial;\u0027\u003e\u003cb\u003eשם:\u003c/b\u003e טלי רותם\u003cbr/\u003e\u003cb\u003eאתר:\u003c/b\u003e שביל הגולן מקטע 4\u003cbr/\u003e\u003cb\u003eתאריך:\u003c/b\u003e 08-05-2026\u003cbr/\u003e\u003cb\u003eID:\u003c/b\u003e 4379\u003cbr/\u003e\u003cb\u003eFB:\u003c/b\u003e \u003ca href=\u0027https://www.facebook.com/groups/beshvil.yael/posts/3966003687026086/\u0027\u003ehttps://www.facebook.com/groups/beshvil.yael/posts/3966003687026086/\u003c/a\u003e\u003cbr/\u003e\u003cbr/\u003e\u003cimg src=\u0027https://drive.google.com/uc?export=view\u0026amp;id=1jX_zfJHZbyZisCKOJLueV6_lAVHxq6SN\u0027 width=\u0027450\u0027/\u003e\u003cbr/\u003e\u003c/div\u003e",
                                            "tessellate":  -1,
                                            "extrude":  0,
                                            "visibility":  -1
                                        },
                         "geometry":  {
                                          "type":  "Point",
                                          "coordinates":  [
                                                              35.78961,
                                                              33.1045,
                                                              0.0
                                                          ]
                                      }
                     },
                     {
                         "type":  "Feature",
                         "properties":  {
                                            "Name":  "#3152",
                                            "description":  "\u003cdiv dir=\u0027rtl\u0027 style=\u0027font-family:Arial;\u0027\u003e\u003cb\u003eשם:\u003c/b\u003e טלי רותם\u003cbr/\u003e\u003cb\u003eאתר:\u003c/b\u003e הר גובתה\u003cbr/\u003e\u003cb\u003eתאריך:\u003c/b\u003e 09-05-2026\u003cbr/\u003e\u003cb\u003eID:\u003c/b\u003e 4390\u003cbr/\u003e\u003cb\u003eFB:\u003c/b\u003e \u003ca href=\u0027https://www.facebook.com/groups/beshvil.yael/posts/3966724130287375/\u0027\u003ehttps://www.facebook.com/groups/beshvil.yael/posts/3966724130287375/\u003c/a\u003e\u003cbr/\u003e\u003cbr/\u003e\u003cimg src=\u0027https://drive.google.com/uc?export=view\u0026amp;id=1TEXJ9JTJkOkc_rJf8VnP2IPhuyEs5fCg\u0027 width=\u0027450\u0027/\u003e\u003cbr/\u003e\u003c/div\u003e",
                                            "tessellate":  -1,
                                            "extrude":  0,
                                            "visibility":  -1
                                        },
                         "geometry":  {
                                          "type":  "Point",
                                          "coordinates":  [
                                                              35.71255,
                                                              33.25468,
                                                              0.0
                                                          ]
                                      }
                     },
                     {
                         "type":  "Feature",
                         "properties":  {
                                            "Name":  "#3154",
                                            "description":  "\u003cdiv dir=\u0027rtl\u0027 style=\u0027font-family:Arial;\u0027\u003e\u003cb\u003eשם:\u003c/b\u003e ליאת גלר\u003cbr/\u003e\u003cb\u003eאתר:\u003c/b\u003e נחל עתק\u003cbr/\u003e\u003cb\u003eתאריך:\u003c/b\u003e 26-12-2025\u003cbr/\u003e\u003cb\u003eID:\u003c/b\u003e 3170\u003cbr/\u003e\u003cb\u003eFB:\u003c/b\u003e \u003ca href=\u0027https://www.facebook.com/groups/beshvil.yael/posts/3845376245755498\u0027\u003ehttps://www.facebook.com/groups/beshvil.yael/posts/3845376245755498\u003c/a\u003e\u003cbr/\u003e\u003cbr/\u003e\u003cimg src=\u0027https://drive.google.com/uc?export=view\u0026amp;id=1FDiSWmKt2rSIbat9_jl6R22RRUD8srrT\u0027 width=\u0027450\u0027/\u003e\u003cbr/\u003e\u003c/div\u003e",
                                            "tessellate":  -1,
                                            "extrude":  0,
                                            "visibility":  -1
                                        },
                         "geometry":  {
                                          "type":  "Point",
                                          "coordinates":  [
                                                              34.9146,
                                                              29.71141,
                                                              0.0
                                                          ]
                                      }
                     },
                     {
                         "type":  "Feature",
                         "properties":  {
                                            "Name":  "#3162",
                                            "description":  "\u003cdiv dir=\u0027rtl\u0027 style=\u0027font-family:Arial;\u0027\u003e\u003cb\u003eשם:\u003c/b\u003e גיל אטיאס\u003cbr/\u003e\u003cb\u003eאתר:\u003c/b\u003e נווה ים\u003cbr/\u003e\u003cb\u003eתאריך:\u003c/b\u003e 01-11-2025\u003cbr/\u003e\u003cb\u003eID:\u003c/b\u003e 2576\u003cbr/\u003e\u003cb\u003eFB:\u003c/b\u003e \u003ca href=\u0027https://www.facebook.com/groups/beshvil.yael/posts/3796991757260614/\u0027\u003ehttps://www.facebook.com/groups/beshvil.yael/posts/3796991757260614/\u003c/a\u003e\u003cbr/\u003e\u003cbr/\u003e\u003cimg src=\u0027https://drive.google.com/uc?export=view\u0026amp;id=11fXuYXmiZA4VP1ociOp55gJ69BwQYYVJ\u0027 width=\u0027450\u0027/\u003e\u003cbr/\u003e\u003c/div\u003e",
                                            "tessellate":  -1,
                                            "extrude":  0,
                                            "visibility":  -1
                                        },
                         "geometry":  {
                                          "type":  "Point",
                                          "coordinates":  [
                                                              34.92776,
                                                              32.68352,
                                                              0.0
                                                          ]
                                      }
                     },
                     {
                         "type":  "Feature",
                         "properties":  {
                                            "Name":  "#3162",
                                            "description":  "\u003cdiv dir=\u0027rtl\u0027 style=\u0027font-family:Arial;\u0027\u003e\u003cb\u003eשם:\u003c/b\u003e גיל אטיאס\u003cbr/\u003e\u003cb\u003eאתר:\u003c/b\u003e ערד - מצדה\u003cbr/\u003e\u003cb\u003eתאריך:\u003c/b\u003e 17-01-2026\u003cbr/\u003e\u003cb\u003eID:\u003c/b\u003e 3380\u003cbr/\u003e\u003cb\u003eFB:\u003c/b\u003e \u003ca href=\u0027https://www.facebook.com/groups/beshvil.yael/posts/3863986630561126\u0027\u003ehttps://www.facebook.com/groups/beshvil.yael/posts/3863986630561126\u003c/a\u003e\u003cbr/\u003e\u003cbr/\u003e\u003cimg src=\u0027https://drive.google.com/uc?export=view\u0026amp;id=1Rk_bKZUIhPej675MsQbAvQAiMneXQ8d1\u0027 width=\u0027450\u0027/\u003e\u003cbr/\u003e\u003c/div\u003e",
                                            "tessellate":  -1,
                                            "extrude":  0,
                                            "visibility":  -1
                                        },
                         "geometry":  {
                                          "type":  "Point",
                                          "coordinates":  [
                                                              35.27651,
                                                              31.27267,
                                                              0.0
                                                          ]
                                      }
                     },
                     {
                         "type":  "Feature",
                         "properties":  {
                                            "Name":  "#3162",
                                            "description":  "\u003cdiv dir=\u0027rtl\u0027 style=\u0027font-family:Arial;\u0027\u003e\u003cb\u003eשם:\u003c/b\u003e גיל אטיאס\u003cbr/\u003e\u003cb\u003eאתר:\u003c/b\u003e פלס״ר 7\u003cbr/\u003e\u003cb\u003eתאריך:\u003c/b\u003e 29-01-2026\u003cbr/\u003e\u003cb\u003eID:\u003c/b\u003e 3504\u003cbr/\u003e\u003cb\u003eFB:\u003c/b\u003e \u003ca href=\u0027https://www.facebook.com/groups/beshvil.yael/posts/3875332152759907\u0027\u003ehttps://www.facebook.com/groups/beshvil.yael/posts/3875332152759907\u003c/a\u003e\u003cbr/\u003e\u003cbr/\u003e\u003cimg src=\u0027https://drive.google.com/uc?export=view\u0026amp;id=1JmTJvEci05rR_CPV942r6zi9IDLhpy9T\u0027 width=\u0027450\u0027/\u003e\u003cbr/\u003e\u003c/div\u003e",
                                            "tessellate":  -1,
                                            "extrude":  0,
                                            "visibility":  -1
                                        },
                         "geometry":  {
                                          "type":  "Point",
                                          "coordinates":  [
                                                              35.77441,
                                                              33.18921,
                                                              0.0
                                                          ]
                                      }
                     },
                     {
                         "type":  "Feature",
                         "properties":  {
                                            "Name":  "#3162",
                                            "description":  "\u003cdiv dir=\u0027rtl\u0027 style=\u0027font-family:Arial;\u0027\u003e\u003cb\u003eשם:\u003c/b\u003e גיל אטיאס\u003cbr/\u003e\u003cb\u003eאתר:\u003c/b\u003e שביל הגולן מקטע 9\u003cbr/\u003e\u003cb\u003eתאריך:\u003c/b\u003e 30-01-2026\u003cbr/\u003e\u003cb\u003eID:\u003c/b\u003e 3516\u003cbr/\u003e\u003cb\u003eFB:\u003c/b\u003e \u003ca href=\u0027https://www.facebook.com/groups/beshvil.yael/posts/3876123602680762/\u0027\u003ehttps://www.facebook.com/groups/beshvil.yael/posts/3876123602680762/\u003c/a\u003e\u003cbr/\u003e\u003cbr/\u003e\u003cimg src=\u0027https://drive.google.com/uc?export=view\u0026amp;id=1q7kPbT5cFNAikSmuaTceOQoA_H1xJE42\u0027 width=\u0027450\u0027/\u003e\u003cbr/\u003e\u003c/div\u003e",
                                            "tessellate":  -1,
                                            "extrude":  0,
                                            "visibility":  -1
                                        },
                         "geometry":  {
                                          "type":  "Point",
                                          "coordinates":  [
                                                              35.74036,
                                                              32.85826,
                                                              0.0
                                                          ]
                                      }
                     },
                     {
                         "type":  "Feature",
                         "properties":  {
                                            "Name":  "#3162",
                                            "description":  "\u003cdiv dir=\u0027rtl\u0027 style=\u0027font-family:Arial;\u0027\u003e\u003cb\u003eשם:\u003c/b\u003e גיל אטיאס\u003cbr/\u003e\u003cb\u003eאתר:\u003c/b\u003e מבוא חמה\u003cbr/\u003e\u003cb\u003eתאריך:\u003c/b\u003e 31-01-2026\u003cbr/\u003e\u003cb\u003eID:\u003c/b\u003e 3539\u003cbr/\u003e\u003cb\u003eFB:\u003c/b\u003e \u003ca href=\u0027https://www.facebook.com/groups/beshvil.yael/posts/3877035352589587/\u0027\u003ehttps://www.facebook.com/groups/beshvil.yael/posts/3877035352589587/\u003c/a\u003e\u003cbr/\u003e\u003cbr/\u003e\u003cimg src=\u0027https://drive.google.com/uc?export=view\u0026amp;id=1Pr3VtcvEsWB41HpxWHMjdMxBnaXok1L5\u0027 width=\u0027450\u0027/\u003e\u003cbr/\u003e\u003c/div\u003e",
                                            "tessellate":  -1,
                                            "extrude":  0,
                                            "visibility":  -1
                                        },
                         "geometry":  {
                                          "type":  "Point",
                                          "coordinates":  [
                                                              35.6736,
                                                              32.75659,
                                                              0.0
                                                          ]
                                      }
                     },
                     {
                         "type":  "Feature",
                         "properties":  {
                                            "Name":  "#3162",
                                            "description":  "\u003cdiv dir=\u0027rtl\u0027 style=\u0027font-family:Arial;\u0027\u003e\u003cb\u003eשם:\u003c/b\u003e גיל אטיאס\u003cbr/\u003e\u003cb\u003eאתר:\u003c/b\u003e מצפור לוי אשכול\u003cbr/\u003e\u003cb\u003eתאריך:\u003c/b\u003e 13-02-2026\u003cbr/\u003e\u003cb\u003eID:\u003c/b\u003e 3695\u003cbr/\u003e\u003cb\u003eFB:\u003c/b\u003e \u003ca href=\u0027https://www.facebook.com/groups/beshvil.yael/posts/3889103638049425/\u0027\u003ehttps://www.facebook.com/groups/beshvil.yael/posts/3889103638049425/\u003c/a\u003e\u003cbr/\u003e\u003cbr/\u003e\u003cimg src=\u0027https://drive.google.com/uc?export=view\u0026amp;id=11erINeIXNF4DjBASYA8Scj6R8Dfj5s1u\u0027 width=\u0027450\u0027/\u003e\u003cbr/\u003e\u003c/div\u003e",
                                            "tessellate":  -1,
                                            "extrude":  0,
                                            "visibility":  -1
                                        },
                         "geometry":  {
                                          "type":  "Point",
                                          "coordinates":  [
                                                              35.5426,
                                                              32.67176,
                                                              0.0
                                                          ]
                                      }
                     },
                     {
                         "type":  "Feature",
                         "properties":  {
                                            "Name":  "#3162",
                                            "description":  "\u003cdiv dir=\u0027rtl\u0027 style=\u0027font-family:Arial;\u0027\u003e\u003cb\u003eשם:\u003c/b\u003e גיל אטיאס\u003cbr/\u003e\u003cb\u003eאתר:\u003c/b\u003e הר רמון\u003cbr/\u003e\u003cb\u003eתאריך:\u003c/b\u003e 08-04-2026\u003cbr/\u003e\u003cb\u003eID:\u003c/b\u003e 4072\u003cbr/\u003e\u003cb\u003eFB:\u003c/b\u003e \u003ca href=\u0027https://www.secure.facebook.com/groups/beshvil.yael/posts/3938575426435579\u0027\u003ehttps://www.secure.facebook.com/groups/beshvil.yael/posts/3938575426435579\u003c/a\u003e\u003cbr/\u003e\u003cbr/\u003e\u003cimg src=\u0027https://drive.google.com/uc?export=view\u0026amp;id=1g-hQuoOiiopdFUkkdue9wSh07t9AHwS0\u0027 width=\u0027450\u0027/\u003e\u003cbr/\u003e\u003c/div\u003e",
                                            "tessellate":  -1,
                                            "extrude":  0,
                                            "visibility":  -1
                                        },
                         "geometry":  {
                                          "type":  "Point",
                                          "coordinates":  [
                                                              34.63226,
                                                              30.50197,
                                                              0.0
                                                          ]
                                      }
                     },
                     {
                         "type":  "Feature",
                         "properties":  {
                                            "Name":  "#3163",
                                            "description":  "\u003cdiv dir=\u0027rtl\u0027 style=\u0027font-family:Arial;\u0027\u003e\u003cb\u003eשם:\u003c/b\u003e ורדה קצאור\u003cbr/\u003e\u003cb\u003eאתר:\u003c/b\u003e נחל פרס\u003cbr/\u003e\u003cb\u003eתאריך:\u003c/b\u003e 25-02-2026\u003cbr/\u003e\u003cb\u003eID:\u003c/b\u003e 3860\u003cbr/\u003e\u003cb\u003eFB:\u003c/b\u003e \u003ca href=\u0027https://www.facebook.com/groups/beshvil.yael/posts/3900972603529195/\u0027\u003ehttps://www.facebook.com/groups/beshvil.yael/posts/3900972603529195/\u003c/a\u003e\u003cbr/\u003e\u003cbr/\u003e\u003cimg src=\u0027https://drive.google.com/uc?export=view\u0026amp;id=1YpqrihFQk1gWmt5o9M5H0yXK9bkpa1-s\u0027 width=\u0027450\u0027/\u003e\u003cbr/\u003e\u003c/div\u003e",
                                            "tessellate":  -1,
                                            "extrude":  0,
                                            "visibility":  -1
                                        },
                         "geometry":  {
                                          "type":  "Point",
                                          "coordinates":  [
                                                              35.27933,
                                                              31.00862,
                                                              0.0
                                                          ]
                                      }
                     },
                     {
                         "type":  "Feature",
                         "properties":  {
                                            "Name":  "#3163",
                                            "description":  "\u003cdiv dir=\u0027rtl\u0027 style=\u0027font-family:Arial;\u0027\u003e\u003cb\u003eשם:\u003c/b\u003e ורדה קצאור\u003cbr/\u003e\u003cb\u003eאתר:\u003c/b\u003e הרי ירושלים\u003cbr/\u003e\u003cb\u003eתאריך:\u003c/b\u003e 21-03-2026\u003cbr/\u003e\u003cb\u003eID:\u003c/b\u003e 3985\u003cbr/\u003e\u003cb\u003eFB:\u003c/b\u003e \u003ca href=\u0027https://www.facebook.com/groups/beshvil.yael/posts/3922563791370076/\u0027\u003ehttps://www.facebook.com/groups/beshvil.yael/posts/3922563791370076/\u003c/a\u003e\u003cbr/\u003e\u003cbr/\u003e\u003cimg src=\u0027https://drive.google.com/uc?export=view\u0026amp;id=1I3gwEfmFYmj5JbXsgHEUovdj2JzdmXFr\u0027 width=\u0027450\u0027/\u003e\u003cbr/\u003e\u003c/div\u003e",
                                            "tessellate":  -1,
                                            "extrude":  0,
                                            "visibility":  -1
                                        },
                         "geometry":  {
                                          "type":  "Point",
                                          "coordinates":  [
                                                              35.04159,
                                                              31.79412,
                                                              0.0
                                                          ]
                                      }
                     },
                     {
                         "type":  "Feature",
                         "properties":  {
                                            "Name":  "#3171",
                                            "description":  "\u003cdiv dir=\u0027rtl\u0027 style=\u0027font-family:Arial;\u0027\u003e\u003cb\u003eשם:\u003c/b\u003e אילן בלבן\u003cbr/\u003e\u003cb\u003eאתר:\u003c/b\u003e הר כרמילה\u003cbr/\u003e\u003cb\u003eתאריך:\u003c/b\u003e 21-07-2025\u003cbr/\u003e\u003cb\u003eID:\u003c/b\u003e 1262\u003cbr/\u003e\u003cb\u003eFB:\u003c/b\u003e \u003ca href=\u0027https://www.facebook.com/groups/beshvil.yael/posts/3699502810342843/\u0027\u003ehttps://www.facebook.com/groups/beshvil.yael/posts/3699502810342843/\u003c/a\u003e\u003cbr/\u003e\u003cbr/\u003e\u003cimg src=\u0027https://drive.google.com/uc?export=view\u0026amp;id=1ktJiPtHqZN2H2J6TEG4pYZ0GjriGGEDa\u0027 width=\u0027450\u0027/\u003e\u003cbr/\u003e\u003c/div\u003e",
                                            "tessellate":  -1,
                                            "extrude":  0,
                                            "visibility":  -1
                                        },
                         "geometry":  {
                                          "type":  "Point",
                                          "coordinates":  [
                                                              35.0322355,
                                                              31.7830807,
                                                              0.0
                                                          ]
                                      }
                     },
                     {
                         "type":  "Feature",
                         "properties":  {
                                            "Name":  "#3174",
                                            "description":  "\u003cdiv dir=\u0027rtl\u0027 style=\u0027font-family:Arial;\u0027\u003e\u003cb\u003eשם:\u003c/b\u003e תמר קול הררי\u003cbr/\u003e\u003cb\u003eאתר:\u003c/b\u003e נחל עמוד\u003cbr/\u003e\u003cb\u003eתאריך:\u003c/b\u003e 08-12-2025\u003cbr/\u003e\u003cb\u003eID:\u003c/b\u003e 3005\u003cbr/\u003e\u003cb\u003eFB:\u003c/b\u003e \u003ca href=\u0027https://www.facebook.com/groups/beshvil.yael/posts/3830162367276886\u0027\u003ehttps://www.facebook.com/groups/beshvil.yael/posts/3830162367276886\u003c/a\u003e\u003cbr/\u003e\u003cbr/\u003e\u003cimg src=\u0027https://drive.google.com/uc?export=view\u0026amp;id=1pdDLEeaQNpdGxsZ7GYMhSXCS4nymCeAj\u0027 width=\u0027450\u0027/\u003e\u003cbr/\u003e\u003c/div\u003e",
                                            "tessellate":  -1,
                                            "extrude":  0,
                                            "visibility":  -1
                                        },
                         "geometry":  {
                                          "type":  "Point",
                                          "coordinates":  [
                                                              35.50302,
                                                              32.87429,
                                                              0.0
                                                          ]
                                      }
                     },
                     {
                         "type":  "Feature",
                         "properties":  {
                                            "Name":  "#3174",
                                            "description":  "\u003cdiv dir=\u0027rtl\u0027 style=\u0027font-family:Arial;\u0027\u003e\u003cb\u003eשם:\u003c/b\u003e תמר קול הררי\u003cbr/\u003e\u003cb\u003eאתר:\u003c/b\u003e נחל משמר\u003cbr/\u003e\u003cb\u003eתאריך:\u003c/b\u003e 11-04-2026\u003cbr/\u003e\u003cb\u003eID:\u003c/b\u003e 4114\u003cbr/\u003e\u003cb\u003eFB:\u003c/b\u003e \u003ca href=\u0027https://www.facebook.com/groups/beshvil.yael/posts/3941488979477557/\u0027\u003ehttps://www.facebook.com/groups/beshvil.yael/posts/3941488979477557/\u003c/a\u003e\u003cbr/\u003e\u003cbr/\u003e\u003cimg src=\u0027https://drive.google.com/uc?export=view\u0026amp;id=1_sOfz2nCS7vrq-OHe7EH0vri73Ix5Wj-\u0027 width=\u0027450\u0027/\u003e\u003cbr/\u003e\u003c/div\u003e",
                                            "tessellate":  -1,
                                            "extrude":  0,
                                            "visibility":  -1
                                        },
                         "geometry":  {
                                          "type":  "Point",
                                          "coordinates":  [
                                                              35.37079,
                                                              31.38861,
                                                              0.0
                                                          ]
                                      }
                     },
                     {
                         "type":  "Feature",
                         "properties":  {
                                            "Name":  "#3175",
                                            "description":  "\u003cdiv dir=\u0027rtl\u0027 style=\u0027font-family:Arial;\u0027\u003e\u003cb\u003eשם:\u003c/b\u003e מיטל שומרון\u003cbr/\u003e\u003cb\u003eאתר:\u003c/b\u003e עמק חפר\u003cbr/\u003e\u003cb\u003eתאריך:\u003c/b\u003e 03-07-2025\u003cbr/\u003e\u003cb\u003eID:\u003c/b\u003e 1087\u003cbr/\u003e\u003cb\u003eFB:\u003c/b\u003e \u003ca href=\u0027https://www.facebook.com/groups/beshvil.yael/posts/3684043611888763/\u0027\u003ehttps://www.facebook.com/groups/beshvil.yael/posts/3684043611888763/\u003c/a\u003e\u003cbr/\u003e\u003cbr/\u003e\u003cimg src=\u0027https://drive.google.com/uc?export=view\u0026amp;id=1pXrkBzCAuUSFwhgLOtVm5W5KrKhKKiTR\u0027 width=\u0027450\u0027/\u003e\u003cbr/\u003e\u003c/div\u003e",
                                            "tessellate":  -1,
                                            "extrude":  0,
                                            "visibility":  -1
                                        },
                         "geometry":  {
                                          "type":  "Point",
                                          "coordinates":  [
                                                              35.0024069,
                                                              32.3572177,
                                                              0.0
                                                          ]
                                      }
                     },
                     {
                         "type":  "Feature",
                         "properties":  {
                                            "Name":  "#3175",
                                            "description":  "\u003cdiv dir=\u0027rtl\u0027 style=\u0027font-family:Arial;\u0027\u003e\u003cb\u003eשם:\u003c/b\u003e מיטל שומרון\u003cbr/\u003e\u003cb\u003eאתר:\u003c/b\u003e גבעת חיים איחוד\u003cbr/\u003e\u003cb\u003eתאריך:\u003c/b\u003e 11-07-2025\u003cbr/\u003e\u003cb\u003eID:\u003c/b\u003e 1157\u003cbr/\u003e\u003cb\u003eFB:\u003c/b\u003e \u003ca href=\u0027https://www.facebook.com/groups/beshvil.yael/posts/3691053231187801/\u0027\u003ehttps://www.facebook.com/groups/beshvil.yael/posts/3691053231187801/\u003c/a\u003e\u003cbr/\u003e\u003cbr/\u003e\u003cimg src=\u0027https://drive.google.com/uc?export=view\u0026amp;id=1CiX1SW8ccUFneNknCew1kH58C9rOwB0h\u0027 width=\u0027450\u0027/\u003e\u003cbr/\u003e\u003c/div\u003e",
                                            "tessellate":  -1,
                                            "extrude":  0,
                                            "visibility":  -1
                                        },
                         "geometry":  {
                                          "type":  "Point",
                                          "coordinates":  [
                                                              34.93297,
                                                              32.39674,
                                                              0.0
                                                          ]
                                      }
                     },
                     {
                         "type":  "Feature",
                         "properties":  {
                                            "Name":  "#3175",
                                            "description":  "\u003cdiv dir=\u0027rtl\u0027 style=\u0027font-family:Arial;\u0027\u003e\u003cb\u003eשם:\u003c/b\u003e מיטל שומרון\u003cbr/\u003e\u003cb\u003eאתר:\u003c/b\u003e חוף חוקוק בכנרת\u003cbr/\u003e\u003cb\u003eתאריך:\u003c/b\u003e 26-09-2025\u003cbr/\u003e\u003cb\u003eID:\u003c/b\u003e 2052\u003cbr/\u003e\u003cb\u003eFB:\u003c/b\u003e \u003ca href=\u0027https://www.facebook.com/groups/beshvil.yael/posts/3761125844180539\u0027\u003ehttps://www.facebook.com/groups/beshvil.yael/posts/3761125844180539\u003c/a\u003e\u003cbr/\u003e\u003cbr/\u003e\u003cimg src=\u0027https://drive.google.com/uc?export=view\u0026amp;id=1E7haGAzKzcHG5sXFy2YvD8TG_vQbydxX\u0027 width=\u0027450\u0027/\u003e\u003cbr/\u003e\u003c/div\u003e",
                                            "tessellate":  -1,
                                            "extrude":  0,
                                            "visibility":  -1
                                        },
                         "geometry":  {
                                          "type":  "Point",
                                          "coordinates":  [
                                                              35.53703,
                                                              32.86189,
                                                              0.0
                                                          ]
                                      }
                     },
                     {
                         "type":  "Feature",
                         "properties":  {
                                            "Name":  "#3175",
                                            "description":  "\u003cdiv dir=\u0027rtl\u0027 style=\u0027font-family:Arial;\u0027\u003e\u003cb\u003eשם:\u003c/b\u003e מיטל שומרון\u003cbr/\u003e\u003cb\u003eאתר:\u003c/b\u003e נמל תל אביב\u003cbr/\u003e\u003cb\u003eתאריך:\u003c/b\u003e 26-12-2025\u003cbr/\u003e\u003cb\u003eID:\u003c/b\u003e 3176\u003cbr/\u003e\u003cb\u003eFB:\u003c/b\u003e \u003ca href=\u0027https://www.facebook.com/groups/beshvil.yael/posts/3845477459078710\u0027\u003ehttps://www.facebook.com/groups/beshvil.yael/posts/3845477459078710\u003c/a\u003e\u003cbr/\u003e\u003cbr/\u003e\u003cimg src=\u0027https://drive.google.com/uc?export=view\u0026amp;id=1aGOIXUUTIh4AfM4yxrBS6ivr7XNnjHdr\u0027 width=\u0027450\u0027/\u003e\u003cbr/\u003e\u003c/div\u003e",
                                            "tessellate":  -1,
                                            "extrude":  0,
                                            "visibility":  -1
                                        },
                         "geometry":  {
                                          "type":  "Point",
                                          "coordinates":  [
                                                              34.77276,
                                                              32.09734,
                                                              0.0
                                                          ]
                                      }
                     },
                     {
                         "type":  "Feature",
                         "properties":  {
                                            "Name":  "#3175",
                                            "description":  "\u003cdiv dir=\u0027rtl\u0027 style=\u0027font-family:Arial;\u0027\u003e\u003cb\u003eשם:\u003c/b\u003e מיטל שומרון\u003cbr/\u003e\u003cb\u003eאתר:\u003c/b\u003e כרם מהר\u0026quot;ל\u003cbr/\u003e\u003cb\u003eתאריך:\u003c/b\u003e 31-01-2026\u003cbr/\u003e\u003cb\u003eID:\u003c/b\u003e 3547\u003cbr/\u003e\u003cb\u003eFB:\u003c/b\u003e \u003ca href=\u0027https://www.facebook.com/groups/beshvil.yael/posts/3877155682577554/\u0027\u003ehttps://www.facebook.com/groups/beshvil.yael/posts/3877155682577554/\u003c/a\u003e\u003cbr/\u003e\u003cbr/\u003e\u003cimg src=\u0027https://drive.google.com/uc?export=view\u0026amp;id=1Rmab5H3ONtaYAq2RjmSazxBrH_jGZdzW\u0027 width=\u0027450\u0027/\u003e\u003cbr/\u003e\u003c/div\u003e",
                                            "tessellate":  -1,
                                            "extrude":  0,
                                            "visibility":  -1
                                        },
                         "geometry":  {
                                          "type":  "Point",
                                          "coordinates":  [
                                                              34.99441,
                                                              32.64334,
                                                              0.0
                                                          ]
                                      }
                     },
                     {
                         "type":  "Feature",
                         "properties":  {
                                            "Name":  "#3175",
                                            "description":  "\u003cdiv dir=\u0027rtl\u0027 style=\u0027font-family:Arial;\u0027\u003e\u003cb\u003eשם:\u003c/b\u003e מיטל שומרון\u003cbr/\u003e\u003cb\u003eאתר:\u003c/b\u003e אילת\u003cbr/\u003e\u003cb\u003eתאריך:\u003c/b\u003e 26-02-2026\u003cbr/\u003e\u003cb\u003eID:\u003c/b\u003e 3867\u003cbr/\u003e\u003cb\u003eFB:\u003c/b\u003e \u003ca href=\u0027https://www.facebook.com/groups/beshvil.yael/posts/3901698166789972/\u0027\u003ehttps://www.facebook.com/groups/beshvil.yael/posts/3901698166789972/\u003c/a\u003e\u003cbr/\u003e\u003cbr/\u003e\u003cimg src=\u0027https://drive.google.com/uc?export=view\u0026amp;id=1gHO_Io0kIjTx5EGLXDxBwfO2pI8kmoTQ\u0027 width=\u0027450\u0027/\u003e\u003cbr/\u003e\u003c/div\u003e",
                                            "tessellate":  -1,
                                            "extrude":  0,
                                            "visibility":  -1
                                        },
                         "geometry":  {
                                          "type":  "Point",
                                          "coordinates":  [
                                                              34.96771,
                                                              29.54841,
                                                              0.0
                                                          ]
                                      }
                     },
                     {
                         "type":  "Feature",
                         "properties":  {
                                            "Name":  "#3175",
                                            "description":  "\u003cdiv dir=\u0027rtl\u0027 style=\u0027font-family:Arial;\u0027\u003e\u003cb\u003eשם:\u003c/b\u003e מיטל שומרון\u003cbr/\u003e\u003cb\u003eאתר:\u003c/b\u003e צעדת התצפיתניות\u003cbr/\u003e\u003cb\u003eתאריך:\u003c/b\u003e 27-02-2026\u003cbr/\u003e\u003cb\u003eID:\u003c/b\u003e 3880\u003cbr/\u003e\u003cb\u003eFB:\u003c/b\u003e \u003ca href=\u0027https://www.facebook.com/groups/beshvil.yael/posts/3902647446695044/\u0027\u003ehttps://www.facebook.com/groups/beshvil.yael/posts/3902647446695044/\u003c/a\u003e\u003cbr/\u003e\u003cbr/\u003e\u003cimg src=\u0027https://drive.google.com/uc?export=view\u0026amp;id=1y0YNv-O79AHaz-Onr9ObHZQt3V9_grUd\u0027 width=\u0027450\u0027/\u003e\u003cbr/\u003e\u003c/div\u003e",
                                            "tessellate":  -1,
                                            "extrude":  0,
                                            "visibility":  -1
                                        },
                         "geometry":  {
                                          "type":  "Point",
                                          "coordinates":  [
                                                              34.52088,
                                                              31.46661,
                                                              0.0
                                                          ]
                                      }
                     },
                     {
                         "type":  "Feature",
                         "properties":  {
                                            "Name":  "#3175",
                                            "description":  "\u003cdiv dir=\u0027rtl\u0027 style=\u0027font-family:Arial;\u0027\u003e\u003cb\u003eשם:\u003c/b\u003e מיטל שומרון\u003cbr/\u003e\u003cb\u003eאתר:\u003c/b\u003e מרכז פרס לשלום\u003cbr/\u003e\u003cb\u003eתאריך:\u003c/b\u003e 16-05-2026\u003cbr/\u003e\u003cb\u003eID:\u003c/b\u003e 4461\u003cbr/\u003e\u003cb\u003eFB:\u003c/b\u003e \u003ca href=\u0027https://www.facebook.com/groups/beshvil.yael/posts/3973280652965056/\u0027\u003ehttps://www.facebook.com/groups/beshvil.yael/posts/3973280652965056/\u003c/a\u003e\u003cbr/\u003e\u003cbr/\u003e\u003cimg src=\u0027https://drive.google.com/uc?export=view\u0026amp;id=1VayzDd7unX-i0pNbQJS_kzseaIyKcPaw\u0027 width=\u0027450\u0027/\u003e\u003cbr/\u003e\u003c/div\u003e",
                                            "tessellate":  -1,
                                            "extrude":  0,
                                            "visibility":  -1
                                        },
                         "geometry":  {
                                          "type":  "Point",
                                          "coordinates":  [
                                                              34.74592,
                                                              32.03738,
                                                              0.0
                                                          ]
                                      }
                     },
                     {
                         "type":  "Feature",
                         "properties":  {
                                            "Name":  "#3229",
                                            "description":  "\u003cdiv dir=\u0027rtl\u0027 style=\u0027font-family:Arial;\u0027\u003e\u003cb\u003eשם:\u003c/b\u003e דובי קלרון\u003cbr/\u003e\u003cb\u003eאתר:\u003c/b\u003e מפל הבניאס\u003cbr/\u003e\u003cb\u003eתאריך:\u003c/b\u003e 31-12-2025\u003cbr/\u003e\u003cb\u003eID:\u003c/b\u003e 3215\u003cbr/\u003e\u003cb\u003eFB:\u003c/b\u003e \u003ca href=\u0027https://www.facebook.com/groups/beshvil.yael/posts/3849427992016990/\u0027\u003ehttps://www.facebook.com/groups/beshvil.yael/posts/3849427992016990/\u003c/a\u003e\u003cbr/\u003e\u003cbr/\u003e\u003cimg src=\u0027https://drive.google.com/uc?export=view\u0026amp;id=16DjrC_EewWw1UDRZJWUQNen7_9DxpQK2\u0027 width=\u0027450\u0027/\u003e\u003cbr/\u003e\u003c/div\u003e",
                                            "tessellate":  -1,
                                            "extrude":  0,
                                            "visibility":  -1
                                        },
                         "geometry":  {
                                          "type":  "Point",
                                          "coordinates":  [
                                                              35.68226,
                                                              33.24256,
                                                              0.0
                                                          ]
                                      }
                     },
                     {
                         "type":  "Feature",
                         "properties":  {
                                            "Name":  "#3250",
                                            "description":  "\u003cdiv dir=\u0027rtl\u0027 style=\u0027font-family:Arial;\u0027\u003e\u003cb\u003eשם:\u003c/b\u003e עופר עבדת\u003cbr/\u003e\u003cb\u003eאתר:\u003c/b\u003e נחל זהר\u003cbr/\u003e\u003cb\u003eתאריך:\u003c/b\u003e 21-12-2025\u003cbr/\u003e\u003cb\u003eID:\u003c/b\u003e 3136\u003cbr/\u003e\u003cb\u003eFB:\u003c/b\u003e \u003ca href=\u0027https://www.facebook.com/groups/beshvil.yael/posts/3841417832818006/\u0027\u003ehttps://www.facebook.com/groups/beshvil.yael/posts/3841417832818006/\u003c/a\u003e\u003cbr/\u003e\u003cbr/\u003e\u003cimg src=\u0027https://drive.google.com/uc?export=view\u0026amp;id=1f7VvBWGrgT0gIHhcvkuj3PNlAw0K6uDB\u0027 width=\u0027450\u0027/\u003e\u003cbr/\u003e\u003c/div\u003e",
                                            "tessellate":  -1,
                                            "extrude":  0,
                                            "visibility":  -1
                                        },
                         "geometry":  {
                                          "type":  "Point",
                                          "coordinates":  [
                                                              35.35194,
                                                              31.15092,
                                                              0.0
                                                          ]
                                      }
                     },
                     {
                         "type":  "Feature",
                         "properties":  {
                                            "Name":  "#3250",
                                            "description":  "\u003cdiv dir=\u0027rtl\u0027 style=\u0027font-family:Arial;\u0027\u003e\u003cb\u003eשם:\u003c/b\u003e עופר עבדת\u003cbr/\u003e\u003cb\u003eאתר:\u003c/b\u003e פארק תמנע\u003cbr/\u003e\u003cb\u003eתאריך:\u003c/b\u003e 22-02-2026\u003cbr/\u003e\u003cb\u003eID:\u003c/b\u003e 3822\u003cbr/\u003e\u003cb\u003eFB:\u003c/b\u003e \u003ca href=\u0027https://www.facebook.com/groups/beshvil.yael/posts/3897563217203467/\u0027\u003ehttps://www.facebook.com/groups/beshvil.yael/posts/3897563217203467/\u003c/a\u003e\u003cbr/\u003e\u003cbr/\u003e\u003cimg src=\u0027https://drive.google.com/uc?export=view\u0026amp;id=1FCDbCc_er7EhNL1wiETVtIs76W7QJsK-\u0027 width=\u0027450\u0027/\u003e\u003cbr/\u003e\u003c/div\u003e",
                                            "tessellate":  -1,
                                            "extrude":  0,
                                            "visibility":  -1
                                        },
                         "geometry":  {
                                          "type":  "Point",
                                          "coordinates":  [
                                                              34.97665,
                                                              29.77351,
                                                              0.0
                                                          ]
                                      }
                     },
                     {
                         "type":  "Feature",
                         "properties":  {
                                            "Name":  "#3338",
                                            "description":  "\u003cdiv dir=\u0027rtl\u0027 style=\u0027font-family:Arial;\u0027\u003e\u003cb\u003eשם:\u003c/b\u003e \u003cbr/\u003e\u003cb\u003eאתר:\u003c/b\u003e בית שערים\u003cbr/\u003e\u003cb\u003eתאריך:\u003c/b\u003e 12-07-2025\u003cbr/\u003e\u003cb\u003eID:\u003c/b\u003e 1168\u003cbr/\u003e\u003cb\u003eFB:\u003c/b\u003e \u003ca href=\u0027https://www.facebook.com/groups/beshvil.yael/posts/3692027614423696\u0027\u003ehttps://www.facebook.com/groups/beshvil.yael/posts/3692027614423696\u003c/a\u003e\u003cbr/\u003e\u003cbr/\u003e\u003cimg src=\u0027https://drive.google.com/uc?export=view\u0026amp;id=1BvUHan81ni-HscYcdhI93p2RVp-dPDkv\u0027 width=\u0027450\u0027/\u003e\u003cbr/\u003e\u003c/div\u003e",
                                            "tessellate":  -1,
                                            "extrude":  0,
                                            "visibility":  -1
                                        },
                         "geometry":  {
                                          "type":  "Point",
                                          "coordinates":  [
                                                              35.1762143,
                                                              32.6965405,
                                                              0.0
                                                          ]
                                      }
                     },
                     {
                         "type":  "Feature",
                         "properties":  {
                                            "Name":  "#3339",
                                            "description":  "\u003cdiv dir=\u0027rtl\u0027 style=\u0027font-family:Arial;\u0027\u003e\u003cb\u003eשם:\u003c/b\u003e \u003cbr/\u003e\u003cb\u003eאתר:\u003c/b\u003e בית שערים\u003cbr/\u003e\u003cb\u003eתאריך:\u003c/b\u003e 12-07-2025\u003cbr/\u003e\u003cb\u003eID:\u003c/b\u003e 1168\u003cbr/\u003e\u003cb\u003eFB:\u003c/b\u003e \u003ca href=\u0027https://www.facebook.com/groups/beshvil.yael/posts/3692027614423696\u0027\u003ehttps://www.facebook.com/groups/beshvil.yael/posts/3692027614423696\u003c/a\u003e\u003cbr/\u003e\u003cbr/\u003e\u003cimg src=\u0027https://drive.google.com/uc?export=view\u0026amp;id=1BvUHan81ni-HscYcdhI93p2RVp-dPDkv\u0027 width=\u0027450\u0027/\u003e\u003cbr/\u003e\u003c/div\u003e",
                                            "tessellate":  -1,
                                            "extrude":  0,
                                            "visibility":  -1
                                        },
                         "geometry":  {
                                          "type":  "Point",
                                          "coordinates":  [
                                                              35.1762143,
                                                              32.6968105,
                                                              0.0
                                                          ]
                                      }
                     },
                     {
                         "type":  "Feature",
                         "properties":  {
                                            "Name":  "#3352",
                                            "description":  "\u003cdiv dir=\u0027rtl\u0027 style=\u0027font-family:Arial;\u0027\u003e\u003cb\u003eשם:\u003c/b\u003e עדי אבירם קשת\u003cbr/\u003e\u003cb\u003eאתר:\u003c/b\u003e העיר העתיקה\u003cbr/\u003e\u003cb\u003eתאריך:\u003c/b\u003e \u003cbr/\u003e\u003cb\u003eID:\u003c/b\u003e 4411\u003cbr/\u003e\u003cb\u003eFB:\u003c/b\u003e \u003ca href=\u0027https://www.facebook.com/groups/beshvil.yael/posts/3969498926676562\u0027\u003ehttps://www.facebook.com/groups/beshvil.yael/posts/3969498926676562\u003c/a\u003e\u003cbr/\u003e\u003cbr/\u003e\u003cimg src=\u0027https://drive.google.com/uc?export=view\u0026amp;id=1EMA47fbad4sCw2SZM807ww7uCTqKguE6\u0027 width=\u0027450\u0027/\u003e\u003cbr/\u003e\u003c/div\u003e",
                                            "tessellate":  -1,
                                            "extrude":  0,
                                            "visibility":  -1
                                        },
                         "geometry":  {
                                          "type":  "Point",
                                          "coordinates":  [
                                                              35.07154,
                                                              32.92194,
                                                              0.0
                                                          ]
                                      }
                     },
                     {
                         "type":  "Feature",
                         "properties":  {
                                            "Name":  "#3352",
                                            "description":  "\u003cdiv dir=\u0027rtl\u0027 style=\u0027font-family:Arial;\u0027\u003e\u003cb\u003eשם:\u003c/b\u003e עדי אבירם קשת\u003cbr/\u003e\u003cb\u003eאתר:\u003c/b\u003e מוזיאון לתרבות יפן\u003cbr/\u003e\u003cb\u003eתאריך:\u003c/b\u003e 02-12-2025\u003cbr/\u003e\u003cb\u003eID:\u003c/b\u003e 2945\u003cbr/\u003e\u003cb\u003eFB:\u003c/b\u003e \u003ca href=\u0027https://www.facebook.com/groups/beshvil.yael/posts/3825290334430756\u0027\u003ehttps://www.facebook.com/groups/beshvil.yael/posts/3825290334430756\u003c/a\u003e\u003cbr/\u003e\u003cbr/\u003e\u003cimg src=\u0027https://drive.google.com/uc?export=view\u0026amp;id=1KDEtdaSyLoz9rBi580rVaHaOCUfiAWn_\u0027 width=\u0027450\u0027/\u003e\u003cbr/\u003e\u003c/div\u003e",
                                            "tessellate":  -1,
                                            "extrude":  0,
                                            "visibility":  -1
                                        },
                         "geometry":  {
                                          "type":  "Point",
                                          "coordinates":  [
                                                              34.98511,
                                                              32.80949,
                                                              0.0
                                                          ]
                                      }
                     },
                     {
                         "type":  "Feature",
                         "properties":  {
                                            "Name":  "#3352",
                                            "description":  "\u003cdiv dir=\u0027rtl\u0027 style=\u0027font-family:Arial;\u0027\u003e\u003cb\u003eשם:\u003c/b\u003e עדי אבירם קשת\u003cbr/\u003e\u003cb\u003eאתר:\u003c/b\u003e מערת סומק\u003cbr/\u003e\u003cb\u003eתאריך:\u003c/b\u003e 03-01-2026\u003cbr/\u003e\u003cb\u003eID:\u003c/b\u003e 3254\u003cbr/\u003e\u003cb\u003eFB:\u003c/b\u003e \u003ca href=\u0027https://www.facebook.com/groups/beshvil.yael/posts/3852136231746166\u0027\u003ehttps://www.facebook.com/groups/beshvil.yael/posts/3852136231746166\u003c/a\u003e\u003cbr/\u003e\u003cbr/\u003e\u003cimg src=\u0027https://drive.google.com/uc?export=view\u0026amp;id=1cZ6pIC4-a2m4YKuc4E6oSpzAy5U7OL8h\u0027 width=\u0027450\u0027/\u003e\u003cbr/\u003e\u003c/div\u003e",
                                            "tessellate":  -1,
                                            "extrude":  0,
                                            "visibility":  -1
                                        },
                         "geometry":  {
                                          "type":  "Point",
                                          "coordinates":  [
                                                              35.03995,
                                                              32.67175,
                                                              0.0
                                                          ]
                                      }
                     },
                     {
                         "type":  "Feature",
                         "properties":  {
                                            "Name":  "#3352",
                                            "description":  "\u003cdiv dir=\u0027rtl\u0027 style=\u0027font-family:Arial;\u0027\u003e\u003cb\u003eשם:\u003c/b\u003e עדי אבירם קשת\u003cbr/\u003e\u003cb\u003eאתר:\u003c/b\u003e יפו\u003cbr/\u003e\u003cb\u003eתאריך:\u003c/b\u003e 12-01-2026\u003cbr/\u003e\u003cb\u003eID:\u003c/b\u003e 3337\u003cbr/\u003e\u003cb\u003eFB:\u003c/b\u003e \u003ca href=\u0027https://www.facebook.com/groups/beshvil.yael/posts/3859716500988139\u0027\u003ehttps://www.facebook.com/groups/beshvil.yael/posts/3859716500988139\u003c/a\u003e\u003cbr/\u003e\u003cbr/\u003e\u003cimg src=\u0027https://drive.google.com/uc?export=view\u0026amp;id=148LJoHv8_-MK6TU2KL7Hm04KuYDAMust\u0027 width=\u0027450\u0027/\u003e\u003cbr/\u003e\u003c/div\u003e",
                                            "tessellate":  -1,
                                            "extrude":  0,
                                            "visibility":  -1
                                        },
                         "geometry":  {
                                          "type":  "Point",
                                          "coordinates":  [
                                                              34.74853,
                                                              32.048,
                                                              0.0
                                                          ]
                                      }
                     },
                     {
                         "type":  "Feature",
                         "properties":  {
                                            "Name":  "#3352",
                                            "description":  "\u003cdiv dir=\u0027rtl\u0027 style=\u0027font-family:Arial;\u0027\u003e\u003cb\u003eשם:\u003c/b\u003e עדי אבירם קשת\u003cbr/\u003e\u003cb\u003eאתר:\u003c/b\u003e מפעל ים המלח ההיסטורי\u003cbr/\u003e\u003cb\u003eתאריך:\u003c/b\u003e 20-01-2026\u003cbr/\u003e\u003cb\u003eID:\u003c/b\u003e 3411\u003cbr/\u003e\u003cb\u003eFB:\u003c/b\u003e \u003ca href=\u0027https://www.facebook.com/groups/beshvil.yael/posts/3866275986998857\u0027\u003ehttps://www.facebook.com/groups/beshvil.yael/posts/3866275986998857\u003c/a\u003e\u003cbr/\u003e\u003cbr/\u003e\u003cimg src=\u0027https://drive.google.com/uc?export=view\u0026amp;id=1w-QYfaWp06jQ-E6hon3MRateZLNfe4sK\u0027 width=\u0027450\u0027/\u003e\u003cbr/\u003e\u003c/div\u003e",
                                            "tessellate":  -1,
                                            "extrude":  0,
                                            "visibility":  -1
                                        },
                         "geometry":  {
                                          "type":  "Point",
                                          "coordinates":  [
                                                              35.39719,
                                                              31.06998,
                                                              0.0
                                                          ]
                                      }
                     },
                     {
                         "type":  "Feature",
                         "properties":  {
                                            "Name":  "#3352",
                                            "description":  "\u003cdiv dir=\u0027rtl\u0027 style=\u0027font-family:Arial;\u0027\u003e\u003cb\u003eשם:\u003c/b\u003e עדי אבירם קשת\u003cbr/\u003e\u003cb\u003eאתר:\u003c/b\u003e מגדל דוד\u003cbr/\u003e\u003cb\u003eתאריך:\u003c/b\u003e 20-01-2026\u003cbr/\u003e\u003cb\u003eID:\u003c/b\u003e 3412\u003cbr/\u003e\u003cb\u003eFB:\u003c/b\u003e \u003ca href=\u0027https://www.facebook.com/groups/beshvil.yael/posts/3866326776993778/\u0027\u003ehttps://www.facebook.com/groups/beshvil.yael/posts/3866326776993778/\u003c/a\u003e\u003cbr/\u003e\u003cbr/\u003e\u003cimg src=\u0027https://drive.google.com/uc?export=view\u0026amp;id=1xTzmmfbOosbYJozj5DZJE0nO9E4KBMfD\u0027 width=\u0027450\u0027/\u003e\u003cbr/\u003e\u003c/div\u003e",
                                            "tessellate":  -1,
                                            "extrude":  0,
                                            "visibility":  -1
                                        },
                         "geometry":  {
                                          "type":  "Point",
                                          "coordinates":  [
                                                              35.22798,
                                                              31.77651,
                                                              0.0
                                                          ]
                                      }
                     },
                     {
                         "type":  "Feature",
                         "properties":  {
                                            "Name":  "#3352",
                                            "description":  "\u003cdiv dir=\u0027rtl\u0027 style=\u0027font-family:Arial;\u0027\u003e\u003cb\u003eשם:\u003c/b\u003e עדי אבירם קשת\u003cbr/\u003e\u003cb\u003eאתר:\u003c/b\u003e כוכב הרוחות\u003cbr/\u003e\u003cb\u003eתאריך:\u003c/b\u003e 24-01-2026\u003cbr/\u003e\u003cb\u003eID:\u003c/b\u003e 3462\u003cbr/\u003e\u003cb\u003eFB:\u003c/b\u003e \u003ca href=\u0027https://www.facebook.com/groups/beshvil.yael/posts/3870417249918064/\u0027\u003ehttps://www.facebook.com/groups/beshvil.yael/posts/3870417249918064/\u003c/a\u003e\u003cbr/\u003e\u003cbr/\u003e\u003cimg src=\u0027https://drive.google.com/uc?export=view\u0026amp;id=1frlH-Yd8dDgzAXsll3zbB9ArqHqY5oDW\u0027 width=\u0027450\u0027/\u003e\u003cbr/\u003e\u003c/div\u003e",
                                            "tessellate":  -1,
                                            "extrude":  0,
                                            "visibility":  -1
                                        },
                         "geometry":  {
                                          "type":  "Point",
                                          "coordinates":  [
                                                              35.5207,
                                                              32.59846,
                                                              0.0
                                                          ]
                                      }
                     },
                     {
                         "type":  "Feature",
                         "properties":  {
                                            "Name":  "#3352",
                                            "description":  "\u003cdiv dir=\u0027rtl\u0027 style=\u0027font-family:Arial;\u0027\u003e\u003cb\u003eשם:\u003c/b\u003e עדי אבירם קשת\u003cbr/\u003e\u003cb\u003eאתר:\u003c/b\u003e רמת צבאים\u003cbr/\u003e\u003cb\u003eתאריך:\u003c/b\u003e 31-01-2026\u003cbr/\u003e\u003cb\u003eID:\u003c/b\u003e 3535\u003cbr/\u003e\u003cb\u003eFB:\u003c/b\u003e \u003ca href=\u0027https://www.facebook.com/groups/beshvil.yael/posts/3877007185925737\u0027\u003ehttps://www.facebook.com/groups/beshvil.yael/posts/3877007185925737\u003c/a\u003e\u003cbr/\u003e\u003cbr/\u003e\u003cimg src=\u0027https://drive.google.com/uc?export=view\u0026amp;id=1ooLnK4BnUqH0wilMHTiGFGfwi2MmTF0B\u0027 width=\u0027450\u0027/\u003e\u003cbr/\u003e\u003c/div\u003e",
                                            "tessellate":  -1,
                                            "extrude":  0,
                                            "visibility":  -1
                                        },
                         "geometry":  {
                                          "type":  "Point",
                                          "coordinates":  [
                                                              35.48166,
                                                              32.55805,
                                                              0.0
                                                          ]
                                      }
                     },
                     {
                         "type":  "Feature",
                         "properties":  {
                                            "Name":  "#3352",
                                            "description":  "\u003cdiv dir=\u0027rtl\u0027 style=\u0027font-family:Arial;\u0027\u003e\u003cb\u003eשם:\u003c/b\u003e עדי אבירם קשת\u003cbr/\u003e\u003cb\u003eאתר:\u003c/b\u003e באר מרווה\u003cbr/\u003e\u003cb\u003eתאריך:\u003c/b\u003e 10-02-2026\u003cbr/\u003e\u003cb\u003eID:\u003c/b\u003e 3664\u003cbr/\u003e\u003cb\u003eFB:\u003c/b\u003e \u003ca href=\u0027https://www.facebook.com/groups/beshvil.yael/posts/3886678074958648/\u0027\u003ehttps://www.facebook.com/groups/beshvil.yael/posts/3886678074958648/\u003c/a\u003e\u003cbr/\u003e\u003cbr/\u003e\u003cimg src=\u0027https://drive.google.com/uc?export=view\u0026amp;id=1M5U5IJ12ilUyY_E1id8omDFxbaDx9LFr\u0027 width=\u0027450\u0027/\u003e\u003cbr/\u003e\u003c/div\u003e",
                                            "tessellate":  -1,
                                            "extrude":  0,
                                            "visibility":  -1
                                        },
                         "geometry":  {
                                          "type":  "Point",
                                          "coordinates":  [
                                                              34.52207,
                                                              31.44522,
                                                              0.0
                                                          ]
                                      }
                     },
                     {
                         "type":  "Feature",
                         "properties":  {
                                            "Name":  "#3352",
                                            "description":  "\u003cdiv dir=\u0027rtl\u0027 style=\u0027font-family:Arial;\u0027\u003e\u003cb\u003eשם:\u003c/b\u003e עדי אבירם קשת\u003cbr/\u003e\u003cb\u003eאתר:\u003c/b\u003e גבעת המורה\u003cbr/\u003e\u003cb\u003eתאריך:\u003c/b\u003e 21-02-2026\u003cbr/\u003e\u003cb\u003eID:\u003c/b\u003e 3810\u003cbr/\u003e\u003cb\u003eFB:\u003c/b\u003e \u003ca href=\u0027https://www.facebook.com/groups/beshvil.yael/posts/3897064490586673/\u0027\u003ehttps://www.facebook.com/groups/beshvil.yael/posts/3897064490586673/\u003c/a\u003e\u003cbr/\u003e\u003cbr/\u003e\u003cimg src=\u0027https://drive.google.com/uc?export=view\u0026amp;id=1cw2YyOXes3yGHeG37TGxLJP1Sz0ANCEQ\u0027 width=\u0027450\u0027/\u003e\u003cbr/\u003e\u003c/div\u003e",
                                            "tessellate":  -1,
                                            "extrude":  0,
                                            "visibility":  -1
                                        },
                         "geometry":  {
                                          "type":  "Point",
                                          "coordinates":  [
                                                              35.36532,
                                                              32.61839,
                                                              0.0
                                                          ]
                                      }
                     },
                     {
                         "type":  "Feature",
                         "properties":  {
                                            "Name":  "#3352",
                                            "description":  "\u003cdiv dir=\u0027rtl\u0027 style=\u0027font-family:Arial;\u0027\u003e\u003cb\u003eשם:\u003c/b\u003e עדי אבירם קשת\u003cbr/\u003e\u003cb\u003eאתר:\u003c/b\u003e תל מגידו\u003cbr/\u003e\u003cb\u003eתאריך:\u003c/b\u003e 04-05-2026\u003cbr/\u003e\u003cb\u003eID:\u003c/b\u003e 4344\u003cbr/\u003e\u003cb\u003eFB:\u003c/b\u003e \u003ca href=\u0027https://www.facebook.com/groups/beshvil.yael/posts/3962132897413165\u0027\u003ehttps://www.facebook.com/groups/beshvil.yael/posts/3962132897413165\u003c/a\u003e\u003cbr/\u003e\u003cbr/\u003e\u003cimg src=\u0027https://drive.google.com/uc?export=view\u0026amp;id=1hBRL340JGT_oprInzPFHqBjsDKzNRfUd\u0027 width=\u0027450\u0027/\u003e\u003cbr/\u003e\u003c/div\u003e",
                                            "tessellate":  -1,
                                            "extrude":  0,
                                            "visibility":  -1
                                        },
                         "geometry":  {
                                          "type":  "Point",
                                          "coordinates":  [
                                                              35.18493,
                                                              32.58634,
                                                              0.0
                                                          ]
                                      }
                     },
                     {
                         "type":  "Feature",
                         "properties":  {
                                            "Name":  "#3352",
                                            "description":  "\u003cdiv dir=\u0027rtl\u0027 style=\u0027font-family:Arial;\u0027\u003e\u003cb\u003eשם:\u003c/b\u003e עדי אבירם קשת\u003cbr/\u003e\u003cb\u003eאתר:\u003c/b\u003e הגנים הבהאים\u003cbr/\u003e\u003cb\u003eתאריך:\u003c/b\u003e 06-05-2026\u003cbr/\u003e\u003cb\u003eID:\u003c/b\u003e 4359\u003cbr/\u003e\u003cb\u003eFB:\u003c/b\u003e \u003ca href=\u0027https://www.facebook.com/groups/beshvil.yael/posts/3963650130594775\u0027\u003ehttps://www.facebook.com/groups/beshvil.yael/posts/3963650130594775\u003c/a\u003e\u003cbr/\u003e\u003cbr/\u003e\u003cimg src=\u0027https://drive.google.com/uc?export=view\u0026amp;id=1V8bDq2nwW5yFsyXAho5lfgxFEA7OqF1D\u0027 width=\u0027450\u0027/\u003e\u003cbr/\u003e\u003c/div\u003e",
                                            "tessellate":  -1,
                                            "extrude":  0,
                                            "visibility":  -1
                                        },
                         "geometry":  {
                                          "type":  "Point",
                                          "coordinates":  [
                                                              34.98527,
                                                              32.81146,
                                                              0.0
                                                          ]
                                      }
                     },
                     {
                         "type":  "Feature",
                         "properties":  {
                                            "Name":  "#3352",
                                            "description":  "\u003cdiv dir=\u0027rtl\u0027 style=\u0027font-family:Arial;\u0027\u003e\u003cb\u003eשם:\u003c/b\u003e עדי אבירם קשת\u003cbr/\u003e\u003cb\u003eאתר:\u003c/b\u003e גן השלושה\u003cbr/\u003e\u003cb\u003eתאריך:\u003c/b\u003e 08-05-2026\u003cbr/\u003e\u003cb\u003eID:\u003c/b\u003e 4376\u003cbr/\u003e\u003cb\u003eFB:\u003c/b\u003e \u003ca href=\u0027https://www.facebook.com/groups/beshvil.yael/posts/3965637677062687\u0027\u003ehttps://www.facebook.com/groups/beshvil.yael/posts/3965637677062687\u003c/a\u003e\u003cbr/\u003e\u003cbr/\u003e\u003cimg src=\u0027https://drive.google.com/uc?export=view\u0026amp;id=1nGPB6UJmEc1UjPhl3-lj3YCy1WKbQGiX\u0027 width=\u0027450\u0027/\u003e\u003cbr/\u003e\u003c/div\u003e",
                                            "tessellate":  -1,
                                            "extrude":  0,
                                            "visibility":  -1
                                        },
                         "geometry":  {
                                          "type":  "Point",
                                          "coordinates":  [
                                                              35.44401,
                                                              32.50583,
                                                              0.0
                                                          ]
                                      }
                     },
                     {
                         "type":  "Feature",
                         "properties":  {
                                            "Name":  "#3354",
                                            "description":  "\u003cdiv dir=\u0027rtl\u0027 style=\u0027font-family:Arial;\u0027\u003e\u003cb\u003eשם:\u003c/b\u003e אוהד אבירם\u003cbr/\u003e\u003cb\u003eאתר:\u003c/b\u003e העיר העתיקה\u003cbr/\u003e\u003cb\u003eתאריך:\u003c/b\u003e \u003cbr/\u003e\u003cb\u003eID:\u003c/b\u003e 4411\u003cbr/\u003e\u003cb\u003eFB:\u003c/b\u003e \u003ca href=\u0027https://www.facebook.com/groups/beshvil.yael/posts/3969498926676562\u0027\u003ehttps://www.facebook.com/groups/beshvil.yael/posts/3969498926676562\u003c/a\u003e\u003cbr/\u003e\u003cbr/\u003e\u003cimg src=\u0027https://drive.google.com/uc?export=view\u0026amp;id=1EMA47fbad4sCw2SZM807ww7uCTqKguE6\u0027 width=\u0027450\u0027/\u003e\u003cbr/\u003e\u003c/div\u003e",
                                            "tessellate":  -1,
                                            "extrude":  0,
                                            "visibility":  -1
                                        },
                         "geometry":  {
                                          "type":  "Point",
                                          "coordinates":  [
                                                              35.07154,
                                                              32.92221,
                                                              0.0
                                                          ]
                                      }
                     },
                     {
                         "type":  "Feature",
                         "properties":  {
                                            "Name":  "#3354",
                                            "description":  "\u003cdiv dir=\u0027rtl\u0027 style=\u0027font-family:Arial;\u0027\u003e\u003cb\u003eשם:\u003c/b\u003e אוהד אבירם\u003cbr/\u003e\u003cb\u003eאתר:\u003c/b\u003e מגדל דוד\u003cbr/\u003e\u003cb\u003eתאריך:\u003c/b\u003e 20-01-2026\u003cbr/\u003e\u003cb\u003eID:\u003c/b\u003e 3412\u003cbr/\u003e\u003cb\u003eFB:\u003c/b\u003e \u003ca href=\u0027https://www.facebook.com/groups/beshvil.yael/posts/3866326776993778/\u0027\u003ehttps://www.facebook.com/groups/beshvil.yael/posts/3866326776993778/\u003c/a\u003e\u003cbr/\u003e\u003cbr/\u003e\u003cimg src=\u0027https://drive.google.com/uc?export=view\u0026amp;id=1xTzmmfbOosbYJozj5DZJE0nO9E4KBMfD\u0027 width=\u0027450\u0027/\u003e\u003cbr/\u003e\u003c/div\u003e",
                                            "tessellate":  -1,
                                            "extrude":  0,
                                            "visibility":  -1
                                        },
                         "geometry":  {
                                          "type":  "Point",
                                          "coordinates":  [
                                                              35.22798,
                                                              31.77678,
                                                              0.0
                                                          ]
                                      }
                     },
                     {
                         "type":  "Feature",
                         "properties":  {
                                            "Name":  "#3354",
                                            "description":  "\u003cdiv dir=\u0027rtl\u0027 style=\u0027font-family:Arial;\u0027\u003e\u003cb\u003eשם:\u003c/b\u003e אוהד אבירם\u003cbr/\u003e\u003cb\u003eאתר:\u003c/b\u003e כוכב הרוחות\u003cbr/\u003e\u003cb\u003eתאריך:\u003c/b\u003e 24-01-2026\u003cbr/\u003e\u003cb\u003eID:\u003c/b\u003e 3462\u003cbr/\u003e\u003cb\u003eFB:\u003c/b\u003e \u003ca href=\u0027https://www.facebook.com/groups/beshvil.yael/posts/3870417249918064/\u0027\u003ehttps://www.facebook.com/groups/beshvil.yael/posts/3870417249918064/\u003c/a\u003e\u003cbr/\u003e\u003cbr/\u003e\u003cimg src=\u0027https://drive.google.com/uc?export=view\u0026amp;id=1frlH-Yd8dDgzAXsll3zbB9ArqHqY5oDW\u0027 width=\u0027450\u0027/\u003e\u003cbr/\u003e\u003c/div\u003e",
                                            "tessellate":  -1,
                                            "extrude":  0,
                                            "visibility":  -1
                                        },
                         "geometry":  {
                                          "type":  "Point",
                                          "coordinates":  [
                                                              35.5207,
                                                              32.59873,
                                                              0.0
                                                          ]
                                      }
                     },
                     {
                         "type":  "Feature",
                         "properties":  {
                                            "Name":  "#3354",
                                            "description":  "\u003cdiv dir=\u0027rtl\u0027 style=\u0027font-family:Arial;\u0027\u003e\u003cb\u003eשם:\u003c/b\u003e אוהד אבירם\u003cbr/\u003e\u003cb\u003eאתר:\u003c/b\u003e באר מרווה\u003cbr/\u003e\u003cb\u003eתאריך:\u003c/b\u003e 10-02-2026\u003cbr/\u003e\u003cb\u003eID:\u003c/b\u003e 3664\u003cbr/\u003e\u003cb\u003eFB:\u003c/b\u003e \u003ca href=\u0027https://www.facebook.com/groups/beshvil.yael/posts/3886678074958648/\u0027\u003ehttps://www.facebook.com/groups/beshvil.yael/posts/3886678074958648/\u003c/a\u003e\u003cbr/\u003e\u003cbr/\u003e\u003cimg src=\u0027https://drive.google.com/uc?export=view\u0026amp;id=1M5U5IJ12ilUyY_E1id8omDFxbaDx9LFr\u0027 width=\u0027450\u0027/\u003e\u003cbr/\u003e\u003c/div\u003e",
                                            "tessellate":  -1,
                                            "extrude":  0,
                                            "visibility":  -1
                                        },
                         "geometry":  {
                                          "type":  "Point",
                                          "coordinates":  [
                                                              34.52207,
                                                              31.44549,
                                                              0.0
                                                          ]
                                      }
                     },
                     {
                         "type":  "Feature",
                         "properties":  {
                                            "Name":  "#3354",
                                            "description":  "\u003cdiv dir=\u0027rtl\u0027 style=\u0027font-family:Arial;\u0027\u003e\u003cb\u003eשם:\u003c/b\u003e אוהד אבירם\u003cbr/\u003e\u003cb\u003eאתר:\u003c/b\u003e גבעת המורה\u003cbr/\u003e\u003cb\u003eתאריך:\u003c/b\u003e 21-02-2026\u003cbr/\u003e\u003cb\u003eID:\u003c/b\u003e 3810\u003cbr/\u003e\u003cb\u003eFB:\u003c/b\u003e \u003ca href=\u0027https://www.facebook.com/groups/beshvil.yael/posts/3897064490586673/\u0027\u003ehttps://www.facebook.com/groups/beshvil.yael/posts/3897064490586673/\u003c/a\u003e\u003cbr/\u003e\u003cbr/\u003e\u003cimg src=\u0027https://drive.google.com/uc?export=view\u0026amp;id=1cw2YyOXes3yGHeG37TGxLJP1Sz0ANCEQ\u0027 width=\u0027450\u0027/\u003e\u003cbr/\u003e\u003c/div\u003e",
                                            "tessellate":  -1,
                                            "extrude":  0,
                                            "visibility":  -1
                                        },
                         "geometry":  {
                                          "type":  "Point",
                                          "coordinates":  [
                                                              35.36532,
                                                              32.61866,
                                                              0.0
                                                          ]
                                      }
                     },
                     {
                         "type":  "Feature",
                         "properties":  {
                                            "Name":  "#3354",
                                            "description":  "\u003cdiv dir=\u0027rtl\u0027 style=\u0027font-family:Arial;\u0027\u003e\u003cb\u003eשם:\u003c/b\u003e אוהד אבירם\u003cbr/\u003e\u003cb\u003eאתר:\u003c/b\u003e תל מגידו\u003cbr/\u003e\u003cb\u003eתאריך:\u003c/b\u003e 04-05-2026\u003cbr/\u003e\u003cb\u003eID:\u003c/b\u003e 4344\u003cbr/\u003e\u003cb\u003eFB:\u003c/b\u003e \u003ca href=\u0027https://www.facebook.com/groups/beshvil.yael/posts/3962132897413165\u0027\u003ehttps://www.facebook.com/groups/beshvil.yael/posts/3962132897413165\u003c/a\u003e\u003cbr/\u003e\u003cbr/\u003e\u003cimg src=\u0027https://drive.google.com/uc?export=view\u0026amp;id=1hBRL340JGT_oprInzPFHqBjsDKzNRfUd\u0027 width=\u0027450\u0027/\u003e\u003cbr/\u003e\u003c/div\u003e",
                                            "tessellate":  -1,
                                            "extrude":  0,
                                            "visibility":  -1
                                        },
                         "geometry":  {
                                          "type":  "Point",
                                          "coordinates":  [
                                                              35.18493,
                                                              32.58661,
                                                              0.0
                                                          ]
                                      }
                     },
                     {
                         "type":  "Feature",
                         "properties":  {
                                            "Name":  "#3361",
                                            "description":  "\u003cdiv dir=\u0027rtl\u0027 style=\u0027font-family:Arial;\u0027\u003e\u003cb\u003eשם:\u003c/b\u003e מיכאלה אדלשטיין\u003cbr/\u003e\u003cb\u003eאתר:\u003c/b\u003e עמק החולה\u003cbr/\u003e\u003cb\u003eתאריך:\u003c/b\u003e 08-07-2025\u003cbr/\u003e\u003cb\u003eID:\u003c/b\u003e 1131\u003cbr/\u003e\u003cb\u003eFB:\u003c/b\u003e \u003ca href=\u0027https://www.facebook.com/groups/beshvil.yael/posts/3688783654748092/\u0027\u003ehttps://www.facebook.com/groups/beshvil.yael/posts/3688783654748092/\u003c/a\u003e\u003cbr/\u003e\u003cbr/\u003e\u003cimg src=\u0027https://drive.google.com/uc?export=view\u0026amp;id=1x0dzMsku_0DY4SUxwrU8YlFrc3K1xdDb\u0027 width=\u0027450\u0027/\u003e\u003cbr/\u003e\u003c/div\u003e",
                                            "tessellate":  -1,
                                            "extrude":  0,
                                            "visibility":  -1
                                        },
                         "geometry":  {
                                          "type":  "Point",
                                          "coordinates":  [
                                                              35.6074464,
                                                              33.0809918,
                                                              0.0
                                                          ]
                                      }
                     },
                     {
                         "type":  "Feature",
                         "properties":  {
                                            "Name":  "#3365",
                                            "description":  "\u003cdiv dir=\u0027rtl\u0027 style=\u0027font-family:Arial;\u0027\u003e\u003cb\u003eשם:\u003c/b\u003e יעל לביא-קימלוב\u003cbr/\u003e\u003cb\u003eאתר:\u003c/b\u003e נחל זויתן\u003cbr/\u003e\u003cb\u003eתאריך:\u003c/b\u003e 02-06-2025\u003cbr/\u003e\u003cb\u003eID:\u003c/b\u003e 886\u003cbr/\u003e\u003cb\u003eFB:\u003c/b\u003e \u003ca href=\u0027https://www.facebook.com/groups/3235176716775457/posts/3657545811205210/\u0027\u003ehttps://www.facebook.com/groups/3235176716775457/posts/3657545811205210/\u003c/a\u003e\u003cbr/\u003e\u003cbr/\u003e\u003cimg src=\u0027https://drive.google.com/uc?export=view\u0026amp;id=1rNJixB0KyKQy7jfDixzcvTCemWyPFPzU\u0027 width=\u0027450\u0027/\u003e\u003cbr/\u003e\u003c/div\u003e",
                                            "tessellate":  -1,
                                            "extrude":  0,
                                            "visibility":  -1
                                        },
                         "geometry":  {
                                          "type":  "Point",
                                          "coordinates":  [
                                                              35.7227903,
                                                              32.9901075,
                                                              0.0
                                                          ]
                                      }
                     },
                     {
                         "type":  "Feature",
                         "properties":  {
                                            "Name":  "#3365",
                                            "description":  "\u003cdiv dir=\u0027rtl\u0027 style=\u0027font-family:Arial;\u0027\u003e\u003cb\u003eשם:\u003c/b\u003e יעל לביא-קימלוב\u003cbr/\u003e\u003cb\u003eאתר:\u003c/b\u003e מצוק ארבל\u003cbr/\u003e\u003cb\u003eתאריך:\u003c/b\u003e 14-10-2025\u003cbr/\u003e\u003cb\u003eID:\u003c/b\u003e 2377\u003cbr/\u003e\u003cb\u003eFB:\u003c/b\u003e \u003ca href=\u0027https://www.facebook.com/groups/beshvil.yael/posts/3779452845681172\u0027\u003ehttps://www.facebook.com/groups/beshvil.yael/posts/3779452845681172\u003c/a\u003e\u003cbr/\u003e\u003cbr/\u003e\u003cimg src=\u0027https://drive.google.com/uc?export=view\u0026amp;id=1kxlk2LT7FwmV0P8bVL3OPuf3r1u3NwDH\u0027 width=\u0027450\u0027/\u003e\u003cbr/\u003e\u003c/div\u003e",
                                            "tessellate":  -1,
                                            "extrude":  0,
                                            "visibility":  -1
                                        },
                         "geometry":  {
                                          "type":  "Point",
                                          "coordinates":  [
                                                              35.49965,
                                                              32.82538,
                                                              0.0
                                                          ]
                                      }
                     },
                     {
                         "type":  "Feature",
                         "properties":  {
                                            "Name":  "#3365",
                                            "description":  "\u003cdiv dir=\u0027rtl\u0027 style=\u0027font-family:Arial;\u0027\u003e\u003cb\u003eשם:\u003c/b\u003e יעל לביא-קימלוב\u003cbr/\u003e\u003cb\u003eאתר:\u003c/b\u003e מוחרקה\u003cbr/\u003e\u003cb\u003eתאריך:\u003c/b\u003e 05-11-2025\u003cbr/\u003e\u003cb\u003eID:\u003c/b\u003e 2622\u003cbr/\u003e\u003cb\u003eFB:\u003c/b\u003e \u003ca href=\u0027https://www.facebook.com/groups/beshvil.yael/posts/3801311486828641\u0027\u003ehttps://www.facebook.com/groups/beshvil.yael/posts/3801311486828641\u003c/a\u003e\u003cbr/\u003e\u003cbr/\u003e\u003cimg src=\u0027https://drive.google.com/uc?export=view\u0026amp;id=1hN1sisIU0_FwxEY32Srpkk2lNLgNCdfF\u0027 width=\u0027450\u0027/\u003e\u003cbr/\u003e\u003c/div\u003e",
                                            "tessellate":  -1,
                                            "extrude":  0,
                                            "visibility":  -1
                                        },
                         "geometry":  {
                                          "type":  "Point",
                                          "coordinates":  [
                                                              35.08861,
                                                              32.67277,
                                                              0.0
                                                          ]
                                      }
                     },
                     {
                         "type":  "Feature",
                         "properties":  {
                                            "Name":  "#3365",
                                            "description":  "\u003cdiv dir=\u0027rtl\u0027 style=\u0027font-family:Arial;\u0027\u003e\u003cb\u003eשם:\u003c/b\u003e יעל לביא-קימלוב\u003cbr/\u003e\u003cb\u003eאתר:\u003c/b\u003e עין דבשה\u003cbr/\u003e\u003cb\u003eתאריך:\u003c/b\u003e 29-11-2025\u003cbr/\u003e\u003cb\u003eID:\u003c/b\u003e 2899\u003cbr/\u003e\u003cb\u003eFB:\u003c/b\u003e \u003ca href=\u0027https://www.facebook.com/groups/beshvil.yael/posts/3819808901645566\u0027\u003ehttps://www.facebook.com/groups/beshvil.yael/posts/3819808901645566\u003c/a\u003e\u003cbr/\u003e\u003cbr/\u003e\u003cimg src=\u0027https://drive.google.com/uc?export=view\u0026amp;id=1yHuTOtTw-cLcZYpqIqC9AGj8CYiGRVhi\u0027 width=\u0027450\u0027/\u003e\u003cbr/\u003e\u003c/div\u003e",
                                            "tessellate":  -1,
                                            "extrude":  0,
                                            "visibility":  -1
                                        },
                         "geometry":  {
                                          "type":  "Point",
                                          "coordinates":  [
                                                              35.64717,
                                                              33.09059,
                                                              0.0
                                                          ]
                                      }
                     },
                     {
                         "type":  "Feature",
                         "properties":  {
                                            "Name":  "#3365",
                                            "description":  "\u003cdiv dir=\u0027rtl\u0027 style=\u0027font-family:Arial;\u0027\u003e\u003cb\u003eשם:\u003c/b\u003e יעל לביא-קימלוב\u003cbr/\u003e\u003cb\u003eאתר:\u003c/b\u003e נחל שניר\u003cbr/\u003e\u003cb\u003eתאריך:\u003c/b\u003e 29-11-2025\u003cbr/\u003e\u003cb\u003eID:\u003c/b\u003e 2902\u003cbr/\u003e\u003cb\u003eFB:\u003c/b\u003e \u003ca href=\u0027https://www.facebook.com/groups/beshvil.yael/posts/3822435211382935/\u0027\u003ehttps://www.facebook.com/groups/beshvil.yael/posts/3822435211382935/\u003c/a\u003e\u003cbr/\u003e\u003cbr/\u003e\u003cimg src=\u0027https://drive.google.com/uc?export=view\u0026amp;id=1h3lATv-5h0h8tdlaPzcbqDunUi7wIxVD\u0027 width=\u0027450\u0027/\u003e\u003cbr/\u003e\u003c/div\u003e",
                                            "tessellate":  -1,
                                            "extrude":  0,
                                            "visibility":  -1
                                        },
                         "geometry":  {
                                          "type":  "Point",
                                          "coordinates":  [
                                                              35.62359,
                                                              33.23299,
                                                              0.0
                                                          ]
                                      }
                     },
                     {
                         "type":  "Feature",
                         "properties":  {
                                            "Name":  "#3365",
                                            "description":  "\u003cdiv dir=\u0027rtl\u0027 style=\u0027font-family:Arial;\u0027\u003e\u003cb\u003eשם:\u003c/b\u003e יעל לביא-קימלוב\u003cbr/\u003e\u003cb\u003eאתר:\u003c/b\u003e נחל שיח\u003cbr/\u003e\u003cb\u003eתאריך:\u003c/b\u003e 20-12-2025\u003cbr/\u003e\u003cb\u003eID:\u003c/b\u003e 3109\u003cbr/\u003e\u003cb\u003eFB:\u003c/b\u003e \u003ca href=\u0027https://www.facebook.com/groups/beshvil.yael/posts/3840258609600595\u0027\u003ehttps://www.facebook.com/groups/beshvil.yael/posts/3840258609600595\u003c/a\u003e\u003cbr/\u003e\u003cbr/\u003e\u003cimg src=\u0027https://drive.google.com/uc?export=view\u0026amp;id=1E7nNtyhjpctpFmpB8iDBBC6CMWTe73ft\u0027 width=\u0027450\u0027/\u003e\u003cbr/\u003e\u003c/div\u003e",
                                            "tessellate":  -1,
                                            "extrude":  0,
                                            "visibility":  -1
                                        },
                         "geometry":  {
                                          "type":  "Point",
                                          "coordinates":  [
                                                              34.96926,
                                                              32.7982,
                                                              0.0
                                                          ]
                                      }
                     },
                     {
                         "type":  "Feature",
                         "properties":  {
                                            "Name":  "#3373",
                                            "description":  "\u003cdiv dir=\u0027rtl\u0027 style=\u0027font-family:Arial;\u0027\u003e\u003cb\u003eשם:\u003c/b\u003e רוני רייך\u003cbr/\u003e\u003cb\u003eאתר:\u003c/b\u003e נחל בית העמק\u003cbr/\u003e\u003cb\u003eתאריך:\u003c/b\u003e 04-01-2026\u003cbr/\u003e\u003cb\u003eID:\u003c/b\u003e 3265\u003cbr/\u003e\u003cb\u003eFB:\u003c/b\u003e \u003ca href=\u0027https://www.facebook.com/groups/beshvil.yael/posts/3852488158377640\u0027\u003ehttps://www.facebook.com/groups/beshvil.yael/posts/3852488158377640\u003c/a\u003e\u003cbr/\u003e\u003cbr/\u003e\u003cimg src=\u0027https://drive.google.com/uc?export=view\u0026amp;id=16CNwT_4iWAuSnpo-XQa1vOAngLsfvXLr\u0027 width=\u0027450\u0027/\u003e\u003cbr/\u003e\u003c/div\u003e",
                                            "tessellate":  -1,
                                            "extrude":  0,
                                            "visibility":  -1
                                        },
                         "geometry":  {
                                          "type":  "Point",
                                          "coordinates":  [
                                                              35.19983,
                                                              32.96856,
                                                              0.0
                                                          ]
                                      }
                     },
                     {
                         "type":  "Feature",
                         "properties":  {
                                            "Name":  "#3373",
                                            "description":  "\u003cdiv dir=\u0027rtl\u0027 style=\u0027font-family:Arial;\u0027\u003e\u003cb\u003eשם:\u003c/b\u003e רוני רייך\u003cbr/\u003e\u003cb\u003eאתר:\u003c/b\u003e נחל עמוד\u003cbr/\u003e\u003cb\u003eתאריך:\u003c/b\u003e 31-01-2026\u003cbr/\u003e\u003cb\u003eID:\u003c/b\u003e 3549\u003cbr/\u003e\u003cb\u003eFB:\u003c/b\u003e \u003ca href=\u0027https://www.facebook.com/groups/beshvil.yael/posts/3877225849237204\u0027\u003ehttps://www.facebook.com/groups/beshvil.yael/posts/3877225849237204\u003c/a\u003e\u003cbr/\u003e\u003cbr/\u003e\u003cimg src=\u0027https://drive.google.com/uc?export=view\u0026amp;id=1bkuA7e9gAGXvJty-qimagO7kIklqsVAo\u0027 width=\u0027450\u0027/\u003e\u003cbr/\u003e\u003c/div\u003e",
                                            "tessellate":  -1,
                                            "extrude":  0,
                                            "visibility":  -1
                                        },
                         "geometry":  {
                                          "type":  "Point",
                                          "coordinates":  [
                                                              35.50161,
                                                              32.87588,
                                                              0.0
                                                          ]
                                      }
                     },
                     {
                         "type":  "Feature",
                         "properties":  {
                                            "Name":  "#3397",
                                            "description":  "\u003cdiv dir=\u0027rtl\u0027 style=\u0027font-family:Arial;\u0027\u003e\u003cb\u003eשם:\u003c/b\u003e אורית אלחיאני פרץ\u003cbr/\u003e\u003cb\u003eאתר:\u003c/b\u003e תל יודפת\u003cbr/\u003e\u003cb\u003eתאריך:\u003c/b\u003e 04-10-2025\u003cbr/\u003e\u003cb\u003eID:\u003c/b\u003e 2166\u003cbr/\u003e\u003cb\u003eFB:\u003c/b\u003e \u003ca href=\u0027https://www.facebook.com/groups/beshvil.yael/posts/3769675879992202\u0027\u003ehttps://www.facebook.com/groups/beshvil.yael/posts/3769675879992202\u003c/a\u003e\u003cbr/\u003e\u003cbr/\u003e\u003cimg src=\u0027https://drive.google.com/uc?export=view\u0026amp;id=1CfdmPru5TiuBSKdbqmtmwZ1pTtl9cIsq\u0027 width=\u0027450\u0027/\u003e\u003cbr/\u003e\u003c/div\u003e",
                                            "tessellate":  -1,
                                            "extrude":  0,
                                            "visibility":  -1
                                        },
                         "geometry":  {
                                          "type":  "Point",
                                          "coordinates":  [
                                                              35.27732,
                                                              32.83324,
                                                              0.0
                                                          ]
                                      }
                     },
                     {
                         "type":  "Feature",
                         "properties":  {
                                            "Name":  "#3397",
                                            "description":  "\u003cdiv dir=\u0027rtl\u0027 style=\u0027font-family:Arial;\u0027\u003e\u003cb\u003eשם:\u003c/b\u003e אורית אלחיאני פרץ\u003cbr/\u003e\u003cb\u003eאתר:\u003c/b\u003e נחל מזור\u003cbr/\u003e\u003cb\u003eתאריך:\u003c/b\u003e 27-01-2026\u003cbr/\u003e\u003cb\u003eID:\u003c/b\u003e 3490\u003cbr/\u003e\u003cb\u003eFB:\u003c/b\u003e \u003ca href=\u0027https://www.facebook.com/groups/beshvil.yael/posts/3873485222944600\u0027\u003ehttps://www.facebook.com/groups/beshvil.yael/posts/3873485222944600\u003c/a\u003e\u003cbr/\u003e\u003cbr/\u003e\u003cimg src=\u0027https://drive.google.com/uc?export=view\u0026amp;id=1QikygTeDBsI2RCTwOlbmj3RW0CygiK6b\u0027 width=\u0027450\u0027/\u003e\u003cbr/\u003e\u003c/div\u003e",
                                            "tessellate":  -1,
                                            "extrude":  0,
                                            "visibility":  -1
                                        },
                         "geometry":  {
                                          "type":  "Point",
                                          "coordinates":  [
                                                              34.93839,
                                                              32.06139,
                                                              0.0
                                                          ]
                                      }
                     },
                     {
                         "type":  "Feature",
                         "properties":  {
                                            "Name":  "#3397",
                                            "description":  "\u003cdiv dir=\u0027rtl\u0027 style=\u0027font-family:Arial;\u0027\u003e\u003cb\u003eשם:\u003c/b\u003e אורית אלחיאני פרץ\u003cbr/\u003e\u003cb\u003eאתר:\u003c/b\u003e גבעת הרקפות\u003cbr/\u003e\u003cb\u003eתאריך:\u003c/b\u003e 30-01-2026\u003cbr/\u003e\u003cb\u003eID:\u003c/b\u003e 3513\u003cbr/\u003e\u003cb\u003eFB:\u003c/b\u003e \u003ca href=\u0027https://www.facebook.com/groups/beshvil.yael/posts/3876066272686495/\u0027\u003ehttps://www.facebook.com/groups/beshvil.yael/posts/3876066272686495/\u003c/a\u003e\u003cbr/\u003e\u003cbr/\u003e\u003cimg src=\u0027https://drive.google.com/uc?export=view\u0026amp;id=1uxXMc6rtMOgwmzqMjonv_GYY4GJ-dAeH\u0027 width=\u0027450\u0027/\u003e\u003cbr/\u003e\u003c/div\u003e",
                                            "tessellate":  -1,
                                            "extrude":  0,
                                            "visibility":  -1
                                        },
                         "geometry":  {
                                          "type":  "Point",
                                          "coordinates":  [
                                                              34.89495,
                                                              31.79523,
                                                              0.0
                                                          ]
                                      }
                     },
                     {
                         "type":  "Feature",
                         "properties":  {
                                            "Name":  "#3420",
                                            "description":  "\u003cdiv dir=\u0027rtl\u0027 style=\u0027font-family:Arial;\u0027\u003e\u003cb\u003eשם:\u003c/b\u003e רון יוסף\u003cbr/\u003e\u003cb\u003eאתר:\u003c/b\u003e גבול הצפון\u003cbr/\u003e\u003cb\u003eתאריך:\u003c/b\u003e 05-11-2025\u003cbr/\u003e\u003cb\u003eID:\u003c/b\u003e 2621\u003cbr/\u003e\u003cb\u003eFB:\u003c/b\u003e \u003ca href=\u0027https://www.facebook.com/groups/beshvil.yael/posts/3801187103507746\u0027\u003ehttps://www.facebook.com/groups/beshvil.yael/posts/3801187103507746\u003c/a\u003e\u003cbr/\u003e\u003cbr/\u003e\u003cimg src=\u0027https://drive.google.com/uc?export=view\u0026amp;id=1cuSxjoyR7B-d7pTxKbMcqE1sk_io8d12\u0027 width=\u0027450\u0027/\u003e\u003cbr/\u003e\u003c/div\u003e",
                                            "tessellate":  -1,
                                            "extrude":  0,
                                            "visibility":  -1
                                        },
                         "geometry":  {
                                          "type":  "Point",
                                          "coordinates":  [
                                                              35.45583,
                                                              33.08212,
                                                              0.0
                                                          ]
                                      }
                     },
                     {
                         "type":  "Feature",
                         "properties":  {
                                            "Name":  "#3420",
                                            "description":  "\u003cdiv dir=\u0027rtl\u0027 style=\u0027font-family:Arial;\u0027\u003e\u003cb\u003eשם:\u003c/b\u003e רון יוסף\u003cbr/\u003e\u003cb\u003eאתר:\u003c/b\u003e גבול הצפון\u003cbr/\u003e\u003cb\u003eתאריך:\u003c/b\u003e 18-11-2025\u003cbr/\u003e\u003cb\u003eID:\u003c/b\u003e 2781\u003cbr/\u003e\u003cb\u003eFB:\u003c/b\u003e \u003ca href=\u0027https://www.facebook.com/groups/beshvil.yael/posts/3813008602325596\u0027\u003ehttps://www.facebook.com/groups/beshvil.yael/posts/3813008602325596\u003c/a\u003e\u003cbr/\u003e\u003cbr/\u003e\u003cimg src=\u0027https://drive.google.com/uc?export=view\u0026amp;id=1Isyyz1Ix6FQc7KpIR5dNjlKMNNtH2dPZ\u0027 width=\u0027450\u0027/\u003e\u003cbr/\u003e\u003c/div\u003e",
                                            "tessellate":  -1,
                                            "extrude":  0,
                                            "visibility":  -1
                                        },
                         "geometry":  {
                                          "type":  "Point",
                                          "coordinates":  [
                                                              35.19463,
                                                              33.07659,
                                                              0.0
                                                          ]
                                      }
                     },
                     {
                         "type":  "Feature",
                         "properties":  {
                                            "Name":  "#3421",
                                            "description":  "\u003cdiv dir=\u0027rtl\u0027 style=\u0027font-family:Arial;\u0027\u003e\u003cb\u003eשם:\u003c/b\u003e רינה נגילה\u003cbr/\u003e\u003cb\u003eאתר:\u003c/b\u003e \u003cbr/\u003e\u003cb\u003eתאריך:\u003c/b\u003e 04-11-2025\u003cbr/\u003e\u003cb\u003eID:\u003c/b\u003e 2615\u003cbr/\u003e\u003cb\u003eFB:\u003c/b\u003e \u003ca href=\u0027https://www.facebook.com/groups/beshvil.yael/posts/3800290896930700\u0027\u003ehttps://www.facebook.com/groups/beshvil.yael/posts/3800290896930700\u003c/a\u003e\u003cbr/\u003e\u003cbr/\u003e\u003cimg src=\u0027https://drive.google.com/uc?export=view\u0026amp;id=1WsF7jBZwye4fXt_vvaG8jfTB9S2AT568\u0027 width=\u0027450\u0027/\u003e\u003cbr/\u003e\u003c/div\u003e",
                                            "tessellate":  -1,
                                            "extrude":  0,
                                            "visibility":  -1
                                        },
                         "geometry":  {
                                          "type":  "Point",
                                          "coordinates":  [
                                                              35.75551,
                                                              33.27422,
                                                              0.0
                                                          ]
                                      }
                     },
                     {
                         "type":  "Feature",
                         "properties":  {
                                            "Name":  "#3427",
                                            "description":  "\u003cdiv dir=\u0027rtl\u0027 style=\u0027font-family:Arial;\u0027\u003e\u003cb\u003eשם:\u003c/b\u003e אדון דיקלון\u003cbr/\u003e\u003cb\u003eאתר:\u003c/b\u003e אילת\u003cbr/\u003e\u003cb\u003eתאריך:\u003c/b\u003e 24-08-2025\u003cbr/\u003e\u003cb\u003eID:\u003c/b\u003e 1646\u003cbr/\u003e\u003cb\u003eFB:\u003c/b\u003e \u003ca href=\u0027https://www.facebook.com/groups/beshvil.yael/posts/3730943547198769/\u0027\u003ehttps://www.facebook.com/groups/beshvil.yael/posts/3730943547198769/\u003c/a\u003e\u003cbr/\u003e\u003cbr/\u003e\u003cimg src=\u0027https://drive.google.com/uc?export=view\u0026amp;id=1WxomxLmZGista4UHPbaTmhyMEZv_JkKr\u0027 width=\u0027450\u0027/\u003e\u003cbr/\u003e\u003c/div\u003e",
                                            "tessellate":  -1,
                                            "extrude":  0,
                                            "visibility":  -1
                                        },
                         "geometry":  {
                                          "type":  "Point",
                                          "coordinates":  [
                                                              34.9661418,
                                                              29.5471968,
                                                              0.0
                                                          ]
                                      }
                     },
                     {
                         "type":  "Feature",
                         "properties":  {
                                            "Name":  "#3427",
                                            "description":  "\u003cdiv dir=\u0027rtl\u0027 style=\u0027font-family:Arial;\u0027\u003e\u003cb\u003eשם:\u003c/b\u003e אדון דיקלון\u003cbr/\u003e\u003cb\u003eאתר:\u003c/b\u003e שיזפון\u003cbr/\u003e\u003cb\u003eתאריך:\u003c/b\u003e 29-08-2025\u003cbr/\u003e\u003cb\u003eID:\u003c/b\u003e 1685\u003cbr/\u003e\u003cb\u003eFB:\u003c/b\u003e \u003ca href=\u0027https://www.facebook.com/groups/beshvil.yael/posts/3735285430097914/\u0027\u003ehttps://www.facebook.com/groups/beshvil.yael/posts/3735285430097914/\u003c/a\u003e\u003cbr/\u003e\u003cbr/\u003e\u003cimg src=\u0027https://drive.google.com/uc?export=view\u0026amp;id=1vGURWpvzCdPaybgeXXat0p2bflH-O8Gl\u0027 width=\u0027450\u0027/\u003e\u003cbr/\u003e\u003c/div\u003e",
                                            "tessellate":  -1,
                                            "extrude":  0,
                                            "visibility":  -1
                                        },
                         "geometry":  {
                                          "type":  "Point",
                                          "coordinates":  [
                                                              35.0097093,
                                                              30.1066063,
                                                              0.0
                                                          ]
                                      }
                     },
                     {
                         "type":  "Feature",
                         "properties":  {
                                            "Name":  "#3427",
                                            "description":  "\u003cdiv dir=\u0027rtl\u0027 style=\u0027font-family:Arial;\u0027\u003e\u003cb\u003eשם:\u003c/b\u003e אדון דיקלון\u003cbr/\u003e\u003cb\u003eאתר:\u003c/b\u003e תל שקמונה\u003cbr/\u003e\u003cb\u003eתאריך:\u003c/b\u003e 06-09-2025\u003cbr/\u003e\u003cb\u003eID:\u003c/b\u003e 1775\u003cbr/\u003e\u003cb\u003eFB:\u003c/b\u003e \u003ca href=\u0027https://www.facebook.com/groups/beshvil.yael/posts/3742269696066154/\u0027\u003ehttps://www.facebook.com/groups/beshvil.yael/posts/3742269696066154/\u003c/a\u003e\u003cbr/\u003e\u003cbr/\u003e\u003cimg src=\u0027https://drive.google.com/uc?export=view\u0026amp;id=1n-xIev3YZe05JujwSX4rMJuL-T80acuZ\u0027 width=\u0027450\u0027/\u003e\u003cbr/\u003e\u003c/div\u003e",
                                            "tessellate":  -1,
                                            "extrude":  0,
                                            "visibility":  -1
                                        },
                         "geometry":  {
                                          "type":  "Point",
                                          "coordinates":  [
                                                              34.9554181,
                                                              32.8253858,
                                                              0.0
                                                          ]
                                      }
                     },
                     {
                         "type":  "Feature",
                         "properties":  {
                                            "Name":  "#3427",
                                            "description":  "\u003cdiv dir=\u0027rtl\u0027 style=\u0027font-family:Arial;\u0027\u003e\u003cb\u003eשם:\u003c/b\u003e אדון דיקלון\u003cbr/\u003e\u003cb\u003eאתר:\u003c/b\u003e מפרץ אילת\u003cbr/\u003e\u003cb\u003eתאריך:\u003c/b\u003e 15-09-2025\u003cbr/\u003e\u003cb\u003eID:\u003c/b\u003e 1889\u003cbr/\u003e\u003cb\u003eFB:\u003c/b\u003e \u003ca href=\u0027https://www.facebook.com/groups/beshvil.yael/posts/3751118621847928/\u0027\u003ehttps://www.facebook.com/groups/beshvil.yael/posts/3751118621847928/\u003c/a\u003e\u003cbr/\u003e\u003cbr/\u003e\u003cimg src=\u0027https://drive.google.com/uc?export=view\u0026amp;id=1h9w6W4G-6VRrgaXTgEmtHv0VsL-araZZ\u0027 width=\u0027450\u0027/\u003e\u003cbr/\u003e\u003c/div\u003e",
                                            "tessellate":  -1,
                                            "extrude":  0,
                                            "visibility":  -1
                                        },
                         "geometry":  {
                                          "type":  "Point",
                                          "coordinates":  [
                                                              34.93141,
                                                              29.52775,
                                                              0.0
                                                          ]
                                      }
                     },
                     {
                         "type":  "Feature",
                         "properties":  {
                                            "Name":  "#3427",
                                            "description":  "\u003cdiv dir=\u0027rtl\u0027 style=\u0027font-family:Arial;\u0027\u003e\u003cb\u003eשם:\u003c/b\u003e אדון דיקלון\u003cbr/\u003e\u003cb\u003eאתר:\u003c/b\u003e ואדי שחמון באילת\u003cbr/\u003e\u003cb\u003eתאריך:\u003c/b\u003e 21-09-2025\u003cbr/\u003e\u003cb\u003eID:\u003c/b\u003e 1981\u003cbr/\u003e\u003cb\u003eFB:\u003c/b\u003e \u003ca href=\u0027https://www.facebook.com/groups/beshvil.yael/posts/3756618567964600\u0027\u003ehttps://www.facebook.com/groups/beshvil.yael/posts/3756618567964600\u003c/a\u003e\u003cbr/\u003e\u003cbr/\u003e\u003cimg src=\u0027https://drive.google.com/uc?export=view\u0026amp;id=1CEUF-HZJhUqOgSIZdrN53zOBq0gMDBRP\u0027 width=\u0027450\u0027/\u003e\u003cbr/\u003e\u003c/div\u003e",
                                            "tessellate":  -1,
                                            "extrude":  0,
                                            "visibility":  -1
                                        },
                         "geometry":  {
                                          "type":  "Point",
                                          "coordinates":  [
                                                              34.91837,
                                                              29.53784,
                                                              0.0
                                                          ]
                                      }
                     },
                     {
                         "type":  "Feature",
                         "properties":  {
                                            "Name":  "#3427",
                                            "description":  "\u003cdiv dir=\u0027rtl\u0027 style=\u0027font-family:Arial;\u0027\u003e\u003cb\u003eשם:\u003c/b\u003e אדון דיקלון\u003cbr/\u003e\u003cb\u003eאתר:\u003c/b\u003e רכס בשנית\u003cbr/\u003e\u003cb\u003eתאריך:\u003c/b\u003e 18-10-2025\u003cbr/\u003e\u003cb\u003eID:\u003c/b\u003e 2423\u003cbr/\u003e\u003cb\u003eFB:\u003c/b\u003e \u003ca href=\u0027https://www.facebook.com/groups/beshvil.yael/posts/3783435661949557\u0027\u003ehttps://www.facebook.com/groups/beshvil.yael/posts/3783435661949557\u003c/a\u003e\u003cbr/\u003e\u003cbr/\u003e\u003cimg src=\u0027https://drive.google.com/uc?export=view\u0026amp;id=1f9vVrM1euVZmYhAECy0hb0qPioAILmq3\u0027 width=\u0027450\u0027/\u003e\u003cbr/\u003e\u003c/div\u003e",
                                            "tessellate":  -1,
                                            "extrude":  0,
                                            "visibility":  -1
                                        },
                         "geometry":  {
                                          "type":  "Point",
                                          "coordinates":  [
                                                              35.83954,
                                                              33.05343,
                                                              0.0
                                                          ]
                                      }
                     },
                     {
                         "type":  "Feature",
                         "properties":  {
                                            "Name":  "#3427",
                                            "description":  "\u003cdiv dir=\u0027rtl\u0027 style=\u0027font-family:Arial;\u0027\u003e\u003cb\u003eשם:\u003c/b\u003e אדון דיקלון\u003cbr/\u003e\u003cb\u003eאתר:\u003c/b\u003e הר שלמה\u003cbr/\u003e\u003cb\u003eתאריך:\u003c/b\u003e 21-10-2025\u003cbr/\u003e\u003cb\u003eID:\u003c/b\u003e 2478\u003cbr/\u003e\u003cb\u003eFB:\u003c/b\u003e \u003ca href=\u0027https://www.facebook.com/groups/beshvil.yael/posts/3786816364944820\u0027\u003ehttps://www.facebook.com/groups/beshvil.yael/posts/3786816364944820\u003c/a\u003e\u003cbr/\u003e\u003cbr/\u003e\u003cimg src=\u0027https://drive.google.com/uc?export=view\u0026amp;id=19QDm_l4IweRLEPPwRF1Jli9SKMySQ870\u0027 width=\u0027450\u0027/\u003e\u003cbr/\u003e\u003c/div\u003e",
                                            "tessellate":  -1,
                                            "extrude":  0,
                                            "visibility":  -1
                                        },
                         "geometry":  {
                                          "type":  "Point",
                                          "coordinates":  [
                                                              34.89979,
                                                              29.57964,
                                                              0.0
                                                          ]
                                      }
                     },
                     {
                         "type":  "Feature",
                         "properties":  {
                                            "Name":  "#3427",
                                            "description":  "\u003cdiv dir=\u0027rtl\u0027 style=\u0027font-family:Arial;\u0027\u003e\u003cb\u003eשם:\u003c/b\u003e אדון דיקלון\u003cbr/\u003e\u003cb\u003eאתר:\u003c/b\u003e הר נשף\u003cbr/\u003e\u003cb\u003eתאריך:\u003c/b\u003e 25-10-2025\u003cbr/\u003e\u003cb\u003eID:\u003c/b\u003e 2528\u003cbr/\u003e\u003cb\u003eFB:\u003c/b\u003e \u003ca href=\u0027https://www.facebook.com/groups/beshvil.yael/posts/3790695111223612/\u0027\u003ehttps://www.facebook.com/groups/beshvil.yael/posts/3790695111223612/\u003c/a\u003e\u003cbr/\u003e\u003cbr/\u003e\u003cimg src=\u0027https://drive.google.com/uc?export=view\u0026amp;id=1_W60GpyKBnRXOR84PvPkXG8CoPyMX4FT\u0027 width=\u0027450\u0027/\u003e\u003cbr/\u003e\u003c/div\u003e",
                                            "tessellate":  -1,
                                            "extrude":  0,
                                            "visibility":  -1
                                        },
                         "geometry":  {
                                          "type":  "Point",
                                          "coordinates":  [
                                                              34.86851,
                                                              29.701,
                                                              0.0
                                                          ]
                                      }
                     },
                     {
                         "type":  "Feature",
                         "properties":  {
                                            "Name":  "#3427",
                                            "description":  "\u003cdiv dir=\u0027rtl\u0027 style=\u0027font-family:Arial;\u0027\u003e\u003cb\u003eשם:\u003c/b\u003e אדון דיקלון\u003cbr/\u003e\u003cb\u003eאתר:\u003c/b\u003e נחל עורבים\u003cbr/\u003e\u003cb\u003eתאריך:\u003c/b\u003e 15-11-2025\u003cbr/\u003e\u003cb\u003eID:\u003c/b\u003e 2743\u003cbr/\u003e\u003cb\u003eFB:\u003c/b\u003e \u003ca href=\u0027https://www.facebook.com/groups/beshvil.yael/posts/3810774295882360/\u0027\u003ehttps://www.facebook.com/groups/beshvil.yael/posts/3810774295882360/\u003c/a\u003e\u003cbr/\u003e\u003cbr/\u003e\u003cimg src=\u0027https://drive.google.com/uc?export=view\u0026amp;id=1tclvolxGI9F0_WXmwBHEurLARVl13C8D\u0027 width=\u0027450\u0027/\u003e\u003cbr/\u003e\u003c/div\u003e",
                                            "tessellate":  -1,
                                            "extrude":  0,
                                            "visibility":  -1
                                        },
                         "geometry":  {
                                          "type":  "Point",
                                          "coordinates":  [
                                                              35.68385,
                                                              33.14243,
                                                              0.0
                                                          ]
                                      }
                     },
                     {
                         "type":  "Feature",
                         "properties":  {
                                            "Name":  "#3427",
                                            "description":  "\u003cdiv dir=\u0027rtl\u0027 style=\u0027font-family:Arial;\u0027\u003e\u003cb\u003eשם:\u003c/b\u003e אדון דיקלון\u003cbr/\u003e\u003cb\u003eאתר:\u003c/b\u003e סטלה מאריס\u003cbr/\u003e\u003cb\u003eתאריך:\u003c/b\u003e 05-12-2025\u003cbr/\u003e\u003cb\u003eID:\u003c/b\u003e 2968\u003cbr/\u003e\u003cb\u003eFB:\u003c/b\u003e \u003ca href=\u0027https://www.facebook.com/groups/beshvil.yael/posts/3827892797503843/\u0027\u003ehttps://www.facebook.com/groups/beshvil.yael/posts/3827892797503843/\u003c/a\u003e\u003cbr/\u003e\u003cbr/\u003e\u003cimg src=\u0027https://drive.google.com/uc?export=view\u0026amp;id=1SwFHEJb14QiOt2etwu73u_khAeFlkmvq\u0027 width=\u0027450\u0027/\u003e\u003cbr/\u003e\u003c/div\u003e",
                                            "tessellate":  -1,
                                            "extrude":  0,
                                            "visibility":  -1
                                        },
                         "geometry":  {
                                          "type":  "Point",
                                          "coordinates":  [
                                                              34.96637,
                                                              32.82861,
                                                              0.0
                                                          ]
                                      }
                     },
                     {
                         "type":  "Feature",
                         "properties":  {
                                            "Name":  "#3427",
                                            "description":  "\u003cdiv dir=\u0027rtl\u0027 style=\u0027font-family:Arial;\u0027\u003e\u003cb\u003eשם:\u003c/b\u003e אדון דיקלון\u003cbr/\u003e\u003cb\u003eאתר:\u003c/b\u003e נחל חיון\u003cbr/\u003e\u003cb\u003eתאריך:\u003c/b\u003e 20-12-2025\u003cbr/\u003e\u003cb\u003eID:\u003c/b\u003e 3121\u003cbr/\u003e\u003cb\u003eFB:\u003c/b\u003e \u003ca href=\u0027https://www.facebook.com/groups/beshvil.yael/posts/3840613302898459\u0027\u003ehttps://www.facebook.com/groups/beshvil.yael/posts/3840613302898459\u003c/a\u003e\u003cbr/\u003e\u003cbr/\u003e\u003cimg src=\u0027https://drive.google.com/uc?export=view\u0026amp;id=1E283o35bgILLdQHzABnMJjHcsrGmaUee\u0027 width=\u0027450\u0027/\u003e\u003cbr/\u003e\u003c/div\u003e",
                                            "tessellate":  -1,
                                            "extrude":  0,
                                            "visibility":  -1
                                        },
                         "geometry":  {
                                          "type":  "Point",
                                          "coordinates":  [
                                                              35.12902,
                                                              30.21785,
                                                              0.0
                                                          ]
                                      }
                     },
                     {
                         "type":  "Feature",
                         "properties":  {
                                            "Name":  "#3462",
                                            "description":  "\u003cdiv dir=\u0027rtl\u0027 style=\u0027font-family:Arial;\u0027\u003e\u003cb\u003eשם:\u003c/b\u003e \u003cbr/\u003e\u003cb\u003eאתר:\u003c/b\u003e שביל כרמל-כנרת\u003cbr/\u003e\u003cb\u003eתאריך:\u003c/b\u003e 15-05-2026\u003cbr/\u003e\u003cb\u003eID:\u003c/b\u003e 4440\u003cbr/\u003e\u003cb\u003eFB:\u003c/b\u003e \u003ca href=\u0027https://www.facebook.com/groups/beshvil.yael/posts/3972368926389562/\u0027\u003ehttps://www.facebook.com/groups/beshvil.yael/posts/3972368926389562/\u003c/a\u003e\u003cbr/\u003e\u003cbr/\u003e\u003cimg src=\u0027https://drive.google.com/uc?export=view\u0026amp;id=1cU0OXU7o-WbDqr8nfg6d9V5dOvcm0GdI\u0027 width=\u0027450\u0027/\u003e\u003cbr/\u003e\u003c/div\u003e",
                                            "tessellate":  -1,
                                            "extrude":  0,
                                            "visibility":  -1
                                        },
                         "geometry":  {
                                          "type":  "Point",
                                          "coordinates":  [
                                                              35.44826,
                                                              32.67271,
                                                              0.0
                                                          ]
                                      }
                     },
                     {
                         "type":  "Feature",
                         "properties":  {
                                            "Name":  "#3463",
                                            "description":  "\u003cdiv dir=\u0027rtl\u0027 style=\u0027font-family:Arial;\u0027\u003e\u003cb\u003eשם:\u003c/b\u003e גאולה עשת\u003cbr/\u003e\u003cb\u003eאתר:\u003c/b\u003e \u003cbr/\u003e\u003cb\u003eתאריך:\u003c/b\u003e 23-10-2025\u003cbr/\u003e\u003cb\u003eID:\u003c/b\u003e 2497\u003cbr/\u003e\u003cb\u003eFB:\u003c/b\u003e \u003ca href=\u0027https://www.facebook.com/groups/beshvil.yael/posts/3788719994754457/\u0027\u003ehttps://www.facebook.com/groups/beshvil.yael/posts/3788719994754457/\u003c/a\u003e\u003cbr/\u003e\u003cbr/\u003e\u003cimg src=\u0027https://drive.google.com/uc?export=view\u0026amp;id=1FJkmlU5-XBCozyH0YhlFlgAM5-pC4akK\u0027 width=\u0027450\u0027/\u003e\u003cbr/\u003e\u003c/div\u003e",
                                            "tessellate":  -1,
                                            "extrude":  0,
                                            "visibility":  -1
                                        },
                         "geometry":  {
                                          "type":  "Point",
                                          "coordinates":  [
                                                              35.2627,
                                                              32.63145,
                                                              0.0
                                                          ]
                                      }
                     },
                     {
                         "type":  "Feature",
                         "properties":  {
                                            "Name":  "#3463",
                                            "description":  "\u003cdiv dir=\u0027rtl\u0027 style=\u0027font-family:Arial;\u0027\u003e\u003cb\u003eשם:\u003c/b\u003e גאולה עשת\u003cbr/\u003e\u003cb\u003eאתר:\u003c/b\u003e \u003cbr/\u003e\u003cb\u003eתאריך:\u003c/b\u003e 24-10-2025\u003cbr/\u003e\u003cb\u003eID:\u003c/b\u003e 2502\u003cbr/\u003e\u003cb\u003eFB:\u003c/b\u003e \u003ca href=\u0027https://www.facebook.com/groups/beshvil.yael/posts/3789305098029280/\u0027\u003ehttps://www.facebook.com/groups/beshvil.yael/posts/3789305098029280/\u003c/a\u003e\u003cbr/\u003e\u003cbr/\u003e\u003cimg src=\u0027https://drive.google.com/uc?export=view\u0026amp;id=1QSMErm9TBzKz45kaZGk2stAWn7SvbopG\u0027 width=\u0027450\u0027/\u003e\u003cbr/\u003e\u003c/div\u003e",
                                            "tessellate":  -1,
                                            "extrude":  0,
                                            "visibility":  -1
                                        },
                         "geometry":  {
                                          "type":  "Point",
                                          "coordinates":  [
                                                              34.91416,
                                                              29.66722,
                                                              0.0
                                                          ]
                                      }
                     },
                     {
                         "type":  "Feature",
                         "properties":  {
                                            "Name":  "#3464",
                                            "description":  "\u003cdiv dir=\u0027rtl\u0027 style=\u0027font-family:Arial;\u0027\u003e\u003cb\u003eשם:\u003c/b\u003e שירה בנקיר\u003cbr/\u003e\u003cb\u003eאתר:\u003c/b\u003e כיכר אונסק\u0026quot;ו\u003cbr/\u003e\u003cb\u003eתאריך:\u003c/b\u003e 24-12-2025\u003cbr/\u003e\u003cb\u003eID:\u003c/b\u003e 3154\u003cbr/\u003e\u003cb\u003eFB:\u003c/b\u003e \u003ca href=\u0027https://www.facebook.com/groups/beshvil.yael/posts/3843935282566261\u0027\u003ehttps://www.facebook.com/groups/beshvil.yael/posts/3843935282566261\u003c/a\u003e\u003cbr/\u003e\u003cbr/\u003e\u003cimg src=\u0027https://drive.google.com/uc?export=view\u0026amp;id=1-BWVmdPUibR3x0woRmUVLWXCEeFhwZur\u0027 width=\u0027450\u0027/\u003e\u003cbr/\u003e\u003c/div\u003e",
                                            "tessellate":  -1,
                                            "extrude":  0,
                                            "visibility":  -1
                                        },
                         "geometry":  {
                                          "type":  "Point",
                                          "coordinates":  [
                                                              34.9889,
                                                              32.81738,
                                                              0.0
                                                          ]
                                      }
                     },
                     {
                         "type":  "Feature",
                         "properties":  {
                                            "Name":  "#3464",
                                            "description":  "\u003cdiv dir=\u0027rtl\u0027 style=\u0027font-family:Arial;\u0027\u003e\u003cb\u003eשם:\u003c/b\u003e שירה בנקיר\u003cbr/\u003e\u003cb\u003eאתר:\u003c/b\u003e מוזיאון הנעליים המינאטוריות\u003cbr/\u003e\u003cb\u003eתאריך:\u003c/b\u003e 19-02-2026\u003cbr/\u003e\u003cb\u003eID:\u003c/b\u003e 3775\u003cbr/\u003e\u003cb\u003eFB:\u003c/b\u003e \u003ca href=\u0027https://www.facebook.com/groups/beshvil.yael/posts/3895282244098231/\u0027\u003ehttps://www.facebook.com/groups/beshvil.yael/posts/3895282244098231/\u003c/a\u003e\u003cbr/\u003e\u003cbr/\u003e\u003cimg src=\u0027https://drive.google.com/uc?export=view\u0026amp;id=1uXoXpcdEGawCxANDFjqQ3nTezDLpDQM1\u0027 width=\u0027450\u0027/\u003e\u003cbr/\u003e\u003c/div\u003e",
                                            "tessellate":  -1,
                                            "extrude":  0,
                                            "visibility":  -1
                                        },
                         "geometry":  {
                                          "type":  "Point",
                                          "coordinates":  [
                                                              34.8896,
                                                              32.27348,
                                                              0.0
                                                          ]
                                      }
                     },
                     {
                         "type":  "Feature",
                         "properties":  {
                                            "Name":  "#3464",
                                            "description":  "\u003cdiv dir=\u0027rtl\u0027 style=\u0027font-family:Arial;\u0027\u003e\u003cb\u003eשם:\u003c/b\u003e שירה בנקיר\u003cbr/\u003e\u003cb\u003eאתר:\u003c/b\u003e שביל כרמל-כנרת\u003cbr/\u003e\u003cb\u003eתאריך:\u003c/b\u003e 15-05-2026\u003cbr/\u003e\u003cb\u003eID:\u003c/b\u003e 4440\u003cbr/\u003e\u003cb\u003eFB:\u003c/b\u003e \u003ca href=\u0027https://www.facebook.com/groups/beshvil.yael/posts/3972368926389562/\u0027\u003ehttps://www.facebook.com/groups/beshvil.yael/posts/3972368926389562/\u003c/a\u003e\u003cbr/\u003e\u003cbr/\u003e\u003cimg src=\u0027https://drive.google.com/uc?export=view\u0026amp;id=1cU0OXU7o-WbDqr8nfg6d9V5dOvcm0GdI\u0027 width=\u0027450\u0027/\u003e\u003cbr/\u003e\u003c/div\u003e",
                                            "tessellate":  -1,
                                            "extrude":  0,
                                            "visibility":  -1
                                        },
                         "geometry":  {
                                          "type":  "Point",
                                          "coordinates":  [
                                                              35.44826,
                                                              32.67298,
                                                              0.0
                                                          ]
                                      }
                     },
                     {
                         "type":  "Feature",
                         "properties":  {
                                            "Name":  "#3465",
                                            "description":  "\u003cdiv dir=\u0027rtl\u0027 style=\u0027font-family:Arial;\u0027\u003e\u003cb\u003eשם:\u003c/b\u003e דפנה גיל\u003cbr/\u003e\u003cb\u003eאתר:\u003c/b\u003e כיכר החטופים\u003cbr/\u003e\u003cb\u003eתאריך:\u003c/b\u003e 30-11-2025\u003cbr/\u003e\u003cb\u003eID:\u003c/b\u003e 2925\u003cbr/\u003e\u003cb\u003eFB:\u003c/b\u003e \u003ca href=\u0027https://www.facebook.com/groups/beshvil.yael/posts/3823217907971332/\u0027\u003ehttps://www.facebook.com/groups/beshvil.yael/posts/3823217907971332/\u003c/a\u003e\u003cbr/\u003e\u003cbr/\u003e\u003cimg src=\u0027https://drive.google.com/uc?export=view\u0026amp;id=1GOArSkJbGjuix4boJZpFh2KlhSd8Epas\u0027 width=\u0027450\u0027/\u003e\u003cbr/\u003e\u003c/div\u003e",
                                            "tessellate":  -1,
                                            "extrude":  0,
                                            "visibility":  -1
                                        },
                         "geometry":  {
                                          "type":  "Point",
                                          "coordinates":  [
                                                              34.78749,
                                                              32.07718,
                                                              0.0
                                                          ]
                                      }
                     },
                     {
                         "type":  "Feature",
                         "properties":  {
                                            "Name":  "#3465",
                                            "description":  "\u003cdiv dir=\u0027rtl\u0027 style=\u0027font-family:Arial;\u0027\u003e\u003cb\u003eשם:\u003c/b\u003e דפנה גיל\u003cbr/\u003e\u003cb\u003eאתר:\u003c/b\u003e כיכר אונסק\u0026quot;ו\u003cbr/\u003e\u003cb\u003eתאריך:\u003c/b\u003e 24-12-2025\u003cbr/\u003e\u003cb\u003eID:\u003c/b\u003e 3154\u003cbr/\u003e\u003cb\u003eFB:\u003c/b\u003e \u003ca href=\u0027https://www.facebook.com/groups/beshvil.yael/posts/3843935282566261\u0027\u003ehttps://www.facebook.com/groups/beshvil.yael/posts/3843935282566261\u003c/a\u003e\u003cbr/\u003e\u003cbr/\u003e\u003cimg src=\u0027https://drive.google.com/uc?export=view\u0026amp;id=1-BWVmdPUibR3x0woRmUVLWXCEeFhwZur\u0027 width=\u0027450\u0027/\u003e\u003cbr/\u003e\u003c/div\u003e",
                                            "tessellate":  -1,
                                            "extrude":  0,
                                            "visibility":  -1
                                        },
                         "geometry":  {
                                          "type":  "Point",
                                          "coordinates":  [
                                                              34.9889,
                                                              32.81711,
                                                              0.0
                                                          ]
                                      }
                     },
                     {
                         "type":  "Feature",
                         "properties":  {
                                            "Name":  "#3465",
                                            "description":  "\u003cdiv dir=\u0027rtl\u0027 style=\u0027font-family:Arial;\u0027\u003e\u003cb\u003eשם:\u003c/b\u003e דפנה גיל\u003cbr/\u003e\u003cb\u003eאתר:\u003c/b\u003e בין העלמין הצבאי\u003cbr/\u003e\u003cb\u003eתאריך:\u003c/b\u003e 08-05-2026\u003cbr/\u003e\u003cb\u003eID:\u003c/b\u003e 4378\u003cbr/\u003e\u003cb\u003eFB:\u003c/b\u003e \u003ca href=\u0027https://www.facebook.com/groups/beshvil.yael/posts/3965739173719204/\u0027\u003ehttps://www.facebook.com/groups/beshvil.yael/posts/3965739173719204/\u003c/a\u003e\u003cbr/\u003e\u003cbr/\u003e\u003cimg src=\u0027https://drive.google.com/uc?export=view\u0026amp;id=12Gi8on3DH5zjTSSRUthGMysD8xQQvIZP\u0027 width=\u0027450\u0027/\u003e\u003cbr/\u003e\u003c/div\u003e",
                                            "tessellate":  -1,
                                            "extrude":  0,
                                            "visibility":  -1
                                        },
                         "geometry":  {
                                          "type":  "Point",
                                          "coordinates":  [
                                                              34.95867,
                                                              32.80609,
                                                              0.0
                                                          ]
                                      }
                     },
                     {
                         "type":  "Feature",
                         "properties":  {
                                            "Name":  "#3465",
                                            "description":  "\u003cdiv dir=\u0027rtl\u0027 style=\u0027font-family:Arial;\u0027\u003e\u003cb\u003eשם:\u003c/b\u003e דפנה גיל\u003cbr/\u003e\u003cb\u003eאתר:\u003c/b\u003e שביל כרמל-כנרת\u003cbr/\u003e\u003cb\u003eתאריך:\u003c/b\u003e 15-05-2026\u003cbr/\u003e\u003cb\u003eID:\u003c/b\u003e 4440\u003cbr/\u003e\u003cb\u003eFB:\u003c/b\u003e \u003ca href=\u0027https://www.facebook.com/groups/beshvil.yael/posts/3972368926389562/\u0027\u003ehttps://www.facebook.com/groups/beshvil.yael/posts/3972368926389562/\u003c/a\u003e\u003cbr/\u003e\u003cbr/\u003e\u003cimg src=\u0027https://drive.google.com/uc?export=view\u0026amp;id=1cU0OXU7o-WbDqr8nfg6d9V5dOvcm0GdI\u0027 width=\u0027450\u0027/\u003e\u003cbr/\u003e\u003c/div\u003e",
                                            "tessellate":  -1,
                                            "extrude":  0,
                                            "visibility":  -1
                                        },
                         "geometry":  {
                                          "type":  "Point",
                                          "coordinates":  [
                                                              35.44826,
                                                              32.67244,
                                                              0.0
                                                          ]
                                      }
                     },
                     {
                         "type":  "Feature",
                         "properties":  {
                                            "Name":  "#3465",
                                            "description":  "\u003cdiv dir=\u0027rtl\u0027 style=\u0027font-family:Arial;\u0027\u003e\u003cb\u003eשם:\u003c/b\u003e דפנה גיל\u003cbr/\u003e\u003cb\u003eאתר:\u003c/b\u003e יגור\u003cbr/\u003e\u003cb\u003eתאריך:\u003c/b\u003e 16-05-2026\u003cbr/\u003e\u003cb\u003eID:\u003c/b\u003e 4466\u003cbr/\u003e\u003cb\u003eFB:\u003c/b\u003e \u003ca href=\u0027https://www.facebook.com/groups/beshvil.yael/posts/3973440936282361\u0027\u003ehttps://www.facebook.com/groups/beshvil.yael/posts/3973440936282361\u003c/a\u003e\u003cbr/\u003e\u003cbr/\u003e\u003cimg src=\u0027https://drive.google.com/uc?export=view\u0026amp;id=19JulxJthxgYhZ8Xc_gs_e1N6Z7Sxe0W4\u0027 width=\u0027450\u0027/\u003e\u003cbr/\u003e\u003c/div\u003e",
                                            "tessellate":  -1,
                                            "extrude":  0,
                                            "visibility":  -1
                                        },
                         "geometry":  {
                                          "type":  "Point",
                                          "coordinates":  [
                                                              35.07339,
                                                              32.74528,
                                                              0.0
                                                          ]
                                      }
                     },
                     {
                         "type":  "Feature",
                         "properties":  {
                                            "Name":  "#4017",
                                            "description":  "\u003cdiv dir=\u0027rtl\u0027 style=\u0027font-family:Arial;\u0027\u003e\u003cb\u003eשם:\u003c/b\u003e יעל פלדמן\u003cbr/\u003e\u003cb\u003eאתר:\u003c/b\u003e חוף אכזיב\u003cbr/\u003e\u003cb\u003eתאריך:\u003c/b\u003e 09-08-2025\u003cbr/\u003e\u003cb\u003eID:\u003c/b\u003e 1465\u003cbr/\u003e\u003cb\u003eFB:\u003c/b\u003e \u003ca href=\u0027https://www.facebook.com/groups/beshvil.yael/posts/3716216895338101/\u0027\u003ehttps://www.facebook.com/groups/beshvil.yael/posts/3716216895338101/\u003c/a\u003e\u003cbr/\u003e\u003cbr/\u003e\u003cimg src=\u0027https://drive.google.com/uc?export=view\u0026amp;id=1yNmCMXGvYQQ1562dTHW4s4c050LWeqiW\u0027 width=\u0027450\u0027/\u003e\u003cbr/\u003e\u003c/div\u003e",
                                            "tessellate":  -1,
                                            "extrude":  0,
                                            "visibility":  -1
                                        },
                         "geometry":  {
                                          "type":  "Point",
                                          "coordinates":  [
                                                              35.1003266,
                                                              33.0440103,
                                                              0.0
                                                          ]
                                      }
                     },
                     {
                         "type":  "Feature",
                         "properties":  {
                                            "Name":  "#4017",
                                            "description":  "\u003cdiv dir=\u0027rtl\u0027 style=\u0027font-family:Arial;\u0027\u003e\u003cb\u003eשם:\u003c/b\u003e יעל פלדמן\u003cbr/\u003e\u003cb\u003eאתר:\u003c/b\u003e עיו שמר\u003cbr/\u003e\u003cb\u003eתאריך:\u003c/b\u003e 22-08-2025\u003cbr/\u003e\u003cb\u003eID:\u003c/b\u003e 1619\u003cbr/\u003e\u003cb\u003eFB:\u003c/b\u003e \u003ca href=\u0027https://www.facebook.com/groups/beshvil.yael/posts/3728562814103509/\u0027\u003ehttps://www.facebook.com/groups/beshvil.yael/posts/3728562814103509/\u003c/a\u003e\u003cbr/\u003e\u003cbr/\u003e\u003cimg src=\u0027https://drive.google.com/uc?export=view\u0026amp;id=1-SbkICRfG5Yyz1NqxJqI7fB63hfEfuYk\u0027 width=\u0027450\u0027/\u003e\u003cbr/\u003e\u003c/div\u003e",
                                            "tessellate":  -1,
                                            "extrude":  0,
                                            "visibility":  -1
                                        },
                         "geometry":  {
                                          "type":  "Point",
                                          "coordinates":  [
                                                              35.00507,
                                                              32.46093,
                                                              0.0
                                                          ]
                                      }
                     },
                     {
                         "type":  "Feature",
                         "properties":  {
                                            "Name":  "#4017",
                                            "description":  "\u003cdiv dir=\u0027rtl\u0027 style=\u0027font-family:Arial;\u0027\u003e\u003cb\u003eשם:\u003c/b\u003e יעל פלדמן\u003cbr/\u003e\u003cb\u003eאתר:\u003c/b\u003e הקאמרי\u003cbr/\u003e\u003cb\u003eתאריך:\u003c/b\u003e 18-02-2026\u003cbr/\u003e\u003cb\u003eID:\u003c/b\u003e 3766\u003cbr/\u003e\u003cb\u003eFB:\u003c/b\u003e \u003ca href=\u0027https://www.facebook.com/groups/beshvil.yael/posts/3894447587515030/\u0027\u003ehttps://www.facebook.com/groups/beshvil.yael/posts/3894447587515030/\u003c/a\u003e\u003cbr/\u003e\u003cbr/\u003e\u003cimg src=\u0027https://drive.google.com/uc?export=view\u0026amp;id=1Jd6hWuE7evAxUwixooP3XYs4hTahZSMM\u0027 width=\u0027450\u0027/\u003e\u003cbr/\u003e\u003c/div\u003e",
                                            "tessellate":  -1,
                                            "extrude":  0,
                                            "visibility":  -1
                                        },
                         "geometry":  {
                                          "type":  "Point",
                                          "coordinates":  [
                                                              34.78462,
                                                              32.07668,
                                                              0.0
                                                          ]
                                      }
                     },
                     {
                         "type":  "Feature",
                         "properties":  {
                                            "Name":  "#4017",
                                            "description":  "\u003cdiv dir=\u0027rtl\u0027 style=\u0027font-family:Arial;\u0027\u003e\u003cb\u003eשם:\u003c/b\u003e יעל פלדמן\u003cbr/\u003e\u003cb\u003eאתר:\u003c/b\u003e העוגן\u003cbr/\u003e\u003cb\u003eתאריך:\u003c/b\u003e 08-03-2026\u003cbr/\u003e\u003cb\u003eID:\u003c/b\u003e 3932\u003cbr/\u003e\u003cb\u003eFB:\u003c/b\u003e \u003ca href=\u0027https://www.facebook.com/groups/beshvil.yael/posts/3910670895892699\u0027\u003ehttps://www.facebook.com/groups/beshvil.yael/posts/3910670895892699\u003c/a\u003e\u003cbr/\u003e\u003cbr/\u003e\u003cimg src=\u0027https://drive.google.com/uc?export=view\u0026amp;id=1-fL4wmC69T7_TFedJzYKweMbYJcxPIfp\u0027 width=\u0027450\u0027/\u003e\u003cbr/\u003e\u003c/div\u003e",
                                            "tessellate":  -1,
                                            "extrude":  0,
                                            "visibility":  -1
                                        },
                         "geometry":  {
                                          "type":  "Point",
                                          "coordinates":  [
                                                              34.92235,
                                                              32.35924,
                                                              0.0
                                                          ]
                                      }
                     },
                     {
                         "type":  "Feature",
                         "properties":  {
                                            "Name":  "#4017",
                                            "description":  "\u003cdiv dir=\u0027rtl\u0027 style=\u0027font-family:Arial;\u0027\u003e\u003cb\u003eשם:\u003c/b\u003e יעל פלדמן\u003cbr/\u003e\u003cb\u003eאתר:\u003c/b\u003e כפר יונה\u003cbr/\u003e\u003cb\u003eתאריך:\u003c/b\u003e 20-03-2026\u003cbr/\u003e\u003cb\u003eID:\u003c/b\u003e 3973\u003cbr/\u003e\u003cb\u003eFB:\u003c/b\u003e \u003ca href=\u0027https://www.facebook.com/groups/beshvil.yael/posts/3920768128216309/\u0027\u003ehttps://www.facebook.com/groups/beshvil.yael/posts/3920768128216309/\u003c/a\u003e\u003cbr/\u003e\u003cbr/\u003e\u003cimg src=\u0027https://drive.google.com/uc?export=view\u0026amp;id=1nZCoOpvNvLOEzjvUfXaRM9N5DcHtZO6T\u0027 width=\u0027450\u0027/\u003e\u003cbr/\u003e\u003c/div\u003e",
                                            "tessellate":  -1,
                                            "extrude":  0,
                                            "visibility":  -1
                                        },
                         "geometry":  {
                                          "type":  "Point",
                                          "coordinates":  [
                                                              34.93713,
                                                              32.31067,
                                                              0.0
                                                          ]
                                      }
                     },
                     {
                         "type":  "Feature",
                         "properties":  {
                                            "Name":  "#4017",
                                            "description":  "\u003cdiv dir=\u0027rtl\u0027 style=\u0027font-family:Arial;\u0027\u003e\u003cb\u003eשם:\u003c/b\u003e יעל פלדמן\u003cbr/\u003e\u003cb\u003eאתר:\u003c/b\u003e אביחיל\u003cbr/\u003e\u003cb\u003eתאריך:\u003c/b\u003e 21-04-2026\u003cbr/\u003e\u003cb\u003eID:\u003c/b\u003e 4190\u003cbr/\u003e\u003cb\u003eFB:\u003c/b\u003e \u003ca href=\u0027https://www.facebook.com/groups/beshvil.yael/posts/3950129098613545\u0027\u003ehttps://www.facebook.com/groups/beshvil.yael/posts/3950129098613545\u003c/a\u003e\u003cbr/\u003e\u003cbr/\u003e\u003cimg src=\u0027https://drive.google.com/uc?export=view\u0026amp;id=1HUzm8Pkm0dTSREUXcPfwqT5vk5z8E9mY\u0027 width=\u0027450\u0027/\u003e\u003cbr/\u003e\u003c/div\u003e",
                                            "tessellate":  -1,
                                            "extrude":  0,
                                            "visibility":  -1
                                        },
                         "geometry":  {
                                          "type":  "Point",
                                          "coordinates":  [
                                                              34.87148,
                                                              32.34929,
                                                              0.0
                                                          ]
                                      }
                     },
                     {
                         "type":  "Feature",
                         "properties":  {
                                            "Name":  "#3484",
                                            "description":  "\u003cdiv dir=\u0027rtl\u0027 style=\u0027font-family:Arial;\u0027\u003e\u003cb\u003eשם:\u003c/b\u003e עמית לרנר\u003cbr/\u003e\u003cb\u003eאתר:\u003c/b\u003e כנרת\u003cbr/\u003e\u003cb\u003eתאריך:\u003c/b\u003e 10-10-2025\u003cbr/\u003e\u003cb\u003eID:\u003c/b\u003e 2307\u003cbr/\u003e\u003cb\u003eFB:\u003c/b\u003e \u003ca href=\u0027https://www.facebook.com/groups/beshvil.yael/posts/3775321589427631/\u0027\u003ehttps://www.facebook.com/groups/beshvil.yael/posts/3775321589427631/\u003c/a\u003e\u003cbr/\u003e\u003cbr/\u003e\u003cimg src=\u0027https://drive.google.com/uc?export=view\u0026amp;id=1b_rhrNaBK69kZulem4jQ50IHAPssu7-o\u0027 width=\u0027450\u0027/\u003e\u003cbr/\u003e\u003c/div\u003e",
                                            "tessellate":  -1,
                                            "extrude":  0,
                                            "visibility":  -1
                                        },
                         "geometry":  {
                                          "type":  "Point",
                                          "coordinates":  [
                                                              35.54912,
                                                              32.74794,
                                                              0.0
                                                          ]
                                      }
                     },
                     {
                         "type":  "Feature",
                         "properties":  {
                                            "Name":  "#3502",
                                            "description":  "\u003cdiv dir=\u0027rtl\u0027 style=\u0027font-family:Arial;\u0027\u003e\u003cb\u003eשם:\u003c/b\u003e עמית ספיבק\u003cbr/\u003e\u003cb\u003eאתר:\u003c/b\u003e טיילת דרום רמת הגולן\u003cbr/\u003e\u003cb\u003eתאריך:\u003c/b\u003e 14-07-2025\u003cbr/\u003e\u003cb\u003eID:\u003c/b\u003e 1186\u003cbr/\u003e\u003cb\u003eFB:\u003c/b\u003e \u003ca href=\u0027https://www.facebook.com/groups/beshvil.yael/posts/3694021394224318/\u0027\u003ehttps://www.facebook.com/groups/beshvil.yael/posts/3694021394224318/\u003c/a\u003e\u003cbr/\u003e\u003cbr/\u003e\u003cimg src=\u0027https://drive.google.com/uc?export=view\u0026amp;id=1c6N7lsDUOE9kKas591CTL8PZnEdW9LYB\u0027 width=\u0027450\u0027/\u003e\u003cbr/\u003e\u003c/div\u003e",
                                            "tessellate":  -1,
                                            "extrude":  0,
                                            "visibility":  -1
                                        },
                         "geometry":  {
                                          "type":  "Point",
                                          "coordinates":  [
                                                              35.7601953,
                                                              32.8481973,
                                                              0.0
                                                          ]
                                      }
                     },
                     {
                         "type":  "Feature",
                         "properties":  {
                                            "Name":  "#3502",
                                            "description":  "\u003cdiv dir=\u0027rtl\u0027 style=\u0027font-family:Arial;\u0027\u003e\u003cb\u003eשם:\u003c/b\u003e עמית ספיבק\u003cbr/\u003e\u003cb\u003eאתר:\u003c/b\u003e בית ספר שדה גולן\u003cbr/\u003e\u003cb\u003eתאריך:\u003c/b\u003e 31-07-2025\u003cbr/\u003e\u003cb\u003eID:\u003c/b\u003e 1352\u003cbr/\u003e\u003cb\u003eFB:\u003c/b\u003e \u003ca href=\u0027https://www.facebook.com/groups/beshvil.yael/posts/3708667936092997/\u0027\u003ehttps://www.facebook.com/groups/beshvil.yael/posts/3708667936092997/\u003c/a\u003e\u003cbr/\u003e\u003cbr/\u003e\u003cimg src=\u0027https://drive.google.com/uc?export=view\u0026amp;id=1iKphGmIZYKHD6AMGDmCEo5xLEkJ38rI5\u0027 width=\u0027450\u0027/\u003e\u003cbr/\u003e\u003c/div\u003e",
                                            "tessellate":  -1,
                                            "extrude":  0,
                                            "visibility":  -1
                                        },
                         "geometry":  {
                                          "type":  "Point",
                                          "coordinates":  [
                                                              35.6950993,
                                                              32.9940481,
                                                              0.0
                                                          ]
                                      }
                     },
                     {
                         "type":  "Feature",
                         "properties":  {
                                            "Name":  "#3502",
                                            "description":  "\u003cdiv dir=\u0027rtl\u0027 style=\u0027font-family:Arial;\u0027\u003e\u003cb\u003eשם:\u003c/b\u003e עמית ספיבק\u003cbr/\u003e\u003cb\u003eאתר:\u003c/b\u003e כפר גלעדי\u003cbr/\u003e\u003cb\u003eתאריך:\u003c/b\u003e 27-08-2025\u003cbr/\u003e\u003cb\u003eID:\u003c/b\u003e 1671\u003cbr/\u003e\u003cb\u003eFB:\u003c/b\u003e \u003ca href=\u0027https://www.facebook.com/groups/beshvil.yael/posts/3733863970240060/\u0027\u003ehttps://www.facebook.com/groups/beshvil.yael/posts/3733863970240060/\u003c/a\u003e\u003cbr/\u003e\u003cbr/\u003e\u003cimg src=\u0027https://drive.google.com/uc?export=view\u0026amp;id=16b6eVLBbs1OhS1f8n3sZu9MJ2NaleeZR\u0027 width=\u0027450\u0027/\u003e\u003cbr/\u003e\u003c/div\u003e",
                                            "tessellate":  -1,
                                            "extrude":  0,
                                            "visibility":  -1
                                        },
                         "geometry":  {
                                          "type":  "Point",
                                          "coordinates":  [
                                                              35.5765139,
                                                              33.2388103,
                                                              0.0
                                                          ]
                                      }
                     },
                     {
                         "type":  "Feature",
                         "properties":  {
                                            "Name":  "#3502",
                                            "description":  "\u003cdiv dir=\u0027rtl\u0027 style=\u0027font-family:Arial;\u0027\u003e\u003cb\u003eשם:\u003c/b\u003e עמית ספיבק\u003cbr/\u003e\u003cb\u003eאתר:\u003c/b\u003e שביל הגולן - צפון\u003cbr/\u003e\u003cb\u003eתאריך:\u003c/b\u003e 21-10-2025\u003cbr/\u003e\u003cb\u003eID:\u003c/b\u003e 2475\u003cbr/\u003e\u003cb\u003eFB:\u003c/b\u003e \u003ca href=\u0027https://www.facebook.com/groups/beshvil.yael/posts/3786666878293102/\u0027\u003ehttps://www.facebook.com/groups/beshvil.yael/posts/3786666878293102/\u003c/a\u003e\u003cbr/\u003e\u003cbr/\u003e\u003cimg src=\u0027https://drive.google.com/uc?export=view\u0026amp;id=1hgJXQZiy-pLrCf1fF3ZyzTgPiqd4MGmb\u0027 width=\u0027450\u0027/\u003e\u003cbr/\u003e\u003c/div\u003e",
                                            "tessellate":  -1,
                                            "extrude":  0,
                                            "visibility":  -1
                                        },
                         "geometry":  {
                                          "type":  "Point",
                                          "coordinates":  [
                                                              35.75775,
                                                              33.29318,
                                                              0.0
                                                          ]
                                      }
                     },
                     {
                         "type":  "Feature",
                         "properties":  {
                                            "Name":  "#3502",
                                            "description":  "\u003cdiv dir=\u0027rtl\u0027 style=\u0027font-family:Arial;\u0027\u003e\u003cb\u003eשם:\u003c/b\u003e עמית ספיבק\u003cbr/\u003e\u003cb\u003eאתר:\u003c/b\u003e הרי נפתלי\u003cbr/\u003e\u003cb\u003eתאריך:\u003c/b\u003e 06-11-2025\u003cbr/\u003e\u003cb\u003eID:\u003c/b\u003e 2632\u003cbr/\u003e\u003cb\u003eFB:\u003c/b\u003e \u003ca href=\u0027https://www.facebook.com/groups/beshvil.yael/posts/3802248543401602/\u0027\u003ehttps://www.facebook.com/groups/beshvil.yael/posts/3802248543401602/\u003c/a\u003e\u003cbr/\u003e\u003cbr/\u003e\u003cimg src=\u0027https://drive.google.com/uc?export=view\u0026amp;id=1lnYIH5w9DmncuH1SFuj71VkrOBLCDrat\u0027 width=\u0027450\u0027/\u003e\u003cbr/\u003e\u003c/div\u003e",
                                            "tessellate":  -1,
                                            "extrude":  0,
                                            "visibility":  -1
                                        },
                         "geometry":  {
                                          "type":  "Point",
                                          "coordinates":  [
                                                              35.55034,
                                                              33.19688,
                                                              0.0
                                                          ]
                                      }
                     },
                     {
                         "type":  "Feature",
                         "properties":  {
                                            "Name":  "#3502",
                                            "description":  "\u003cdiv dir=\u0027rtl\u0027 style=\u0027font-family:Arial;\u0027\u003e\u003cb\u003eשם:\u003c/b\u003e עמית ספיבק\u003cbr/\u003e\u003cb\u003eאתר:\u003c/b\u003e נחל אוג תיכון\u003cbr/\u003e\u003cb\u003eתאריך:\u003c/b\u003e 15-02-2026\u003cbr/\u003e\u003cb\u003eID:\u003c/b\u003e 3722\u003cbr/\u003e\u003cb\u003eFB:\u003c/b\u003e \u003ca href=\u0027https://www.facebook.com/groups/beshvil.yael/posts/3890946691198453/\u0027\u003ehttps://www.facebook.com/groups/beshvil.yael/posts/3890946691198453/\u003c/a\u003e\u003cbr/\u003e\u003cbr/\u003e\u003cimg src=\u0027https://drive.google.com/uc?export=view\u0026amp;id=1i-pDhLc3bKLmP-819j8gSe3-JuHesDh-\u0027 width=\u0027450\u0027/\u003e\u003cbr/\u003e\u003c/div\u003e",
                                            "tessellate":  -1,
                                            "extrude":  0,
                                            "visibility":  -1
                                        },
                         "geometry":  {
                                          "type":  "Point",
                                          "coordinates":  [
                                                              35.38899,
                                                              31.76352,
                                                              0.0
                                                          ]
                                      }
                     },
                     {
                         "type":  "Feature",
                         "properties":  {
                                            "Name":  "#3508",
                                            "description":  "\u003cdiv dir=\u0027rtl\u0027 style=\u0027font-family:Arial;\u0027\u003e\u003cb\u003eשם:\u003c/b\u003e יהודית לובנשטיין\u003cbr/\u003e\u003cb\u003eאתר:\u003c/b\u003e בית אהרונסון זכרון יעקב\u003cbr/\u003e\u003cb\u003eתאריך:\u003c/b\u003e 29-07-2025\u003cbr/\u003e\u003cb\u003eID:\u003c/b\u003e 1327\u003cbr/\u003e\u003cb\u003eFB:\u003c/b\u003e \u003ca href=\u0027https://www.facebook.com/groups/beshvil.yael/posts/3706729296286861/\u0027\u003ehttps://www.facebook.com/groups/beshvil.yael/posts/3706729296286861/\u003c/a\u003e\u003cbr/\u003e\u003cbr/\u003e\u003cimg src=\u0027https://drive.google.com/uc?export=view\u0026amp;id=1mmt7FITAsLcmPxW01Ygg0zWT_TgqrzZZ\u0027 width=\u0027450\u0027/\u003e\u003cbr/\u003e\u003c/div\u003e",
                                            "tessellate":  -1,
                                            "extrude":  0,
                                            "visibility":  -1
                                        },
                         "geometry":  {
                                          "type":  "Point",
                                          "coordinates":  [
                                                              34.9542537,
                                                              32.5725093,
                                                              0.0
                                                          ]
                                      }
                     },
                     {
                         "type":  "Feature",
                         "properties":  {
                                            "Name":  "#3508",
                                            "description":  "\u003cdiv dir=\u0027rtl\u0027 style=\u0027font-family:Arial;\u0027\u003e\u003cb\u003eשם:\u003c/b\u003e יהודית לובנשטיין\u003cbr/\u003e\u003cb\u003eאתר:\u003c/b\u003e חוף נחשולים\u003cbr/\u003e\u003cb\u003eתאריך:\u003c/b\u003e 30-07-2025\u003cbr/\u003e\u003cb\u003eID:\u003c/b\u003e 1339\u003cbr/\u003e\u003cb\u003eFB:\u003c/b\u003e \u003ca href=\u0027https://www.facebook.com/groups/beshvil.yael/posts/3707797162846741/\u0027\u003ehttps://www.facebook.com/groups/beshvil.yael/posts/3707797162846741/\u003c/a\u003e\u003cbr/\u003e\u003cbr/\u003e\u003cimg src=\u0027https://drive.google.com/uc?export=view\u0026amp;id=1tXow4-5fabjkIUqorzH0UMLdMd55S0r_\u0027 width=\u0027450\u0027/\u003e\u003cbr/\u003e\u003c/div\u003e",
                                            "tessellate":  -1,
                                            "extrude":  0,
                                            "visibility":  -1
                                        },
                         "geometry":  {
                                          "type":  "Point",
                                          "coordinates":  [
                                                              34.9199199,
                                                              32.6250375,
                                                              0.0
                                                          ]
                                      }
                     },
                     {
                         "type":  "Feature",
                         "properties":  {
                                            "Name":  "#3508",
                                            "description":  "\u003cdiv dir=\u0027rtl\u0027 style=\u0027font-family:Arial;\u0027\u003e\u003cb\u003eשם:\u003c/b\u003e יהודית לובנשטיין\u003cbr/\u003e\u003cb\u003eאתר:\u003c/b\u003e קסריה\u003cbr/\u003e\u003cb\u003eתאריך:\u003c/b\u003e 31-07-2025\u003cbr/\u003e\u003cb\u003eID:\u003c/b\u003e 1357\u003cbr/\u003e\u003cb\u003eFB:\u003c/b\u003e \u003ca href=\u0027https://www.facebook.com/groups/beshvil.yael/posts/3708917536068037/\u0027\u003ehttps://www.facebook.com/groups/beshvil.yael/posts/3708917536068037/\u003c/a\u003e\u003cbr/\u003e\u003cbr/\u003e\u003cimg src=\u0027https://drive.google.com/uc?export=view\u0026amp;id=1tioiGDRG7bpz330JJ_bpIO7h2YAMandf\u0027 width=\u0027450\u0027/\u003e\u003cbr/\u003e\u003c/div\u003e",
                                            "tessellate":  -1,
                                            "extrude":  0,
                                            "visibility":  -1
                                        },
                         "geometry":  {
                                          "type":  "Point",
                                          "coordinates":  [
                                                              34.8998425,
                                                              32.5170608,
                                                              0.0
                                                          ]
                                      }
                     },
                     {
                         "type":  "Feature",
                         "properties":  {
                                            "Name":  "#3508",
                                            "description":  "\u003cdiv dir=\u0027rtl\u0027 style=\u0027font-family:Arial;\u0027\u003e\u003cb\u003eשם:\u003c/b\u003e יהודית לובנשטיין\u003cbr/\u003e\u003cb\u003eאתר:\u003c/b\u003e ירושלים\u003cbr/\u003e\u003cb\u003eתאריך:\u003c/b\u003e 24-02-2026\u003cbr/\u003e\u003cb\u003eID:\u003c/b\u003e 3852\u003cbr/\u003e\u003cb\u003eFB:\u003c/b\u003e \u003ca href=\u0027https://www.facebook.com/groups/beshvil.yael/posts/3899827116977077/\u0027\u003ehttps://www.facebook.com/groups/beshvil.yael/posts/3899827116977077/\u003c/a\u003e\u003cbr/\u003e\u003cbr/\u003e\u003cimg src=\u0027https://drive.google.com/uc?export=view\u0026amp;id=1NVJbuNMQjR4FSnIfc2bijYERGZmrwmgD\u0027 width=\u0027450\u0027/\u003e\u003cbr/\u003e\u003c/div\u003e",
                                            "tessellate":  -1,
                                            "extrude":  0,
                                            "visibility":  -1
                                        },
                         "geometry":  {
                                          "type":  "Point",
                                          "coordinates":  [
                                                              35.21385,
                                                              31.76783,
                                                              0.0
                                                          ]
                                      }
                     },
                     {
                         "type":  "Feature",
                         "properties":  {
                                            "Name":  "#3508",
                                            "description":  "\u003cdiv dir=\u0027rtl\u0027 style=\u0027font-family:Arial;\u0027\u003e\u003cb\u003eשם:\u003c/b\u003e יהודית לובנשטיין\u003cbr/\u003e\u003cb\u003eאתר:\u003c/b\u003e טיילת ארמון הנציב\u003cbr/\u003e\u003cb\u003eתאריך:\u003c/b\u003e 09-05-2026\u003cbr/\u003e\u003cb\u003eID:\u003c/b\u003e 4396\u003cbr/\u003e\u003cb\u003eFB:\u003c/b\u003e \u003ca href=\u0027https://www.facebook.com/groups/beshvil.yael/posts/3966917223601399/\u0027\u003ehttps://www.facebook.com/groups/beshvil.yael/posts/3966917223601399/\u003c/a\u003e\u003cbr/\u003e\u003cbr/\u003e\u003cimg src=\u0027https://drive.google.com/uc?export=view\u0026amp;id=1UzXiF8NXiyHuy625LRsGLoRJs8m4pbDF\u0027 width=\u0027450\u0027/\u003e\u003cbr/\u003e\u003c/div\u003e",
                                            "tessellate":  -1,
                                            "extrude":  0,
                                            "visibility":  -1
                                        },
                         "geometry":  {
                                          "type":  "Point",
                                          "coordinates":  [
                                                              35.23095,
                                                              31.75484,
                                                              0.0
                                                          ]
                                      }
                     },
                     {
                         "type":  "Feature",
                         "properties":  {
                                            "Name":  "#3513",
                                            "description":  "\u003cdiv dir=\u0027rtl\u0027 style=\u0027font-family:Arial;\u0027\u003e\u003cb\u003eשם:\u003c/b\u003e הדר גולדשמיד\u003cbr/\u003e\u003cb\u003eאתר:\u003c/b\u003e חרמוןן\u003cbr/\u003e\u003cb\u003eתאריך:\u003c/b\u003e 06-08-2025\u003cbr/\u003e\u003cb\u003eID:\u003c/b\u003e 1418\u003cbr/\u003e\u003cb\u003eFB:\u003c/b\u003e \u003ca href=\u0027https://www.facebook.com/groups/beshvil.yael/posts/3714140705545720/\u0027\u003ehttps://www.facebook.com/groups/beshvil.yael/posts/3714140705545720/\u003c/a\u003e\u003cbr/\u003e\u003cbr/\u003e\u003cimg src=\u0027https://drive.google.com/uc?export=view\u0026amp;id=1c44-S3bFlFn9I5TYo4gRLoPv4jEcwSDm\u0027 width=\u0027450\u0027/\u003e\u003cbr/\u003e\u003c/div\u003e",
                                            "tessellate":  -1,
                                            "extrude":  0,
                                            "visibility":  -1
                                        },
                         "geometry":  {
                                          "type":  "Point",
                                          "coordinates":  [
                                                              35.7824935,
                                                              33.3076306,
                                                              0.0
                                                          ]
                                      }
                     },
                     {
                         "type":  "Feature",
                         "properties":  {
                                            "Name":  "#3516",
                                            "description":  "\u003cdiv dir=\u0027rtl\u0027 style=\u0027font-family:Arial;\u0027\u003e\u003cb\u003eשם:\u003c/b\u003e גלעד ולפיש\u003cbr/\u003e\u003cb\u003eאתר:\u003c/b\u003e עין עבדת\u003cbr/\u003e\u003cb\u003eתאריך:\u003c/b\u003e 19-10-2025\u003cbr/\u003e\u003cb\u003eID:\u003c/b\u003e 2455\u003cbr/\u003e\u003cb\u003eFB:\u003c/b\u003e \u003ca href=\u0027https://www.facebook.com/groups/beshvil.yael/posts/3784846745141782\u0027\u003ehttps://www.facebook.com/groups/beshvil.yael/posts/3784846745141782\u003c/a\u003e\u003cbr/\u003e\u003cbr/\u003e\u003cimg src=\u0027https://drive.google.com/uc?export=view\u0026amp;id=1IaxMkUrdUlQErac3fFqgAahiCiSGq60k\u0027 width=\u0027450\u0027/\u003e\u003cbr/\u003e\u003c/div\u003e",
                                            "tessellate":  -1,
                                            "extrude":  0,
                                            "visibility":  -1
                                        },
                         "geometry":  {
                                          "type":  "Point",
                                          "coordinates":  [
                                                              34.76312,
                                                              30.82622,
                                                              0.0
                                                          ]
                                      }
                     },
                     {
                         "type":  "Feature",
                         "properties":  {
                                            "Name":  "#3520",
                                            "description":  "\u003cdiv dir=\u0027rtl\u0027 style=\u0027font-family:Arial;\u0027\u003e\u003cb\u003eשם:\u003c/b\u003e הילית קראוס ישראל\u003cbr/\u003e\u003cb\u003eאתר:\u003c/b\u003e ירושלים\u003cbr/\u003e\u003cb\u003eתאריך:\u003c/b\u003e 16-08-2025\u003cbr/\u003e\u003cb\u003eID:\u003c/b\u003e 1553\u003cbr/\u003e\u003cb\u003eFB:\u003c/b\u003e \u003ca href=\u0027https://www.facebook.com/groups/beshvil.yael/posts/3723357664624024/\u0027\u003ehttps://www.facebook.com/groups/beshvil.yael/posts/3723357664624024/\u003c/a\u003e\u003cbr/\u003e\u003cbr/\u003e\u003cimg src=\u0027https://drive.google.com/uc?export=view\u0026amp;id=1eljGul7NY7n-Ij0SMKKfQMz-QuoQ1hIU\u0027 width=\u0027450\u0027/\u003e\u003cbr/\u003e\u003c/div\u003e",
                                            "tessellate":  -1,
                                            "extrude":  0,
                                            "visibility":  -1
                                        },
                         "geometry":  {
                                          "type":  "Point",
                                          "coordinates":  [
                                                              35.1974271,
                                                              31.7527676,
                                                              0.0
                                                          ]
                                      }
                     },
                     {
                         "type":  "Feature",
                         "properties":  {
                                            "Name":  "#3520",
                                            "description":  "\u003cdiv dir=\u0027rtl\u0027 style=\u0027font-family:Arial;\u0027\u003e\u003cb\u003eשם:\u003c/b\u003e הילית קראוס ישראל\u003cbr/\u003e\u003cb\u003eאתר:\u003c/b\u003e קירית שמונה\u003cbr/\u003e\u003cb\u003eתאריך:\u003c/b\u003e 15-09-2025\u003cbr/\u003e\u003cb\u003eID:\u003c/b\u003e 1891\u003cbr/\u003e\u003cb\u003eFB:\u003c/b\u003e \u003ca href=\u0027https://www.facebook.com/groups/beshvil.yael/posts/3751151755177948/\u0027\u003ehttps://www.facebook.com/groups/beshvil.yael/posts/3751151755177948/\u003c/a\u003e\u003cbr/\u003e\u003cbr/\u003e\u003cimg src=\u0027https://drive.google.com/uc?export=view\u0026amp;id=10AVqkhocBrrAvAjaEW27s8IkVaknR9Be\u0027 width=\u0027450\u0027/\u003e\u003cbr/\u003e\u003c/div\u003e",
                                            "tessellate":  -1,
                                            "extrude":  0,
                                            "visibility":  -1
                                        },
                         "geometry":  {
                                          "type":  "Point",
                                          "coordinates":  [
                                                              35.57365,
                                                              33.20966,
                                                              0.0
                                                          ]
                                      }
                     },
                     {
                         "type":  "Feature",
                         "properties":  {
                                            "Name":  "#3520",
                                            "description":  "\u003cdiv dir=\u0027rtl\u0027 style=\u0027font-family:Arial;\u0027\u003e\u003cb\u003eשם:\u003c/b\u003e הילית קראוס ישראל\u003cbr/\u003e\u003cb\u003eאתר:\u003c/b\u003e מצוקי דרגות\u003cbr/\u003e\u003cb\u003eתאריך:\u003c/b\u003e 24-10-2025\u003cbr/\u003e\u003cb\u003eID:\u003c/b\u003e 2505\u003cbr/\u003e\u003cb\u003eFB:\u003c/b\u003e \u003ca href=\u0027https://www.facebook.com/groups/beshvil.yael/posts/3789396714686785\u0027\u003ehttps://www.facebook.com/groups/beshvil.yael/posts/3789396714686785\u003c/a\u003e\u003cbr/\u003e\u003cbr/\u003e\u003cimg src=\u0027https://drive.google.com/uc?export=view\u0026amp;id=1l35WUsLJuzWqC3V91go8n4N6QCi4Etyj\u0027 width=\u0027450\u0027/\u003e\u003cbr/\u003e\u003c/div\u003e",
                                            "tessellate":  -1,
                                            "extrude":  0,
                                            "visibility":  -1
                                        },
                         "geometry":  {
                                          "type":  "Point",
                                          "coordinates":  [
                                                              35.39002,
                                                              31.59071,
                                                              0.0
                                                          ]
                                      }
                     },
                     {
                         "type":  "Feature",
                         "properties":  {
                                            "Name":  "#3520",
                                            "description":  "\u003cdiv dir=\u0027rtl\u0027 style=\u0027font-family:Arial;\u0027\u003e\u003cb\u003eשם:\u003c/b\u003e הילית קראוס ישראל\u003cbr/\u003e\u003cb\u003eאתר:\u003c/b\u003e אשדוד\u003cbr/\u003e\u003cb\u003eתאריך:\u003c/b\u003e 02-12-2025\u003cbr/\u003e\u003cb\u003eID:\u003c/b\u003e 2940\u003cbr/\u003e\u003cb\u003eFB:\u003c/b\u003e \u003ca href=\u0027https://www.facebook.com/groups/beshvil.yael/posts/3824519534507836\u0027\u003ehttps://www.facebook.com/groups/beshvil.yael/posts/3824519534507836\u003c/a\u003e\u003cbr/\u003e\u003cbr/\u003e\u003cimg src=\u0027https://drive.google.com/uc?export=view\u0026amp;id=1FJZGPCL47H6J0-Xev_xRYj7LCgMf7x-a\u0027 width=\u0027450\u0027/\u003e\u003cbr/\u003e\u003c/div\u003e",
                                            "tessellate":  -1,
                                            "extrude":  0,
                                            "visibility":  -1
                                        },
                         "geometry":  {
                                          "type":  "Point",
                                          "coordinates":  [
                                                              34.63471,
                                                              31.80438,
                                                              0.0
                                                          ]
                                      }
                     },
                     {
                         "type":  "Feature",
                         "properties":  {
                                            "Name":  "#3520",
                                            "description":  "\u003cdiv dir=\u0027rtl\u0027 style=\u0027font-family:Arial;\u0027\u003e\u003cb\u003eשם:\u003c/b\u003e הילית קראוס ישראל\u003cbr/\u003e\u003cb\u003eאתר:\u003c/b\u003e אילת\u003cbr/\u003e\u003cb\u003eתאריך:\u003c/b\u003e 06-02-2026\u003cbr/\u003e\u003cb\u003eID:\u003c/b\u003e 3600\u003cbr/\u003e\u003cb\u003eFB:\u003c/b\u003e \u003ca href=\u0027https://www.facebook.com/groups/beshvil.yael/posts/3882671935359262\u0027\u003ehttps://www.facebook.com/groups/beshvil.yael/posts/3882671935359262\u003c/a\u003e\u003cbr/\u003e\u003cbr/\u003e\u003cimg src=\u0027https://drive.google.com/uc?export=view\u0026amp;id=1R9RF5A4OTWBWVSalLwYvBMVVuKUJdU1e\u0027 width=\u0027450\u0027/\u003e\u003cbr/\u003e\u003c/div\u003e",
                                            "tessellate":  -1,
                                            "extrude":  0,
                                            "visibility":  -1
                                        },
                         "geometry":  {
                                          "type":  "Point",
                                          "coordinates":  [
                                                              34.92033,
                                                              29.52839,
                                                              0.0
                                                          ]
                                      }
                     },
                     {
                         "type":  "Feature",
                         "properties":  {
                                            "Name":  "#3526",
                                            "description":  "\u003cdiv dir=\u0027rtl\u0027 style=\u0027font-family:Arial;\u0027\u003e\u003cb\u003eשם:\u003c/b\u003e שירלי שובל\u003cbr/\u003e\u003cb\u003eאתר:\u003c/b\u003e נחל פרת\u003cbr/\u003e\u003cb\u003eתאריך:\u003c/b\u003e 22-10-2025\u003cbr/\u003e\u003cb\u003eID:\u003c/b\u003e 2483\u003cbr/\u003e\u003cb\u003eFB:\u003c/b\u003e \u003ca href=\u0027https://www.facebook.com/groups/beshvil.yael/posts/3787371578222632\u0027\u003ehttps://www.facebook.com/groups/beshvil.yael/posts/3787371578222632\u003c/a\u003e\u003cbr/\u003e\u003cbr/\u003e\u003cimg src=\u0027https://drive.google.com/uc?export=view\u0026amp;id=1U7yv06h6Wp7-JUVpBKJZxBBY-U08E-p2\u0027 width=\u0027450\u0027/\u003e\u003cbr/\u003e\u003c/div\u003e",
                                            "tessellate":  -1,
                                            "extrude":  0,
                                            "visibility":  -1
                                        },
                         "geometry":  {
                                          "type":  "Point",
                                          "coordinates":  [
                                                              35.39928,
                                                              31.83729,
                                                              0.0
                                                          ]
                                      }
                     },
                     {
                         "type":  "Feature",
                         "properties":  {
                                            "Name":  "#3536",
                                            "description":  "\u003cdiv dir=\u0027rtl\u0027 style=\u0027font-family:Arial;\u0027\u003e\u003cb\u003eשם:\u003c/b\u003e שרון לביא\u003cbr/\u003e\u003cb\u003eאתר:\u003c/b\u003e נחל פרת\u003cbr/\u003e\u003cb\u003eתאריך:\u003c/b\u003e 10-02-2026\u003cbr/\u003e\u003cb\u003eID:\u003c/b\u003e 3665\u003cbr/\u003e\u003cb\u003eFB:\u003c/b\u003e \u003ca href=\u0027https://www.facebook.com/groups/beshvil.yael/posts/3886701681622954/\u0027\u003ehttps://www.facebook.com/groups/beshvil.yael/posts/3886701681622954/\u003c/a\u003e\u003cbr/\u003e\u003cbr/\u003e\u003cimg src=\u0027https://drive.google.com/uc?export=view\u0026amp;id=1C_aeEfNwILYa8H-N9XUUlaGwSWneV_Zb\u0027 width=\u0027450\u0027/\u003e\u003cbr/\u003e\u003c/div\u003e",
                                            "tessellate":  -1,
                                            "extrude":  0,
                                            "visibility":  -1
                                        },
                         "geometry":  {
                                          "type":  "Point",
                                          "coordinates":  [
                                                              35.39388,
                                                              31.83497,
                                                              0.0
                                                          ]
                                      }
                     },
                     {
                         "type":  "Feature",
                         "properties":  {
                                            "Name":  "#3551",
                                            "description":  "\u003cdiv dir=\u0027rtl\u0027 style=\u0027font-family:Arial;\u0027\u003e\u003cb\u003eשם:\u003c/b\u003e זלמן ספיבק\u003cbr/\u003e\u003cb\u003eאתר:\u003c/b\u003e אנדרטת התצפיתניות\u003cbr/\u003e\u003cb\u003eתאריך:\u003c/b\u003e 19-08-2025\u003cbr/\u003e\u003cb\u003eID:\u003c/b\u003e 1596\u003cbr/\u003e\u003cb\u003eFB:\u003c/b\u003e \u003ca href=\u0027https://www.facebook.com/groups/beshvil.yael/posts/3726494960976961/\u0027\u003ehttps://www.facebook.com/groups/beshvil.yael/posts/3726494960976961/\u003c/a\u003e\u003cbr/\u003e\u003cbr/\u003e\u003cimg src=\u0027https://drive.google.com/uc?export=view\u0026amp;id=1UPRCfU8s7V7veaP1g8uYYJjIFtdBGXqL\u0027 width=\u0027450\u0027/\u003e\u003cbr/\u003e\u003c/div\u003e",
                                            "tessellate":  -1,
                                            "extrude":  0,
                                            "visibility":  -1
                                        },
                         "geometry":  {
                                          "type":  "Point",
                                          "coordinates":  [
                                                              34.5191253,
                                                              31.4597337,
                                                              0.0
                                                          ]
                                      }
                     },
                     {
                         "type":  "Feature",
                         "properties":  {
                                            "Name":  "#3551",
                                            "description":  "\u003cdiv dir=\u0027rtl\u0027 style=\u0027font-family:Arial;\u0027\u003e\u003cb\u003eשם:\u003c/b\u003e זלמן ספיבק\u003cbr/\u003e\u003cb\u003eאתר:\u003c/b\u003e בית התצפיות- עמק הצבאים\u003cbr/\u003e\u003cb\u003eתאריך:\u003c/b\u003e 25-08-2025\u003cbr/\u003e\u003cb\u003eID:\u003c/b\u003e 1652\u003cbr/\u003e\u003cb\u003eFB:\u003c/b\u003e \u003ca href=\u0027https://www.facebook.com/groups/beshvil.yael/posts/3731734803786310/\u0027\u003ehttps://www.facebook.com/groups/beshvil.yael/posts/3731734803786310/\u003c/a\u003e\u003cbr/\u003e\u003cbr/\u003e\u003cimg src=\u0027https://drive.google.com/uc?export=view\u0026amp;id=1fYKRvXteaXxSOK9Wl3mnqDrmfBVGVrSr\u0027 width=\u0027450\u0027/\u003e\u003cbr/\u003e\u003c/div\u003e",
                                            "tessellate":  -1,
                                            "extrude":  0,
                                            "visibility":  -1
                                        },
                         "geometry":  {
                                          "type":  "Point",
                                          "coordinates":  [
                                                              35.1963168,
                                                              31.7584754,
                                                              0.0
                                                          ]
                                      }
                     },
                     {
                         "type":  "Feature",
                         "properties":  {
                                            "Name":  "#3551",
                                            "description":  "\u003cdiv dir=\u0027rtl\u0027 style=\u0027font-family:Arial;\u0027\u003e\u003cb\u003eשם:\u003c/b\u003e זלמן ספיבק\u003cbr/\u003e\u003cb\u003eאתר:\u003c/b\u003e מפל יהודיה\u003cbr/\u003e\u003cb\u003eתאריך:\u003c/b\u003e 26-08-2025\u003cbr/\u003e\u003cb\u003eID:\u003c/b\u003e 1655\u003cbr/\u003e\u003cb\u003eFB:\u003c/b\u003e \u003ca href=\u0027https://www.facebook.com/groups/beshvil.yael/posts/3732895420336915/\u0027\u003ehttps://www.facebook.com/groups/beshvil.yael/posts/3732895420336915/\u003c/a\u003e\u003cbr/\u003e\u003cbr/\u003e\u003cimg src=\u0027https://drive.google.com/uc?export=view\u0026amp;id=1yifumifl1V8yeRcEdt5IGS_gDjbRjEM_\u0027 width=\u0027450\u0027/\u003e\u003cbr/\u003e\u003c/div\u003e",
                                            "tessellate":  -1,
                                            "extrude":  0,
                                            "visibility":  -1
                                        },
                         "geometry":  {
                                          "type":  "Point",
                                          "coordinates":  [
                                                              35.730451,
                                                              32.9707695,
                                                              0.0
                                                          ]
                                      }
                     },
                     {
                         "type":  "Feature",
                         "properties":  {
                                            "Name":  "#3551",
                                            "description":  "\u003cdiv dir=\u0027rtl\u0027 style=\u0027font-family:Arial;\u0027\u003e\u003cb\u003eשם:\u003c/b\u003e זלמן ספיבק\u003cbr/\u003e\u003cb\u003eאתר:\u003c/b\u003e אגנון החולה\u003cbr/\u003e\u003cb\u003eתאריך:\u003c/b\u003e 28-08-2025\u003cbr/\u003e\u003cb\u003eID:\u003c/b\u003e 1679\u003cbr/\u003e\u003cb\u003eFB:\u003c/b\u003e \u003ca href=\u0027https://www.facebook.com/groups/beshvil.yael/posts/3734797506813373/\u0027\u003ehttps://www.facebook.com/groups/beshvil.yael/posts/3734797506813373/\u003c/a\u003e\u003cbr/\u003e\u003cbr/\u003e\u003cimg src=\u0027https://drive.google.com/uc?export=view\u0026amp;id=1uiDC0TpQBovUDZxMD8LNM5Oaj-S3q1Fj\u0027 width=\u0027450\u0027/\u003e\u003cbr/\u003e\u003c/div\u003e",
                                            "tessellate":  -1,
                                            "extrude":  0,
                                            "visibility":  -1
                                        },
                         "geometry":  {
                                          "type":  "Point",
                                          "coordinates":  [
                                                              35.6010769,
                                                              33.1062825,
                                                              0.0
                                                          ]
                                      }
                     },
                     {
                         "type":  "Feature",
                         "properties":  {
                                            "Name":  "#3551",
                                            "description":  "\u003cdiv dir=\u0027rtl\u0027 style=\u0027font-family:Arial;\u0027\u003e\u003cb\u003eשם:\u003c/b\u003e זלמן ספיבק\u003cbr/\u003e\u003cb\u003eאתר:\u003c/b\u003e מושב פארן\u003cbr/\u003e\u003cb\u003eתאריך:\u003c/b\u003e 14-09-2025\u003cbr/\u003e\u003cb\u003eID:\u003c/b\u003e 1872\u003cbr/\u003e\u003cb\u003eFB:\u003c/b\u003e \u003ca href=\u0027https://www.facebook.com/reel/1873725733550746\u0027\u003ehttps://www.facebook.com/reel/1873725733550746\u003c/a\u003e\u003cbr/\u003e\u003cbr/\u003e\u003cimg src=\u0027https://drive.google.com/uc?export=view\u0026amp;id=10QYsEGqwoNJbewx0n_WAdB0SYAIIxeLU\u0027 width=\u0027450\u0027/\u003e\u003cbr/\u003e\u003c/div\u003e",
                                            "tessellate":  -1,
                                            "extrude":  0,
                                            "visibility":  -1
                                        },
                         "geometry":  {
                                          "type":  "Point",
                                          "coordinates":  [
                                                              35.15767,
                                                              30.36565,
                                                              0.0
                                                          ]
                                      }
                     },
                     {
                         "type":  "Feature",
                         "properties":  {
                                            "Name":  "#3551",
                                            "description":  "\u003cdiv dir=\u0027rtl\u0027 style=\u0027font-family:Arial;\u0027\u003e\u003cb\u003eשם:\u003c/b\u003e זלמן ספיבק\u003cbr/\u003e\u003cb\u003eאתר:\u003c/b\u003e הר קנאים\u003cbr/\u003e\u003cb\u003eתאריך:\u003c/b\u003e 10-10-2025\u003cbr/\u003e\u003cb\u003eID:\u003c/b\u003e 2316\u003cbr/\u003e\u003cb\u003eFB:\u003c/b\u003e \u003ca href=\u0027https://www.facebook.com/groups/beshvil.yael/posts/3775710059388784\u0027\u003ehttps://www.facebook.com/groups/beshvil.yael/posts/3775710059388784\u003c/a\u003e\u003cbr/\u003e\u003cbr/\u003e\u003cimg src=\u0027https://drive.google.com/uc?export=view\u0026amp;id=12_6Pe0mTZcWcdA3g7PXDwc-W_ZJfayof\u0027 width=\u0027450\u0027/\u003e\u003cbr/\u003e\u003c/div\u003e",
                                            "tessellate":  -1,
                                            "extrude":  0,
                                            "visibility":  -1
                                        },
                         "geometry":  {
                                          "type":  "Point",
                                          "coordinates":  [
                                                              35.29664,
                                                              31.30202,
                                                              0.0
                                                          ]
                                      }
                     },
                     {
                         "type":  "Feature",
                         "properties":  {
                                            "Name":  "#3552",
                                            "description":  "\u003cdiv dir=\u0027rtl\u0027 style=\u0027font-family:Arial;\u0027\u003e\u003cb\u003eשם:\u003c/b\u003e עדי רפפורט\u003cbr/\u003e\u003cb\u003eאתר:\u003c/b\u003e נחל חרוז\u003cbr/\u003e\u003cb\u003eתאריך:\u003c/b\u003e 04-11-2025\u003cbr/\u003e\u003cb\u003eID:\u003c/b\u003e 2613\u003cbr/\u003e\u003cb\u003eFB:\u003c/b\u003e \u003ca href=\u0027https://www.facebook.com/groups/beshvil.yael/posts/3800240150269108/\u0027\u003ehttps://www.facebook.com/groups/beshvil.yael/posts/3800240150269108/\u003c/a\u003e\u003cbr/\u003e\u003cbr/\u003e\u003cimg src=\u0027https://drive.google.com/uc?export=view\u0026amp;id=1gwFUZIAYOKmLzJeroXN6EW_0zCwCVpRD\u0027 width=\u0027450\u0027/\u003e\u003cbr/\u003e\u003c/div\u003e",
                                            "tessellate":  -1,
                                            "extrude":  0,
                                            "visibility":  -1
                                        },
                         "geometry":  {
                                          "type":  "Point",
                                          "coordinates":  [
                                                              34.779,
                                                              30.30646,
                                                              0.0
                                                          ]
                                      }
                     },
                     {
                         "type":  "Feature",
                         "properties":  {
                                            "Name":  "#3554",
                                            "description":  "\u003cdiv dir=\u0027rtl\u0027 style=\u0027font-family:Arial;\u0027\u003e\u003cb\u003eשם:\u003c/b\u003e \u003cbr/\u003e\u003cb\u003eאתר:\u003c/b\u003e רמת צבאים\u003cbr/\u003e\u003cb\u003eתאריך:\u003c/b\u003e 31-01-2026\u003cbr/\u003e\u003cb\u003eID:\u003c/b\u003e 3535\u003cbr/\u003e\u003cb\u003eFB:\u003c/b\u003e \u003ca href=\u0027https://www.facebook.com/groups/beshvil.yael/posts/3877007185925737\u0027\u003ehttps://www.facebook.com/groups/beshvil.yael/posts/3877007185925737\u003c/a\u003e\u003cbr/\u003e\u003cbr/\u003e\u003cimg src=\u0027https://drive.google.com/uc?export=view\u0026amp;id=1ooLnK4BnUqH0wilMHTiGFGfwi2MmTF0B\u0027 width=\u0027450\u0027/\u003e\u003cbr/\u003e\u003c/div\u003e",
                                            "tessellate":  -1,
                                            "extrude":  0,
                                            "visibility":  -1
                                        },
                         "geometry":  {
                                          "type":  "Point",
                                          "coordinates":  [
                                                              35.48166,
                                                              32.55832,
                                                              0.0
                                                          ]
                                      }
                     },
                     {
                         "type":  "Feature",
                         "properties":  {
                                            "Name":  "#3558",
                                            "description":  "\u003cdiv dir=\u0027rtl\u0027 style=\u0027font-family:Arial;\u0027\u003e\u003cb\u003eשם:\u003c/b\u003e יותם יחזקאל\u003cbr/\u003e\u003cb\u003eאתר:\u003c/b\u003e מצוק זנוח\u003cbr/\u003e\u003cb\u003eתאריך:\u003c/b\u003e 20-09-2025\u003cbr/\u003e\u003cb\u003eID:\u003c/b\u003e 1963\u003cbr/\u003e\u003cb\u003eFB:\u003c/b\u003e \u003ca href=\u0027https://www.facebook.com/groups/beshvil.yael/posts/3755494018077055\u0027\u003ehttps://www.facebook.com/groups/beshvil.yael/posts/3755494018077055\u003c/a\u003e\u003cbr/\u003e\u003cbr/\u003e\u003cimg src=\u0027https://drive.google.com/uc?export=view\u0026amp;id=1tfy2dg-4MG7d54_woUeHnPZA5p21Nxc5\u0027 width=\u0027450\u0027/\u003e\u003cbr/\u003e\u003c/div\u003e",
                                            "tessellate":  -1,
                                            "extrude":  0,
                                            "visibility":  -1
                                        },
                         "geometry":  {
                                          "type":  "Point",
                                          "coordinates":  [
                                                              35.03063,
                                                              31.71377,
                                                              0.0
                                                          ]
                                      }
                     },
                     {
                         "type":  "Feature",
                         "properties":  {
                                            "Name":  "#3558",
                                            "description":  "\u003cdiv dir=\u0027rtl\u0027 style=\u0027font-family:Arial;\u0027\u003e\u003cb\u003eשם:\u003c/b\u003e יותם יחזקאל\u003cbr/\u003e\u003cb\u003eאתר:\u003c/b\u003e עין פארה\u003cbr/\u003e\u003cb\u003eתאריך:\u003c/b\u003e 04-10-2025\u003cbr/\u003e\u003cb\u003eID:\u003c/b\u003e 2152\u003cbr/\u003e\u003cb\u003eFB:\u003c/b\u003e \u003ca href=\u0027https://www.facebook.com/groups/beshvil.yael/posts/3769180376708419\u0027\u003ehttps://www.facebook.com/groups/beshvil.yael/posts/3769180376708419\u003c/a\u003e\u003cbr/\u003e\u003cbr/\u003e\u003cimg src=\u0027https://drive.google.com/uc?export=view\u0026amp;id=18bLIvRuU3qAuJWPzsT7Qc9SyPThJtwc3\u0027 width=\u0027450\u0027/\u003e\u003cbr/\u003e\u003c/div\u003e",
                                            "tessellate":  -1,
                                            "extrude":  0,
                                            "visibility":  -1
                                        },
                         "geometry":  {
                                          "type":  "Point",
                                          "coordinates":  [
                                                              35.30175,
                                                              31.83434,
                                                              0.0
                                                          ]
                                      }
                     },
                     {
                         "type":  "Feature",
                         "properties":  {
                                            "Name":  "#3558",
                                            "description":  "\u003cdiv dir=\u0027rtl\u0027 style=\u0027font-family:Arial;\u0027\u003e\u003cb\u003eשם:\u003c/b\u003e יותם יחזקאל\u003cbr/\u003e\u003cb\u003eאתר:\u003c/b\u003e עין פארה\u003cbr/\u003e\u003cb\u003eתאריך:\u003c/b\u003e 25-10-2025\u003cbr/\u003e\u003cb\u003eID:\u003c/b\u003e 2520\u003cbr/\u003e\u003cb\u003eFB:\u003c/b\u003e \u003ca href=\u0027https://www.facebook.com/groups/beshvil.yael/posts/3790528484573608/\u0027\u003ehttps://www.facebook.com/groups/beshvil.yael/posts/3790528484573608/\u003c/a\u003e\u003cbr/\u003e\u003cbr/\u003e\u003cimg src=\u0027https://drive.google.com/uc?export=view\u0026amp;id=1Ab6kMOIwb8-6gaH1ivfFQvy8Zf2zNSv8\u0027 width=\u0027450\u0027/\u003e\u003cbr/\u003e\u003c/div\u003e",
                                            "tessellate":  -1,
                                            "extrude":  0,
                                            "visibility":  -1
                                        },
                         "geometry":  {
                                          "type":  "Point",
                                          "coordinates":  [
                                                              35.30015,
                                                              31.83545,
                                                              0.0
                                                          ]
                                      }
                     },
                     {
                         "type":  "Feature",
                         "properties":  {
                                            "Name":  "#3558",
                                            "description":  "\u003cdiv dir=\u0027rtl\u0027 style=\u0027font-family:Arial;\u0027\u003e\u003cb\u003eשם:\u003c/b\u003e יותם יחזקאל\u003cbr/\u003e\u003cb\u003eאתר:\u003c/b\u003e מצוק בית אריה\u003cbr/\u003e\u003cb\u003eתאריך:\u003c/b\u003e 01-11-2025\u003cbr/\u003e\u003cb\u003eID:\u003c/b\u003e 2583\u003cbr/\u003e\u003cb\u003eFB:\u003c/b\u003e \u003ca href=\u0027https://www.facebook.com/groups/beshvil.yael/posts/3797246557235134\u0027\u003ehttps://www.facebook.com/groups/beshvil.yael/posts/3797246557235134\u003c/a\u003e\u003cbr/\u003e\u003cbr/\u003e\u003cimg src=\u0027https://drive.google.com/uc?export=view\u0026amp;id=17GIuLl1xFaLnm7qwvjydidx8fzime-4S\u0027 width=\u0027450\u0027/\u003e\u003cbr/\u003e\u003c/div\u003e",
                                            "tessellate":  -1,
                                            "extrude":  0,
                                            "visibility":  -1
                                        },
                         "geometry":  {
                                          "type":  "Point",
                                          "coordinates":  [
                                                              35.05756,
                                                              32.03821,
                                                              0.0
                                                          ]
                                      }
                     },
                     {
                         "type":  "Feature",
                         "properties":  {
                                            "Name":  "#3558",
                                            "description":  "\u003cdiv dir=\u0027rtl\u0027 style=\u0027font-family:Arial;\u0027\u003e\u003cb\u003eשם:\u003c/b\u003e יותם יחזקאל\u003cbr/\u003e\u003cb\u003eאתר:\u003c/b\u003e נחל פרס\u003cbr/\u003e\u003cb\u003eתאריך:\u003c/b\u003e 10-11-2025\u003cbr/\u003e\u003cb\u003eID:\u003c/b\u003e 2686\u003cbr/\u003e\u003cb\u003eFB:\u003c/b\u003e \u003ca href=\u0027https://www.facebook.com/groups/beshvil.yael/posts/3806293812997075\u0027\u003ehttps://www.facebook.com/groups/beshvil.yael/posts/3806293812997075\u003c/a\u003e\u003cbr/\u003e\u003cbr/\u003e\u003cimg src=\u0027https://drive.google.com/uc?export=view\u0026amp;id=1zsNgODKxtQPK8vx46GapQAt90cOubT3O\u0027 width=\u0027450\u0027/\u003e\u003cbr/\u003e\u003c/div\u003e",
                                            "tessellate":  -1,
                                            "extrude":  0,
                                            "visibility":  -1
                                        },
                         "geometry":  {
                                          "type":  "Point",
                                          "coordinates":  [
                                                              35.2795,
                                                              31.00891,
                                                              0.0
                                                          ]
                                      }
                     },
                     {
                         "type":  "Feature",
                         "properties":  {
                                            "Name":  "#3558",
                                            "description":  "\u003cdiv dir=\u0027rtl\u0027 style=\u0027font-family:Arial;\u0027\u003e\u003cb\u003eשם:\u003c/b\u003e יותם יחזקאל\u003cbr/\u003e\u003cb\u003eאתר:\u003c/b\u003e מצוק זנוח\u003cbr/\u003e\u003cb\u003eתאריך:\u003c/b\u003e 29-11-2025\u003cbr/\u003e\u003cb\u003eID:\u003c/b\u003e 2901\u003cbr/\u003e\u003cb\u003eFB:\u003c/b\u003e \u003ca href=\u0027https://www.facebook.com/groups/beshvil.yael/posts/3816507518642371/\u0027\u003ehttps://www.facebook.com/groups/beshvil.yael/posts/3816507518642371/\u003c/a\u003e\u003cbr/\u003e\u003cbr/\u003e\u003cimg src=\u0027https://drive.google.com/uc?export=view\u0026amp;id=1iu0-ls8zC5wIzY-UHL5W_if6Amy67T5x\u0027 width=\u0027450\u0027/\u003e\u003cbr/\u003e\u003c/div\u003e",
                                            "tessellate":  -1,
                                            "extrude":  0,
                                            "visibility":  -1
                                        },
                         "geometry":  {
                                          "type":  "Point",
                                          "coordinates":  [
                                                              35.03061,
                                                              31.7137,
                                                              0.0
                                                          ]
                                      }
                     },
                     {
                         "type":  "Feature",
                         "properties":  {
                                            "Name":  "#3558",
                                            "description":  "\u003cdiv dir=\u0027rtl\u0027 style=\u0027font-family:Arial;\u0027\u003e\u003cb\u003eשם:\u003c/b\u003e יותם יחזקאל\u003cbr/\u003e\u003cb\u003eאתר:\u003c/b\u003e פארק תמנע\u003cbr/\u003e\u003cb\u003eתאריך:\u003c/b\u003e 17-12-2025\u003cbr/\u003e\u003cb\u003eID:\u003c/b\u003e 3077\u003cbr/\u003e\u003cb\u003eFB:\u003c/b\u003e \u003ca href=\u0027https://www.facebook.com/groups/beshvil.yael/posts/3837805889845867\u0027\u003ehttps://www.facebook.com/groups/beshvil.yael/posts/3837805889845867\u003c/a\u003e\u003cbr/\u003e\u003cbr/\u003e\u003cimg src=\u0027https://drive.google.com/uc?export=view\u0026amp;id=1BRwFucf2OuTScWaD3UVEpyaN5M27KlDg\u0027 width=\u0027450\u0027/\u003e\u003cbr/\u003e\u003c/div\u003e",
                                            "tessellate":  -1,
                                            "extrude":  0,
                                            "visibility":  -1
                                        },
                         "geometry":  {
                                          "type":  "Point",
                                          "coordinates":  [
                                                              34.98804,
                                                              29.78723,
                                                              0.0
                                                          ]
                                      }
                     },
                     {
                         "type":  "Feature",
                         "properties":  {
                                            "Name":  "#3558",
                                            "description":  "\u003cdiv dir=\u0027rtl\u0027 style=\u0027font-family:Arial;\u0027\u003e\u003cb\u003eשם:\u003c/b\u003e יותם יחזקאל\u003cbr/\u003e\u003cb\u003eאתר:\u003c/b\u003e מבשרת\u003cbr/\u003e\u003cb\u003eתאריך:\u003c/b\u003e 20-04-2026\u003cbr/\u003e\u003cb\u003eID:\u003c/b\u003e 4177\u003cbr/\u003e\u003cb\u003eFB:\u003c/b\u003e \u003ca href=\u0027https://www.facebook.com/groups/beshvil.yael/posts/3949419958684459/\u0027\u003ehttps://www.facebook.com/groups/beshvil.yael/posts/3949419958684459/\u003c/a\u003e\u003cbr/\u003e\u003cbr/\u003e\u003cimg src=\u0027https://drive.google.com/uc?export=view\u0026amp;id=1-HRuq_ZNKtetwlTR-aVsO7qRQzJ7EPlQ\u0027 width=\u0027450\u0027/\u003e\u003cbr/\u003e\u003c/div\u003e",
                                            "tessellate":  -1,
                                            "extrude":  0,
                                            "visibility":  -1
                                        },
                         "geometry":  {
                                          "type":  "Point",
                                          "coordinates":  [
                                                              35.14813,
                                                              31.80743,
                                                              0.0
                                                          ]
                                      }
                     },
                     {
                         "type":  "Feature",
                         "properties":  {
                                            "Name":  "#3577",
                                            "description":  "\u003cdiv dir=\u0027rtl\u0027 style=\u0027font-family:Arial;\u0027\u003e\u003cb\u003eשם:\u003c/b\u003e אריאלה פוני-קןרניש\u003cbr/\u003e\u003cb\u003eאתר:\u003c/b\u003e אנדרטת התצפיתניות.\u003cbr/\u003e\u003cb\u003eתאריך:\u003c/b\u003e 15-10-2025\u003cbr/\u003e\u003cb\u003eID:\u003c/b\u003e 2393\u003cbr/\u003e\u003cb\u003eFB:\u003c/b\u003e \u003ca href=\u0027https://www.facebook.com/groups/beshvil.yael/posts/3780376665588790\u0027\u003ehttps://www.facebook.com/groups/beshvil.yael/posts/3780376665588790\u003c/a\u003e\u003cbr/\u003e\u003cbr/\u003e\u003cimg src=\u0027https://drive.google.com/uc?export=view\u0026amp;id=1ney3aFyrb9wyj1NxMhMHFyeMe01qbW3Z\u0027 width=\u0027450\u0027/\u003e\u003cbr/\u003e\u003c/div\u003e",
                                            "tessellate":  -1,
                                            "extrude":  0,
                                            "visibility":  -1
                                        },
                         "geometry":  {
                                          "type":  "Point",
                                          "coordinates":  [
                                                              34.52451,
                                                              31.46308,
                                                              0.0
                                                          ]
                                      }
                     },
                     {
                         "type":  "Feature",
                         "properties":  {
                                            "Name":  "#3580",
                                            "description":  "\u003cdiv dir=\u0027rtl\u0027 style=\u0027font-family:Arial;\u0027\u003e\u003cb\u003eשם:\u003c/b\u003e \u003cbr/\u003e\u003cb\u003eאתר:\u003c/b\u003e מצפה / מכתש רמון\u003cbr/\u003e\u003cb\u003eתאריך:\u003c/b\u003e 11-02-2026\u003cbr/\u003e\u003cb\u003eID:\u003c/b\u003e 3671\u003cbr/\u003e\u003cb\u003eFB:\u003c/b\u003e \u003ca href=\u0027https://www.facebook.com/groups/beshvil.yael/posts/3887093191583803/\u0027\u003ehttps://www.facebook.com/groups/beshvil.yael/posts/3887093191583803/\u003c/a\u003e\u003cbr/\u003e\u003cbr/\u003e\u003cimg src=\u0027https://drive.google.com/uc?export=view\u0026amp;id=1kihuKiLHWxxuflkVlS8VVH1VvECqn-u1\u0027 width=\u0027450\u0027/\u003e\u003cbr/\u003e\u003c/div\u003e",
                                            "tessellate":  -1,
                                            "extrude":  0,
                                            "visibility":  -1
                                        },
                         "geometry":  {
                                          "type":  "Point",
                                          "coordinates":  [
                                                              34.82132,
                                                              30.58958,
                                                              0.0
                                                          ]
                                      }
                     },
                     {
                         "type":  "Feature",
                         "properties":  {
                                            "Name":  "#3591",
                                            "description":  "\u003cdiv dir=\u0027rtl\u0027 style=\u0027font-family:Arial;\u0027\u003e\u003cb\u003eשם:\u003c/b\u003e רחלי כספי\u003cbr/\u003e\u003cb\u003eאתר:\u003c/b\u003e \u003cbr/\u003e\u003cb\u003eתאריך:\u003c/b\u003e 08-11-2025\u003cbr/\u003e\u003cb\u003eID:\u003c/b\u003e 2654\u003cbr/\u003e\u003cb\u003eFB:\u003c/b\u003e \u003ca href=\u0027https://www.facebook.com/groups/beshvil.yael/posts/3804130806546709/\u0027\u003ehttps://www.facebook.com/groups/beshvil.yael/posts/3804130806546709/\u003c/a\u003e\u003cbr/\u003e\u003cbr/\u003e\u003cimg src=\u0027https://drive.google.com/uc?export=view\u0026amp;id=1yCUG5Of7DNfKk7fVK5P29etmRnNL6eQ3\u0027 width=\u0027450\u0027/\u003e\u003cbr/\u003e\u003c/div\u003e",
                                            "tessellate":  -1,
                                            "extrude":  0,
                                            "visibility":  -1
                                        },
                         "geometry":  {
                                          "type":  "Point",
                                          "coordinates":  [
                                                              35.0359,
                                                              32.73676,
                                                              0.0
                                                          ]
                                      }
                     },
                     {
                         "type":  "Feature",
                         "properties":  {
                                            "Name":  "#3591",
                                            "description":  "\u003cdiv dir=\u0027rtl\u0027 style=\u0027font-family:Arial;\u0027\u003e\u003cb\u003eשם:\u003c/b\u003e רחלי כספי\u003cbr/\u003e\u003cb\u003eאתר:\u003c/b\u003e מוזיאון ארץ ישראל\u003cbr/\u003e\u003cb\u003eתאריך:\u003c/b\u003e 17-11-2025\u003cbr/\u003e\u003cb\u003eID:\u003c/b\u003e 2766\u003cbr/\u003e\u003cb\u003eFB:\u003c/b\u003e \u003ca href=\u0027https://www.facebook.com/groups/beshvil.yael/posts/3812360462390410\u0027\u003ehttps://www.facebook.com/groups/beshvil.yael/posts/3812360462390410\u003c/a\u003e\u003cbr/\u003e\u003cbr/\u003e\u003cimg src=\u0027https://drive.google.com/uc?export=view\u0026amp;id=1aH1RHM4L9I0sdRZ6fKeD_kNKaaFI3Ahx\u0027 width=\u0027450\u0027/\u003e\u003cbr/\u003e\u003c/div\u003e",
                                            "tessellate":  -1,
                                            "extrude":  0,
                                            "visibility":  -1
                                        },
                         "geometry":  {
                                          "type":  "Point",
                                          "coordinates":  [
                                                              34.79629,
                                                              32.10307,
                                                              0.0
                                                          ]
                                      }
                     },
                     {
                         "type":  "Feature",
                         "properties":  {
                                            "Name":  "#3591",
                                            "description":  "\u003cdiv dir=\u0027rtl\u0027 style=\u0027font-family:Arial;\u0027\u003e\u003cb\u003eשם:\u003c/b\u003e רחלי כספי\u003cbr/\u003e\u003cb\u003eאתר:\u003c/b\u003e מצפה אורן\u003cbr/\u003e\u003cb\u003eתאריך:\u003c/b\u003e 25-01-2026\u003cbr/\u003e\u003cb\u003eID:\u003c/b\u003e 3475\u003cbr/\u003e\u003cb\u003eFB:\u003c/b\u003e \u003ca href=\u0027https://www.facebook.com/groups/beshvil.yael/posts/3871493586477097/\u0027\u003ehttps://www.facebook.com/groups/beshvil.yael/posts/3871493586477097/\u003c/a\u003e\u003cbr/\u003e\u003cbr/\u003e\u003cimg src=\u0027https://drive.google.com/uc?export=view\u0026amp;id=12E69TWp_Qw4ChzgwPtbLHztJt4vmtj3W\u0027 width=\u0027450\u0027/\u003e\u003cbr/\u003e\u003c/div\u003e",
                                            "tessellate":  -1,
                                            "extrude":  0,
                                            "visibility":  -1
                                        },
                         "geometry":  {
                                          "type":  "Point",
                                          "coordinates":  [
                                                              35.27909,
                                                              32.7575,
                                                              0.0
                                                          ]
                                      }
                     },
                     {
                         "type":  "Feature",
                         "properties":  {
                                            "Name":  "#3608",
                                            "description":  "\u003cdiv dir=\u0027rtl\u0027 style=\u0027font-family:Arial;\u0027\u003e\u003cb\u003eשם:\u003c/b\u003e עמית אופק שמאל\u003cbr/\u003e\u003cb\u003eאתר:\u003c/b\u003e חוד עקב\u003cbr/\u003e\u003cb\u003eתאריך:\u003c/b\u003e 09-04-2026\u003cbr/\u003e\u003cb\u003eID:\u003c/b\u003e 4079\u003cbr/\u003e\u003cb\u003eFB:\u003c/b\u003e \u003ca href=\u0027https://www.secure.facebook.com/groups/beshvil.yael/posts/3938808476412274/\u0027\u003ehttps://www.secure.facebook.com/groups/beshvil.yael/posts/3938808476412274/\u003c/a\u003e\u003cbr/\u003e\u003cbr/\u003e\u003cimg src=\u0027https://drive.google.com/uc?export=view\u0026amp;id=1-u8tE73E59YcCVoTyP3Hb9yO1JL3hhYo\u0027 width=\u0027450\u0027/\u003e\u003cbr/\u003e\u003c/div\u003e",
                                            "tessellate":  -1,
                                            "extrude":  0,
                                            "visibility":  -1
                                        },
                         "geometry":  {
                                          "type":  "Point",
                                          "coordinates":  [
                                                              34.8322,
                                                              30.83667,
                                                              0.0
                                                          ]
                                      }
                     },
                     {
                         "type":  "Feature",
                         "properties":  {
                                            "Name":  "#3660",
                                            "description":  "\u003cdiv dir=\u0027rtl\u0027 style=\u0027font-family:Arial;\u0027\u003e\u003cb\u003eשם:\u003c/b\u003e \u003cbr/\u003e\u003cb\u003eאתר:\u003c/b\u003e תל גזר\u003cbr/\u003e\u003cb\u003eתאריך:\u003c/b\u003e 11-04-2026\u003cbr/\u003e\u003cb\u003eID:\u003c/b\u003e 4106\u003cbr/\u003e\u003cb\u003eFB:\u003c/b\u003e \u003ca href=\u0027https://www.facebook.com/groups/beshvil.yael/posts/3941349882824800/\u0027\u003ehttps://www.facebook.com/groups/beshvil.yael/posts/3941349882824800/\u003c/a\u003e\u003cbr/\u003e\u003cbr/\u003e\u003cimg src=\u0027https://drive.google.com/uc?export=view\u0026amp;id=1qF-TJ6t_IRySCdj5fWLG0l3fHAvtphtt\u0027 width=\u0027450\u0027/\u003e\u003cbr/\u003e\u003c/div\u003e",
                                            "tessellate":  -1,
                                            "extrude":  0,
                                            "visibility":  -1
                                        },
                         "geometry":  {
                                          "type":  "Point",
                                          "coordinates":  [
                                                              34.91962,
                                                              31.86001,
                                                              0.0
                                                          ]
                                      }
                     },
                     {
                         "type":  "Feature",
                         "properties":  {
                                            "Name":  "#3748",
                                            "description":  "\u003cdiv dir=\u0027rtl\u0027 style=\u0027font-family:Arial;\u0027\u003e\u003cb\u003eשם:\u003c/b\u003e \u003cbr/\u003e\u003cb\u003eאתר:\u003c/b\u003e בניאס\u003cbr/\u003e\u003cb\u003eתאריך:\u003c/b\u003e 09-06-2025\u003cbr/\u003e\u003cb\u003eID:\u003c/b\u003e 958\u003cbr/\u003e\u003cb\u003eFB:\u003c/b\u003e \u003ca href=\u0027https://www.facebook.com/groups/3235176716775457/posts/3663148960644895/\u0027\u003ehttps://www.facebook.com/groups/3235176716775457/posts/3663148960644895/\u003c/a\u003e\u003cbr/\u003e\u003cbr/\u003e\u003cimg src=\u0027https://drive.google.com/uc?export=view\u0026amp;id=18BaLjNSQIr7lRWSdTeFwl12TwSWAb4vF\u0027 width=\u0027450\u0027/\u003e\u003cbr/\u003e\u003c/div\u003e",
                                            "tessellate":  -1,
                                            "extrude":  0,
                                            "visibility":  -1
                                        },
                         "geometry":  {
                                          "type":  "Point",
                                          "coordinates":  [
                                                              35.68541,
                                                              33.24965,
                                                              0.0
                                                          ]
                                      }
                     },
                     {
                         "type":  "Feature",
                         "properties":  {
                                            "Name":  "#3748",
                                            "description":  "\u003cdiv dir=\u0027rtl\u0027 style=\u0027font-family:Arial;\u0027\u003e\u003cb\u003eשם:\u003c/b\u003e \u003cbr/\u003e\u003cb\u003eאתר:\u003c/b\u003e נחל דישון\u003cbr/\u003e\u003cb\u003eתאריך:\u003c/b\u003e 21-02-2026\u003cbr/\u003e\u003cb\u003eID:\u003c/b\u003e 3813\u003cbr/\u003e\u003cb\u003eFB:\u003c/b\u003e \u003ca href=\u0027https://www.facebook.com/groups/beshvil.yael/posts/3897109703915485/\u0027\u003ehttps://www.facebook.com/groups/beshvil.yael/posts/3897109703915485/\u003c/a\u003e\u003cbr/\u003e\u003cbr/\u003e\u003cimg src=\u0027https://drive.google.com/uc?export=view\u0026amp;id=1Oey5IMM4qLjH1sscRcTQVraqVRaEXQoz\u0027 width=\u0027450\u0027/\u003e\u003cbr/\u003e\u003c/div\u003e",
                                            "tessellate":  -1,
                                            "extrude":  0,
                                            "visibility":  -1
                                        },
                         "geometry":  {
                                          "type":  "Point",
                                          "coordinates":  [
                                                              35.51978,
                                                              33.06931,
                                                              0.0
                                                          ]
                                      }
                     },
                     {
                         "type":  "Feature",
                         "properties":  {
                                            "Name":  "#3751",
                                            "description":  "\u003cdiv dir=\u0027rtl\u0027 style=\u0027font-family:Arial;\u0027\u003e\u003cb\u003eשם:\u003c/b\u003e אלה רף\u003cbr/\u003e\u003cb\u003eאתר:\u003c/b\u003e בניאס\u003cbr/\u003e\u003cb\u003eתאריך:\u003c/b\u003e 09-06-2025\u003cbr/\u003e\u003cb\u003eID:\u003c/b\u003e 958\u003cbr/\u003e\u003cb\u003eFB:\u003c/b\u003e \u003ca href=\u0027https://www.facebook.com/groups/3235176716775457/posts/3663148960644895/\u0027\u003ehttps://www.facebook.com/groups/3235176716775457/posts/3663148960644895/\u003c/a\u003e\u003cbr/\u003e\u003cbr/\u003e\u003cimg src=\u0027https://drive.google.com/uc?export=view\u0026amp;id=18BaLjNSQIr7lRWSdTeFwl12TwSWAb4vF\u0027 width=\u0027450\u0027/\u003e\u003cbr/\u003e\u003c/div\u003e",
                                            "tessellate":  -1,
                                            "extrude":  0,
                                            "visibility":  -1
                                        },
                         "geometry":  {
                                          "type":  "Point",
                                          "coordinates":  [
                                                              35.68541,
                                                              33.24938,
                                                              0.0
                                                          ]
                                      }
                     },
                     {
                         "type":  "Feature",
                         "properties":  {
                                            "Name":  "#3751",
                                            "description":  "\u003cdiv dir=\u0027rtl\u0027 style=\u0027font-family:Arial;\u0027\u003e\u003cb\u003eשם:\u003c/b\u003e אלה רף\u003cbr/\u003e\u003cb\u003eאתר:\u003c/b\u003e מערת קשת\u003cbr/\u003e\u003cb\u003eתאריך:\u003c/b\u003e 22-11-2025\u003cbr/\u003e\u003cb\u003eID:\u003c/b\u003e 2836\u003cbr/\u003e\u003cb\u003eFB:\u003c/b\u003e \u003ca href=\u0027https://www.facebook.com/groups/beshvil.yael/posts/3816761498616973\u0027\u003ehttps://www.facebook.com/groups/beshvil.yael/posts/3816761498616973\u003c/a\u003e\u003cbr/\u003e\u003cbr/\u003e\u003cimg src=\u0027https://drive.google.com/uc?export=view\u0026amp;id=13xZ0eMyCN-CudZeX4CDTPhD_7XEEvNFu\u0027 width=\u0027450\u0027/\u003e\u003cbr/\u003e\u003c/div\u003e",
                                            "tessellate":  -1,
                                            "extrude":  0,
                                            "visibility":  -1
                                        },
                         "geometry":  {
                                          "type":  "Point",
                                          "coordinates":  [
                                                              35.19564,
                                                              33.07682,
                                                              0.0
                                                          ]
                                      }
                     },
                     {
                         "type":  "Feature",
                         "properties":  {
                                            "Name":  "#3751",
                                            "description":  "\u003cdiv dir=\u0027rtl\u0027 style=\u0027font-family:Arial;\u0027\u003e\u003cb\u003eשם:\u003c/b\u003e אלה רף\u003cbr/\u003e\u003cb\u003eאתר:\u003c/b\u003e קניון שחורת\u003cbr/\u003e\u003cb\u003eתאריך:\u003c/b\u003e 06-12-2025\u003cbr/\u003e\u003cb\u003eID:\u003c/b\u003e 2988\u003cbr/\u003e\u003cb\u003eFB:\u003c/b\u003e \u003ca href=\u0027https://www.facebook.com/groups/beshvil.yael/posts/3828672007425922/\u0027\u003ehttps://www.facebook.com/groups/beshvil.yael/posts/3828672007425922/\u003c/a\u003e\u003cbr/\u003e\u003cbr/\u003e\u003cimg src=\u0027https://drive.google.com/uc?export=view\u0026amp;id=1AtA3tLg5RV4AY5dfNA_ZlA82EB-RUyEt\u0027 width=\u0027450\u0027/\u003e\u003cbr/\u003e\u003c/div\u003e",
                                            "tessellate":  -1,
                                            "extrude":  0,
                                            "visibility":  -1
                                        },
                         "geometry":  {
                                          "type":  "Point",
                                          "coordinates":  [
                                                              34.92747,
                                                              29.62398,
                                                              0.0
                                                          ]
                                      }
                     },
                     {
                         "type":  "Feature",
                         "properties":  {
                                            "Name":  "#3751",
                                            "description":  "\u003cdiv dir=\u0027rtl\u0027 style=\u0027font-family:Arial;\u0027\u003e\u003cb\u003eשם:\u003c/b\u003e אלה רף\u003cbr/\u003e\u003cb\u003eאתר:\u003c/b\u003e נחל צלמון\u003cbr/\u003e\u003cb\u003eתאריך:\u003c/b\u003e 20-12-2025\u003cbr/\u003e\u003cb\u003eID:\u003c/b\u003e 3111\u003cbr/\u003e\u003cb\u003eFB:\u003c/b\u003e \u003ca href=\u0027https://www.facebook.com/groups/beshvil.yael/posts/3840475802912209\u0027\u003ehttps://www.facebook.com/groups/beshvil.yael/posts/3840475802912209\u003c/a\u003e\u003cbr/\u003e\u003cbr/\u003e\u003cimg src=\u0027https://drive.google.com/uc?export=view\u0026amp;id=1anjRtywxAkP9JSUtOSyfl6SFYHeVtzVB\u0027 width=\u0027450\u0027/\u003e\u003cbr/\u003e\u003c/div\u003e",
                                            "tessellate":  -1,
                                            "extrude":  0,
                                            "visibility":  -1
                                        },
                         "geometry":  {
                                          "type":  "Point",
                                          "coordinates":  [
                                                              35.37245,
                                                              32.90575,
                                                              0.0
                                                          ]
                                      }
                     },
                     {
                         "type":  "Feature",
                         "properties":  {
                                            "Name":  "#3751",
                                            "description":  "\u003cdiv dir=\u0027rtl\u0027 style=\u0027font-family:Arial;\u0027\u003e\u003cb\u003eשם:\u003c/b\u003e אלה רף\u003cbr/\u003e\u003cb\u003eאתר:\u003c/b\u003e נחל אלעל\u003cbr/\u003e\u003cb\u003eתאריך:\u003c/b\u003e 31-01-2026\u003cbr/\u003e\u003cb\u003eID:\u003c/b\u003e 3531\u003cbr/\u003e\u003cb\u003eFB:\u003c/b\u003e \u003ca href=\u0027https://www.facebook.com/groups/beshvil.yael/posts/3876970105929445/\u0027\u003ehttps://www.facebook.com/groups/beshvil.yael/posts/3876970105929445/\u003c/a\u003e\u003cbr/\u003e\u003cbr/\u003e\u003cimg src=\u0027https://drive.google.com/uc?export=view\u0026amp;id=1qs69vdmq5OkLOF7gtksRktz6UbqDSWW0\u0027 width=\u0027450\u0027/\u003e\u003cbr/\u003e\u003c/div\u003e",
                                            "tessellate":  -1,
                                            "extrude":  0,
                                            "visibility":  -1
                                        },
                         "geometry":  {
                                          "type":  "Point",
                                          "coordinates":  [
                                                              35.7931,
                                                              32.85369,
                                                              0.0
                                                          ]
                                      }
                     },
                     {
                         "type":  "Feature",
                         "properties":  {
                                            "Name":  "#3751",
                                            "description":  "\u003cdiv dir=\u0027rtl\u0027 style=\u0027font-family:Arial;\u0027\u003e\u003cb\u003eשם:\u003c/b\u003e אלה רף\u003cbr/\u003e\u003cb\u003eאתר:\u003c/b\u003e נחל דישון\u003cbr/\u003e\u003cb\u003eתאריך:\u003c/b\u003e 21-02-2026\u003cbr/\u003e\u003cb\u003eID:\u003c/b\u003e 3813\u003cbr/\u003e\u003cb\u003eFB:\u003c/b\u003e \u003ca href=\u0027https://www.facebook.com/groups/beshvil.yael/posts/3897109703915485/\u0027\u003ehttps://www.facebook.com/groups/beshvil.yael/posts/3897109703915485/\u003c/a\u003e\u003cbr/\u003e\u003cbr/\u003e\u003cimg src=\u0027https://drive.google.com/uc?export=view\u0026amp;id=1Oey5IMM4qLjH1sscRcTQVraqVRaEXQoz\u0027 width=\u0027450\u0027/\u003e\u003cbr/\u003e\u003c/div\u003e",
                                            "tessellate":  -1,
                                            "extrude":  0,
                                            "visibility":  -1
                                        },
                         "geometry":  {
                                          "type":  "Point",
                                          "coordinates":  [
                                                              35.51978,
                                                              33.06904,
                                                              0.0
                                                          ]
                                      }
                     },
                     {
                         "type":  "Feature",
                         "properties":  {
                                            "Name":  "#3767",
                                            "description":  "\u003cdiv dir=\u0027rtl\u0027 style=\u0027font-family:Arial;\u0027\u003e\u003cb\u003eשם:\u003c/b\u003e גילי גילי\u003cbr/\u003e\u003cb\u003eאתר:\u003c/b\u003e המכתש הגדול\u003cbr/\u003e\u003cb\u003eתאריך:\u003c/b\u003e 01-11-2025\u003cbr/\u003e\u003cb\u003eID:\u003c/b\u003e 2581\u003cbr/\u003e\u003cb\u003eFB:\u003c/b\u003e \u003ca href=\u0027https://www.facebook.com/groups/beshvil.yael/posts/3797161783910278/\u0027\u003ehttps://www.facebook.com/groups/beshvil.yael/posts/3797161783910278/\u003c/a\u003e\u003cbr/\u003e\u003cbr/\u003e\u003cimg src=\u0027https://drive.google.com/uc?export=view\u0026amp;id=1nJ_KWeHGUr6xhCq_uIFLnrz7qfSYkSqw\u0027 width=\u0027450\u0027/\u003e\u003cbr/\u003e\u003c/div\u003e",
                                            "tessellate":  -1,
                                            "extrude":  0,
                                            "visibility":  -1
                                        },
                         "geometry":  {
                                          "type":  "Point",
                                          "coordinates":  [
                                                              34.98373,
                                                              30.93726,
                                                              0.0
                                                          ]
                                      }
                     },
                     {
                         "type":  "Feature",
                         "properties":  {
                                            "Name":  "#3767",
                                            "description":  "\u003cdiv dir=\u0027rtl\u0027 style=\u0027font-family:Arial;\u0027\u003e\u003cb\u003eשם:\u003c/b\u003e גילי גילי\u003cbr/\u003e\u003cb\u003eאתר:\u003c/b\u003e מדבר יהודה\u003cbr/\u003e\u003cb\u003eתאריך:\u003c/b\u003e 06-12-2025\u003cbr/\u003e\u003cb\u003eID:\u003c/b\u003e 2984\u003cbr/\u003e\u003cb\u003eFB:\u003c/b\u003e \u003ca href=\u0027https://www.facebook.com/groups/beshvil.yael/posts/3828554654104324/\u0027\u003ehttps://www.facebook.com/groups/beshvil.yael/posts/3828554654104324/\u003c/a\u003e\u003cbr/\u003e\u003cbr/\u003e\u003cimg src=\u0027https://drive.google.com/uc?export=view\u0026amp;id=1NdBsSQLNH_IumwrKJO7niHFZg7evnaWk\u0027 width=\u0027450\u0027/\u003e\u003cbr/\u003e\u003c/div\u003e",
                                            "tessellate":  -1,
                                            "extrude":  0,
                                            "visibility":  -1
                                        },
                         "geometry":  {
                                          "type":  "Point",
                                          "coordinates":  [
                                                              35.34952,
                                                              31.64803,
                                                              0.0
                                                          ]
                                      }
                     },
                     {
                         "type":  "Feature",
                         "properties":  {
                                            "Name":  "#3767",
                                            "description":  "\u003cdiv dir=\u0027rtl\u0027 style=\u0027font-family:Arial;\u0027\u003e\u003cb\u003eשם:\u003c/b\u003e גילי גילי\u003cbr/\u003e\u003cb\u003eאתר:\u003c/b\u003e נחל קינה\u003cbr/\u003e\u003cb\u003eתאריך:\u003c/b\u003e 10-01-2026\u003cbr/\u003e\u003cb\u003eID:\u003c/b\u003e 3311\u003cbr/\u003e\u003cb\u003eFB:\u003c/b\u003e \u003ca href=\u0027https://www.facebook.com/groups/beshvil.yael/posts/3858055967820859\u0027\u003ehttps://www.facebook.com/groups/beshvil.yael/posts/3858055967820859\u003c/a\u003e\u003cbr/\u003e\u003cbr/\u003e\u003cimg src=\u0027https://drive.google.com/uc?export=view\u0026amp;id=170s3qBACFlADVpBSAXNnOBKc8g-aIOy_\u0027 width=\u0027450\u0027/\u003e\u003cbr/\u003e\u003c/div\u003e",
                                            "tessellate":  -1,
                                            "extrude":  0,
                                            "visibility":  -1
                                        },
                         "geometry":  {
                                          "type":  "Point",
                                          "coordinates":  [
                                                              35.17748,
                                                              31.1916,
                                                              0.0
                                                          ]
                                      }
                     },
                     {
                         "type":  "Feature",
                         "properties":  {
                                            "Name":  "#3767",
                                            "description":  "\u003cdiv dir=\u0027rtl\u0027 style=\u0027font-family:Arial;\u0027\u003e\u003cb\u003eשם:\u003c/b\u003e ענת בן דור\u003cbr/\u003e\u003cb\u003eאתר:\u003c/b\u003e בור חמת\u003cbr/\u003e\u003cb\u003eתאריך:\u003c/b\u003e 04-04-2026\u003cbr/\u003e\u003cb\u003eID:\u003c/b\u003e 4044\u003cbr/\u003e\u003cb\u003eFB:\u003c/b\u003e \u003ca href=\u0027https://www.secure.facebook.com/groups/beshvil.yael/posts/3935268933432895/\u0027\u003ehttps://www.secure.facebook.com/groups/beshvil.yael/posts/3935268933432895/\u003c/a\u003e\u003cbr/\u003e\u003cbr/\u003e\u003cimg src=\u0027https://drive.google.com/uc?export=view\u0026amp;id=1FbdeHDJS7qu-8LN1DzP3ZbH_AaSbQxPA\u0027 width=\u0027450\u0027/\u003e\u003cbr/\u003e\u003c/div\u003e",
                                            "tessellate":  -1,
                                            "extrude":  0,
                                            "visibility":  -1
                                        },
                         "geometry":  {
                                          "type":  "Point",
                                          "coordinates":  [
                                                              34.71047,
                                                              30.59294,
                                                              0.0
                                                          ]
                                      }
                     },
                     {
                         "type":  "Feature",
                         "properties":  {
                                            "Name":  "#3767",
                                            "description":  "\u003cdiv dir=\u0027rtl\u0027 style=\u0027font-family:Arial;\u0027\u003e\u003cb\u003eשם:\u003c/b\u003e ענת בן דור\u003cbr/\u003e\u003cb\u003eאתר:\u003c/b\u003e סוסיתא\u003cbr/\u003e\u003cb\u003eתאריך:\u003c/b\u003e 12-04-2026\u003cbr/\u003e\u003cb\u003eID:\u003c/b\u003e 4122\u003cbr/\u003e\u003cb\u003eFB:\u003c/b\u003e \u003ca href=\u0027https://www.facebook.com/groups/beshvil.yael/posts/3942430806050041/\u0027\u003ehttps://www.facebook.com/groups/beshvil.yael/posts/3942430806050041/\u003c/a\u003e\u003cbr/\u003e\u003cbr/\u003e\u003cimg src=\u0027https://drive.google.com/uc?export=view\u0026amp;id=1xOF1P4AhRs1ozNZp8gewJMZ0BFXI6xDN\u0027 width=\u0027450\u0027/\u003e\u003cbr/\u003e\u003c/div\u003e",
                                            "tessellate":  -1,
                                            "extrude":  0,
                                            "visibility":  -1
                                        },
                         "geometry":  {
                                          "type":  "Point",
                                          "coordinates":  [
                                                              35.66367,
                                                              32.77515,
                                                              0.0
                                                          ]
                                      }
                     },
                     {
                         "type":  "Feature",
                         "properties":  {
                                            "Name":  "#3771",
                                            "description":  "\u003cdiv dir=\u0027rtl\u0027 style=\u0027font-family:Arial;\u0027\u003e\u003cb\u003eשם:\u003c/b\u003e צחי גלובין\u003cbr/\u003e\u003cb\u003eאתר:\u003c/b\u003e קניון ודית\u003cbr/\u003e\u003cb\u003eתאריך:\u003c/b\u003e 22-11-2025\u003cbr/\u003e\u003cb\u003eID:\u003c/b\u003e 2835\u003cbr/\u003e\u003cb\u003eFB:\u003c/b\u003e \u003ca href=\u0027https://www.facebook.com/groups/beshvil.yael/posts/3816727321953724\u0027\u003ehttps://www.facebook.com/groups/beshvil.yael/posts/3816727321953724\u003c/a\u003e\u003cbr/\u003e\u003cbr/\u003e\u003cimg src=\u0027https://drive.google.com/uc?export=view\u0026amp;id=1keT_qORS3OKsrmZJws_4wRZiBmqYdL7H\u0027 width=\u0027450\u0027/\u003e\u003cbr/\u003e\u003c/div\u003e",
                                            "tessellate":  -1,
                                            "extrude":  0,
                                            "visibility":  -1
                                        },
                         "geometry":  {
                                          "type":  "Point",
                                          "coordinates":  [
                                                              35.01961,
                                                              30.35212,
                                                              0.0
                                                          ]
                                      }
                     },
                     {
                         "type":  "Feature",
                         "properties":  {
                                            "Name":  "#3771",
                                            "description":  "\u003cdiv dir=\u0027rtl\u0027 style=\u0027font-family:Arial;\u0027\u003e\u003cb\u003eשם:\u003c/b\u003e צחי גלובין\u003cbr/\u003e\u003cb\u003eאתר:\u003c/b\u003e מצוק הצינים\u003cbr/\u003e\u003cb\u003eתאריך:\u003c/b\u003e 17-01-2026\u003cbr/\u003e\u003cb\u003eID:\u003c/b\u003e 3385\u003cbr/\u003e\u003cb\u003eFB:\u003c/b\u003e \u003ca href=\u0027https://www.facebook.com/groups/beshvil.yael/posts/3864128080546981/\u0027\u003ehttps://www.facebook.com/groups/beshvil.yael/posts/3864128080546981/\u003c/a\u003e\u003cbr/\u003e\u003cbr/\u003e\u003cimg src=\u0027https://drive.google.com/uc?export=view\u0026amp;id=1BKDaMXzNVWGJyr1rS-kVEDhS235--G8S\u0027 width=\u0027450\u0027/\u003e\u003cbr/\u003e\u003c/div\u003e",
                                            "tessellate":  -1,
                                            "extrude":  0,
                                            "visibility":  -1
                                        },
                         "geometry":  {
                                          "type":  "Point",
                                          "coordinates":  [
                                                              34.71758,
                                                              30.8932,
                                                              0.0
                                                          ]
                                      }
                     },
                     {
                         "type":  "Feature",
                         "properties":  {
                                            "Name":  "#3773",
                                            "description":  "\u003cdiv dir=\u0027rtl\u0027 style=\u0027font-family:Arial;\u0027\u003e\u003cb\u003eשם:\u003c/b\u003e לילך כהן\u003cbr/\u003e\u003cb\u003eאתר:\u003c/b\u003e הר צרור\u003cbr/\u003e\u003cb\u003eתאריך:\u003c/b\u003e 05-09-2025\u003cbr/\u003e\u003cb\u003eID:\u003c/b\u003e 1748\u003cbr/\u003e\u003cb\u003eFB:\u003c/b\u003e \u003ca href=\u0027https://www.facebook.com/groups/beshvil.yael/posts/3741249452834845/\u0027\u003ehttps://www.facebook.com/groups/beshvil.yael/posts/3741249452834845/\u003c/a\u003e\u003cbr/\u003e\u003cbr/\u003e\u003cimg src=\u0027https://drive.google.com/uc?export=view\u0026amp;id=1qVRmJMic2OnxzdN3d8q2NAVU3i38-OA5\u0027 width=\u0027450\u0027/\u003e\u003cbr/\u003e\u003c/div\u003e",
                                            "tessellate":  -1,
                                            "extrude":  0,
                                            "visibility":  -1
                                        },
                         "geometry":  {
                                          "type":  "Point",
                                          "coordinates":  [
                                                              34.8196555,
                                                              30.8607412,
                                                              0.0
                                                          ]
                                      }
                     },
                     {
                         "type":  "Feature",
                         "properties":  {
                                            "Name":  "#3773",
                                            "description":  "\u003cdiv dir=\u0027rtl\u0027 style=\u0027font-family:Arial;\u0027\u003e\u003cb\u003eשם:\u003c/b\u003e לילך כהן\u003cbr/\u003e\u003cb\u003eאתר:\u003c/b\u003e הר סהרונים\u003cbr/\u003e\u003cb\u003eתאריך:\u003c/b\u003e 15-11-2025\u003cbr/\u003e\u003cb\u003eID:\u003c/b\u003e 2744\u003cbr/\u003e\u003cb\u003eFB:\u003c/b\u003e \u003ca href=\u0027https://www.facebook.com/groups/beshvil.yael/posts/3810597215900068/\u0027\u003ehttps://www.facebook.com/groups/beshvil.yael/posts/3810597215900068/\u003c/a\u003e\u003cbr/\u003e\u003cbr/\u003e\u003cimg src=\u0027https://drive.google.com/uc?export=view\u0026amp;id=1oTwbbGZZ0FBNvXpwNPuakeJ1IPSmnDNx\u0027 width=\u0027450\u0027/\u003e\u003cbr/\u003e\u003c/div\u003e",
                                            "tessellate":  -1,
                                            "extrude":  0,
                                            "visibility":  -1
                                        },
                         "geometry":  {
                                          "type":  "Point",
                                          "coordinates":  [
                                                              34.91801,
                                                              30.59494,
                                                              0.0
                                                          ]
                                      }
                     },
                     {
                         "type":  "Feature",
                         "properties":  {
                                            "Name":  "#3773",
                                            "description":  "\u003cdiv dir=\u0027rtl\u0027 style=\u0027font-family:Arial;\u0027\u003e\u003cb\u003eשם:\u003c/b\u003e לילך כהן\u003cbr/\u003e\u003cb\u003eאתר:\u003c/b\u003e חוד עקב\u003cbr/\u003e\u003cb\u003eתאריך:\u003c/b\u003e 01-02-2026\u003cbr/\u003e\u003cb\u003eID:\u003c/b\u003e 3554\u003cbr/\u003e\u003cb\u003eFB:\u003c/b\u003e \u003ca href=\u0027https://www.facebook.com/groups/beshvil.yael/posts/3877615599198229/\u0027\u003ehttps://www.facebook.com/groups/beshvil.yael/posts/3877615599198229/\u003c/a\u003e\u003cbr/\u003e\u003cbr/\u003e\u003cimg src=\u0027https://drive.google.com/uc?export=view\u0026amp;id=1aPfuKSwC3aQ-iCQDOAeiYoIproZY4nJj\u0027 width=\u0027450\u0027/\u003e\u003cbr/\u003e\u003c/div\u003e",
                                            "tessellate":  -1,
                                            "extrude":  0,
                                            "visibility":  -1
                                        },
                         "geometry":  {
                                          "type":  "Point",
                                          "coordinates":  [
                                                              34.80113,
                                                              30.824,
                                                              0.0
                                                          ]
                                      }
                     },
                     {
                         "type":  "Feature",
                         "properties":  {
                                            "Name":  "#3773",
                                            "description":  "\u003cdiv dir=\u0027rtl\u0027 style=\u0027font-family:Arial;\u0027\u003e\u003cb\u003eשם:\u003c/b\u003e לילך כהן\u003cbr/\u003e\u003cb\u003eאתר:\u003c/b\u003e הר ארדון\u003cbr/\u003e\u003cb\u003eתאריך:\u003c/b\u003e 11-04-2026\u003cbr/\u003e\u003cb\u003eID:\u003c/b\u003e 4108\u003cbr/\u003e\u003cb\u003eFB:\u003c/b\u003e \u003ca href=\u0027https://www.facebook.com/groups/beshvil.yael/posts/3941356422824146/\u0027\u003ehttps://www.facebook.com/groups/beshvil.yael/posts/3941356422824146/\u003c/a\u003e\u003cbr/\u003e\u003cbr/\u003e\u003cimg src=\u0027https://drive.google.com/uc?export=view\u0026amp;id=1YkZxfLj9NCs5lMjl07vYF4rm-7i6jj8D\u0027 width=\u0027450\u0027/\u003e\u003cbr/\u003e\u003c/div\u003e",
                                            "tessellate":  -1,
                                            "extrude":  0,
                                            "visibility":  -1
                                        },
                         "geometry":  {
                                          "type":  "Point",
                                          "coordinates":  [
                                                              34.95336,
                                                              30.65172,
                                                              0.0
                                                          ]
                                      }
                     },
                     {
                         "type":  "Feature",
                         "properties":  {
                                            "Name":  "#3773",
                                            "description":  "\u003cdiv dir=\u0027rtl\u0027 style=\u0027font-family:Arial;\u0027\u003e\u003cb\u003eשם:\u003c/b\u003e לילך כהן\u003cbr/\u003e\u003cb\u003eאתר:\u003c/b\u003e בס\u0026quot;ש הר הנגב\u003cbr/\u003e\u003cb\u003eתאריך:\u003c/b\u003e 12-05-2026\u003cbr/\u003e\u003cb\u003eID:\u003c/b\u003e 4409\u003cbr/\u003e\u003cb\u003eFB:\u003c/b\u003e \u003ca href=\u0027https://www.facebook.com/groups/beshvil.yael/posts/3969486946677760\u0027\u003ehttps://www.facebook.com/groups/beshvil.yael/posts/3969486946677760\u003c/a\u003e\u003cbr/\u003e\u003cbr/\u003e\u003cimg src=\u0027https://drive.google.com/uc?export=view\u0026amp;id=1Eq6GcGqtL_WRyMjzye6EHb-UKrmBR1bF\u0027 width=\u0027450\u0027/\u003e\u003cbr/\u003e\u003c/div\u003e",
                                            "tessellate":  -1,
                                            "extrude":  0,
                                            "visibility":  -1
                                        },
                         "geometry":  {
                                          "type":  "Point",
                                          "coordinates":  [
                                                              34.79055,
                                                              30.60307,
                                                              0.0
                                                          ]
                                      }
                     },
                     {
                         "type":  "Feature",
                         "properties":  {
                                            "Name":  "#3775",
                                            "description":  "\u003cdiv dir=\u0027rtl\u0027 style=\u0027font-family:Arial;\u0027\u003e\u003cb\u003eשם:\u003c/b\u003e תאיר זליכובר\u003cbr/\u003e\u003cb\u003eאתר:\u003c/b\u003e גב חלון\u003cbr/\u003e\u003cb\u003eתאריך:\u003c/b\u003e 25-04-2026\u003cbr/\u003e\u003cb\u003eID:\u003c/b\u003e 4260\u003cbr/\u003e\u003cb\u003eFB:\u003c/b\u003e \u003ca href=\u0027https://www.facebook.com/groups/beshvil.yael/posts/3954096564883465\u0027\u003ehttps://www.facebook.com/groups/beshvil.yael/posts/3954096564883465\u003c/a\u003e\u003cbr/\u003e\u003cbr/\u003e\u003cimg src=\u0027https://drive.google.com/uc?export=view\u0026amp;id=1ohr3Iq0ouNpaviDYE__E79WWvGGxZPXW\u0027 width=\u0027450\u0027/\u003e\u003cbr/\u003e\u003c/div\u003e",
                                            "tessellate":  -1,
                                            "extrude":  0,
                                            "visibility":  -1
                                        },
                         "geometry":  {
                                          "type":  "Point",
                                          "coordinates":  [
                                                              35.38196,
                                                              31.47187,
                                                              0.0
                                                          ]
                                      }
                     },
                     {
                         "type":  "Feature",
                         "properties":  {
                                            "Name":  "#3775",
                                            "description":  "\u003cdiv dir=\u0027rtl\u0027 style=\u0027font-family:Arial;\u0027\u003e\u003cb\u003eשם:\u003c/b\u003e תאיר זליכובר\u003cbr/\u003e\u003cb\u003eאתר:\u003c/b\u003e תל שימרון\u003cbr/\u003e\u003cb\u003eתאריך:\u003c/b\u003e 06-05-2026\u003cbr/\u003e\u003cb\u003eID:\u003c/b\u003e 4367\u003cbr/\u003e\u003cb\u003eFB:\u003c/b\u003e \u003ca href=\u0027https://www.facebook.com/groups/beshvil.yael/posts/3964097010550087/\u0027\u003ehttps://www.facebook.com/groups/beshvil.yael/posts/3964097010550087/\u003c/a\u003e\u003cbr/\u003e\u003cbr/\u003e\u003cimg src=\u0027https://drive.google.com/uc?export=view\u0026amp;id=1ejS1p_ZUhicvw5QBz3Qb6hq38fKss9a-\u0027 width=\u0027450\u0027/\u003e\u003cbr/\u003e\u003c/div\u003e",
                                            "tessellate":  -1,
                                            "extrude":  0,
                                            "visibility":  -1
                                        },
                         "geometry":  {
                                          "type":  "Point",
                                          "coordinates":  [
                                                              35.21537,
                                                              32.70414,
                                                              0.0
                                                          ]
                                      }
                     },
                     {
                         "type":  "Feature",
                         "properties":  {
                                            "Name":  "#3805",
                                            "description":  "\u003cdiv dir=\u0027rtl\u0027 style=\u0027font-family:Arial;\u0027\u003e\u003cb\u003eשם:\u003c/b\u003e איתן דפני\u003cbr/\u003e\u003cb\u003eאתר:\u003c/b\u003e חוף אכזיב\u003cbr/\u003e\u003cb\u003eתאריך:\u003c/b\u003e 27-10-2025\u003cbr/\u003e\u003cb\u003eID:\u003c/b\u003e 2536\u003cbr/\u003e\u003cb\u003eFB:\u003c/b\u003e \u003ca href=\u0027https://www.facebook.com/groups/beshvil.yael/posts/3792424317717358\u0027\u003ehttps://www.facebook.com/groups/beshvil.yael/posts/3792424317717358\u003c/a\u003e\u003cbr/\u003e\u003cbr/\u003e\u003cimg src=\u0027https://drive.google.com/uc?export=view\u0026amp;id=1lGJmJa-RkTD2tsQ1BeWKKdPEImzRwrWC\u0027 width=\u0027450\u0027/\u003e\u003cbr/\u003e\u003c/div\u003e",
                                            "tessellate":  -1,
                                            "extrude":  0,
                                            "visibility":  -1
                                        },
                         "geometry":  {
                                          "type":  "Point",
                                          "coordinates":  [
                                                              35.10058,
                                                              33.04442,
                                                              0.0
                                                          ]
                                      }
                     },
                     {
                         "type":  "Feature",
                         "properties":  {
                                            "Name":  "#3805",
                                            "description":  "\u003cdiv dir=\u0027rtl\u0027 style=\u0027font-family:Arial;\u0027\u003e\u003cb\u003eשם:\u003c/b\u003e איתן דפני\u003cbr/\u003e\u003cb\u003eאתר:\u003c/b\u003e בקעת אלון\u003cbr/\u003e\u003cb\u003eתאריך:\u003c/b\u003e 18-11-2025\u003cbr/\u003e\u003cb\u003eID:\u003c/b\u003e 2776\u003cbr/\u003e\u003cb\u003eFB:\u003c/b\u003e \u003ca href=\u0027https://www.facebook.com/groups/beshvil.yael/posts/3812759569017166\u0027\u003ehttps://www.facebook.com/groups/beshvil.yael/posts/3812759569017166\u003c/a\u003e\u003cbr/\u003e\u003cbr/\u003e\u003cimg src=\u0027https://drive.google.com/uc?export=view\u0026amp;id=1bLlCjda0n5pAGgqKQTLWFcK-vbF7xZAU\u0027 width=\u0027450\u0027/\u003e\u003cbr/\u003e\u003c/div\u003e",
                                            "tessellate":  -1,
                                            "extrude":  0,
                                            "visibility":  -1
                                        },
                         "geometry":  {
                                          "type":  "Point",
                                          "coordinates":  [
                                                              35.02414,
                                                              32.72524,
                                                              0.0
                                                          ]
                                      }
                     },
                     {
                         "type":  "Feature",
                         "properties":  {
                                            "Name":  "#3806",
                                            "description":  "\u003cdiv dir=\u0027rtl\u0027 style=\u0027font-family:Arial;\u0027\u003e\u003cb\u003eשם:\u003c/b\u003e איתן דפני\u003cbr/\u003e\u003cb\u003eאתר:\u003c/b\u003e אתר הנובה\u003cbr/\u003e\u003cb\u003eתאריך:\u003c/b\u003e 21-10-2025\u003cbr/\u003e\u003cb\u003eID:\u003c/b\u003e 2471\u003cbr/\u003e\u003cb\u003eFB:\u003c/b\u003e \u003ca href=\u0027https://www.facebook.com/groups/beshvil.yael/posts/3786275428332247/\u0027\u003ehttps://www.facebook.com/groups/beshvil.yael/posts/3786275428332247/\u003c/a\u003e\u003cbr/\u003e\u003cbr/\u003e\u003cimg src=\u0027https://drive.google.com/uc?export=view\u0026amp;id=1IWEP3BAJvFynDpm1fcQgCgXVdSekO1md\u0027 width=\u0027450\u0027/\u003e\u003cbr/\u003e\u003c/div\u003e",
                                            "tessellate":  -1,
                                            "extrude":  0,
                                            "visibility":  -1
                                        },
                         "geometry":  {
                                          "type":  "Point",
                                          "coordinates":  [
                                                              34.47238,
                                                              31.40083,
                                                              0.0
                                                          ]
                                      }
                     },
                     {
                         "type":  "Feature",
                         "properties":  {
                                            "Name":  "#3806",
                                            "description":  "\u003cdiv dir=\u0027rtl\u0027 style=\u0027font-family:Arial;\u0027\u003e\u003cb\u003eשם:\u003c/b\u003e איתן דפני\u003cbr/\u003e\u003cb\u003eאתר:\u003c/b\u003e הקניון האדום\u003cbr/\u003e\u003cb\u003eתאריך:\u003c/b\u003e 21-10-2025\u003cbr/\u003e\u003cb\u003eID:\u003c/b\u003e 2472\u003cbr/\u003e\u003cb\u003eFB:\u003c/b\u003e \u003ca href=\u0027https://www.facebook.com/groups/beshvil.yael/posts/3786501458309644\u0027\u003ehttps://www.facebook.com/groups/beshvil.yael/posts/3786501458309644\u003c/a\u003e\u003cbr/\u003e\u003cbr/\u003e\u003cimg src=\u0027https://drive.google.com/uc?export=view\u0026amp;id=1ImxYJ8HduOpHubH5phIm59w_8Ob1jjCv\u0027 width=\u0027450\u0027/\u003e\u003cbr/\u003e\u003c/div\u003e",
                                            "tessellate":  -1,
                                            "extrude":  0,
                                            "visibility":  -1
                                        },
                         "geometry":  {
                                          "type":  "Point",
                                          "coordinates":  [
                                                              34.8831386,
                                                              29.6810735,
                                                              0.0
                                                          ]
                                      }
                     },
                     {
                         "type":  "Feature",
                         "properties":  {
                                            "Name":  "#3806",
                                            "description":  "\u003cdiv dir=\u0027rtl\u0027 style=\u0027font-family:Arial;\u0027\u003e\u003cb\u003eשם:\u003c/b\u003e איתן דפני\u003cbr/\u003e\u003cb\u003eאתר:\u003c/b\u003e הר צפחות.\u003cbr/\u003e\u003cb\u003eתאריך:\u003c/b\u003e 23-10-2025\u003cbr/\u003e\u003cb\u003eID:\u003c/b\u003e 2492\u003cbr/\u003e\u003cb\u003eFB:\u003c/b\u003e \u003ca href=\u0027https://www.facebook.com/groups/beshvil.yael/posts/3788215618138228/\u0027\u003ehttps://www.facebook.com/groups/beshvil.yael/posts/3788215618138228/\u003c/a\u003e\u003cbr/\u003e\u003cbr/\u003e\u003cimg src=\u0027https://drive.google.com/uc?export=view\u0026amp;id=1_A9pntXsYPsGZVxq6MDHSMFuaWffylPo\u0027 width=\u0027450\u0027/\u003e\u003cbr/\u003e\u003c/div\u003e",
                                            "tessellate":  -1,
                                            "extrude":  0,
                                            "visibility":  -1
                                        },
                         "geometry":  {
                                          "type":  "Point",
                                          "coordinates":  [
                                                              34.90989,
                                                              29.51336,
                                                              0.0
                                                          ]
                                      }
                     },
                     {
                         "type":  "Feature",
                         "properties":  {
                                            "Name":  "#3806",
                                            "description":  "\u003cdiv dir=\u0027rtl\u0027 style=\u0027font-family:Arial;\u0027\u003e\u003cb\u003eשם:\u003c/b\u003e איתן דפני\u003cbr/\u003e\u003cb\u003eאתר:\u003c/b\u003e אנדרטת שיירת יחיעם\u003cbr/\u003e\u003cb\u003eתאריך:\u003c/b\u003e 18-11-2025\u003cbr/\u003e\u003cb\u003eID:\u003c/b\u003e 2779\u003cbr/\u003e\u003cb\u003eFB:\u003c/b\u003e \u003ca href=\u0027https://www.facebook.com/groups/beshvil.yael/posts/3812969588996164/\u0027\u003ehttps://www.facebook.com/groups/beshvil.yael/posts/3812969588996164/\u003c/a\u003e\u003cbr/\u003e\u003cbr/\u003e\u003cimg src=\u0027https://drive.google.com/uc?export=view\u0026amp;id=1pN80dO3X8RCJPOdaUvyx7VakaKkNRCr7\u0027 width=\u0027450\u0027/\u003e\u003cbr/\u003e\u003c/div\u003e",
                                            "tessellate":  -1,
                                            "extrude":  0,
                                            "visibility":  -1
                                        },
                         "geometry":  {
                                          "type":  "Point",
                                          "coordinates":  [
                                                              35.1464,
                                                              33.01359,
                                                              0.0
                                                          ]
                                      }
                     },
                     {
                         "type":  "Feature",
                         "properties":  {
                                            "Name":  "#3814",
                                            "description":  "\u003cdiv dir=\u0027rtl\u0027 style=\u0027font-family:Arial;\u0027\u003e\u003cb\u003eשם:\u003c/b\u003e עדי טוכמה\u003cbr/\u003e\u003cb\u003eאתר:\u003c/b\u003e עין דור\u003cbr/\u003e\u003cb\u003eתאריך:\u003c/b\u003e 13-10-2025\u003cbr/\u003e\u003cb\u003eID:\u003c/b\u003e 2371\u003cbr/\u003e\u003cb\u003eFB:\u003c/b\u003e \u003ca href=\u0027https://www.facebook.com/groups/beshvil.yael/posts/3778672539092536\u0027\u003ehttps://www.facebook.com/groups/beshvil.yael/posts/3778672539092536\u003c/a\u003e\u003cbr/\u003e\u003cbr/\u003e\u003cimg src=\u0027https://drive.google.com/uc?export=view\u0026amp;id=1iYikq2CHUHChEGmulagx_TvcnHop5fZ9\u0027 width=\u0027450\u0027/\u003e\u003cbr/\u003e\u003c/div\u003e",
                                            "tessellate":  -1,
                                            "extrude":  0,
                                            "visibility":  -1
                                        },
                         "geometry":  {
                                          "type":  "Point",
                                          "coordinates":  [
                                                              35.40814,
                                                              32.65358,
                                                              0.0
                                                          ]
                                      }
                     },
                     {
                         "type":  "Feature",
                         "properties":  {
                                            "Name":  "#3818",
                                            "description":  "\u003cdiv dir=\u0027rtl\u0027 style=\u0027font-family:Arial;\u0027\u003e\u003cb\u003eשם:\u003c/b\u003e אפרת הרמל סהר\u003cbr/\u003e\u003cb\u003eאתר:\u003c/b\u003e הר צפחות\u003cbr/\u003e\u003cb\u003eתאריך:\u003c/b\u003e 09-12-2025\u003cbr/\u003e\u003cb\u003eID:\u003c/b\u003e 3011\u003cbr/\u003e\u003cb\u003eFB:\u003c/b\u003e \u003ca href=\u0027https://www.facebook.com/groups/beshvil.yael/posts/3830776923882097\u0027\u003ehttps://www.facebook.com/groups/beshvil.yael/posts/3830776923882097\u003c/a\u003e\u003cbr/\u003e\u003cbr/\u003e\u003cimg src=\u0027https://drive.google.com/uc?export=view\u0026amp;id=1uqOXUqd0mBGevvkPakfBVc0wEcoZeqe-\u0027 width=\u0027450\u0027/\u003e\u003cbr/\u003e\u003c/div\u003e",
                                            "tessellate":  -1,
                                            "extrude":  0,
                                            "visibility":  -1
                                        },
                         "geometry":  {
                                          "type":  "Point",
                                          "coordinates":  [
                                                              34.91346,
                                                              29.514,
                                                              0.0
                                                          ]
                                      }
                     },
                     {
                         "type":  "Feature",
                         "properties":  {
                                            "Name":  "#3825",
                                            "description":  "\u003cdiv dir=\u0027rtl\u0027 style=\u0027font-family:Arial;\u0027\u003e\u003cb\u003eשם:\u003c/b\u003e מיכה מנדל\u003cbr/\u003e\u003cb\u003eאתר:\u003c/b\u003e מעלה צרויה\u003cbr/\u003e\u003cb\u003eתאריך:\u003c/b\u003e 21-10-2025\u003cbr/\u003e\u003cb\u003eID:\u003c/b\u003e 2476\u003cbr/\u003e\u003cb\u003eFB:\u003c/b\u003e \u003ca href=\u0027https://www.facebook.com/groups/beshvil.yael/posts/3786731528286637/\u0027\u003ehttps://www.facebook.com/groups/beshvil.yael/posts/3786731528286637/\u003c/a\u003e\u003cbr/\u003e\u003cbr/\u003e\u003cimg src=\u0027https://drive.google.com/uc?export=view\u0026amp;id=16zbrk7hDdwuQ_H94cfEZAHdgfqtsHppS\u0027 width=\u0027450\u0027/\u003e\u003cbr/\u003e\u003c/div\u003e",
                                            "tessellate":  -1,
                                            "extrude":  0,
                                            "visibility":  -1
                                        },
                         "geometry":  {
                                          "type":  "Point",
                                          "coordinates":  [
                                                              35.37093,
                                                              31.44957,
                                                              0.0
                                                          ]
                                      }
                     },
                     {
                         "type":  "Feature",
                         "properties":  {
                                            "Name":  "#3826",
                                            "description":  "\u003cdiv dir=\u0027rtl\u0027 style=\u0027font-family:Arial;\u0027\u003e\u003cb\u003eשם:\u003c/b\u003e מעין מנדל\u003cbr/\u003e\u003cb\u003eאתר:\u003c/b\u003e הר נשף\u003cbr/\u003e\u003cb\u003eתאריך:\u003c/b\u003e 29-11-2025\u003cbr/\u003e\u003cb\u003eID:\u003c/b\u003e 2918\u003cbr/\u003e\u003cb\u003eFB:\u003c/b\u003e \u003ca href=\u0027https://www.facebook.com/groups/beshvil.yael/posts/3822763108016812\u0027\u003ehttps://www.facebook.com/groups/beshvil.yael/posts/3822763108016812\u003c/a\u003e\u003cbr/\u003e\u003cbr/\u003e\u003cimg src=\u0027https://drive.google.com/uc?export=view\u0026amp;id=1wCROrJr7CjBF6r3gbj32rIUdYpdbiAa1\u0027 width=\u0027450\u0027/\u003e\u003cbr/\u003e\u003c/div\u003e",
                                            "tessellate":  -1,
                                            "extrude":  0,
                                            "visibility":  -1
                                        },
                         "geometry":  {
                                          "type":  "Point",
                                          "coordinates":  [
                                                              34.8922,
                                                              29.667,
                                                              0.0
                                                          ]
                                      }
                     },
                     {
                         "type":  "Feature",
                         "properties":  {
                                            "Name":  "#3833",
                                            "description":  "\u003cdiv dir=\u0027rtl\u0027 style=\u0027font-family:Arial;\u0027\u003e\u003cb\u003eשם:\u003c/b\u003e כרמל אשל\u003cbr/\u003e\u003cb\u003eאתר:\u003c/b\u003e הגלבוע\u003cbr/\u003e\u003cb\u003eתאריך:\u003c/b\u003e 16-05-2025\u003cbr/\u003e\u003cb\u003eID:\u003c/b\u003e 542\u003cbr/\u003e\u003cb\u003eFB:\u003c/b\u003e \u003ca href=\u0027https://www.facebook.com/groups/3235176716775457/posts/3643110762648715/\u0027\u003ehttps://www.facebook.com/groups/3235176716775457/posts/3643110762648715/\u003c/a\u003e\u003cbr/\u003e\u003cbr/\u003e\u003cimg src=\u0027https://drive.google.com/uc?export=view\u0026amp;id=1Y4psTetk0jaoMEMMNUgvodDEW14tKF4w\u0027 width=\u0027450\u0027/\u003e\u003cbr/\u003e\u003c/div\u003e",
                                            "tessellate":  -1,
                                            "extrude":  0,
                                            "visibility":  -1
                                        },
                         "geometry":  {
                                          "type":  "Point",
                                          "coordinates":  [
                                                              35.37438,
                                                              32.53139,
                                                              0.0
                                                          ]
                                      }
                     },
                     {
                         "type":  "Feature",
                         "properties":  {
                                            "Name":  "#3833",
                                            "description":  "\u003cdiv dir=\u0027rtl\u0027 style=\u0027font-family:Arial;\u0027\u003e\u003cb\u003eשם:\u003c/b\u003e כרמל אשל\u003cbr/\u003e\u003cb\u003eאתר:\u003c/b\u003e חפציבה\u003cbr/\u003e\u003cb\u003eתאריך:\u003c/b\u003e 26-05-2025\u003cbr/\u003e\u003cb\u003eID:\u003c/b\u003e 787\u003cbr/\u003e\u003cb\u003eFB:\u003c/b\u003e \u003ca href=\u0027https://www.facebook.com/groups/3235176716775457/posts/3651813058445152/\u0027\u003ehttps://www.facebook.com/groups/3235176716775457/posts/3651813058445152/\u003c/a\u003e\u003cbr/\u003e\u003cbr/\u003e\u003cimg src=\u0027https://drive.google.com/uc?export=view\u0026amp;id=1JCvcq41dRNFyfNExNIkOSAbzHTQzHtmJ\u0027 width=\u0027450\u0027/\u003e\u003cbr/\u003e\u003c/div\u003e",
                                            "tessellate":  -1,
                                            "extrude":  0,
                                            "visibility":  -1
                                        },
                         "geometry":  {
                                          "type":  "Point",
                                          "coordinates":  [
                                                              35.4217423,
                                                              32.5173441,
                                                              0.0
                                                          ]
                                      }
                     },
                     {
                         "type":  "Feature",
                         "properties":  {
                                            "Name":  "#3843",
                                            "description":  "\u003cdiv dir=\u0027rtl\u0027 style=\u0027font-family:Arial;\u0027\u003e\u003cb\u003eשם:\u003c/b\u003e רן אברון\u003cbr/\u003e\u003cb\u003eאתר:\u003c/b\u003e נחל אלעל\u003cbr/\u003e\u003cb\u003eתאריך:\u003c/b\u003e 11-10-2025\u003cbr/\u003e\u003cb\u003eID:\u003c/b\u003e 2329\u003cbr/\u003e\u003cb\u003eFB:\u003c/b\u003e \u003ca href=\u0027https://www.facebook.com/groups/beshvil.yael/posts/3776563322636791/\u0027\u003ehttps://www.facebook.com/groups/beshvil.yael/posts/3776563322636791/\u003c/a\u003e\u003cbr/\u003e\u003cbr/\u003e\u003cimg src=\u0027https://drive.google.com/uc?export=view\u0026amp;id=13Yf2ZQNFZCWsmyTj-D3fIQSFYnWQ93jL\u0027 width=\u0027450\u0027/\u003e\u003cbr/\u003e\u003c/div\u003e",
                                            "tessellate":  -1,
                                            "extrude":  0,
                                            "visibility":  -1
                                        },
                         "geometry":  {
                                          "type":  "Point",
                                          "coordinates":  [
                                                              35.78621,
                                                              32.87562,
                                                              0.0
                                                          ]
                                      }
                     },
                     {
                         "type":  "Feature",
                         "properties":  {
                                            "Name":  "#3843",
                                            "description":  "\u003cdiv dir=\u0027rtl\u0027 style=\u0027font-family:Arial;\u0027\u003e\u003cb\u003eשם:\u003c/b\u003e רן אברון\u003cbr/\u003e\u003cb\u003eאתר:\u003c/b\u003e אנדרטת התצפיתניות\u003cbr/\u003e\u003cb\u003eתאריך:\u003c/b\u003e 23-03-2026\u003cbr/\u003e\u003cb\u003eID:\u003c/b\u003e 3992\u003cbr/\u003e\u003cb\u003eFB:\u003c/b\u003e \u003ca href=\u0027https://www.facebook.com/groups/beshvil.yael/posts/3924428834516905/\u0027\u003ehttps://www.facebook.com/groups/beshvil.yael/posts/3924428834516905/\u003c/a\u003e\u003cbr/\u003e\u003cbr/\u003e\u003cimg src=\u0027https://drive.google.com/uc?export=view\u0026amp;id=1niKIiCN-V1vCbFVv1EjhDmXgX5q5FTt2\u0027 width=\u0027450\u0027/\u003e\u003cbr/\u003e\u003c/div\u003e",
                                            "tessellate":  -1,
                                            "extrude":  0,
                                            "visibility":  -1
                                        },
                         "geometry":  {
                                          "type":  "Point",
                                          "coordinates":  [
                                                              34.52464,
                                                              31.46318,
                                                              0.0
                                                          ]
                                      }
                     },
                     {
                         "type":  "Feature",
                         "properties":  {
                                            "Name":  "#3845",
                                            "description":  "\u003cdiv dir=\u0027rtl\u0027 style=\u0027font-family:Arial;\u0027\u003e\u003cb\u003eשם:\u003c/b\u003e זוהר שחם\u003cbr/\u003e\u003cb\u003eאתר:\u003c/b\u003e נחל ערוגות\u003cbr/\u003e\u003cb\u003eתאריך:\u003c/b\u003e 04-10-2025\u003cbr/\u003e\u003cb\u003eID:\u003c/b\u003e 2155\u003cbr/\u003e\u003cb\u003eFB:\u003c/b\u003e \u003ca href=\u0027https://www.facebook.com/groups/beshvil.yael/posts/3769262776700179/\u0027\u003ehttps://www.facebook.com/groups/beshvil.yael/posts/3769262776700179/\u003c/a\u003e\u003cbr/\u003e\u003cbr/\u003e\u003cimg src=\u0027https://drive.google.com/uc?export=view\u0026amp;id=1yEsZktY6TLXI06HQVO3NM4jWLG8x061i\u0027 width=\u0027450\u0027/\u003e\u003cbr/\u003e\u003c/div\u003e",
                                            "tessellate":  -1,
                                            "extrude":  0,
                                            "visibility":  -1
                                        },
                         "geometry":  {
                                          "type":  "Point",
                                          "coordinates":  [
                                                              35.34242,
                                                              31.53774,
                                                              0.0
                                                          ]
                                      }
                     },
                     {
                         "type":  "Feature",
                         "properties":  {
                                            "Name":  "#3845",
                                            "description":  "\u003cdiv dir=\u0027rtl\u0027 style=\u0027font-family:Arial;\u0027\u003e\u003cb\u003eשם:\u003c/b\u003e זוהר שחם\u003cbr/\u003e\u003cb\u003eאתר:\u003c/b\u003e מדבר יהודה\u003cbr/\u003e\u003cb\u003eתאריך:\u003c/b\u003e 17-02-2026\u003cbr/\u003e\u003cb\u003eID:\u003c/b\u003e 3743\u003cbr/\u003e\u003cb\u003eFB:\u003c/b\u003e \u003ca href=\u0027https://www.facebook.com/groups/beshvil.yael/posts/3892289837730805\u0027\u003ehttps://www.facebook.com/groups/beshvil.yael/posts/3892289837730805\u003c/a\u003e\u003cbr/\u003e\u003cbr/\u003e\u003cimg src=\u0027https://drive.google.com/uc?export=view\u0026amp;id=199YLop_hxz63FAWV0Y-v63flibj9yigx\u0027 width=\u0027450\u0027/\u003e\u003cbr/\u003e\u003c/div\u003e",
                                            "tessellate":  -1,
                                            "extrude":  0,
                                            "visibility":  -1
                                        },
                         "geometry":  {
                                          "type":  "Point",
                                          "coordinates":  [
                                                              35.30086,
                                                              31.26108,
                                                              0.0
                                                          ]
                                      }
                     },
                     {
                         "type":  "Feature",
                         "properties":  {
                                            "Name":  "#3845",
                                            "description":  "\u003cdiv dir=\u0027rtl\u0027 style=\u0027font-family:Arial;\u0027\u003e\u003cb\u003eשם:\u003c/b\u003e זוהר שחם\u003cbr/\u003e\u003cb\u003eאתר:\u003c/b\u003e הכרמל\u003cbr/\u003e\u003cb\u003eתאריך:\u003c/b\u003e 22-02-2026\u003cbr/\u003e\u003cb\u003eID:\u003c/b\u003e 3821\u003cbr/\u003e\u003cb\u003eFB:\u003c/b\u003e \u003ca href=\u0027https://www.facebook.com/groups/beshvil.yael/posts/3897555267204262/\u0027\u003ehttps://www.facebook.com/groups/beshvil.yael/posts/3897555267204262/\u003c/a\u003e\u003cbr/\u003e\u003cbr/\u003e\u003cimg src=\u0027https://drive.google.com/uc?export=view\u0026amp;id=1qEyyQZHY4Hd7TSqFSWBYpgAeAXm-nfsH\u0027 width=\u0027450\u0027/\u003e\u003cbr/\u003e\u003c/div\u003e",
                                            "tessellate":  -1,
                                            "extrude":  0,
                                            "visibility":  -1
                                        },
                         "geometry":  {
                                          "type":  "Point",
                                          "coordinates":  [
                                                              35.04809,
                                                              32.7419,
                                                              0.0
                                                          ]
                                      }
                     },
                     {
                         "type":  "Feature",
                         "properties":  {
                                            "Name":  "#3845",
                                            "description":  "\u003cdiv dir=\u0027rtl\u0027 style=\u0027font-family:Arial;\u0027\u003e\u003cb\u003eשם:\u003c/b\u003e זוהר שחם\u003cbr/\u003e\u003cb\u003eאתר:\u003c/b\u003e נחל צין\u003cbr/\u003e\u003cb\u003eתאריך:\u003c/b\u003e 27-03-2026\u003cbr/\u003e\u003cb\u003eID:\u003c/b\u003e 4000\u003cbr/\u003e\u003cb\u003eFB:\u003c/b\u003e \u003ca href=\u0027https://www.facebook.com/groups/beshvil.yael/posts/3928164054143383/\u0027\u003ehttps://www.facebook.com/groups/beshvil.yael/posts/3928164054143383/\u003c/a\u003e\u003cbr/\u003e\u003cbr/\u003e\u003cimg src=\u0027https://drive.google.com/uc?export=view\u0026amp;id=1QLlbpUcuIV9AUN4TIOtAxK5F8Uf9_Mjh\u0027 width=\u0027450\u0027/\u003e\u003cbr/\u003e\u003c/div\u003e",
                                            "tessellate":  -1,
                                            "extrude":  0,
                                            "visibility":  -1
                                        },
                         "geometry":  {
                                          "type":  "Point",
                                          "coordinates":  [
                                                              35.05033,
                                                              30.83807,
                                                              0.0
                                                          ]
                                      }
                     },
                     {
                         "type":  "Feature",
                         "properties":  {
                                            "Name":  "#3845",
                                            "description":  "\u003cdiv dir=\u0027rtl\u0027 style=\u0027font-family:Arial;\u0027\u003e\u003cb\u003eשם:\u003c/b\u003e זוהר שחם\u003cbr/\u003e\u003cb\u003eאתר:\u003c/b\u003e חמוקי ניצנה\u003cbr/\u003e\u003cb\u003eתאריך:\u003c/b\u003e 11-04-2026\u003cbr/\u003e\u003cb\u003eID:\u003c/b\u003e 4102\u003cbr/\u003e\u003cb\u003eFB:\u003c/b\u003e \u003ca href=\u0027https://www.facebook.com/groups/beshvil.yael/posts/3941314149495040/\u0027\u003ehttps://www.facebook.com/groups/beshvil.yael/posts/3941314149495040/\u003c/a\u003e\u003cbr/\u003e\u003cbr/\u003e\u003cimg src=\u0027https://drive.google.com/uc?export=view\u0026amp;id=1Su4CO4z1hzRx2rrPGdLsbQCYmNkPUAK8\u0027 width=\u0027450\u0027/\u003e\u003cbr/\u003e\u003c/div\u003e",
                                            "tessellate":  -1,
                                            "extrude":  0,
                                            "visibility":  -1
                                        },
                         "geometry":  {
                                          "type":  "Point",
                                          "coordinates":  [
                                                              34.41446,
                                                              30.85686,
                                                              0.0
                                                          ]
                                      }
                     },
                     {
                         "type":  "Feature",
                         "properties":  {
                                            "Name":  "#3915",
                                            "description":  "\u003cdiv dir=\u0027rtl\u0027 style=\u0027font-family:Arial;\u0027\u003e\u003cb\u003eשם:\u003c/b\u003e איתי פרי\u003cbr/\u003e\u003cb\u003eאתר:\u003c/b\u003e עין בוקק\u003cbr/\u003e\u003cb\u003eתאריך:\u003c/b\u003e 01-11-2025\u003cbr/\u003e\u003cb\u003eID:\u003c/b\u003e 2573\u003cbr/\u003e\u003cb\u003eFB:\u003c/b\u003e \u003ca href=\u0027https://www.facebook.com/groups/beshvil.yael/posts/3796945893931867\u0027\u003ehttps://www.facebook.com/groups/beshvil.yael/posts/3796945893931867\u003c/a\u003e\u003cbr/\u003e\u003cbr/\u003e\u003cimg src=\u0027https://drive.google.com/uc?export=view\u0026amp;id=17_dilEVLCz0jyuXEK3VtjJXkkGaXgffH\u0027 width=\u0027450\u0027/\u003e\u003cbr/\u003e\u003c/div\u003e",
                                            "tessellate":  -1,
                                            "extrude":  0,
                                            "visibility":  -1
                                        },
                         "geometry":  {
                                          "type":  "Point",
                                          "coordinates":  [
                                                              35.36387,
                                                              31.19721,
                                                              0.0
                                                          ]
                                      }
                     },
                     {
                         "type":  "Feature",
                         "properties":  {
                                            "Name":  "#3915",
                                            "description":  "\u003cdiv dir=\u0027rtl\u0027 style=\u0027font-family:Arial;\u0027\u003e\u003cb\u003eשם:\u003c/b\u003e איתי פרי\u003cbr/\u003e\u003cb\u003eאתר:\u003c/b\u003e נחל דרוך\u003cbr/\u003e\u003cb\u003eתאריך:\u003c/b\u003e 21-12-2025\u003cbr/\u003e\u003cb\u003eID:\u003c/b\u003e 3135\u003cbr/\u003e\u003cb\u003eFB:\u003c/b\u003e \u003ca href=\u0027https://www.facebook.com/groups/beshvil.yael/posts/3841389369487519/\u0027\u003ehttps://www.facebook.com/groups/beshvil.yael/posts/3841389369487519/\u003c/a\u003e\u003cbr/\u003e\u003cbr/\u003e\u003cimg src=\u0027https://drive.google.com/uc?export=view\u0026amp;id=1pJd9f5jEdz16PaA0X_deZMCKQP24uZAJ\u0027 width=\u0027450\u0027/\u003e\u003cbr/\u003e\u003c/div\u003e",
                                            "tessellate":  -1,
                                            "extrude":  0,
                                            "visibility":  -1
                                        },
                         "geometry":  {
                                          "type":  "Point",
                                          "coordinates":  [
                                                              34.86574,
                                                              30.86355,
                                                              0.0
                                                          ]
                                      }
                     },
                     {
                         "type":  "Feature",
                         "properties":  {
                                            "Name":  "#3985",
                                            "description":  "\u003cdiv dir=\u0027rtl\u0027 style=\u0027font-family:Arial;\u0027\u003e\u003cb\u003eשם:\u003c/b\u003e ליאת זיידן\u003cbr/\u003e\u003cb\u003eאתר:\u003c/b\u003e נחל עמוד\u003cbr/\u003e\u003cb\u003eתאריך:\u003c/b\u003e 30-05-2025\u003cbr/\u003e\u003cb\u003eID:\u003c/b\u003e 822\u003cbr/\u003e\u003cb\u003eFB:\u003c/b\u003e \u003ca href=\u0027https://www.facebook.com/groups/3235176716775457/posts/3654859354807189/\u0027\u003ehttps://www.facebook.com/groups/3235176716775457/posts/3654859354807189/\u003c/a\u003e\u003cbr/\u003e\u003cbr/\u003e\u003cimg src=\u0027https://drive.google.com/uc?export=view\u0026amp;id=1SM4Yg0KkOIzOCQytHv6Zjelc9svJ582v\u0027 width=\u0027450\u0027/\u003e\u003cbr/\u003e\u003c/div\u003e",
                                            "tessellate":  -1,
                                            "extrude":  0,
                                            "visibility":  -1
                                        },
                         "geometry":  {
                                          "type":  "Point",
                                          "coordinates":  [
                                                              35.5106253,
                                                              32.8718448,
                                                              0.0
                                                          ]
                                      }
                     },
                     {
                         "type":  "Feature",
                         "properties":  {
                                            "Name":  "#3985",
                                            "description":  "\u003cdiv dir=\u0027rtl\u0027 style=\u0027font-family:Arial;\u0027\u003e\u003cb\u003eשם:\u003c/b\u003e ליאת זיידן\u003cbr/\u003e\u003cb\u003eאתר:\u003c/b\u003e רמת דבשון\u003cbr/\u003e\u003cb\u003eתאריך:\u003c/b\u003e 08-11-2025\u003cbr/\u003e\u003cb\u003eID:\u003c/b\u003e 2657\u003cbr/\u003e\u003cb\u003eFB:\u003c/b\u003e \u003ca href=\u0027https://www.facebook.com/groups/beshvil.yael/posts/3804280296531760/\u0027\u003ehttps://www.facebook.com/groups/beshvil.yael/posts/3804280296531760/\u003c/a\u003e\u003cbr/\u003e\u003cbr/\u003e\u003cimg src=\u0027https://drive.google.com/uc?export=view\u0026amp;id=1-I8wQlphMJfCmc_7dIXLkiPJyu58xiPD\u0027 width=\u0027450\u0027/\u003e\u003cbr/\u003e\u003c/div\u003e",
                                            "tessellate":  -1,
                                            "extrude":  0,
                                            "visibility":  -1
                                        },
                         "geometry":  {
                                          "type":  "Point",
                                          "coordinates":  [
                                                              34.78818,
                                                              30.8347,
                                                              0.0
                                                          ]
                                      }
                     },
                     {
                         "type":  "Feature",
                         "properties":  {
                                            "Name":  "#3985",
                                            "description":  "\u003cdiv dir=\u0027rtl\u0027 style=\u0027font-family:Arial;\u0027\u003e\u003cb\u003eשם:\u003c/b\u003e ליאת זיידן\u003cbr/\u003e\u003cb\u003eאתר:\u003c/b\u003e עין עקב\u003cbr/\u003e\u003cb\u003eתאריך:\u003c/b\u003e 30-11-2025\u003cbr/\u003e\u003cb\u003eID:\u003c/b\u003e 2932\u003cbr/\u003e\u003cb\u003eFB:\u003c/b\u003e \u003ca href=\u0027https://www.facebook.com/groups/beshvil.yael/posts/3823661794593610\u0027\u003ehttps://www.facebook.com/groups/beshvil.yael/posts/3823661794593610\u003c/a\u003e\u003cbr/\u003e\u003cbr/\u003e\u003cimg src=\u0027https://drive.google.com/uc?export=view\u0026amp;id=1UFup3phBEkWolKZJJsTBdmN3IP2LfzTZ\u0027 width=\u0027450\u0027/\u003e\u003cbr/\u003e\u003c/div\u003e",
                                            "tessellate":  -1,
                                            "extrude":  0,
                                            "visibility":  -1
                                        },
                         "geometry":  {
                                          "type":  "Point",
                                          "coordinates":  [
                                                              34.81233,
                                                              30.81351,
                                                              0.0
                                                          ]
                                      }
                     },
                     {
                         "type":  "Feature",
                         "properties":  {
                                            "Name":  "#3985",
                                            "description":  "\u003cdiv dir=\u0027rtl\u0027 style=\u0027font-family:Arial;\u0027\u003e\u003cb\u003eשם:\u003c/b\u003e ליאת זיידן\u003cbr/\u003e\u003cb\u003eאתר:\u003c/b\u003e גב מנחם\u003cbr/\u003e\u003cb\u003eתאריך:\u003c/b\u003e 31-01-2026\u003cbr/\u003e\u003cb\u003eID:\u003c/b\u003e 3548\u003cbr/\u003e\u003cb\u003eFB:\u003c/b\u003e \u003ca href=\u0027https://www.facebook.com/groups/beshvil.yael/posts/3877216089238180/\u0027\u003ehttps://www.facebook.com/groups/beshvil.yael/posts/3877216089238180/\u003c/a\u003e\u003cbr/\u003e\u003cbr/\u003e\u003cimg src=\u0027https://drive.google.com/uc?export=view\u0026amp;id=1dkmc8cTOrYh9HGs8KYomR5jep6VpJ8sv\u0027 width=\u0027450\u0027/\u003e\u003cbr/\u003e\u003c/div\u003e",
                                            "tessellate":  -1,
                                            "extrude":  0,
                                            "visibility":  -1
                                        },
                         "geometry":  {
                                          "type":  "Point",
                                          "coordinates":  [
                                                              34.8143,
                                                              30.81228,
                                                              0.0
                                                          ]
                                      }
                     },
                     {
                         "type":  "Feature",
                         "properties":  {
                                            "Name":  "#3985",
                                            "description":  "\u003cdiv dir=\u0027rtl\u0027 style=\u0027font-family:Arial;\u0027\u003e\u003cb\u003eשם:\u003c/b\u003e ליאת זיידן\u003cbr/\u003e\u003cb\u003eאתר:\u003c/b\u003e חוף דור\u003cbr/\u003e\u003cb\u003eתאריך:\u003c/b\u003e 02-05-2026\u003cbr/\u003e\u003cb\u003eID:\u003c/b\u003e 4321\u003cbr/\u003e\u003cb\u003eFB:\u003c/b\u003e \u003ca href=\u0027https://www.facebook.com/groups/beshvil.yael/posts/3960464647579990/\u0027\u003ehttps://www.facebook.com/groups/beshvil.yael/posts/3960464647579990/\u003c/a\u003e\u003cbr/\u003e\u003cbr/\u003e\u003cimg src=\u0027https://drive.google.com/uc?export=view\u0026amp;id=1SAJgejg62PtNCK18SzUsHZePX79ZZfxN\u0027 width=\u0027450\u0027/\u003e\u003cbr/\u003e\u003c/div\u003e",
                                            "tessellate":  -1,
                                            "extrude":  0,
                                            "visibility":  -1
                                        },
                         "geometry":  {
                                          "type":  "Point",
                                          "coordinates":  [
                                                              34.91331,
                                                              32.57798,
                                                              0.0
                                                          ]
                                      }
                     },
                     {
                         "type":  "Feature",
                         "properties":  {
                                            "Name":  "#3993",
                                            "description":  "\u003cdiv dir=\u0027rtl\u0027 style=\u0027font-family:Arial;\u0027\u003e\u003cb\u003eשם:\u003c/b\u003e יעל פלש\u003cbr/\u003e\u003cb\u003eאתר:\u003c/b\u003e ים המלח\u003cbr/\u003e\u003cb\u003eתאריך:\u003c/b\u003e 25-11-2025\u003cbr/\u003e\u003cb\u003eID:\u003c/b\u003e 2861\u003cbr/\u003e\u003cb\u003eFB:\u003c/b\u003e \u003ca href=\u0027https://www.facebook.com/groups/beshvil.yael/posts/3818994995060290/\u0027\u003ehttps://www.facebook.com/groups/beshvil.yael/posts/3818994995060290/\u003c/a\u003e\u003cbr/\u003e\u003cbr/\u003e\u003cimg src=\u0027https://drive.google.com/uc?export=view\u0026amp;id=13DfwZjhF5La5tQ6fc15hgj0zfLT9On-E\u0027 width=\u0027450\u0027/\u003e\u003cbr/\u003e\u003c/div\u003e",
                                            "tessellate":  -1,
                                            "extrude":  0,
                                            "visibility":  -1
                                        },
                         "geometry":  {
                                          "type":  "Point",
                                          "coordinates":  [
                                                              35.36416,
                                                              31.20234,
                                                              0.0
                                                          ]
                                      }
                     },
                     {
                         "type":  "Feature",
                         "properties":  {
                                            "Name":  "#3996",
                                            "description":  "\u003cdiv dir=\u0027rtl\u0027 style=\u0027font-family:Arial;\u0027\u003e\u003cb\u003eשם:\u003c/b\u003e ערבה ניומן\u003cbr/\u003e\u003cb\u003eאתר:\u003c/b\u003e חדרה\u003cbr/\u003e\u003cb\u003eתאריך:\u003c/b\u003e 26-05-2025\u003cbr/\u003e\u003cb\u003eID:\u003c/b\u003e 779\u003cbr/\u003e\u003cb\u003eFB:\u003c/b\u003e \u003ca href=\u0027https://www.facebook.com/groups/3235176716775457/posts/3651380971821694/\u0027\u003ehttps://www.facebook.com/groups/3235176716775457/posts/3651380971821694/\u003c/a\u003e\u003cbr/\u003e\u003cbr/\u003e\u003cimg src=\u0027https://drive.google.com/uc?export=view\u0026amp;id=1IX5bU05n1ApM4q8rZ2rjqQ-its7B6y_3\u0027 width=\u0027450\u0027/\u003e\u003cbr/\u003e\u003c/div\u003e",
                                            "tessellate":  -1,
                                            "extrude":  0,
                                            "visibility":  -1
                                        },
                         "geometry":  {
                                          "type":  "Point",
                                          "coordinates":  [
                                                              34.9196518,
                                                              32.4340458,
                                                              0.0
                                                          ]
                                      }
                     },
                     {
                         "type":  "Feature",
                         "properties":  {
                                            "Name":  "#3996",
                                            "description":  "\u003cdiv dir=\u0027rtl\u0027 style=\u0027font-family:Arial;\u0027\u003e\u003cb\u003eשם:\u003c/b\u003e ערבה ניומן\u003cbr/\u003e\u003cb\u003eאתר:\u003c/b\u003e שביל ישראל\u003cbr/\u003e\u003cb\u003eתאריך:\u003c/b\u003e 30-05-2025\u003cbr/\u003e\u003cb\u003eID:\u003c/b\u003e 830\u003cbr/\u003e\u003cb\u003eFB:\u003c/b\u003e \u003ca href=\u0027https://www.facebook.com/groups/3235176716775457/posts/3655142718112186/\u0027\u003ehttps://www.facebook.com/groups/3235176716775457/posts/3655142718112186/\u003c/a\u003e\u003cbr/\u003e\u003cbr/\u003e\u003cimg src=\u0027https://drive.google.com/uc?export=view\u0026amp;id=1FZxVzIJY5DqoY2zj7-zENYYQH5DzRp_D\u0027 width=\u0027450\u0027/\u003e\u003cbr/\u003e\u003c/div\u003e",
                                            "tessellate":  -1,
                                            "extrude":  0,
                                            "visibility":  -1
                                        },
                         "geometry":  {
                                          "type":  "Point",
                                          "coordinates":  [
                                                              34.8398367,
                                                              32.2964826,
                                                              0.0
                                                          ]
                                      }
                     },
                     {
                         "type":  "Feature",
                         "properties":  {
                                            "Name":  "#3996",
                                            "description":  "\u003cdiv dir=\u0027rtl\u0027 style=\u0027font-family:Arial;\u0027\u003e\u003cb\u003eשם:\u003c/b\u003e ערבה ניומן\u003cbr/\u003e\u003cb\u003eאתר:\u003c/b\u003e נתניה\u003cbr/\u003e\u003cb\u003eתאריך:\u003c/b\u003e 03-06-2025\u003cbr/\u003e\u003cb\u003eID:\u003c/b\u003e 895\u003cbr/\u003e\u003cb\u003eFB:\u003c/b\u003e \u003ca href=\u0027https://www.facebook.com/groups/3235176716775457/posts/3657973797829078/\u0027\u003ehttps://www.facebook.com/groups/3235176716775457/posts/3657973797829078/\u003c/a\u003e\u003cbr/\u003e\u003cbr/\u003e\u003cimg src=\u0027https://drive.google.com/uc?export=view\u0026amp;id=1wh-b6H7YJwBBNtQ7ZVgEQD4djnzN-Y6_\u0027 width=\u0027450\u0027/\u003e\u003cbr/\u003e\u003c/div\u003e",
                                            "tessellate":  -1,
                                            "extrude":  0,
                                            "visibility":  -1
                                        },
                         "geometry":  {
                                          "type":  "Point",
                                          "coordinates":  [
                                                              34.8517304,
                                                              32.3396014,
                                                              0.0
                                                          ]
                                      }
                     },
                     {
                         "type":  "Feature",
                         "properties":  {
                                            "Name":  "#3996",
                                            "description":  "\u003cdiv dir=\u0027rtl\u0027 style=\u0027font-family:Arial;\u0027\u003e\u003cb\u003eשם:\u003c/b\u003e ערבה ניומן\u003cbr/\u003e\u003cb\u003eאתר:\u003c/b\u003e חוף סירונית\u003cbr/\u003e\u003cb\u003eתאריך:\u003c/b\u003e 11-06-2025\u003cbr/\u003e\u003cb\u003eID:\u003c/b\u003e 984\u003cbr/\u003e\u003cb\u003eFB:\u003c/b\u003e \u003ca href=\u0027https://www.facebook.com/groups/beshvil.yael/posts/3664810240478767/\u0027\u003ehttps://www.facebook.com/groups/beshvil.yael/posts/3664810240478767/\u003c/a\u003e\u003cbr/\u003e\u003cbr/\u003e\u003cimg src=\u0027https://drive.google.com/uc?export=view\u0026amp;id=14SvtojcqCaB25fZQqu6hRnDARnSiTbZ7\u0027 width=\u0027450\u0027/\u003e\u003cbr/\u003e\u003c/div\u003e",
                                            "tessellate":  -1,
                                            "extrude":  0,
                                            "visibility":  -1
                                        },
                         "geometry":  {
                                          "type":  "Point",
                                          "coordinates":  [
                                                              34.848694,
                                                              32.3314739,
                                                              0.0
                                                          ]
                                      }
                     },
                     {
                         "type":  "Feature",
                         "properties":  {
                                            "Name":  "#3996",
                                            "description":  "\u003cdiv dir=\u0027rtl\u0027 style=\u0027font-family:Arial;\u0027\u003e\u003cb\u003eשם:\u003c/b\u003e ערבה ניומן\u003cbr/\u003e\u003cb\u003eאתר:\u003c/b\u003e חוף גדור\u003cbr/\u003e\u003cb\u003eתאריך:\u003c/b\u003e 06-07-2025\u003cbr/\u003e\u003cb\u003eID:\u003c/b\u003e 1120\u003cbr/\u003e\u003cb\u003eFB:\u003c/b\u003e \u003ca href=\u0027https://www.facebook.com/groups/beshvil.yael/posts/3687083951584729/\u0027\u003ehttps://www.facebook.com/groups/beshvil.yael/posts/3687083951584729/\u003c/a\u003e\u003cbr/\u003e\u003cbr/\u003e\u003cimg src=\u0027https://drive.google.com/uc?export=view\u0026amp;id=145_QdUaXRnwb-K_X0Y3OmhAACQvsqKRq\u0027 width=\u0027450\u0027/\u003e\u003cbr/\u003e\u003c/div\u003e",
                                            "tessellate":  -1,
                                            "extrude":  0,
                                            "visibility":  -1
                                        },
                         "geometry":  {
                                          "type":  "Point",
                                          "coordinates":  [
                                                              34.8709112,
                                                              32.4135791,
                                                              0.0
                                                          ]
                                      }
                     },
                     {
                         "type":  "Feature",
                         "properties":  {
                                            "Name":  "#3996",
                                            "description":  "\u003cdiv dir=\u0027rtl\u0027 style=\u0027font-family:Arial;\u0027\u003e\u003cb\u003eשם:\u003c/b\u003e ערבה ניומן\u003cbr/\u003e\u003cb\u003eאתר:\u003c/b\u003e חוף גדור\u003cbr/\u003e\u003cb\u003eתאריך:\u003c/b\u003e 17-07-2025\u003cbr/\u003e\u003cb\u003eID:\u003c/b\u003e 1211\u003cbr/\u003e\u003cb\u003eFB:\u003c/b\u003e \u003ca href=\u0027https://www.facebook.com/groups/beshvil.yael/posts/3696135340679590/\u0027\u003ehttps://www.facebook.com/groups/beshvil.yael/posts/3696135340679590/\u003c/a\u003e\u003cbr/\u003e\u003cbr/\u003e\u003cimg src=\u0027https://drive.google.com/uc?export=view\u0026amp;id=1kxPeKbiRi2SL02EnBgGkl4odDVqH2n1y\u0027 width=\u0027450\u0027/\u003e\u003cbr/\u003e\u003c/div\u003e",
                                            "tessellate":  -1,
                                            "extrude":  0,
                                            "visibility":  -1
                                        },
                         "geometry":  {
                                          "type":  "Point",
                                          "coordinates":  [
                                                              34.87091,
                                                              32.41357,
                                                              0.0
                                                          ]
                                      }
                     },
                     {
                         "type":  "Feature",
                         "properties":  {
                                            "Name":  "#3996",
                                            "description":  "\u003cdiv dir=\u0027rtl\u0027 style=\u0027font-family:Arial;\u0027\u003e\u003cb\u003eשם:\u003c/b\u003e ערבה ניומן\u003cbr/\u003e\u003cb\u003eאתר:\u003c/b\u003e שברצבות גדור\u003cbr/\u003e\u003cb\u003eתאריך:\u003c/b\u003e 10-08-2025\u003cbr/\u003e\u003cb\u003eID:\u003c/b\u003e 1491\u003cbr/\u003e\u003cb\u003eFB:\u003c/b\u003e \u003ca href=\u0027https://www.facebook.com/groups/beshvil.yael/posts/3718072905152500/\u0027\u003ehttps://www.facebook.com/groups/beshvil.yael/posts/3718072905152500/\u003c/a\u003e\u003cbr/\u003e\u003cbr/\u003e\u003cimg src=\u0027https://drive.google.com/uc?export=view\u0026amp;id=1w5hTtjQ6hsJYmpovP9996yeTNbRuaL3r\u0027 width=\u0027450\u0027/\u003e\u003cbr/\u003e\u003c/div\u003e",
                                            "tessellate":  -1,
                                            "extrude":  0,
                                            "visibility":  -1
                                        },
                         "geometry":  {
                                          "type":  "Point",
                                          "coordinates":  [
                                                              34.8746701,
                                                              32.4287057,
                                                              0.0
                                                          ]
                                      }
                     },
                     {
                         "type":  "Feature",
                         "properties":  {
                                            "Name":  "#3996",
                                            "description":  "\u003cdiv dir=\u0027rtl\u0027 style=\u0027font-family:Arial;\u0027\u003e\u003cb\u003eשם:\u003c/b\u003e ערבה ניומן\u003cbr/\u003e\u003cb\u003eאתר:\u003c/b\u003e חוות גדור\u003cbr/\u003e\u003cb\u003eתאריך:\u003c/b\u003e 20-08-2025\u003cbr/\u003e\u003cb\u003eID:\u003c/b\u003e 1605\u003cbr/\u003e\u003cb\u003eFB:\u003c/b\u003e \u003ca href=\u0027https://www.facebook.com/groups/beshvil.yael/posts/3726982967594827/\u0027\u003ehttps://www.facebook.com/groups/beshvil.yael/posts/3726982967594827/\u003c/a\u003e\u003cbr/\u003e\u003cbr/\u003e\u003cimg src=\u0027https://drive.google.com/uc?export=view\u0026amp;id=1GgtSnhHQRk8xcMmxz-L7OQigpv57_jIG\u0027 width=\u0027450\u0027/\u003e\u003cbr/\u003e\u003c/div\u003e",
                                            "tessellate":  -1,
                                            "extrude":  0,
                                            "visibility":  -1
                                        },
                         "geometry":  {
                                          "type":  "Point",
                                          "coordinates":  [
                                                              34.874493,
                                                              32.428511,
                                                              0.0
                                                          ]
                                      }
                     },
                     {
                         "type":  "Feature",
                         "properties":  {
                                            "Name":  "#3996",
                                            "description":  "\u003cdiv dir=\u0027rtl\u0027 style=\u0027font-family:Arial;\u0027\u003e\u003cb\u003eשם:\u003c/b\u003e ערבה ניומן\u003cbr/\u003e\u003cb\u003eאתר:\u003c/b\u003e \u003cbr/\u003e\u003cb\u003eתאריך:\u003c/b\u003e 21-08-2025\u003cbr/\u003e\u003cb\u003eID:\u003c/b\u003e 1611\u003cbr/\u003e\u003cb\u003eFB:\u003c/b\u003e \u003ca href=\u0027https://www.facebook.com/groups/beshvil.yael/posts/3727819450844512\u0027\u003ehttps://www.facebook.com/groups/beshvil.yael/posts/3727819450844512\u003c/a\u003e\u003cbr/\u003e\u003cbr/\u003e\u003cimg src=\u0027https://drive.google.com/uc?export=view\u0026amp;id=1w9tTbe60tmR_ysq6jun0s2mjNLEkG6D1\u0027 width=\u0027450\u0027/\u003e\u003cbr/\u003e\u003c/div\u003e",
                                            "tessellate":  -1,
                                            "extrude":  0,
                                            "visibility":  -1
                                        },
                         "geometry":  {
                                          "type":  "Point",
                                          "coordinates":  [
                                                              34.8633524,
                                                              32.3869791,
                                                              0.0
                                                          ]
                                      }
                     },
                     {
                         "type":  "Feature",
                         "properties":  {
                                            "Name":  "#3996",
                                            "description":  "\u003cdiv dir=\u0027rtl\u0027 style=\u0027font-family:Arial;\u0027\u003e\u003cb\u003eשם:\u003c/b\u003e ערבה ניומן\u003cbr/\u003e\u003cb\u003eאתר:\u003c/b\u003e נתניה\u003cbr/\u003e\u003cb\u003eתאריך:\u003c/b\u003e 04-11-2025\u003cbr/\u003e\u003cb\u003eID:\u003c/b\u003e 2607\u003cbr/\u003e\u003cb\u003eFB:\u003c/b\u003e \u003ca href=\u0027https://www.facebook.com/groups/beshvil.yael/posts/3799872740305849\u0027\u003ehttps://www.facebook.com/groups/beshvil.yael/posts/3799872740305849\u003c/a\u003e\u003cbr/\u003e\u003cbr/\u003e\u003cimg src=\u0027https://drive.google.com/uc?export=view\u0026amp;id=104g5kzEzB-CObalvYV31hyoB5Z2hTG2l\u0027 width=\u0027450\u0027/\u003e\u003cbr/\u003e\u003c/div\u003e",
                                            "tessellate":  -1,
                                            "extrude":  0,
                                            "visibility":  -1
                                        },
                         "geometry":  {
                                          "type":  "Point",
                                          "coordinates":  [
                                                              34.8628,
                                                              32.31884,
                                                              0.0
                                                          ]
                                      }
                     },
                     {
                         "type":  "Feature",
                         "properties":  {
                                            "Name":  "#3996",
                                            "description":  "\u003cdiv dir=\u0027rtl\u0027 style=\u0027font-family:Arial;\u0027\u003e\u003cb\u003eשם:\u003c/b\u003e ערבה ניומן\u003cbr/\u003e\u003cb\u003eאתר:\u003c/b\u003e גבעת הרקפות\u003cbr/\u003e\u003cb\u003eתאריך:\u003c/b\u003e 20-02-2026\u003cbr/\u003e\u003cb\u003eID:\u003c/b\u003e 3779\u003cbr/\u003e\u003cb\u003eFB:\u003c/b\u003e \u003ca href=\u0027https://www.facebook.com/groups/beshvil.yael/posts/3895773800715742/\u0027\u003ehttps://www.facebook.com/groups/beshvil.yael/posts/3895773800715742/\u003c/a\u003e\u003cbr/\u003e\u003cbr/\u003e\u003cimg src=\u0027https://drive.google.com/uc?export=view\u0026amp;id=1fgAPdRQy8gYtodnOEY0_z4_CyYBrHQTp\u0027 width=\u0027450\u0027/\u003e\u003cbr/\u003e\u003c/div\u003e",
                                            "tessellate":  -1,
                                            "extrude":  0,
                                            "visibility":  -1
                                        },
                         "geometry":  {
                                          "type":  "Point",
                                          "coordinates":  [
                                                              35.13212,
                                                              32.5981,
                                                              0.0
                                                          ]
                                      }
                     },
                     {
                         "type":  "Feature",
                         "properties":  {
                                            "Name":  "#4009",
                                            "description":  "\u003cdiv dir=\u0027rtl\u0027 style=\u0027font-family:Arial;\u0027\u003e\u003cb\u003eשם:\u003c/b\u003e קרן דוד\u003cbr/\u003e\u003cb\u003eאתר:\u003c/b\u003e מקטע הר מירון\u003cbr/\u003e\u003cb\u003eתאריך:\u003c/b\u003e 21-09-2025\u003cbr/\u003e\u003cb\u003eID:\u003c/b\u003e 1982\u003cbr/\u003e\u003cb\u003eFB:\u003c/b\u003e \u003ca href=\u0027https://www.facebook.com/groups/beshvil.yael/posts/3756625451297245\u0027\u003ehttps://www.facebook.com/groups/beshvil.yael/posts/3756625451297245\u003c/a\u003e\u003cbr/\u003e\u003cbr/\u003e\u003cimg src=\u0027https://drive.google.com/uc?export=view\u0026amp;id=1o-dDcBVjDinAOmIFe_tPMaJo43qmy4Q0\u0027 width=\u0027450\u0027/\u003e\u003cbr/\u003e\u003c/div\u003e",
                                            "tessellate":  -1,
                                            "extrude":  0,
                                            "visibility":  -1
                                        },
                         "geometry":  {
                                          "type":  "Point",
                                          "coordinates":  [
                                                              35.42499,
                                                              32.98954,
                                                              0.0
                                                          ]
                                      }
                     },
                     {
                         "type":  "Feature",
                         "properties":  {
                                            "Name":  "#4012",
                                            "description":  "\u003cdiv dir=\u0027rtl\u0027 style=\u0027font-family:Arial;\u0027\u003e\u003cb\u003eשם:\u003c/b\u003e יובל פינקלמן\u003cbr/\u003e\u003cb\u003eאתר:\u003c/b\u003e הר ארדון\u003cbr/\u003e\u003cb\u003eתאריך:\u003c/b\u003e 27-12-2025\u003cbr/\u003e\u003cb\u003eID:\u003c/b\u003e 3185\u003cbr/\u003e\u003cb\u003eFB:\u003c/b\u003e \u003ca href=\u0027https://www.facebook.com/groups/beshvil.yael/posts/3845798725713250/\u0027\u003ehttps://www.facebook.com/groups/beshvil.yael/posts/3845798725713250/\u003c/a\u003e\u003cbr/\u003e\u003cbr/\u003e\u003cimg src=\u0027https://drive.google.com/uc?export=view\u0026amp;id=1_kradBXgAsbn_MtVkNU8WtRZ72setx3h\u0027 width=\u0027450\u0027/\u003e\u003cbr/\u003e\u003c/div\u003e",
                                            "tessellate":  -1,
                                            "extrude":  0,
                                            "visibility":  -1
                                        },
                         "geometry":  {
                                          "type":  "Point",
                                          "coordinates":  [
                                                              34.95333,
                                                              30.64138,
                                                              0.0
                                                          ]
                                      }
                     },
                     {
                         "type":  "Feature",
                         "properties":  {
                                            "Name":  "#4012",
                                            "description":  "\u003cdiv dir=\u0027rtl\u0027 style=\u0027font-family:Arial;\u0027\u003e\u003cb\u003eשם:\u003c/b\u003e יובל פינקלמן\u003cbr/\u003e\u003cb\u003eאתר:\u003c/b\u003e תלם עשת\u003cbr/\u003e\u003cb\u003eתאריך:\u003c/b\u003e 08-04-2026\u003cbr/\u003e\u003cb\u003eID:\u003c/b\u003e 4075\u003cbr/\u003e\u003cb\u003eFB:\u003c/b\u003e \u003ca href=\u0027http:// בור המושבים ועוד\u0027\u003ehttp:// בור המושבים ועוד\u003c/a\u003e\u003cbr/\u003e\u003cbr/\u003e\u003cimg src=\u0027https://drive.google.com/uc?export=view\u0026amp;id=1LXJ7iCDy6c7Hm2WtIylBQgg4ajI7Ie8W\u0027 width=\u0027450\u0027/\u003e\u003cbr/\u003e\u003c/div\u003e",
                                            "tessellate":  -1,
                                            "extrude":  0,
                                            "visibility":  -1
                                        },
                         "geometry":  {
                                          "type":  "Point",
                                          "coordinates":  [
                                                              35.12521,
                                                              30.34772,
                                                              0.0
                                                          ]
                                      }
                     },
                     {
                         "type":  "Feature",
                         "properties":  {
                                            "Name":  "#4086",
                                            "description":  "\u003cdiv dir=\u0027rtl\u0027 style=\u0027font-family:Arial;\u0027\u003e\u003cb\u003eשם:\u003c/b\u003e \u003cbr/\u003e\u003cb\u003eאתר:\u003c/b\u003e מיצד זוהר\u003cbr/\u003e\u003cb\u003eתאריך:\u003c/b\u003e 20-12-2025\u003cbr/\u003e\u003cb\u003eID:\u003c/b\u003e 3120\u003cbr/\u003e\u003cb\u003eFB:\u003c/b\u003e \u003ca href=\u0027https://www.facebook.com/groups/beshvil.yael/posts/3840555869570869\u0027\u003ehttps://www.facebook.com/groups/beshvil.yael/posts/3840555869570869\u003c/a\u003e\u003cbr/\u003e\u003cbr/\u003e\u003cimg src=\u0027https://drive.google.com/uc?export=view\u0026amp;id=1nzqTBVPc44KFr9VdkcESp5QU_3Bi3lsS\u0027 width=\u0027450\u0027/\u003e\u003cbr/\u003e\u003c/div\u003e",
                                            "tessellate":  -1,
                                            "extrude":  0,
                                            "visibility":  -1
                                        },
                         "geometry":  {
                                          "type":  "Point",
                                          "coordinates":  [
                                                              35.34596,
                                                              31.15155,
                                                              0.0
                                                          ]
                                      }
                     },
                     {
                         "type":  "Feature",
                         "properties":  {
                                            "Name":  "#4088",
                                            "description":  "\u003cdiv dir=\u0027rtl\u0027 style=\u0027font-family:Arial;\u0027\u003e\u003cb\u003eשם:\u003c/b\u003e תמר שטרית קורן\u003cbr/\u003e\u003cb\u003eאתר:\u003c/b\u003e מיצד זוהר\u003cbr/\u003e\u003cb\u003eתאריך:\u003c/b\u003e 20-12-2025\u003cbr/\u003e\u003cb\u003eID:\u003c/b\u003e 3120\u003cbr/\u003e\u003cb\u003eFB:\u003c/b\u003e \u003ca href=\u0027https://www.facebook.com/groups/beshvil.yael/posts/3840555869570869\u0027\u003ehttps://www.facebook.com/groups/beshvil.yael/posts/3840555869570869\u003c/a\u003e\u003cbr/\u003e\u003cbr/\u003e\u003cimg src=\u0027https://drive.google.com/uc?export=view\u0026amp;id=1nzqTBVPc44KFr9VdkcESp5QU_3Bi3lsS\u0027 width=\u0027450\u0027/\u003e\u003cbr/\u003e\u003c/div\u003e",
                                            "tessellate":  -1,
                                            "extrude":  0,
                                            "visibility":  -1
                                        },
                         "geometry":  {
                                          "type":  "Point",
                                          "coordinates":  [
                                                              35.34596,
                                                              31.15128,
                                                              0.0
                                                          ]
                                      }
                     },
                     {
                         "type":  "Feature",
                         "properties":  {
                                            "Name":  "#4108",
                                            "description":  "\u003cdiv dir=\u0027rtl\u0027 style=\u0027font-family:Arial;\u0027\u003e\u003cb\u003eשם:\u003c/b\u003e שחר איתן\u003cbr/\u003e\u003cb\u003eאתר:\u003c/b\u003e מעלה פלמ\u0026quot;ח,\u003cbr/\u003e\u003cb\u003eתאריך:\u003c/b\u003e 25-09-2025\u003cbr/\u003e\u003cb\u003eID:\u003c/b\u003e 2046\u003cbr/\u003e\u003cb\u003eFB:\u003c/b\u003e \u003ca href=\u0027https://www.facebook.com/groups/beshvil.yael/posts/3760462204246903/\u0027\u003ehttps://www.facebook.com/groups/beshvil.yael/posts/3760462204246903/\u003c/a\u003e\u003cbr/\u003e\u003cbr/\u003e\u003cimg src=\u0027https://drive.google.com/uc?export=view\u0026amp;id=1bCg-cGn9slWIGoLIBTUsvqmcrovhwCt2\u0027 width=\u0027450\u0027/\u003e\u003cbr/\u003e\u003c/div\u003e",
                                            "tessellate":  -1,
                                            "extrude":  0,
                                            "visibility":  -1
                                        },
                         "geometry":  {
                                          "type":  "Point",
                                          "coordinates":  [
                                                              35.0532,
                                                              30.93266,
                                                              0.0
                                                          ]
                                      }
                     },
                     {
                         "type":  "Feature",
                         "properties":  {
                                            "Name":  "#4108",
                                            "description":  "\u003cdiv dir=\u0027rtl\u0027 style=\u0027font-family:Arial;\u0027\u003e\u003cb\u003eשם:\u003c/b\u003e שחר איתן\u003cbr/\u003e\u003cb\u003eאתר:\u003c/b\u003e הסנפיר הגדול\u003cbr/\u003e\u003cb\u003eתאריך:\u003c/b\u003e 20-11-2025\u003cbr/\u003e\u003cb\u003eID:\u003c/b\u003e 2798\u003cbr/\u003e\u003cb\u003eFB:\u003c/b\u003e \u003ca href=\u0027https://www.facebook.com/groups/beshvil.yael/posts/3814859698807153/\u0027\u003ehttps://www.facebook.com/groups/beshvil.yael/posts/3814859698807153/\u003c/a\u003e\u003cbr/\u003e\u003cbr/\u003e\u003cimg src=\u0027https://drive.google.com/uc?export=view\u0026amp;id=1RRkjQ3zfYqoumJ8zrT_Y9NbMLrCk2Rr_\u0027 width=\u0027450\u0027/\u003e\u003cbr/\u003e\u003c/div\u003e",
                                            "tessellate":  -1,
                                            "extrude":  0,
                                            "visibility":  -1
                                        },
                         "geometry":  {
                                          "type":  "Point",
                                          "coordinates":  [
                                                              35.0267,
                                                              30.94565,
                                                              0.0
                                                          ]
                                      }
                     },
                     {
                         "type":  "Feature",
                         "properties":  {
                                            "Name":  "#4133",
                                            "description":  "\u003cdiv dir=\u0027rtl\u0027 style=\u0027font-family:Arial;\u0027\u003e\u003cb\u003eשם:\u003c/b\u003e סיגל זאבי הדסה\u003cbr/\u003e\u003cb\u003eאתר:\u003c/b\u003e צעדת התצפתניות\u003cbr/\u003e\u003cb\u003eתאריך:\u003c/b\u003e 27-02-2026\u003cbr/\u003e\u003cb\u003eID:\u003c/b\u003e 3874\u003cbr/\u003e\u003cb\u003eFB:\u003c/b\u003e \u003ca href=\u0027https://www.facebook.com/groups/beshvil.yael/posts/3902401366719652/\u0027\u003ehttps://www.facebook.com/groups/beshvil.yael/posts/3902401366719652/\u003c/a\u003e\u003cbr/\u003e\u003cbr/\u003e\u003cimg src=\u0027https://drive.google.com/uc?export=view\u0026amp;id=1hQpQ-RmAn0drAcvuI28joJA8VhIAPD5I\u0027 width=\u0027450\u0027/\u003e\u003cbr/\u003e\u003c/div\u003e",
                                            "tessellate":  -1,
                                            "extrude":  0,
                                            "visibility":  -1
                                        },
                         "geometry":  {
                                          "type":  "Point",
                                          "coordinates":  [
                                                              34.52088,
                                                              31.46661,
                                                              0.0
                                                          ]
                                      }
                     },
                     {
                         "type":  "Feature",
                         "properties":  {
                                            "Name":  "#4148",
                                            "description":  "\u003cdiv dir=\u0027rtl\u0027 style=\u0027font-family:Arial;\u0027\u003e\u003cb\u003eשם:\u003c/b\u003e אילת דויטש\u003cbr/\u003e\u003cb\u003eאתר:\u003c/b\u003e נחל דולב\u003cbr/\u003e\u003cb\u003eתאריך:\u003c/b\u003e 10-01-2026\u003cbr/\u003e\u003cb\u003eID:\u003c/b\u003e 3314\u003cbr/\u003e\u003cb\u003eFB:\u003c/b\u003e \u003ca href=\u0027https://www.facebook.com/groups/beshvil.yael/posts/3858120337814422/\u0027\u003ehttps://www.facebook.com/groups/beshvil.yael/posts/3858120337814422/\u003c/a\u003e\u003cbr/\u003e\u003cbr/\u003e\u003cimg src=\u0027https://drive.google.com/uc?export=view\u0026amp;id=1_qG-hu4wrphlM1qtZEGzPdpeLK05aKwv\u0027 width=\u0027450\u0027/\u003e\u003cbr/\u003e\u003c/div\u003e",
                                            "tessellate":  -1,
                                            "extrude":  0,
                                            "visibility":  -1
                                        },
                         "geometry":  {
                                          "type":  "Point",
                                          "coordinates":  [
                                                              35.02696,
                                                              31.73662,
                                                              0.0
                                                          ]
                                      }
                     },
                     {
                         "type":  "Feature",
                         "properties":  {
                                            "Name":  "#4152",
                                            "description":  "\u003cdiv dir=\u0027rtl\u0027 style=\u0027font-family:Arial;\u0027\u003e\u003cb\u003eשם:\u003c/b\u003e \u003cbr/\u003e\u003cb\u003eאתר:\u003c/b\u003e נחל דולב\u003cbr/\u003e\u003cb\u003eתאריך:\u003c/b\u003e 10-01-2026\u003cbr/\u003e\u003cb\u003eID:\u003c/b\u003e 3314\u003cbr/\u003e\u003cb\u003eFB:\u003c/b\u003e \u003ca href=\u0027https://www.facebook.com/groups/beshvil.yael/posts/3858120337814422/\u0027\u003ehttps://www.facebook.com/groups/beshvil.yael/posts/3858120337814422/\u003c/a\u003e\u003cbr/\u003e\u003cbr/\u003e\u003cimg src=\u0027https://drive.google.com/uc?export=view\u0026amp;id=1_qG-hu4wrphlM1qtZEGzPdpeLK05aKwv\u0027 width=\u0027450\u0027/\u003e\u003cbr/\u003e\u003c/div\u003e",
                                            "tessellate":  -1,
                                            "extrude":  0,
                                            "visibility":  -1
                                        },
                         "geometry":  {
                                          "type":  "Point",
                                          "coordinates":  [
                                                              35.02696,
                                                              31.73689,
                                                              0.0
                                                          ]
                                      }
                     },
                     {
                         "type":  "Feature",
                         "properties":  {
                                            "Name":  "#4168",
                                            "description":  "\u003cdiv dir=\u0027rtl\u0027 style=\u0027font-family:Arial;\u0027\u003e\u003cb\u003eשם:\u003c/b\u003e שרית טבק\u003cbr/\u003e\u003cb\u003eאתר:\u003c/b\u003e חרמון\u003cbr/\u003e\u003cb\u003eתאריך:\u003c/b\u003e 10-05-2025\u003cbr/\u003e\u003cb\u003eID:\u003c/b\u003e 383\u003cbr/\u003e\u003cb\u003eFB:\u003c/b\u003e \u003ca href=\u0027https://www.facebook.com/groups/3235176716775457/posts/3638539586439166\u0027\u003ehttps://www.facebook.com/groups/3235176716775457/posts/3638539586439166\u003c/a\u003e\u003cbr/\u003e\u003cbr/\u003e\u003cimg src=\u0027https://drive.google.com/uc?export=view\u0026amp;id=1RvsYHFOr6AdlaFuJRQVh0mca0Rom6fuL\u0027 width=\u0027450\u0027/\u003e\u003cbr/\u003e\u003c/div\u003e",
                                            "tessellate":  -1,
                                            "extrude":  0,
                                            "visibility":  -1
                                        },
                         "geometry":  {
                                          "type":  "Point",
                                          "coordinates":  [
                                                              35.77725,
                                                              33.30831,
                                                              0.0
                                                          ]
                                      }
                     },
                     {
                         "type":  "Feature",
                         "properties":  {
                                            "Name":  "#4168",
                                            "description":  "\u003cdiv dir=\u0027rtl\u0027 style=\u0027font-family:Arial;\u0027\u003e\u003cb\u003eשם:\u003c/b\u003e שרית טבק\u003cbr/\u003e\u003cb\u003eאתר:\u003c/b\u003e המכתש הקטן\u003cbr/\u003e\u003cb\u003eתאריך:\u003c/b\u003e 13-12-2025\u003cbr/\u003e\u003cb\u003eID:\u003c/b\u003e 3048\u003cbr/\u003e\u003cb\u003eFB:\u003c/b\u003e \u003ca href=\u0027https://www.facebook.com/groups/beshvil.yael/posts/3834682676824855/\u0027\u003ehttps://www.facebook.com/groups/beshvil.yael/posts/3834682676824855/\u003c/a\u003e\u003cbr/\u003e\u003cbr/\u003e\u003cimg src=\u0027https://drive.google.com/uc?export=view\u0026amp;id=13KWT5kXLCVROjOYtQRFtWBsWJ4q3kLDZ\u0027 width=\u0027450\u0027/\u003e\u003cbr/\u003e\u003c/div\u003e",
                                            "tessellate":  -1,
                                            "extrude":  0,
                                            "visibility":  -1
                                        },
                         "geometry":  {
                                          "type":  "Point",
                                          "coordinates":  [
                                                              35.20688,
                                                              30.96517,
                                                              0.0
                                                          ]
                                      }
                     },
                     {
                         "type":  "Feature",
                         "properties":  {
                                            "Name":  "#4168",
                                            "description":  "\u003cdiv dir=\u0027rtl\u0027 style=\u0027font-family:Arial;\u0027\u003e\u003cb\u003eשם:\u003c/b\u003e שרית טבק\u003cbr/\u003e\u003cb\u003eאתר:\u003c/b\u003e נחל קטלב\u003cbr/\u003e\u003cb\u003eתאריך:\u003c/b\u003e 07-02-2026\u003cbr/\u003e\u003cb\u003eID:\u003c/b\u003e 3620\u003cbr/\u003e\u003cb\u003eFB:\u003c/b\u003e \u003ca href=\u0027https://www.facebook.com/groups/beshvil.yael/posts/3883591361933986/\u0027\u003ehttps://www.facebook.com/groups/beshvil.yael/posts/3883591361933986/\u003c/a\u003e\u003cbr/\u003e\u003cbr/\u003e\u003cimg src=\u0027https://drive.google.com/uc?export=view\u0026amp;id=1XuKNPP2gUqupsoXve-axA76km1M7fnib\u0027 width=\u0027450\u0027/\u003e\u003cbr/\u003e\u003c/div\u003e",
                                            "tessellate":  -1,
                                            "extrude":  0,
                                            "visibility":  -1
                                        },
                         "geometry":  {
                                          "type":  "Point",
                                          "coordinates":  [
                                                              35.0742,
                                                              31.73679,
                                                              0.0
                                                          ]
                                      }
                     },
                     {
                         "type":  "Feature",
                         "properties":  {
                                            "Name":  "#4168",
                                            "description":  "\u003cdiv dir=\u0027rtl\u0027 style=\u0027font-family:Arial;\u0027\u003e\u003cb\u003eשם:\u003c/b\u003e שרית טבק\u003cbr/\u003e\u003cb\u003eאתר:\u003c/b\u003e עין ג\u0027ונס\u003cbr/\u003e\u003cb\u003eתאריך:\u003c/b\u003e 18-04-2026\u003cbr/\u003e\u003cb\u003eID:\u003c/b\u003e 4158\u003cbr/\u003e\u003cb\u003eFB:\u003c/b\u003e \u003ca href=\u0027https://www.facebook.com/groups/beshvil.yael/posts/3947621848864270\u0027\u003ehttps://www.facebook.com/groups/beshvil.yael/posts/3947621848864270\u003c/a\u003e\u003cbr/\u003e\u003cbr/\u003e\u003cimg src=\u0027https://drive.google.com/uc?export=view\u0026amp;id=1VoBhqQ6vAFMmEaR9m4qkrtHpl5R2pvSV\u0027 width=\u0027450\u0027/\u003e\u003cbr/\u003e\u003c/div\u003e",
                                            "tessellate":  -1,
                                            "extrude":  0,
                                            "visibility":  -1
                                        },
                         "geometry":  {
                                          "type":  "Point",
                                          "coordinates":  [
                                                              35.66645,
                                                              32.68192,
                                                              0.0
                                                          ]
                                      }
                     },
                     {
                         "type":  "Feature",
                         "properties":  {
                                            "Name":  "#4172",
                                            "description":  "\u003cdiv dir=\u0027rtl\u0027 style=\u0027font-family:Arial;\u0027\u003e\u003cb\u003eשם:\u003c/b\u003e אריק שולב\u003cbr/\u003e\u003cb\u003eאתר:\u003c/b\u003e פארק האגם - הוד השרון\u003cbr/\u003e\u003cb\u003eתאריך:\u003c/b\u003e 23-08-2025\u003cbr/\u003e\u003cb\u003eID:\u003c/b\u003e 1633\u003cbr/\u003e\u003cb\u003eFB:\u003c/b\u003e \u003ca href=\u0027https://www.facebook.com/groups/beshvil.yael/posts/3730076197285504/\u0027\u003ehttps://www.facebook.com/groups/beshvil.yael/posts/3730076197285504/\u003c/a\u003e\u003cbr/\u003e\u003cbr/\u003e\u003cimg src=\u0027https://drive.google.com/uc?export=view\u0026amp;id=1kYwwWuTB5DpqgF1ff-ZHLeG_xTkFPnD-\u0027 width=\u0027450\u0027/\u003e\u003cbr/\u003e\u003c/div\u003e",
                                            "tessellate":  -1,
                                            "extrude":  0,
                                            "visibility":  -1
                                        },
                         "geometry":  {
                                          "type":  "Point",
                                          "coordinates":  [
                                                              34.893921,
                                                              32.130361,
                                                              0.0
                                                          ]
                                      }
                     },
                     {
                         "type":  "Feature",
                         "properties":  {
                                            "Name":  "#4197",
                                            "description":  "\u003cdiv dir=\u0027rtl\u0027 style=\u0027font-family:Arial;\u0027\u003e\u003cb\u003eשם:\u003c/b\u003e יבגניה טרופ\u003cbr/\u003e\u003cb\u003eאתר:\u003c/b\u003e תל אביב\u003cbr/\u003e\u003cb\u003eתאריך:\u003c/b\u003e 31-05-2025\u003cbr/\u003e\u003cb\u003eID:\u003c/b\u003e 838\u003cbr/\u003e\u003cb\u003eFB:\u003c/b\u003e \u003ca href=\u0027https://www.facebook.com/groups/3235176716775457/posts/3655569924736132\u0027\u003ehttps://www.facebook.com/groups/3235176716775457/posts/3655569924736132\u003c/a\u003e\u003cbr/\u003e\u003cbr/\u003e\u003cimg src=\u0027https://drive.google.com/uc?export=view\u0026amp;id=1GJVha4DkVwH0RIBVvfE68-Drom8iXmEt\u0027 width=\u0027450\u0027/\u003e\u003cbr/\u003e\u003c/div\u003e",
                                            "tessellate":  -1,
                                            "extrude":  0,
                                            "visibility":  -1
                                        },
                         "geometry":  {
                                          "type":  "Point",
                                          "coordinates":  [
                                                              34.7826548,
                                                              32.0972155,
                                                              0.0
                                                          ]
                                      }
                     },
                     {
                         "type":  "Feature",
                         "properties":  {
                                            "Name":  "#4214",
                                            "description":  "\u003cdiv dir=\u0027rtl\u0027 style=\u0027font-family:Arial;\u0027\u003e\u003cb\u003eשם:\u003c/b\u003e רינה שבתאי\u003cbr/\u003e\u003cb\u003eאתר:\u003c/b\u003e חוף מגדל\u003cbr/\u003e\u003cb\u003eתאריך:\u003c/b\u003e 10-06-2025\u003cbr/\u003e\u003cb\u003eID:\u003c/b\u003e 982\u003cbr/\u003e\u003cb\u003eFB:\u003c/b\u003e \u003ca href=\u0027https://www.facebook.com/groups/beshvil.yael/posts/3664479470511844\u0027\u003ehttps://www.facebook.com/groups/beshvil.yael/posts/3664479470511844\u003c/a\u003e\u003cbr/\u003e\u003cbr/\u003e\u003cimg src=\u0027https://drive.google.com/uc?export=view\u0026amp;id=1GE29gx1JVvt35x3W8NA6x27M3wcE6yF7\u0027 width=\u0027450\u0027/\u003e\u003cbr/\u003e\u003c/div\u003e",
                                            "tessellate":  -1,
                                            "extrude":  0,
                                            "visibility":  -1
                                        },
                         "geometry":  {
                                          "type":  "Point",
                                          "coordinates":  [
                                                              35.5196472,
                                                              32.8348738,
                                                              0.0
                                                          ]
                                      }
                     },
                     {
                         "type":  "Feature",
                         "properties":  {
                                            "Name":  "#4214",
                                            "description":  "\u003cdiv dir=\u0027rtl\u0027 style=\u0027font-family:Arial;\u0027\u003e\u003cb\u003eשם:\u003c/b\u003e רינה שבתאי\u003cbr/\u003e\u003cb\u003eאתר:\u003c/b\u003e שכונת שפירא\u003cbr/\u003e\u003cb\u003eתאריך:\u003c/b\u003e 12-06-2025\u003cbr/\u003e\u003cb\u003eID:\u003c/b\u003e 1003\u003cbr/\u003e\u003cb\u003eFB:\u003c/b\u003e \u003ca href=\u0027https://www.facebook.com/groups/beshvil.yael/posts/3666216230338168/\u0027\u003ehttps://www.facebook.com/groups/beshvil.yael/posts/3666216230338168/\u003c/a\u003e\u003cbr/\u003e\u003cbr/\u003e\u003cimg src=\u0027https://drive.google.com/uc?export=view\u0026amp;id=1tzWgqEIKDYt5oHtc7R_ylD80TZR5MVBU\u0027 width=\u0027450\u0027/\u003e\u003cbr/\u003e\u003c/div\u003e",
                                            "tessellate":  -1,
                                            "extrude":  0,
                                            "visibility":  -1
                                        },
                         "geometry":  {
                                          "type":  "Point",
                                          "coordinates":  [
                                                              34.7804394,
                                                              32.0533071,
                                                              0.0
                                                          ]
                                      }
                     },
                     {
                         "type":  "Feature",
                         "properties":  {
                                            "Name":  "#4214",
                                            "description":  "\u003cdiv dir=\u0027rtl\u0027 style=\u0027font-family:Arial;\u0027\u003e\u003cb\u003eשם:\u003c/b\u003e רינה שבתאי\u003cbr/\u003e\u003cb\u003eאתר:\u003c/b\u003e מקטע שביל ישראל מחוף הצוק הצפוני עד תל ברוך\u003cbr/\u003e\u003cb\u003eתאריך:\u003c/b\u003e 26-06-2025\u003cbr/\u003e\u003cb\u003eID:\u003c/b\u003e 1062\u003cbr/\u003e\u003cb\u003eFB:\u003c/b\u003e \u003ca href=\u0027https://www.facebook.com/groups/beshvil.yael/posts/3678306582462466\u0027\u003ehttps://www.facebook.com/groups/beshvil.yael/posts/3678306582462466\u003c/a\u003e\u003cbr/\u003e\u003cbr/\u003e\u003cimg src=\u0027https://drive.google.com/uc?export=view\u0026amp;id=1LBwK4VNPcrgBp5pIMUQE8V6xkJ_mqghN\u0027 width=\u0027450\u0027/\u003e\u003cbr/\u003e\u003c/div\u003e",
                                            "tessellate":  -1,
                                            "extrude":  0,
                                            "visibility":  -1
                                        },
                         "geometry":  {
                                          "type":  "Point",
                                          "coordinates":  [
                                                              34.7910169,
                                                              32.1436465,
                                                              0.0
                                                          ]
                                      }
                     },
                     {
                         "type":  "Feature",
                         "properties":  {
                                            "Name":  "#4214",
                                            "description":  "\u003cdiv dir=\u0027rtl\u0027 style=\u0027font-family:Arial;\u0027\u003e\u003cb\u003eשם:\u003c/b\u003e רינה שבתאי\u003cbr/\u003e\u003cb\u003eאתר:\u003c/b\u003e נחל תנינים\u003cbr/\u003e\u003cb\u003eתאריך:\u003c/b\u003e 18-07-2025\u003cbr/\u003e\u003cb\u003eID:\u003c/b\u003e 1233\u003cbr/\u003e\u003cb\u003eFB:\u003c/b\u003e \u003ca href=\u0027https://www.facebook.com/groups/beshvil.yael/posts/3697424037217387/\u0027\u003ehttps://www.facebook.com/groups/beshvil.yael/posts/3697424037217387/\u003c/a\u003e\u003cbr/\u003e\u003cbr/\u003e\u003cimg src=\u0027https://drive.google.com/uc?export=view\u0026amp;id=18JJbUJ6lZxRDfTUBo7TrST9nJxh4uxb4\u0027 width=\u0027450\u0027/\u003e\u003cbr/\u003e\u003c/div\u003e",
                                            "tessellate":  -1,
                                            "extrude":  0,
                                            "visibility":  -1
                                        },
                         "geometry":  {
                                          "type":  "Point",
                                          "coordinates":  [
                                                              34.9207682,
                                                              32.545996,
                                                              0.0
                                                          ]
                                      }
                     },
                     {
                         "type":  "Feature",
                         "properties":  {
                                            "Name":  "#4214",
                                            "description":  "\u003cdiv dir=\u0027rtl\u0027 style=\u0027font-family:Arial;\u0027\u003e\u003cb\u003eשם:\u003c/b\u003e רינה שבתאי\u003cbr/\u003e\u003cb\u003eאתר:\u003c/b\u003e פארק אפק\u003cbr/\u003e\u003cb\u003eתאריך:\u003c/b\u003e 25-07-2025\u003cbr/\u003e\u003cb\u003eID:\u003c/b\u003e 1297\u003cbr/\u003e\u003cb\u003eFB:\u003c/b\u003e \u003ca href=\u0027https://www.facebook.com/groups/beshvil.yael/posts/3703214806638310/\u0027\u003ehttps://www.facebook.com/groups/beshvil.yael/posts/3703214806638310/\u003c/a\u003e\u003cbr/\u003e\u003cbr/\u003e\u003cimg src=\u0027https://drive.google.com/uc?export=view\u0026amp;id=1KMCwXuVCJhQ8WbkHGNX7w09_XB0mKhPa\u0027 width=\u0027450\u0027/\u003e\u003cbr/\u003e\u003c/div\u003e",
                                            "tessellate":  -1,
                                            "extrude":  0,
                                            "visibility":  -1
                                        },
                         "geometry":  {
                                          "type":  "Point",
                                          "coordinates":  [
                                                              34.9288181,
                                                              32.1041826,
                                                              0.0
                                                          ]
                                      }
                     },
                     {
                         "type":  "Feature",
                         "properties":  {
                                            "Name":  "#4214",
                                            "description":  "\u003cdiv dir=\u0027rtl\u0027 style=\u0027font-family:Arial;\u0027\u003e\u003cb\u003eשם:\u003c/b\u003e רינה שבתאי\u003cbr/\u003e\u003cb\u003eאתר:\u003c/b\u003e מוזיאון הסובלנות\u003cbr/\u003e\u003cb\u003eתאריך:\u003c/b\u003e 13-08-2025\u003cbr/\u003e\u003cb\u003eID:\u003c/b\u003e 1518\u003cbr/\u003e\u003cb\u003eFB:\u003c/b\u003e \u003ca href=\u0027https://www.facebook.com/groups/beshvil.yael/posts/3720479644911826/\u0027\u003ehttps://www.facebook.com/groups/beshvil.yael/posts/3720479644911826/\u003c/a\u003e\u003cbr/\u003e\u003cbr/\u003e\u003cimg src=\u0027https://drive.google.com/uc?export=view\u0026amp;id=1uWXl4h3eIQjBacaKZ16wR2mDEQPziLCt\u0027 width=\u0027450\u0027/\u003e\u003cbr/\u003e\u003c/div\u003e",
                                            "tessellate":  -1,
                                            "extrude":  0,
                                            "visibility":  -1
                                        },
                         "geometry":  {
                                          "type":  "Point",
                                          "coordinates":  [
                                                              35.2200168,
                                                              31.779011,
                                                              0.0
                                                          ]
                                      }
                     },
                     {
                         "type":  "Feature",
                         "properties":  {
                                            "Name":  "#4214",
                                            "description":  "\u003cdiv dir=\u0027rtl\u0027 style=\u0027font-family:Arial;\u0027\u003e\u003cb\u003eשם:\u003c/b\u003e רינה שבתאי\u003cbr/\u003e\u003cb\u003eאתר:\u003c/b\u003e חוף הכרמל\u003cbr/\u003e\u003cb\u003eתאריך:\u003c/b\u003e 03-10-2025\u003cbr/\u003e\u003cb\u003eID:\u003c/b\u003e 2137\u003cbr/\u003e\u003cb\u003eFB:\u003c/b\u003e \u003ca href=\u0027https://www.facebook.com/groups/beshvil.yael/posts/3768524670107323\u0027\u003ehttps://www.facebook.com/groups/beshvil.yael/posts/3768524670107323\u003c/a\u003e\u003cbr/\u003e\u003cbr/\u003e\u003cimg src=\u0027https://drive.google.com/uc?export=view\u0026amp;id=1s2oDc5X1bt0IYfzE71KRDXaGBuMBfE7t\u0027 width=\u0027450\u0027/\u003e\u003cbr/\u003e\u003c/div\u003e",
                                            "tessellate":  -1,
                                            "extrude":  0,
                                            "visibility":  -1
                                        },
                         "geometry":  {
                                          "type":  "Point",
                                          "coordinates":  [
                                                              34.94388,
                                                              32.7445,
                                                              0.0
                                                          ]
                                      }
                     },
                     {
                         "type":  "Feature",
                         "properties":  {
                                            "Name":  "#4214",
                                            "description":  "\u003cdiv dir=\u0027rtl\u0027 style=\u0027font-family:Arial;\u0027\u003e\u003cb\u003eשם:\u003c/b\u003e רינה שבתאי\u003cbr/\u003e\u003cb\u003eאתר:\u003c/b\u003e כיכר דיזנגוף\u003cbr/\u003e\u003cb\u003eתאריך:\u003c/b\u003e 10-10-2025\u003cbr/\u003e\u003cb\u003eID:\u003c/b\u003e 2301\u003cbr/\u003e\u003cb\u003eFB:\u003c/b\u003e \u003ca href=\u0027https://www.facebook.com/groups/beshvil.yael/posts/3774880729471717\u0027\u003ehttps://www.facebook.com/groups/beshvil.yael/posts/3774880729471717\u003c/a\u003e\u003cbr/\u003e\u003cbr/\u003e\u003cimg src=\u0027https://drive.google.com/uc?export=view\u0026amp;id=1cuB_HjErgfnuIlKEFusAWYfMqGHTQ191\u0027 width=\u0027450\u0027/\u003e\u003cbr/\u003e\u003c/div\u003e",
                                            "tessellate":  -1,
                                            "extrude":  0,
                                            "visibility":  -1
                                        },
                         "geometry":  {
                                          "type":  "Point",
                                          "coordinates":  [
                                                              34.77407,
                                                              32.07781,
                                                              0.0
                                                          ]
                                      }
                     },
                     {
                         "type":  "Feature",
                         "properties":  {
                                            "Name":  "#4214",
                                            "description":  "\u003cdiv dir=\u0027rtl\u0027 style=\u0027font-family:Arial;\u0027\u003e\u003cb\u003eשם:\u003c/b\u003e רינה שבתאי\u003cbr/\u003e\u003cb\u003eאתר:\u003c/b\u003e הכנסת הישנה\u003cbr/\u003e\u003cb\u003eתאריך:\u003c/b\u003e 13-11-2025\u003cbr/\u003e\u003cb\u003eID:\u003c/b\u003e 2723\u003cbr/\u003e\u003cb\u003eFB:\u003c/b\u003e \u003ca href=\u0027https://www.facebook.com/groups/beshvil.yael/posts/3808837946075995\u0027\u003ehttps://www.facebook.com/groups/beshvil.yael/posts/3808837946075995\u003c/a\u003e\u003cbr/\u003e\u003cbr/\u003e\u003cimg src=\u0027https://drive.google.com/uc?export=view\u0026amp;id=1hHaAuNYV5cDzsDuJHyro7ZeMjx9HGtfU\u0027 width=\u0027450\u0027/\u003e\u003cbr/\u003e\u003c/div\u003e",
                                            "tessellate":  -1,
                                            "extrude":  0,
                                            "visibility":  -1
                                        },
                         "geometry":  {
                                          "type":  "Point",
                                          "coordinates":  [
                                                              35.21557,
                                                              31.78028,
                                                              0.0
                                                          ]
                                      }
                     },
                     {
                         "type":  "Feature",
                         "properties":  {
                                            "Name":  "#4214",
                                            "description":  "\u003cdiv dir=\u0027rtl\u0027 style=\u0027font-family:Arial;\u0027\u003e\u003cb\u003eשם:\u003c/b\u003e רינה שבתאי\u003cbr/\u003e\u003cb\u003eאתר:\u003c/b\u003e כיכר דיזנגוף\u003cbr/\u003e\u003cb\u003eתאריך:\u003c/b\u003e 13-12-2025\u003cbr/\u003e\u003cb\u003eID:\u003c/b\u003e 3050\u003cbr/\u003e\u003cb\u003eFB:\u003c/b\u003e \u003ca href=\u0027https://www.facebook.com/groups/beshvil.yael/posts/3834715620154894\u0027\u003ehttps://www.facebook.com/groups/beshvil.yael/posts/3834715620154894\u003c/a\u003e\u003cbr/\u003e\u003cbr/\u003e\u003cimg src=\u0027https://drive.google.com/uc?export=view\u0026amp;id=1lhFKLUIfBtTSHYG6xEmyGOsDliR_C4QI\u0027 width=\u0027450\u0027/\u003e\u003cbr/\u003e\u003c/div\u003e",
                                            "tessellate":  -1,
                                            "extrude":  0,
                                            "visibility":  -1
                                        },
                         "geometry":  {
                                          "type":  "Point",
                                          "coordinates":  [
                                                              34.77412,
                                                              32.07788,
                                                              0.0
                                                          ]
                                      }
                     },
                     {
                         "type":  "Feature",
                         "properties":  {
                                            "Name":  "#4214",
                                            "description":  "\u003cdiv dir=\u0027rtl\u0027 style=\u0027font-family:Arial;\u0027\u003e\u003cb\u003eשם:\u003c/b\u003e רינה שבתאי\u003cbr/\u003e\u003cb\u003eאתר:\u003c/b\u003e בתרונות רוחמה.\u003cbr/\u003e\u003cb\u003eתאריך:\u003c/b\u003e 07-02-2026\u003cbr/\u003e\u003cb\u003eID:\u003c/b\u003e 3619\u003cbr/\u003e\u003cb\u003eFB:\u003c/b\u003e \u003ca href=\u0027https://www.facebook.com/groups/beshvil.yael/posts/3883530148606774/\u0027\u003ehttps://www.facebook.com/groups/beshvil.yael/posts/3883530148606774/\u003c/a\u003e\u003cbr/\u003e\u003cbr/\u003e\u003cimg src=\u0027https://drive.google.com/uc?export=view\u0026amp;id=1KGHDMd5k6BijKHAzdBNUx-8pkr6OvxTk\u0027 width=\u0027450\u0027/\u003e\u003cbr/\u003e\u003c/div\u003e",
                                            "tessellate":  -1,
                                            "extrude":  0,
                                            "visibility":  -1
                                        },
                         "geometry":  {
                                          "type":  "Point",
                                          "coordinates":  [
                                                              34.73442,
                                                              31.49091,
                                                              0.0
                                                          ]
                                      }
                     },
                     {
                         "type":  "Feature",
                         "properties":  {
                                            "Name":  "#4251",
                                            "description":  "\u003cdiv dir=\u0027rtl\u0027 style=\u0027font-family:Arial;\u0027\u003e\u003cb\u003eשם:\u003c/b\u003e שיר גבאי\u003cbr/\u003e\u003cb\u003eאתר:\u003c/b\u003e הר כרמילה\u003cbr/\u003e\u003cb\u003eתאריך:\u003c/b\u003e 06-02-2026\u003cbr/\u003e\u003cb\u003eID:\u003c/b\u003e 3588\u003cbr/\u003e\u003cb\u003eFB:\u003c/b\u003e \u003ca href=\u0027https://www.facebook.com/groups/beshvil.yael/posts/3882333838726405/\u0027\u003ehttps://www.facebook.com/groups/beshvil.yael/posts/3882333838726405/\u003c/a\u003e\u003cbr/\u003e\u003cbr/\u003e\u003cimg src=\u0027https://drive.google.com/uc?export=view\u0026amp;id=1PZjVfJk0U4zwJjyCL4Ljjb71gmJhsUZs\u0027 width=\u0027450\u0027/\u003e\u003cbr/\u003e\u003c/div\u003e",
                                            "tessellate":  -1,
                                            "extrude":  0,
                                            "visibility":  -1
                                        },
                         "geometry":  {
                                          "type":  "Point",
                                          "coordinates":  [
                                                              35.03485,
                                                              31.78408,
                                                              0.0
                                                          ]
                                      }
                     },
                     {
                         "type":  "Feature",
                         "properties":  {
                                            "Name":  "#4251",
                                            "description":  "\u003cdiv dir=\u0027rtl\u0027 style=\u0027font-family:Arial;\u0027\u003e\u003cb\u003eשם:\u003c/b\u003e שיר גבאי\u003cbr/\u003e\u003cb\u003eאתר:\u003c/b\u003e שביל כרמל-כנרת\u003cbr/\u003e\u003cb\u003eתאריך:\u003c/b\u003e 15-05-2026\u003cbr/\u003e\u003cb\u003eID:\u003c/b\u003e 4439\u003cbr/\u003e\u003cb\u003eFB:\u003c/b\u003e \u003ca href=\u0027https://www.facebook.com/groups/beshvil.yael/posts/3972305429729245/\u0027\u003ehttps://www.facebook.com/groups/beshvil.yael/posts/3972305429729245/\u003c/a\u003e\u003cbr/\u003e\u003cbr/\u003e\u003cimg src=\u0027https://drive.google.com/uc?export=view\u0026amp;id=1t80Bq_QRZfhGQFHuZH6kwPYiNPwWvFKz\u0027 width=\u0027450\u0027/\u003e\u003cbr/\u003e\u003c/div\u003e",
                                            "tessellate":  -1,
                                            "extrude":  0,
                                            "visibility":  -1
                                        },
                         "geometry":  {
                                          "type":  "Point",
                                          "coordinates":  [
                                                              35.3902,
                                                              32.68661,
                                                              0.0
                                                          ]
                                      }
                     },
                     {
                         "type":  "Feature",
                         "properties":  {
                                            "Name":  "#4255",
                                            "description":  "\u003cdiv dir=\u0027rtl\u0027 style=\u0027font-family:Arial;\u0027\u003e\u003cb\u003eשם:\u003c/b\u003e איילת כרמי גזית\u003cbr/\u003e\u003cb\u003eאתר:\u003c/b\u003e אבו רבח\u003cbr/\u003e\u003cb\u003eתאריך:\u003c/b\u003e 31-05-2025\u003cbr/\u003e\u003cb\u003eID:\u003c/b\u003e 850\u003cbr/\u003e\u003cb\u003eFB:\u003c/b\u003e \u003ca href=\u0027https://www.facebook.com/groups/3235176716775457/posts/3655794201380371/\u0027\u003ehttps://www.facebook.com/groups/3235176716775457/posts/3655794201380371/\u003c/a\u003e\u003cbr/\u003e\u003cbr/\u003e\u003cimg src=\u0027https://drive.google.com/uc?export=view\u0026amp;id=1Hb3gwBvoLKF60rvyR8sfVfvR0weJteN5\u0027 width=\u0027450\u0027/\u003e\u003cbr/\u003e\u003c/div\u003e",
                                            "tessellate":  -1,
                                            "extrude":  0,
                                            "visibility":  -1
                                        },
                         "geometry":  {
                                          "type":  "Point",
                                          "coordinates":  [
                                                              34.898642,
                                                              32.123908,
                                                              0.0
                                                          ]
                                      }
                     },
                     {
                         "type":  "Feature",
                         "properties":  {
                                            "Name":  "#4255",
                                            "description":  "\u003cdiv dir=\u0027rtl\u0027 style=\u0027font-family:Arial;\u0027\u003e\u003cb\u003eשם:\u003c/b\u003e איילת כרמי גזית\u003cbr/\u003e\u003cb\u003eאתר:\u003c/b\u003e שמורת רמת עבדת.\u003cbr/\u003e\u003cb\u003eתאריך:\u003c/b\u003e 20-12-2025\u003cbr/\u003e\u003cb\u003eID:\u003c/b\u003e 3113\u003cbr/\u003e\u003cb\u003eFB:\u003c/b\u003e \u003ca href=\u0027https://www.facebook.com/groups/beshvil.yael/posts/3840466766246446\u0027\u003ehttps://www.facebook.com/groups/beshvil.yael/posts/3840466766246446\u003c/a\u003e\u003cbr/\u003e\u003cbr/\u003e\u003cimg src=\u0027https://drive.google.com/uc?export=view\u0026amp;id=1L6emc4f3NpO1M_vAVa4gm8tVGV3wqsII\u0027 width=\u0027450\u0027/\u003e\u003cbr/\u003e\u003c/div\u003e",
                                            "tessellate":  -1,
                                            "extrude":  0,
                                            "visibility":  -1
                                        },
                         "geometry":  {
                                          "type":  "Point",
                                          "coordinates":  [
                                                              34.76763,
                                                              30.83645,
                                                              0.0
                                                          ]
                                      }
                     },
                     {
                         "type":  "Feature",
                         "properties":  {
                                            "Name":  "#4255",
                                            "description":  "\u003cdiv dir=\u0027rtl\u0027 style=\u0027font-family:Arial;\u0027\u003e\u003cb\u003eשם:\u003c/b\u003e איילת כרמי גזית\u003cbr/\u003e\u003cb\u003eאתר:\u003c/b\u003e מצפה / מכתש רמון\u003cbr/\u003e\u003cb\u003eתאריך:\u003c/b\u003e 31-01-2026\u003cbr/\u003e\u003cb\u003eID:\u003c/b\u003e 3541\u003cbr/\u003e\u003cb\u003eFB:\u003c/b\u003e \u003ca href=\u0027https://www.facebook.com/groups/beshvil.yael/posts/3877065312586591/\u0027\u003ehttps://www.facebook.com/groups/beshvil.yael/posts/3877065312586591/\u003c/a\u003e\u003cbr/\u003e\u003cbr/\u003e\u003cimg src=\u0027https://drive.google.com/uc?export=view\u0026amp;id=1n9xZfP1jO1A4Hu-AHgqVhHYqfDzsbKgS\u0027 width=\u0027450\u0027/\u003e\u003cbr/\u003e\u003c/div\u003e",
                                            "tessellate":  -1,
                                            "extrude":  0,
                                            "visibility":  -1
                                        },
                         "geometry":  {
                                          "type":  "Point",
                                          "coordinates":  [
                                                              34.83023,
                                                              30.64954,
                                                              0.0
                                                          ]
                                      }
                     },
                     {
                         "type":  "Feature",
                         "properties":  {
                                            "Name":  "#4255",
                                            "description":  "\u003cdiv dir=\u0027rtl\u0027 style=\u0027font-family:Arial;\u0027\u003e\u003cb\u003eשם:\u003c/b\u003e איילת כרמי גזית\u003cbr/\u003e\u003cb\u003eאתר:\u003c/b\u003e רעים\u003cbr/\u003e\u003cb\u003eתאריך:\u003c/b\u003e 27-02-2026\u003cbr/\u003e\u003cb\u003eID:\u003c/b\u003e 3879\u003cbr/\u003e\u003cb\u003eFB:\u003c/b\u003e \u003ca href=\u0027https://www.facebook.com/groups/beshvil.yael/posts/3902646570028465/\u0027\u003ehttps://www.facebook.com/groups/beshvil.yael/posts/3902646570028465/\u003c/a\u003e\u003cbr/\u003e\u003cbr/\u003e\u003cimg src=\u0027https://drive.google.com/uc?export=view\u0026amp;id=1aX1tjTJ5MJeJGC1jsdOeCvEgSLG_sTx6\u0027 width=\u0027450\u0027/\u003e\u003cbr/\u003e\u003c/div\u003e",
                                            "tessellate":  -1,
                                            "extrude":  0,
                                            "visibility":  -1
                                        },
                         "geometry":  {
                                          "type":  "Point",
                                          "coordinates":  [
                                                              34.45916,
                                                              31.38308,
                                                              0.0
                                                          ]
                                      }
                     },
                     {
                         "type":  "Feature",
                         "properties":  {
                                            "Name":  "#4255",
                                            "description":  "\u003cdiv dir=\u0027rtl\u0027 style=\u0027font-family:Arial;\u0027\u003e\u003cb\u003eשם:\u003c/b\u003e איילת כרמי גזית\u003cbr/\u003e\u003cb\u003eאתר:\u003c/b\u003e יער קריית אתא\u003cbr/\u003e\u003cb\u003eתאריך:\u003c/b\u003e 16-05-2026\u003cbr/\u003e\u003cb\u003eID:\u003c/b\u003e 4454\u003cbr/\u003e\u003cb\u003eFB:\u003c/b\u003e \u003ca href=\u0027https://www.facebook.com/groups/beshvil.yael/posts/3973098122983309/\u0027\u003ehttps://www.facebook.com/groups/beshvil.yael/posts/3973098122983309/\u003c/a\u003e\u003cbr/\u003e\u003cbr/\u003e\u003cimg src=\u0027https://drive.google.com/uc?export=view\u0026amp;id=1rvkNTG_YpzYyalPSYM1Ub5Onn330flt3\u0027 width=\u0027450\u0027/\u003e\u003cbr/\u003e\u003c/div\u003e",
                                            "tessellate":  -1,
                                            "extrude":  0,
                                            "visibility":  -1
                                        },
                         "geometry":  {
                                          "type":  "Point",
                                          "coordinates":  [
                                                              35.14507,
                                                              32.79872,
                                                              0.0
                                                          ]
                                      }
                     },
                     {
                         "type":  "Feature",
                         "properties":  {
                                            "Name":  "#4256",
                                            "description":  "\u003cdiv dir=\u0027rtl\u0027 style=\u0027font-family:Arial;\u0027\u003e\u003cb\u003eשם:\u003c/b\u003e \u003cbr/\u003e\u003cb\u003eאתר:\u003c/b\u003e אבו רבח\u003cbr/\u003e\u003cb\u003eתאריך:\u003c/b\u003e 31-05-2025\u003cbr/\u003e\u003cb\u003eID:\u003c/b\u003e 850\u003cbr/\u003e\u003cb\u003eFB:\u003c/b\u003e \u003ca href=\u0027https://www.facebook.com/groups/3235176716775457/posts/3655794201380371/\u0027\u003ehttps://www.facebook.com/groups/3235176716775457/posts/3655794201380371/\u003c/a\u003e\u003cbr/\u003e\u003cbr/\u003e\u003cimg src=\u0027https://drive.google.com/uc?export=view\u0026amp;id=1Hb3gwBvoLKF60rvyR8sfVfvR0weJteN5\u0027 width=\u0027450\u0027/\u003e\u003cbr/\u003e\u003c/div\u003e",
                                            "tessellate":  -1,
                                            "extrude":  0,
                                            "visibility":  -1
                                        },
                         "geometry":  {
                                          "type":  "Point",
                                          "coordinates":  [
                                                              34.898642,
                                                              32.124178,
                                                              0.0
                                                          ]
                                      }
                     },
                     {
                         "type":  "Feature",
                         "properties":  {
                                            "Name":  "#4256",
                                            "description":  "\u003cdiv dir=\u0027rtl\u0027 style=\u0027font-family:Arial;\u0027\u003e\u003cb\u003eשם:\u003c/b\u003e \u003cbr/\u003e\u003cb\u003eאתר:\u003c/b\u003e מצפה / מכתש רמון\u003cbr/\u003e\u003cb\u003eתאריך:\u003c/b\u003e 31-01-2026\u003cbr/\u003e\u003cb\u003eID:\u003c/b\u003e 3541\u003cbr/\u003e\u003cb\u003eFB:\u003c/b\u003e \u003ca href=\u0027https://www.facebook.com/groups/beshvil.yael/posts/3877065312586591/\u0027\u003ehttps://www.facebook.com/groups/beshvil.yael/posts/3877065312586591/\u003c/a\u003e\u003cbr/\u003e\u003cbr/\u003e\u003cimg src=\u0027https://drive.google.com/uc?export=view\u0026amp;id=1n9xZfP1jO1A4Hu-AHgqVhHYqfDzsbKgS\u0027 width=\u0027450\u0027/\u003e\u003cbr/\u003e\u003c/div\u003e",
                                            "tessellate":  -1,
                                            "extrude":  0,
                                            "visibility":  -1
                                        },
                         "geometry":  {
                                          "type":  "Point",
                                          "coordinates":  [
                                                              34.83023,
                                                              30.64981,
                                                              0.0
                                                          ]
                                      }
                     },
                     {
                         "type":  "Feature",
                         "properties":  {
                                            "Name":  "#4257",
                                            "description":  "\u003cdiv dir=\u0027rtl\u0027 style=\u0027font-family:Arial;\u0027\u003e\u003cb\u003eשם:\u003c/b\u003e \u003cbr/\u003e\u003cb\u003eאתר:\u003c/b\u003e אבו רבח\u003cbr/\u003e\u003cb\u003eתאריך:\u003c/b\u003e 31-05-2025\u003cbr/\u003e\u003cb\u003eID:\u003c/b\u003e 850\u003cbr/\u003e\u003cb\u003eFB:\u003c/b\u003e \u003ca href=\u0027https://www.facebook.com/groups/3235176716775457/posts/3655794201380371/\u0027\u003ehttps://www.facebook.com/groups/3235176716775457/posts/3655794201380371/\u003c/a\u003e\u003cbr/\u003e\u003cbr/\u003e\u003cimg src=\u0027https://drive.google.com/uc?export=view\u0026amp;id=1Hb3gwBvoLKF60rvyR8sfVfvR0weJteN5\u0027 width=\u0027450\u0027/\u003e\u003cbr/\u003e\u003c/div\u003e",
                                            "tessellate":  -1,
                                            "extrude":  0,
                                            "visibility":  -1
                                        },
                         "geometry":  {
                                          "type":  "Point",
                                          "coordinates":  [
                                                              34.898642,
                                                              32.124448,
                                                              0.0
                                                          ]
                                      }
                     },
                     {
                         "type":  "Feature",
                         "properties":  {
                                            "Name":  "#4257",
                                            "description":  "\u003cdiv dir=\u0027rtl\u0027 style=\u0027font-family:Arial;\u0027\u003e\u003cb\u003eשם:\u003c/b\u003e \u003cbr/\u003e\u003cb\u003eאתר:\u003c/b\u003e מצפה / מכתש רמון\u003cbr/\u003e\u003cb\u003eתאריך:\u003c/b\u003e 31-01-2026\u003cbr/\u003e\u003cb\u003eID:\u003c/b\u003e 3541\u003cbr/\u003e\u003cb\u003eFB:\u003c/b\u003e \u003ca href=\u0027https://www.facebook.com/groups/beshvil.yael/posts/3877065312586591/\u0027\u003ehttps://www.facebook.com/groups/beshvil.yael/posts/3877065312586591/\u003c/a\u003e\u003cbr/\u003e\u003cbr/\u003e\u003cimg src=\u0027https://drive.google.com/uc?export=view\u0026amp;id=1n9xZfP1jO1A4Hu-AHgqVhHYqfDzsbKgS\u0027 width=\u0027450\u0027/\u003e\u003cbr/\u003e\u003c/div\u003e",
                                            "tessellate":  -1,
                                            "extrude":  0,
                                            "visibility":  -1
                                        },
                         "geometry":  {
                                          "type":  "Point",
                                          "coordinates":  [
                                                              34.83023,
                                                              30.65008,
                                                              0.0
                                                          ]
                                      }
                     },
                     {
                         "type":  "Feature",
                         "properties":  {
                                            "Name":  "#4258",
                                            "description":  "\u003cdiv dir=\u0027rtl\u0027 style=\u0027font-family:Arial;\u0027\u003e\u003cb\u003eשם:\u003c/b\u003e \u003cbr/\u003e\u003cb\u003eאתר:\u003c/b\u003e אבו רבח\u003cbr/\u003e\u003cb\u003eתאריך:\u003c/b\u003e 31-05-2025\u003cbr/\u003e\u003cb\u003eID:\u003c/b\u003e 850\u003cbr/\u003e\u003cb\u003eFB:\u003c/b\u003e \u003ca href=\u0027https://www.facebook.com/groups/3235176716775457/posts/3655794201380371/\u0027\u003ehttps://www.facebook.com/groups/3235176716775457/posts/3655794201380371/\u003c/a\u003e\u003cbr/\u003e\u003cbr/\u003e\u003cimg src=\u0027https://drive.google.com/uc?export=view\u0026amp;id=1Hb3gwBvoLKF60rvyR8sfVfvR0weJteN5\u0027 width=\u0027450\u0027/\u003e\u003cbr/\u003e\u003c/div\u003e",
                                            "tessellate":  -1,
                                            "extrude":  0,
                                            "visibility":  -1
                                        },
                         "geometry":  {
                                          "type":  "Point",
                                          "coordinates":  [
                                                              34.898642,
                                                              32.124718,
                                                              0.0
                                                          ]
                                      }
                     },
                     {
                         "type":  "Feature",
                         "properties":  {
                                            "Name":  "#4258",
                                            "description":  "\u003cdiv dir=\u0027rtl\u0027 style=\u0027font-family:Arial;\u0027\u003e\u003cb\u003eשם:\u003c/b\u003e \u003cbr/\u003e\u003cb\u003eאתר:\u003c/b\u003e מצפה / מכתש רמון\u003cbr/\u003e\u003cb\u003eתאריך:\u003c/b\u003e 31-01-2026\u003cbr/\u003e\u003cb\u003eID:\u003c/b\u003e 3541\u003cbr/\u003e\u003cb\u003eFB:\u003c/b\u003e \u003ca href=\u0027https://www.facebook.com/groups/beshvil.yael/posts/3877065312586591/\u0027\u003ehttps://www.facebook.com/groups/beshvil.yael/posts/3877065312586591/\u003c/a\u003e\u003cbr/\u003e\u003cbr/\u003e\u003cimg src=\u0027https://drive.google.com/uc?export=view\u0026amp;id=1n9xZfP1jO1A4Hu-AHgqVhHYqfDzsbKgS\u0027 width=\u0027450\u0027/\u003e\u003cbr/\u003e\u003c/div\u003e",
                                            "tessellate":  -1,
                                            "extrude":  0,
                                            "visibility":  -1
                                        },
                         "geometry":  {
                                          "type":  "Point",
                                          "coordinates":  [
                                                              34.83023,
                                                              30.65035,
                                                              0.0
                                                          ]
                                      }
                     },
                     {
                         "type":  "Feature",
                         "properties":  {
                                            "Name":  "#4259",
                                            "description":  "\u003cdiv dir=\u0027rtl\u0027 style=\u0027font-family:Arial;\u0027\u003e\u003cb\u003eשם:\u003c/b\u003e \u003cbr/\u003e\u003cb\u003eאתר:\u003c/b\u003e אבו רבח\u003cbr/\u003e\u003cb\u003eתאריך:\u003c/b\u003e 31-05-2025\u003cbr/\u003e\u003cb\u003eID:\u003c/b\u003e 850\u003cbr/\u003e\u003cb\u003eFB:\u003c/b\u003e \u003ca href=\u0027https://www.facebook.com/groups/3235176716775457/posts/3655794201380371/\u0027\u003ehttps://www.facebook.com/groups/3235176716775457/posts/3655794201380371/\u003c/a\u003e\u003cbr/\u003e\u003cbr/\u003e\u003cimg src=\u0027https://drive.google.com/uc?export=view\u0026amp;id=1Hb3gwBvoLKF60rvyR8sfVfvR0weJteN5\u0027 width=\u0027450\u0027/\u003e\u003cbr/\u003e\u003c/div\u003e",
                                            "tessellate":  -1,
                                            "extrude":  0,
                                            "visibility":  -1
                                        },
                         "geometry":  {
                                          "type":  "Point",
                                          "coordinates":  [
                                                              34.898642,
                                                              32.124988,
                                                              0.0
                                                          ]
                                      }
                     },
                     {
                         "type":  "Feature",
                         "properties":  {
                                            "Name":  "#4259",
                                            "description":  "\u003cdiv dir=\u0027rtl\u0027 style=\u0027font-family:Arial;\u0027\u003e\u003cb\u003eשם:\u003c/b\u003e \u003cbr/\u003e\u003cb\u003eאתר:\u003c/b\u003e מצפה / מכתש רמון\u003cbr/\u003e\u003cb\u003eתאריך:\u003c/b\u003e 31-01-2026\u003cbr/\u003e\u003cb\u003eID:\u003c/b\u003e 3541\u003cbr/\u003e\u003cb\u003eFB:\u003c/b\u003e \u003ca href=\u0027https://www.facebook.com/groups/beshvil.yael/posts/3877065312586591/\u0027\u003ehttps://www.facebook.com/groups/beshvil.yael/posts/3877065312586591/\u003c/a\u003e\u003cbr/\u003e\u003cbr/\u003e\u003cimg src=\u0027https://drive.google.com/uc?export=view\u0026amp;id=1n9xZfP1jO1A4Hu-AHgqVhHYqfDzsbKgS\u0027 width=\u0027450\u0027/\u003e\u003cbr/\u003e\u003c/div\u003e",
                                            "tessellate":  -1,
                                            "extrude":  0,
                                            "visibility":  -1
                                        },
                         "geometry":  {
                                          "type":  "Point",
                                          "coordinates":  [
                                                              34.83023,
                                                              30.65062,
                                                              0.0
                                                          ]
                                      }
                     },
                     {
                         "type":  "Feature",
                         "properties":  {
                                            "Name":  "#4260",
                                            "description":  "\u003cdiv dir=\u0027rtl\u0027 style=\u0027font-family:Arial;\u0027\u003e\u003cb\u003eשם:\u003c/b\u003e \u003cbr/\u003e\u003cb\u003eאתר:\u003c/b\u003e אבו רבח\u003cbr/\u003e\u003cb\u003eתאריך:\u003c/b\u003e 31-05-2025\u003cbr/\u003e\u003cb\u003eID:\u003c/b\u003e 850\u003cbr/\u003e\u003cb\u003eFB:\u003c/b\u003e \u003ca href=\u0027https://www.facebook.com/groups/3235176716775457/posts/3655794201380371/\u0027\u003ehttps://www.facebook.com/groups/3235176716775457/posts/3655794201380371/\u003c/a\u003e\u003cbr/\u003e\u003cbr/\u003e\u003cimg src=\u0027https://drive.google.com/uc?export=view\u0026amp;id=1Hb3gwBvoLKF60rvyR8sfVfvR0weJteN5\u0027 width=\u0027450\u0027/\u003e\u003cbr/\u003e\u003c/div\u003e",
                                            "tessellate":  -1,
                                            "extrude":  0,
                                            "visibility":  -1
                                        },
                         "geometry":  {
                                          "type":  "Point",
                                          "coordinates":  [
                                                              34.898642,
                                                              32.125258,
                                                              0.0
                                                          ]
                                      }
                     },
                     {
                         "type":  "Feature",
                         "properties":  {
                                            "Name":  "#4260",
                                            "description":  "\u003cdiv dir=\u0027rtl\u0027 style=\u0027font-family:Arial;\u0027\u003e\u003cb\u003eשם:\u003c/b\u003e \u003cbr/\u003e\u003cb\u003eאתר:\u003c/b\u003e מצפה / מכתש רמון\u003cbr/\u003e\u003cb\u003eתאריך:\u003c/b\u003e 31-01-2026\u003cbr/\u003e\u003cb\u003eID:\u003c/b\u003e 3541\u003cbr/\u003e\u003cb\u003eFB:\u003c/b\u003e \u003ca href=\u0027https://www.facebook.com/groups/beshvil.yael/posts/3877065312586591/\u0027\u003ehttps://www.facebook.com/groups/beshvil.yael/posts/3877065312586591/\u003c/a\u003e\u003cbr/\u003e\u003cbr/\u003e\u003cimg src=\u0027https://drive.google.com/uc?export=view\u0026amp;id=1n9xZfP1jO1A4Hu-AHgqVhHYqfDzsbKgS\u0027 width=\u0027450\u0027/\u003e\u003cbr/\u003e\u003c/div\u003e",
                                            "tessellate":  -1,
                                            "extrude":  0,
                                            "visibility":  -1
                                        },
                         "geometry":  {
                                          "type":  "Point",
                                          "coordinates":  [
                                                              34.83023,
                                                              30.65089,
                                                              0.0
                                                          ]
                                      }
                     },
                     {
                         "type":  "Feature",
                         "properties":  {
                                            "Name":  "#4261",
                                            "description":  "\u003cdiv dir=\u0027rtl\u0027 style=\u0027font-family:Arial;\u0027\u003e\u003cb\u003eשם:\u003c/b\u003e \u003cbr/\u003e\u003cb\u003eאתר:\u003c/b\u003e אבו רבח\u003cbr/\u003e\u003cb\u003eתאריך:\u003c/b\u003e 31-05-2025\u003cbr/\u003e\u003cb\u003eID:\u003c/b\u003e 850\u003cbr/\u003e\u003cb\u003eFB:\u003c/b\u003e \u003ca href=\u0027https://www.facebook.com/groups/3235176716775457/posts/3655794201380371/\u0027\u003ehttps://www.facebook.com/groups/3235176716775457/posts/3655794201380371/\u003c/a\u003e\u003cbr/\u003e\u003cbr/\u003e\u003cimg src=\u0027https://drive.google.com/uc?export=view\u0026amp;id=1Hb3gwBvoLKF60rvyR8sfVfvR0weJteN5\u0027 width=\u0027450\u0027/\u003e\u003cbr/\u003e\u003c/div\u003e",
                                            "tessellate":  -1,
                                            "extrude":  0,
                                            "visibility":  -1
                                        },
                         "geometry":  {
                                          "type":  "Point",
                                          "coordinates":  [
                                                              34.898642,
                                                              32.125528,
                                                              0.0
                                                          ]
                                      }
                     },
                     {
                         "type":  "Feature",
                         "properties":  {
                                            "Name":  "#4261",
                                            "description":  "\u003cdiv dir=\u0027rtl\u0027 style=\u0027font-family:Arial;\u0027\u003e\u003cb\u003eשם:\u003c/b\u003e \u003cbr/\u003e\u003cb\u003eאתר:\u003c/b\u003e מצפה / מכתש רמון\u003cbr/\u003e\u003cb\u003eתאריך:\u003c/b\u003e 31-01-2026\u003cbr/\u003e\u003cb\u003eID:\u003c/b\u003e 3541\u003cbr/\u003e\u003cb\u003eFB:\u003c/b\u003e \u003ca href=\u0027https://www.facebook.com/groups/beshvil.yael/posts/3877065312586591/\u0027\u003ehttps://www.facebook.com/groups/beshvil.yael/posts/3877065312586591/\u003c/a\u003e\u003cbr/\u003e\u003cbr/\u003e\u003cimg src=\u0027https://drive.google.com/uc?export=view\u0026amp;id=1n9xZfP1jO1A4Hu-AHgqVhHYqfDzsbKgS\u0027 width=\u0027450\u0027/\u003e\u003cbr/\u003e\u003c/div\u003e",
                                            "tessellate":  -1,
                                            "extrude":  0,
                                            "visibility":  -1
                                        },
                         "geometry":  {
                                          "type":  "Point",
                                          "coordinates":  [
                                                              34.83023,
                                                              30.65116,
                                                              0.0
                                                          ]
                                      }
                     },
                     {
                         "type":  "Feature",
                         "properties":  {
                                            "Name":  "#4262",
                                            "description":  "\u003cdiv dir=\u0027rtl\u0027 style=\u0027font-family:Arial;\u0027\u003e\u003cb\u003eשם:\u003c/b\u003e \u003cbr/\u003e\u003cb\u003eאתר:\u003c/b\u003e אבו רבח\u003cbr/\u003e\u003cb\u003eתאריך:\u003c/b\u003e 31-05-2025\u003cbr/\u003e\u003cb\u003eID:\u003c/b\u003e 850\u003cbr/\u003e\u003cb\u003eFB:\u003c/b\u003e \u003ca href=\u0027https://www.facebook.com/groups/3235176716775457/posts/3655794201380371/\u0027\u003ehttps://www.facebook.com/groups/3235176716775457/posts/3655794201380371/\u003c/a\u003e\u003cbr/\u003e\u003cbr/\u003e\u003cimg src=\u0027https://drive.google.com/uc?export=view\u0026amp;id=1Hb3gwBvoLKF60rvyR8sfVfvR0weJteN5\u0027 width=\u0027450\u0027/\u003e\u003cbr/\u003e\u003c/div\u003e",
                                            "tessellate":  -1,
                                            "extrude":  0,
                                            "visibility":  -1
                                        },
                         "geometry":  {
                                          "type":  "Point",
                                          "coordinates":  [
                                                              34.898642,
                                                              32.125798,
                                                              0.0
                                                          ]
                                      }
                     },
                     {
                         "type":  "Feature",
                         "properties":  {
                                            "Name":  "#4262",
                                            "description":  "\u003cdiv dir=\u0027rtl\u0027 style=\u0027font-family:Arial;\u0027\u003e\u003cb\u003eשם:\u003c/b\u003e \u003cbr/\u003e\u003cb\u003eאתר:\u003c/b\u003e מצפה / מכתש רמון\u003cbr/\u003e\u003cb\u003eתאריך:\u003c/b\u003e 31-01-2026\u003cbr/\u003e\u003cb\u003eID:\u003c/b\u003e 3541\u003cbr/\u003e\u003cb\u003eFB:\u003c/b\u003e \u003ca href=\u0027https://www.facebook.com/groups/beshvil.yael/posts/3877065312586591/\u0027\u003ehttps://www.facebook.com/groups/beshvil.yael/posts/3877065312586591/\u003c/a\u003e\u003cbr/\u003e\u003cbr/\u003e\u003cimg src=\u0027https://drive.google.com/uc?export=view\u0026amp;id=1n9xZfP1jO1A4Hu-AHgqVhHYqfDzsbKgS\u0027 width=\u0027450\u0027/\u003e\u003cbr/\u003e\u003c/div\u003e",
                                            "tessellate":  -1,
                                            "extrude":  0,
                                            "visibility":  -1
                                        },
                         "geometry":  {
                                          "type":  "Point",
                                          "coordinates":  [
                                                              34.83023,
                                                              30.65143,
                                                              0.0
                                                          ]
                                      }
                     },
                     {
                         "type":  "Feature",
                         "properties":  {
                                            "Name":  "#4263",
                                            "description":  "\u003cdiv dir=\u0027rtl\u0027 style=\u0027font-family:Arial;\u0027\u003e\u003cb\u003eשם:\u003c/b\u003e גדי כהן\u003cbr/\u003e\u003cb\u003eאתר:\u003c/b\u003e אבו רבח\u003cbr/\u003e\u003cb\u003eתאריך:\u003c/b\u003e 31-05-2025\u003cbr/\u003e\u003cb\u003eID:\u003c/b\u003e 850\u003cbr/\u003e\u003cb\u003eFB:\u003c/b\u003e \u003ca href=\u0027https://www.facebook.com/groups/3235176716775457/posts/3655794201380371/\u0027\u003ehttps://www.facebook.com/groups/3235176716775457/posts/3655794201380371/\u003c/a\u003e\u003cbr/\u003e\u003cbr/\u003e\u003cimg src=\u0027https://drive.google.com/uc?export=view\u0026amp;id=1Hb3gwBvoLKF60rvyR8sfVfvR0weJteN5\u0027 width=\u0027450\u0027/\u003e\u003cbr/\u003e\u003c/div\u003e",
                                            "tessellate":  -1,
                                            "extrude":  0,
                                            "visibility":  -1
                                        },
                         "geometry":  {
                                          "type":  "Point",
                                          "coordinates":  [
                                                              34.898642,
                                                              32.126068,
                                                              0.0
                                                          ]
                                      }
                     },
                     {
                         "type":  "Feature",
                         "properties":  {
                                            "Name":  "#4263",
                                            "description":  "\u003cdiv dir=\u0027rtl\u0027 style=\u0027font-family:Arial;\u0027\u003e\u003cb\u003eשם:\u003c/b\u003e גדי כהן\u003cbr/\u003e\u003cb\u003eאתר:\u003c/b\u003e שביל המעיינות\u003cbr/\u003e\u003cb\u003eתאריך:\u003c/b\u003e 24-09-2025\u003cbr/\u003e\u003cb\u003eID:\u003c/b\u003e 2030\u003cbr/\u003e\u003cb\u003eFB:\u003c/b\u003e \u003ca href=\u0027https://www.facebook.com/groups/beshvil.yael/posts/3759587834334340\u0027\u003ehttps://www.facebook.com/groups/beshvil.yael/posts/3759587834334340\u003c/a\u003e\u003cbr/\u003e\u003cbr/\u003e\u003cimg src=\u0027https://drive.google.com/uc?export=view\u0026amp;id=1auqRlaFdw5_afG2KAhaF_ZnsaP7OgTWF\u0027 width=\u0027450\u0027/\u003e\u003cbr/\u003e\u003c/div\u003e",
                                            "tessellate":  -1,
                                            "extrude":  0,
                                            "visibility":  -1
                                        },
                         "geometry":  {
                                          "type":  "Point",
                                          "coordinates":  [
                                                              34.99068,
                                                              31.84983,
                                                              0.0
                                                          ]
                                      }
                     },
                     {
                         "type":  "Feature",
                         "properties":  {
                                            "Name":  "#4263",
                                            "description":  "\u003cdiv dir=\u0027rtl\u0027 style=\u0027font-family:Arial;\u0027\u003e\u003cb\u003eשם:\u003c/b\u003e גדי כהן\u003cbr/\u003e\u003cb\u003eאתר:\u003c/b\u003e שמורת נחל דולב\u003cbr/\u003e\u003cb\u003eתאריך:\u003c/b\u003e 25-10-2025\u003cbr/\u003e\u003cb\u003eID:\u003c/b\u003e 2516\u003cbr/\u003e\u003cb\u003eFB:\u003c/b\u003e \u003ca href=\u0027https://www.facebook.com/groups/beshvil.yael/posts/3790311494595307\u0027\u003ehttps://www.facebook.com/groups/beshvil.yael/posts/3790311494595307\u003c/a\u003e\u003cbr/\u003e\u003cbr/\u003e\u003cimg src=\u0027https://drive.google.com/uc?export=view\u0026amp;id=1ovYXv2C6Ho6QAIhSBhTZP9N9lYYyd6s5\u0027 width=\u0027450\u0027/\u003e\u003cbr/\u003e\u003c/div\u003e",
                                            "tessellate":  -1,
                                            "extrude":  0,
                                            "visibility":  -1
                                        },
                         "geometry":  {
                                          "type":  "Point",
                                          "coordinates":  [
                                                              35.0199,
                                                              31.72668,
                                                              0.0
                                                          ]
                                      }
                     },
                     {
                         "type":  "Feature",
                         "properties":  {
                                            "Name":  "#4263",
                                            "description":  "\u003cdiv dir=\u0027rtl\u0027 style=\u0027font-family:Arial;\u0027\u003e\u003cb\u003eשם:\u003c/b\u003e גדי כהן\u003cbr/\u003e\u003cb\u003eאתר:\u003c/b\u003e מצפה / מכתש רמון\u003cbr/\u003e\u003cb\u003eתאריך:\u003c/b\u003e 31-01-2026\u003cbr/\u003e\u003cb\u003eID:\u003c/b\u003e 3541\u003cbr/\u003e\u003cb\u003eFB:\u003c/b\u003e \u003ca href=\u0027https://www.facebook.com/groups/beshvil.yael/posts/3877065312586591/\u0027\u003ehttps://www.facebook.com/groups/beshvil.yael/posts/3877065312586591/\u003c/a\u003e\u003cbr/\u003e\u003cbr/\u003e\u003cimg src=\u0027https://drive.google.com/uc?export=view\u0026amp;id=1n9xZfP1jO1A4Hu-AHgqVhHYqfDzsbKgS\u0027 width=\u0027450\u0027/\u003e\u003cbr/\u003e\u003c/div\u003e",
                                            "tessellate":  -1,
                                            "extrude":  0,
                                            "visibility":  -1
                                        },
                         "geometry":  {
                                          "type":  "Point",
                                          "coordinates":  [
                                                              34.83023,
                                                              30.6517,
                                                              0.0
                                                          ]
                                      }
                     },
                     {
                         "type":  "Feature",
                         "properties":  {
                                            "Name":  "#4263",
                                            "description":  "\u003cdiv dir=\u0027rtl\u0027 style=\u0027font-family:Arial;\u0027\u003e\u003cb\u003eשם:\u003c/b\u003e גדי כהן\u003cbr/\u003e\u003cb\u003eאתר:\u003c/b\u003e הר הטייסים\u003cbr/\u003e\u003cb\u003eתאריך:\u003c/b\u003e 25-04-2026\u003cbr/\u003e\u003cb\u003eID:\u003c/b\u003e 4252\u003cbr/\u003e\u003cb\u003eFB:\u003c/b\u003e \u003ca href=\u0027https://www.facebook.com/groups/beshvil.yael/posts/3953895978236857/\u0027\u003ehttps://www.facebook.com/groups/beshvil.yael/posts/3953895978236857/\u003c/a\u003e\u003cbr/\u003e\u003cbr/\u003e\u003cimg src=\u0027https://drive.google.com/uc?export=view\u0026amp;id=1bqYoDi8yCT4UVOmBzAu9boFALKCQPF03\u0027 width=\u0027450\u0027/\u003e\u003cbr/\u003e\u003c/div\u003e",
                                            "tessellate":  -1,
                                            "extrude":  0,
                                            "visibility":  -1
                                        },
                         "geometry":  {
                                          "type":  "Point",
                                          "coordinates":  [
                                                              35.09124,
                                                              31.77461,
                                                              0.0
                                                          ]
                                      }
                     },
                     {
                         "type":  "Feature",
                         "properties":  {
                                            "Name":  "#4264",
                                            "description":  "\u003cdiv dir=\u0027rtl\u0027 style=\u0027font-family:Arial;\u0027\u003e\u003cb\u003eשם:\u003c/b\u003e \u003cbr/\u003e\u003cb\u003eאתר:\u003c/b\u003e אבו רבח\u003cbr/\u003e\u003cb\u003eתאריך:\u003c/b\u003e 31-05-2025\u003cbr/\u003e\u003cb\u003eID:\u003c/b\u003e 850\u003cbr/\u003e\u003cb\u003eFB:\u003c/b\u003e \u003ca href=\u0027https://www.facebook.com/groups/3235176716775457/posts/3655794201380371/\u0027\u003ehttps://www.facebook.com/groups/3235176716775457/posts/3655794201380371/\u003c/a\u003e\u003cbr/\u003e\u003cbr/\u003e\u003cimg src=\u0027https://drive.google.com/uc?export=view\u0026amp;id=1Hb3gwBvoLKF60rvyR8sfVfvR0weJteN5\u0027 width=\u0027450\u0027/\u003e\u003cbr/\u003e\u003c/div\u003e",
                                            "tessellate":  -1,
                                            "extrude":  0,
                                            "visibility":  -1
                                        },
                         "geometry":  {
                                          "type":  "Point",
                                          "coordinates":  [
                                                              34.898642,
                                                              32.126338,
                                                              0.0
                                                          ]
                                      }
                     },
                     {
                         "type":  "Feature",
                         "properties":  {
                                            "Name":  "#4264",
                                            "description":  "\u003cdiv dir=\u0027rtl\u0027 style=\u0027font-family:Arial;\u0027\u003e\u003cb\u003eשם:\u003c/b\u003e \u003cbr/\u003e\u003cb\u003eאתר:\u003c/b\u003e מצפה / מכתש רמון\u003cbr/\u003e\u003cb\u003eתאריך:\u003c/b\u003e 31-01-2026\u003cbr/\u003e\u003cb\u003eID:\u003c/b\u003e 3541\u003cbr/\u003e\u003cb\u003eFB:\u003c/b\u003e \u003ca href=\u0027https://www.facebook.com/groups/beshvil.yael/posts/3877065312586591/\u0027\u003ehttps://www.facebook.com/groups/beshvil.yael/posts/3877065312586591/\u003c/a\u003e\u003cbr/\u003e\u003cbr/\u003e\u003cimg src=\u0027https://drive.google.com/uc?export=view\u0026amp;id=1n9xZfP1jO1A4Hu-AHgqVhHYqfDzsbKgS\u0027 width=\u0027450\u0027/\u003e\u003cbr/\u003e\u003c/div\u003e",
                                            "tessellate":  -1,
                                            "extrude":  0,
                                            "visibility":  -1
                                        },
                         "geometry":  {
                                          "type":  "Point",
                                          "coordinates":  [
                                                              34.83023,
                                                              30.65197,
                                                              0.0
                                                          ]
                                      }
                     },
                     {
                         "type":  "Feature",
                         "properties":  {
                                            "Name":  "#4265",
                                            "description":  "\u003cdiv dir=\u0027rtl\u0027 style=\u0027font-family:Arial;\u0027\u003e\u003cb\u003eשם:\u003c/b\u003e \u003cbr/\u003e\u003cb\u003eאתר:\u003c/b\u003e אבו רבח\u003cbr/\u003e\u003cb\u003eתאריך:\u003c/b\u003e 31-05-2025\u003cbr/\u003e\u003cb\u003eID:\u003c/b\u003e 850\u003cbr/\u003e\u003cb\u003eFB:\u003c/b\u003e \u003ca href=\u0027https://www.facebook.com/groups/3235176716775457/posts/3655794201380371/\u0027\u003ehttps://www.facebook.com/groups/3235176716775457/posts/3655794201380371/\u003c/a\u003e\u003cbr/\u003e\u003cbr/\u003e\u003cimg src=\u0027https://drive.google.com/uc?export=view\u0026amp;id=1Hb3gwBvoLKF60rvyR8sfVfvR0weJteN5\u0027 width=\u0027450\u0027/\u003e\u003cbr/\u003e\u003c/div\u003e",
                                            "tessellate":  -1,
                                            "extrude":  0,
                                            "visibility":  -1
                                        },
                         "geometry":  {
                                          "type":  "Point",
                                          "coordinates":  [
                                                              34.898642,
                                                              32.126608,
                                                              0.0
                                                          ]
                                      }
                     },
                     {
                         "type":  "Feature",
                         "properties":  {
                                            "Name":  "#4265",
                                            "description":  "\u003cdiv dir=\u0027rtl\u0027 style=\u0027font-family:Arial;\u0027\u003e\u003cb\u003eשם:\u003c/b\u003e \u003cbr/\u003e\u003cb\u003eאתר:\u003c/b\u003e מצפה / מכתש רמון\u003cbr/\u003e\u003cb\u003eתאריך:\u003c/b\u003e 31-01-2026\u003cbr/\u003e\u003cb\u003eID:\u003c/b\u003e 3541\u003cbr/\u003e\u003cb\u003eFB:\u003c/b\u003e \u003ca href=\u0027https://www.facebook.com/groups/beshvil.yael/posts/3877065312586591/\u0027\u003ehttps://www.facebook.com/groups/beshvil.yael/posts/3877065312586591/\u003c/a\u003e\u003cbr/\u003e\u003cbr/\u003e\u003cimg src=\u0027https://drive.google.com/uc?export=view\u0026amp;id=1n9xZfP1jO1A4Hu-AHgqVhHYqfDzsbKgS\u0027 width=\u0027450\u0027/\u003e\u003cbr/\u003e\u003c/div\u003e",
                                            "tessellate":  -1,
                                            "extrude":  0,
                                            "visibility":  -1
                                        },
                         "geometry":  {
                                          "type":  "Point",
                                          "coordinates":  [
                                                              34.83023,
                                                              30.65224,
                                                              0.0
                                                          ]
                                      }
                     },
                     {
                         "type":  "Feature",
                         "properties":  {
                                            "Name":  "#4266",
                                            "description":  "\u003cdiv dir=\u0027rtl\u0027 style=\u0027font-family:Arial;\u0027\u003e\u003cb\u003eשם:\u003c/b\u003e גילעד כוכב\u003cbr/\u003e\u003cb\u003eאתר:\u003c/b\u003e חרמון\u003cbr/\u003e\u003cb\u003eתאריך:\u003c/b\u003e 06-06-2025\u003cbr/\u003e\u003cb\u003eID:\u003c/b\u003e 927\u003cbr/\u003e\u003cb\u003eFB:\u003c/b\u003e \u003ca href=\u0027https://www.facebook.com/groups/3235176716775457/posts/3660610990898692/\u0027\u003ehttps://www.facebook.com/groups/3235176716775457/posts/3660610990898692/\u003c/a\u003e\u003cbr/\u003e\u003cbr/\u003e\u003cimg src=\u0027https://drive.google.com/uc?export=view\u0026amp;id=1gJ6OXi4Lr6n-NJXFOVsbdfs-u336oMjx\u0027 width=\u0027450\u0027/\u003e\u003cbr/\u003e\u003c/div\u003e",
                                            "tessellate":  -1,
                                            "extrude":  0,
                                            "visibility":  -1
                                        },
                         "geometry":  {
                                          "type":  "Point",
                                          "coordinates":  [
                                                              35.772491,
                                                              33.3093795,
                                                              0.0
                                                          ]
                                      }
                     },
                     {
                         "type":  "Feature",
                         "properties":  {
                                            "Name":  "#4266",
                                            "description":  "\u003cdiv dir=\u0027rtl\u0027 style=\u0027font-family:Arial;\u0027\u003e\u003cb\u003eשם:\u003c/b\u003e גילעד כוכב\u003cbr/\u003e\u003cb\u003eאתר:\u003c/b\u003e עיו שוקק\u003cbr/\u003e\u003cb\u003eתאריך:\u003c/b\u003e 09-08-2025\u003cbr/\u003e\u003cb\u003eID:\u003c/b\u003e 1460\u003cbr/\u003e\u003cb\u003eFB:\u003c/b\u003e \u003ca href=\u0027https://www.facebook.com/groups/beshvil.yael/posts/3716809951945462/\u0027\u003ehttps://www.facebook.com/groups/beshvil.yael/posts/3716809951945462/\u003c/a\u003e\u003cbr/\u003e\u003cbr/\u003e\u003cimg src=\u0027https://drive.google.com/uc?export=view\u0026amp;id=1wpk2Yp4fclV5hETPjN9gdVSmqjc2wVLM\u0027 width=\u0027450\u0027/\u003e\u003cbr/\u003e\u003c/div\u003e",
                                            "tessellate":  -1,
                                            "extrude":  0,
                                            "visibility":  -1
                                        },
                         "geometry":  {
                                          "type":  "Point",
                                          "coordinates":  [
                                                              35.4464591,
                                                              32.496677,
                                                              0.0
                                                          ]
                                      }
                     },
                     {
                         "type":  "Feature",
                         "properties":  {
                                            "Name":  "#4266",
                                            "description":  "\u003cdiv dir=\u0027rtl\u0027 style=\u0027font-family:Arial;\u0027\u003e\u003cb\u003eשם:\u003c/b\u003e גילעד כוכב\u003cbr/\u003e\u003cb\u003eאתר:\u003c/b\u003e עין בוקק\u003cbr/\u003e\u003cb\u003eתאריך:\u003c/b\u003e 20-09-2025\u003cbr/\u003e\u003cb\u003eID:\u003c/b\u003e 1962\u003cbr/\u003e\u003cb\u003eFB:\u003c/b\u003e \u003ca href=\u0027https://www.facebook.com/groups/beshvil.yael/posts/3755474348079022/\u0027\u003ehttps://www.facebook.com/groups/beshvil.yael/posts/3755474348079022/\u003c/a\u003e\u003cbr/\u003e\u003cbr/\u003e\u003cimg src=\u0027https://drive.google.com/uc?export=view\u0026amp;id=1Z6EfQhp8kELBLCNjXtr7w0ownOC1K_jO\u0027 width=\u0027450\u0027/\u003e\u003cbr/\u003e\u003c/div\u003e",
                                            "tessellate":  -1,
                                            "extrude":  0,
                                            "visibility":  -1
                                        },
                         "geometry":  {
                                          "type":  "Point",
                                          "coordinates":  [
                                                              35.36282,
                                                              31.19607,
                                                              0.0
                                                          ]
                                      }
                     },
                     {
                         "type":  "Feature",
                         "properties":  {
                                            "Name":  "#4267",
                                            "description":  "\u003cdiv dir=\u0027rtl\u0027 style=\u0027font-family:Arial;\u0027\u003e\u003cb\u003eשם:\u003c/b\u003e סיוון צור\u003cbr/\u003e\u003cb\u003eאתר:\u003c/b\u003e עיו שוקק\u003cbr/\u003e\u003cb\u003eתאריך:\u003c/b\u003e 09-08-2025\u003cbr/\u003e\u003cb\u003eID:\u003c/b\u003e 1460\u003cbr/\u003e\u003cb\u003eFB:\u003c/b\u003e \u003ca href=\u0027https://www.facebook.com/groups/beshvil.yael/posts/3716809951945462/\u0027\u003ehttps://www.facebook.com/groups/beshvil.yael/posts/3716809951945462/\u003c/a\u003e\u003cbr/\u003e\u003cbr/\u003e\u003cimg src=\u0027https://drive.google.com/uc?export=view\u0026amp;id=1wpk2Yp4fclV5hETPjN9gdVSmqjc2wVLM\u0027 width=\u0027450\u0027/\u003e\u003cbr/\u003e\u003c/div\u003e",
                                            "tessellate":  -1,
                                            "extrude":  0,
                                            "visibility":  -1
                                        },
                         "geometry":  {
                                          "type":  "Point",
                                          "coordinates":  [
                                                              35.4464591,
                                                              32.496407,
                                                              0.0
                                                          ]
                                      }
                     },
                     {
                         "type":  "Feature",
                         "properties":  {
                                            "Name":  "#4267",
                                            "description":  "\u003cdiv dir=\u0027rtl\u0027 style=\u0027font-family:Arial;\u0027\u003e\u003cb\u003eשם:\u003c/b\u003e סיוון צור\u003cbr/\u003e\u003cb\u003eאתר:\u003c/b\u003e עין בוקק\u003cbr/\u003e\u003cb\u003eתאריך:\u003c/b\u003e 20-09-2025\u003cbr/\u003e\u003cb\u003eID:\u003c/b\u003e 1962\u003cbr/\u003e\u003cb\u003eFB:\u003c/b\u003e \u003ca href=\u0027https://www.facebook.com/groups/beshvil.yael/posts/3755474348079022/\u0027\u003ehttps://www.facebook.com/groups/beshvil.yael/posts/3755474348079022/\u003c/a\u003e\u003cbr/\u003e\u003cbr/\u003e\u003cimg src=\u0027https://drive.google.com/uc?export=view\u0026amp;id=1Z6EfQhp8kELBLCNjXtr7w0ownOC1K_jO\u0027 width=\u0027450\u0027/\u003e\u003cbr/\u003e\u003c/div\u003e",
                                            "tessellate":  -1,
                                            "extrude":  0,
                                            "visibility":  -1
                                        },
                         "geometry":  {
                                          "type":  "Point",
                                          "coordinates":  [
                                                              35.36282,
                                                              31.1958,
                                                              0.0
                                                          ]
                                      }
                     },
                     {
                         "type":  "Feature",
                         "properties":  {
                                            "Name":  "#4267",
                                            "description":  "\u003cdiv dir=\u0027rtl\u0027 style=\u0027font-family:Arial;\u0027\u003e\u003cb\u003eשם:\u003c/b\u003e סיון צור\u003cbr/\u003e\u003cb\u003eאתר:\u003c/b\u003e אגמון חפר\u003cbr/\u003e\u003cb\u003eתאריך:\u003c/b\u003e 01-11-2025\u003cbr/\u003e\u003cb\u003eID:\u003c/b\u003e 2582\u003cbr/\u003e\u003cb\u003eFB:\u003c/b\u003e \u003ca href=\u0027https://www.facebook.com/groups/beshvil.yael/posts/3797168763909580\u0027\u003ehttps://www.facebook.com/groups/beshvil.yael/posts/3797168763909580\u003c/a\u003e\u003cbr/\u003e\u003cbr/\u003e\u003cimg src=\u0027https://drive.google.com/uc?export=view\u0026amp;id=1ZXl1lySDVfHYl0iE5KpQPqYC18YXLyw7\u0027 width=\u0027450\u0027/\u003e\u003cbr/\u003e\u003c/div\u003e",
                                            "tessellate":  -1,
                                            "extrude":  0,
                                            "visibility":  -1
                                        },
                         "geometry":  {
                                          "type":  "Point",
                                          "coordinates":  [
                                                              34.93695,
                                                              32.37049,
                                                              0.0
                                                          ]
                                      }
                     },
                     {
                         "type":  "Feature",
                         "properties":  {
                                            "Name":  "#4267",
                                            "description":  "\u003cdiv dir=\u0027rtl\u0027 style=\u0027font-family:Arial;\u0027\u003e\u003cb\u003eשם:\u003c/b\u003e סיון צור\u003cbr/\u003e\u003cb\u003eאתר:\u003c/b\u003e קריית אונו\u003cbr/\u003e\u003cb\u003eתאריך:\u003c/b\u003e 26-11-2025\u003cbr/\u003e\u003cb\u003eID:\u003c/b\u003e 2868\u003cbr/\u003e\u003cb\u003eFB:\u003c/b\u003e \u003ca href=\u0027https://www.facebook.com/groups/beshvil.yael/posts/3820268984932891\u0027\u003ehttps://www.facebook.com/groups/beshvil.yael/posts/3820268984932891\u003c/a\u003e\u003cbr/\u003e\u003cbr/\u003e\u003cimg src=\u0027https://drive.google.com/uc?export=view\u0026amp;id=1OiiUAexUVBrhm_pZDpuSXG4g0iKDcmOo\u0027 width=\u0027450\u0027/\u003e\u003cbr/\u003e\u003c/div\u003e",
                                            "tessellate":  -1,
                                            "extrude":  0,
                                            "visibility":  -1
                                        },
                         "geometry":  {
                                          "type":  "Point",
                                          "coordinates":  [
                                                              34.85756,
                                                              32.04996,
                                                              0.0
                                                          ]
                                      }
                     },
                     {
                         "type":  "Feature",
                         "properties":  {
                                            "Name":  "#4268",
                                            "description":  "\u003cdiv dir=\u0027rtl\u0027 style=\u0027font-family:Arial;\u0027\u003e\u003cb\u003eשם:\u003c/b\u003e \u003cbr/\u003e\u003cb\u003eאתר:\u003c/b\u003e אגמון חפר\u003cbr/\u003e\u003cb\u003eתאריך:\u003c/b\u003e 01-11-2025\u003cbr/\u003e\u003cb\u003eID:\u003c/b\u003e 2582\u003cbr/\u003e\u003cb\u003eFB:\u003c/b\u003e \u003ca href=\u0027https://www.facebook.com/groups/beshvil.yael/posts/3797168763909580\u0027\u003ehttps://www.facebook.com/groups/beshvil.yael/posts/3797168763909580\u003c/a\u003e\u003cbr/\u003e\u003cbr/\u003e\u003cimg src=\u0027https://drive.google.com/uc?export=view\u0026amp;id=1ZXl1lySDVfHYl0iE5KpQPqYC18YXLyw7\u0027 width=\u0027450\u0027/\u003e\u003cbr/\u003e\u003c/div\u003e",
                                            "tessellate":  -1,
                                            "extrude":  0,
                                            "visibility":  -1
                                        },
                         "geometry":  {
                                          "type":  "Point",
                                          "coordinates":  [
                                                              34.93695,
                                                              32.37076,
                                                              0.0
                                                          ]
                                      }
                     },
                     {
                         "type":  "Feature",
                         "properties":  {
                                            "Name":  "#4270",
                                            "description":  "\u003cdiv dir=\u0027rtl\u0027 style=\u0027font-family:Arial;\u0027\u003e\u003cb\u003eשם:\u003c/b\u003e ליאת כץ\u003cbr/\u003e\u003cb\u003eאתר:\u003c/b\u003e נחל עמוד\u003cbr/\u003e\u003cb\u003eתאריך:\u003c/b\u003e 17-07-2025\u003cbr/\u003e\u003cb\u003eID:\u003c/b\u003e 1214\u003cbr/\u003e\u003cb\u003eFB:\u003c/b\u003e \u003ca href=\u0027https://www.facebook.com/groups/beshvil.yael/posts/3696191930673931/\u0027\u003ehttps://www.facebook.com/groups/beshvil.yael/posts/3696191930673931/\u003c/a\u003e\u003cbr/\u003e\u003cbr/\u003e\u003cimg src=\u0027https://drive.google.com/uc?export=view\u0026amp;id=1LFYmdEdM5qbOJD8XaN0sv2WFwwbpBZCC\u0027 width=\u0027450\u0027/\u003e\u003cbr/\u003e\u003c/div\u003e",
                                            "tessellate":  -1,
                                            "extrude":  0,
                                            "visibility":  -1
                                        },
                         "geometry":  {
                                          "type":  "Point",
                                          "coordinates":  [
                                                              35.5027288,
                                                              32.867087,
                                                              0.0
                                                          ]
                                      }
                     },
                     {
                         "type":  "Feature",
                         "properties":  {
                                            "Name":  "#4270",
                                            "description":  "\u003cdiv dir=\u0027rtl\u0027 style=\u0027font-family:Arial;\u0027\u003e\u003cb\u003eשם:\u003c/b\u003e ליאת כץ\u003cbr/\u003e\u003cb\u003eאתר:\u003c/b\u003e עין ערן\u003cbr/\u003e\u003cb\u003eתאריך:\u003c/b\u003e 04-08-2025\u003cbr/\u003e\u003cb\u003eID:\u003c/b\u003e 1394\u003cbr/\u003e\u003cb\u003eFB:\u003c/b\u003e \u003ca href=\u0027https://www.facebook.com/groups/beshvil.yael/posts/3712486402377817/\u0027\u003ehttps://www.facebook.com/groups/beshvil.yael/posts/3712486402377817/\u003c/a\u003e\u003cbr/\u003e\u003cbr/\u003e\u003cimg src=\u0027https://drive.google.com/uc?export=view\u0026amp;id=1JaNdcYqw9ttKzluI-chqpiAS8X4G9INs\u0027 width=\u0027450\u0027/\u003e\u003cbr/\u003e\u003c/div\u003e",
                                            "tessellate":  -1,
                                            "extrude":  0,
                                            "visibility":  -1
                                        },
                         "geometry":  {
                                          "type":  "Point",
                                          "coordinates":  [
                                                              35.1266416,
                                                              31.7575346,
                                                              0.0
                                                          ]
                                      }
                     },
                     {
                         "type":  "Feature",
                         "properties":  {
                                            "Name":  "#4270",
                                            "description":  "\u003cdiv dir=\u0027rtl\u0027 style=\u0027font-family:Arial;\u0027\u003e\u003cb\u003eשם:\u003c/b\u003e ליאת כץ\u003cbr/\u003e\u003cb\u003eאתר:\u003c/b\u003e נחל סדום\u003cbr/\u003e\u003cb\u003eתאריך:\u003c/b\u003e 06-09-2025\u003cbr/\u003e\u003cb\u003eID:\u003c/b\u003e 1780\u003cbr/\u003e\u003cb\u003eFB:\u003c/b\u003e \u003ca href=\u0027https://www.facebook.com/groups/beshvil.yael/posts/3742453406047783/\u0027\u003ehttps://www.facebook.com/groups/beshvil.yael/posts/3742453406047783/\u003c/a\u003e\u003cbr/\u003e\u003cbr/\u003e\u003cimg src=\u0027https://drive.google.com/uc?export=view\u0026amp;id=1SU49PbD9jumOmjbF9x8X2caTv-8wdq19\u0027 width=\u0027450\u0027/\u003e\u003cbr/\u003e\u003c/div\u003e",
                                            "tessellate":  -1,
                                            "extrude":  0,
                                            "visibility":  -1
                                        },
                         "geometry":  {
                                          "type":  "Point",
                                          "coordinates":  [
                                                              35.3724129,
                                                              31.1078125,
                                                              0.0
                                                          ]
                                      }
                     },
                     {
                         "type":  "Feature",
                         "properties":  {
                                            "Name":  "#4270",
                                            "description":  "\u003cdiv dir=\u0027rtl\u0027 style=\u0027font-family:Arial;\u0027\u003e\u003cb\u003eשם:\u003c/b\u003e ליאת כץ\u003cbr/\u003e\u003cb\u003eאתר:\u003c/b\u003e נחל פרת\u003cbr/\u003e\u003cb\u003eתאריך:\u003c/b\u003e 23-09-2025\u003cbr/\u003e\u003cb\u003eID:\u003c/b\u003e 2012\u003cbr/\u003e\u003cb\u003eFB:\u003c/b\u003e \u003ca href=\u0027https://www.facebook.com/groups/beshvil.yael/posts/3758692101090580/\u0027\u003ehttps://www.facebook.com/groups/beshvil.yael/posts/3758692101090580/\u003c/a\u003e\u003cbr/\u003e\u003cbr/\u003e\u003cimg src=\u0027https://drive.google.com/uc?export=view\u0026amp;id=1Jrnjj2TLMauyKsX18nTg7P3SgI9QO6YB\u0027 width=\u0027450\u0027/\u003e\u003cbr/\u003e\u003c/div\u003e",
                                            "tessellate":  -1,
                                            "extrude":  0,
                                            "visibility":  -1
                                        },
                         "geometry":  {
                                          "type":  "Point",
                                          "coordinates":  [
                                                              35.3919,
                                                              31.83236,
                                                              0.0
                                                          ]
                                      }
                     },
                     {
                         "type":  "Feature",
                         "properties":  {
                                            "Name":  "#4270",
                                            "description":  "\u003cdiv dir=\u0027rtl\u0027 style=\u0027font-family:Arial;\u0027\u003e\u003cb\u003eשם:\u003c/b\u003e ליאת כץ\u003cbr/\u003e\u003cb\u003eאתר:\u003c/b\u003e שן רמון\u003cbr/\u003e\u003cb\u003eתאריך:\u003c/b\u003e 25-10-2025\u003cbr/\u003e\u003cb\u003eID:\u003c/b\u003e 2527\u003cbr/\u003e\u003cb\u003eFB:\u003c/b\u003e \u003ca href=\u0027https://www.facebook.com/groups/beshvil.yael/posts/3790679484558508/\u0027\u003ehttps://www.facebook.com/groups/beshvil.yael/posts/3790679484558508/\u003c/a\u003e\u003cbr/\u003e\u003cbr/\u003e\u003cimg src=\u0027https://drive.google.com/uc?export=view\u0026amp;id=1-Q4mHMnEFE1kM01nHIsxzbEenEhM3-wd\u0027 width=\u0027450\u0027/\u003e\u003cbr/\u003e\u003c/div\u003e",
                                            "tessellate":  -1,
                                            "extrude":  0,
                                            "visibility":  -1
                                        },
                         "geometry":  {
                                          "type":  "Point",
                                          "coordinates":  [
                                                              34.84587,
                                                              30.56982,
                                                              0.0
                                                          ]
                                      }
                     },
                     {
                         "type":  "Feature",
                         "properties":  {
                                            "Name":  "#4270",
                                            "description":  "\u003cdiv dir=\u0027rtl\u0027 style=\u0027font-family:Arial;\u0027\u003e\u003cb\u003eשם:\u003c/b\u003e ליאת כץ\u003cbr/\u003e\u003cb\u003eאתר:\u003c/b\u003e נחל אשלים\u003cbr/\u003e\u003cb\u003eתאריך:\u003c/b\u003e 23-11-2025\u003cbr/\u003e\u003cb\u003eID:\u003c/b\u003e 2854\u003cbr/\u003e\u003cb\u003eFB:\u003c/b\u003e \u003ca href=\u0027https://www.facebook.com/groups/beshvil.yael/posts/3817825015177288\u0027\u003ehttps://www.facebook.com/groups/beshvil.yael/posts/3817825015177288\u003c/a\u003e\u003cbr/\u003e\u003cbr/\u003e\u003cimg src=\u0027https://drive.google.com/uc?export=view\u0026amp;id=1OU1SDfm0hsI5YGYOdBuetU9DBaCfK53G\u0027 width=\u0027450\u0027/\u003e\u003cbr/\u003e\u003c/div\u003e",
                                            "tessellate":  -1,
                                            "extrude":  0,
                                            "visibility":  -1
                                        },
                         "geometry":  {
                                          "type":  "Point",
                                          "coordinates":  [
                                                              35.27459,
                                                              31.06656,
                                                              0.0
                                                          ]
                                      }
                     },
                     {
                         "type":  "Feature",
                         "properties":  {
                                            "Name":  "#4270",
                                            "description":  "\u003cdiv dir=\u0027rtl\u0027 style=\u0027font-family:Arial;\u0027\u003e\u003cb\u003eשם:\u003c/b\u003e ליאת כץ\u003cbr/\u003e\u003cb\u003eאתר:\u003c/b\u003e נחל חימר\u003cbr/\u003e\u003cb\u003eתאריך:\u003c/b\u003e 06-12-2025\u003cbr/\u003e\u003cb\u003eID:\u003c/b\u003e 2991\u003cbr/\u003e\u003cb\u003eFB:\u003c/b\u003e \u003ca href=\u0027https://www.facebook.com/groups/beshvil.yael/posts/3828766947416428\u0027\u003ehttps://www.facebook.com/groups/beshvil.yael/posts/3828766947416428\u003c/a\u003e\u003cbr/\u003e\u003cbr/\u003e\u003cimg src=\u0027https://drive.google.com/uc?export=view\u0026amp;id=1AuNXFVWCFUpD4jhMPE1CBVcuaT1zvewu\u0027 width=\u0027450\u0027/\u003e\u003cbr/\u003e\u003c/div\u003e",
                                            "tessellate":  -1,
                                            "extrude":  0,
                                            "visibility":  -1
                                        },
                         "geometry":  {
                                          "type":  "Point",
                                          "coordinates":  [
                                                              35.24149,
                                                              31.14714,
                                                              0.0
                                                          ]
                                      }
                     },
                     {
                         "type":  "Feature",
                         "properties":  {
                                            "Name":  "#4270",
                                            "description":  "\u003cdiv dir=\u0027rtl\u0027 style=\u0027font-family:Arial;\u0027\u003e\u003cb\u003eשם:\u003c/b\u003e ליאת כץ\u003cbr/\u003e\u003cb\u003eאתר:\u003c/b\u003e נחל ברק\u003cbr/\u003e\u003cb\u003eתאריך:\u003c/b\u003e 15-12-2025\u003cbr/\u003e\u003cb\u003eID:\u003c/b\u003e 3067\u003cbr/\u003e\u003cb\u003eFB:\u003c/b\u003e \u003ca href=\u0027https://www.facebook.com/groups/beshvil.yael/posts/3836302566662866\u0027\u003ehttps://www.facebook.com/groups/beshvil.yael/posts/3836302566662866\u003c/a\u003e\u003cbr/\u003e\u003cbr/\u003e\u003cimg src=\u0027https://drive.google.com/uc?export=view\u0026amp;id=19wgxqMlIBQF300tXXw_GN9L7tSnres_1\u0027 width=\u0027450\u0027/\u003e\u003cbr/\u003e\u003c/div\u003e",
                                            "tessellate":  -1,
                                            "extrude":  0,
                                            "visibility":  -1
                                        },
                         "geometry":  {
                                          "type":  "Point",
                                          "coordinates":  [
                                                              35.13685,
                                                              30.41392,
                                                              0.0
                                                          ]
                                      }
                     },
                     {
                         "type":  "Feature",
                         "properties":  {
                                            "Name":  "#4270",
                                            "description":  "\u003cdiv dir=\u0027rtl\u0027 style=\u0027font-family:Arial;\u0027\u003e\u003cb\u003eשם:\u003c/b\u003e ליאת כץ\u003cbr/\u003e\u003cb\u003eאתר:\u003c/b\u003e \u003cbr/\u003e\u003cb\u003eתאריך:\u003c/b\u003e 03-01-2026\u003cbr/\u003e\u003cb\u003eID:\u003c/b\u003e 3248\u003cbr/\u003e\u003cb\u003eFB:\u003c/b\u003e \u003ca href=\u0027https://www.facebook.com/groups/beshvil.yael/posts/3851993941760395\u0027\u003ehttps://www.facebook.com/groups/beshvil.yael/posts/3851993941760395\u003c/a\u003e\u003cbr/\u003e\u003cbr/\u003e\u003cimg src=\u0027https://drive.google.com/uc?export=view\u0026amp;id=1xmgpq3El1FxUEzQfh7u_X_xQbQPw5uMs\u0027 width=\u0027450\u0027/\u003e\u003cbr/\u003e\u003c/div\u003e",
                                            "tessellate":  -1,
                                            "extrude":  0,
                                            "visibility":  -1
                                        },
                         "geometry":  {
                                          "type":  "Point",
                                          "coordinates":  [
                                                              34.92179,
                                                              29.57777,
                                                              0.0
                                                          ]
                                      }
                     },
                     {
                         "type":  "Feature",
                         "properties":  {
                                            "Name":  "#4270",
                                            "description":  "\u003cdiv dir=\u0027rtl\u0027 style=\u0027font-family:Arial;\u0027\u003e\u003cb\u003eשם:\u003c/b\u003e ליאת כץ\u003cbr/\u003e\u003cb\u003eאתר:\u003c/b\u003e נחל חווה\u003cbr/\u003e\u003cb\u003eתאריך:\u003c/b\u003e 17-01-2026\u003cbr/\u003e\u003cb\u003eID:\u003c/b\u003e 3394\u003cbr/\u003e\u003cb\u003eFB:\u003c/b\u003e \u003ca href=\u0027https://www.facebook.com/groups/beshvil.yael/posts/3864265593866563/\u0027\u003ehttps://www.facebook.com/groups/beshvil.yael/posts/3864265593866563/\u003c/a\u003e\u003cbr/\u003e\u003cbr/\u003e\u003cimg src=\u0027https://drive.google.com/uc?export=view\u0026amp;id=1ZAJIjbRQ_oF4ptImHwwXKYnMKnihLIdE\u0027 width=\u0027450\u0027/\u003e\u003cbr/\u003e\u003c/div\u003e",
                                            "tessellate":  -1,
                                            "extrude":  0,
                                            "visibility":  -1
                                        },
                         "geometry":  {
                                          "type":  "Point",
                                          "coordinates":  [
                                                              34.88811,
                                                              30.70816,
                                                              0.0
                                                          ]
                                      }
                     },
                     {
                         "type":  "Feature",
                         "properties":  {
                                            "Name":  "#4270",
                                            "description":  "\u003cdiv dir=\u0027rtl\u0027 style=\u0027font-family:Arial;\u0027\u003e\u003cb\u003eשם:\u003c/b\u003e ליאת כץ\u003cbr/\u003e\u003cb\u003eאתר:\u003c/b\u003e שדה פסלים\u003cbr/\u003e\u003cb\u003eתאריך:\u003c/b\u003e 19-02-2026\u003cbr/\u003e\u003cb\u003eID:\u003c/b\u003e 3776\u003cbr/\u003e\u003cb\u003eFB:\u003c/b\u003e \u003ca href=\u0027https://www.facebook.com/groups/beshvil.yael/posts/3895325810760541/\u0027\u003ehttps://www.facebook.com/groups/beshvil.yael/posts/3895325810760541/\u003c/a\u003e\u003cbr/\u003e\u003cbr/\u003e\u003cimg src=\u0027https://drive.google.com/uc?export=view\u0026amp;id=10FjGYcmoevufEj64CtAtvXU-hqNOLsT3\u0027 width=\u0027450\u0027/\u003e\u003cbr/\u003e\u003c/div\u003e",
                                            "tessellate":  -1,
                                            "extrude":  0,
                                            "visibility":  -1
                                        },
                         "geometry":  {
                                          "type":  "Point",
                                          "coordinates":  [
                                                              34.78797,
                                                              30.84703,
                                                              0.0
                                                          ]
                                      }
                     },
                     {
                         "type":  "Feature",
                         "properties":  {
                                            "Name":  "#4270",
                                            "description":  "\u003cdiv dir=\u0027rtl\u0027 style=\u0027font-family:Arial;\u0027\u003e\u003cb\u003eשם:\u003c/b\u003e ליאת כץ\u003cbr/\u003e\u003cb\u003eאתר:\u003c/b\u003e ואדי אל ג׳רום,\u003cbr/\u003e\u003cb\u003eתאריך:\u003c/b\u003e 06-03-2026\u003cbr/\u003e\u003cb\u003eID:\u003c/b\u003e 3922\u003cbr/\u003e\u003cb\u003eFB:\u003c/b\u003e \u003ca href=\u0027https://www.facebook.com/groups/beshvil.yael/posts/3908290996130689/\u0027\u003ehttps://www.facebook.com/groups/beshvil.yael/posts/3908290996130689/\u003c/a\u003e\u003cbr/\u003e\u003cbr/\u003e\u003cimg src=\u0027https://drive.google.com/uc?export=view\u0026amp;id=1s6Po_FKJx1Kdhel4QxVh978nyK2qVC8h\u0027 width=\u0027450\u0027/\u003e\u003cbr/\u003e\u003c/div\u003e",
                                            "tessellate":  -1,
                                            "extrude":  0,
                                            "visibility":  -1
                                        },
                         "geometry":  {
                                          "type":  "Point",
                                          "coordinates":  [
                                                              35.5447,
                                                              32.66289,
                                                              0.0
                                                          ]
                                      }
                     },
                     {
                         "type":  "Feature",
                         "properties":  {
                                            "Name":  "#4270",
                                            "description":  "\u003cdiv dir=\u0027rtl\u0027 style=\u0027font-family:Arial;\u0027\u003e\u003cb\u003eשם:\u003c/b\u003e ליאת כץ\u003cbr/\u003e\u003cb\u003eאתר:\u003c/b\u003e עין נמר\u003cbr/\u003e\u003cb\u003eתאריך:\u003c/b\u003e 05-04-2026\u003cbr/\u003e\u003cb\u003eID:\u003c/b\u003e 4056\u003cbr/\u003e\u003cb\u003eFB:\u003c/b\u003e \u003ca href=\u0027https://www.secure.facebook.com/groups/beshvil.yael/posts/3936371156656006\u0027\u003ehttps://www.secure.facebook.com/groups/beshvil.yael/posts/3936371156656006\u003c/a\u003e\u003cbr/\u003e\u003cbr/\u003e\u003cimg src=\u0027https://drive.google.com/uc?export=view\u0026amp;id=1rFXRJqj4CAmJsknqyZ63jEJWRP-LmotS\u0027 width=\u0027450\u0027/\u003e\u003cbr/\u003e\u003c/div\u003e",
                                            "tessellate":  -1,
                                            "extrude":  0,
                                            "visibility":  -1
                                        },
                         "geometry":  {
                                          "type":  "Point",
                                          "coordinates":  [
                                                              35.31512,
                                                              31.35612,
                                                              0.0
                                                          ]
                                      }
                     },
                     {
                         "type":  "Feature",
                         "properties":  {
                                            "Name":  "#4270",
                                            "description":  "\u003cdiv dir=\u0027rtl\u0027 style=\u0027font-family:Arial;\u0027\u003e\u003cb\u003eשם:\u003c/b\u003e ליאת כץ\u003cbr/\u003e\u003cb\u003eאתר:\u003c/b\u003e ברכת צפירה\u003cbr/\u003e\u003cb\u003eתאריך:\u003c/b\u003e 12-04-2026\u003cbr/\u003e\u003cb\u003eID:\u003c/b\u003e 4123\u003cbr/\u003e\u003cb\u003eFB:\u003c/b\u003e \u003ca href=\u0027https://www.facebook.com/groups/beshvil.yael/posts/3942464856046636\u0027\u003ehttps://www.facebook.com/groups/beshvil.yael/posts/3942464856046636\u003c/a\u003e\u003cbr/\u003e\u003cbr/\u003e\u003cimg src=\u0027https://drive.google.com/uc?export=view\u0026amp;id=1aFGHwvGncbzlv5zXTf3uvZWlR4y144na\u0027 width=\u0027450\u0027/\u003e\u003cbr/\u003e\u003c/div\u003e",
                                            "tessellate":  -1,
                                            "extrude":  0,
                                            "visibility":  -1
                                        },
                         "geometry":  {
                                          "type":  "Point",
                                          "coordinates":  [
                                                              35.27704,
                                                              31.33769,
                                                              0.0
                                                          ]
                                      }
                     },
                     {
                         "type":  "Feature",
                         "properties":  {
                                            "Name":  "#4270",
                                            "description":  "\u003cdiv dir=\u0027rtl\u0027 style=\u0027font-family:Arial;\u0027\u003e\u003cb\u003eשם:\u003c/b\u003e ליאת כץ\u003cbr/\u003e\u003cb\u003eאתר:\u003c/b\u003e נחל מישר\u003cbr/\u003e\u003cb\u003eתאריך:\u003c/b\u003e 24-04-2026\u003cbr/\u003e\u003cb\u003eID:\u003c/b\u003e 4232\u003cbr/\u003e\u003cb\u003eFB:\u003c/b\u003e \u003ca href=\u0027https://www.facebook.com/groups/beshvil.yael/posts/3952964524996669\u0027\u003ehttps://www.facebook.com/groups/beshvil.yael/posts/3952964524996669\u003c/a\u003e\u003cbr/\u003e\u003cbr/\u003e\u003cimg src=\u0027https://drive.google.com/uc?export=view\u0026amp;id=1TVPcITAvm8NbKlxaPw-l6yNH9zvBftMy\u0027 width=\u0027450\u0027/\u003e\u003cbr/\u003e\u003c/div\u003e",
                                            "tessellate":  -1,
                                            "extrude":  0,
                                            "visibility":  -1
                                        },
                         "geometry":  {
                                          "type":  "Point",
                                          "coordinates":  [
                                                              34.97288,
                                                              30.50315,
                                                              0.0
                                                          ]
                                      }
                     },
                     {
                         "type":  "Feature",
                         "properties":  {
                                            "Name":  "#4270",
                                            "description":  "\u003cdiv dir=\u0027rtl\u0027 style=\u0027font-family:Arial;\u0027\u003e\u003cb\u003eשם:\u003c/b\u003e ליאת כץ\u003cbr/\u003e\u003cb\u003eאתר:\u003c/b\u003e נחל דרג׳ה\u003cbr/\u003e\u003cb\u003eתאריך:\u003c/b\u003e 30-04-2026\u003cbr/\u003e\u003cb\u003eID:\u003c/b\u003e 4290\u003cbr/\u003e\u003cb\u003eFB:\u003c/b\u003e \u003ca href=\u0027https://www.facebook.com/groups/beshvil.yael/posts/3958848417741613/\u0027\u003ehttps://www.facebook.com/groups/beshvil.yael/posts/3958848417741613/\u003c/a\u003e\u003cbr/\u003e\u003cbr/\u003e\u003cimg src=\u0027https://drive.google.com/uc?export=view\u0026amp;id=1T83PluEgNgm_AU67ty5gZ8dhKzV6kSq2\u0027 width=\u0027450\u0027/\u003e\u003cbr/\u003e\u003c/div\u003e",
                                            "tessellate":  -1,
                                            "extrude":  0,
                                            "visibility":  -1
                                        },
                         "geometry":  {
                                          "type":  "Point",
                                          "coordinates":  [
                                                              35.33003,
                                                              31.63912,
                                                              0.0
                                                          ]
                                      }
                     },
                     {
                         "type":  "Feature",
                         "properties":  {
                                            "Name":  "#4270",
                                            "description":  "\u003cdiv dir=\u0027rtl\u0027 style=\u0027font-family:Arial;\u0027\u003e\u003cb\u003eשם:\u003c/b\u003e ליאת כץ\u003cbr/\u003e\u003cb\u003eאתר:\u003c/b\u003e גב מנחם\u003cbr/\u003e\u003cb\u003eתאריך:\u003c/b\u003e 04-05-2026\u003cbr/\u003e\u003cb\u003eID:\u003c/b\u003e 4340\u003cbr/\u003e\u003cb\u003eFB:\u003c/b\u003e \u003ca href=\u0027https://www.facebook.com/groups/beshvil.yael/posts/3961883947438060/\u0027\u003ehttps://www.facebook.com/groups/beshvil.yael/posts/3961883947438060/\u003c/a\u003e\u003cbr/\u003e\u003cbr/\u003e\u003cimg src=\u0027https://drive.google.com/uc?export=view\u0026amp;id=1ZaBBLply6kxObvT5JBXNjXwMX3KNou5l\u0027 width=\u0027450\u0027/\u003e\u003cbr/\u003e\u003c/div\u003e",
                                            "tessellate":  -1,
                                            "extrude":  0,
                                            "visibility":  -1
                                        },
                         "geometry":  {
                                          "type":  "Point",
                                          "coordinates":  [
                                                              34.80373,
                                                              30.81187,
                                                              0.0
                                                          ]
                                      }
                     },
                     {
                         "type":  "Feature",
                         "properties":  {
                                            "Name":  "#4270",
                                            "description":  "\u003cdiv dir=\u0027rtl\u0027 style=\u0027font-family:Arial;\u0027\u003e\u003cb\u003eשם:\u003c/b\u003e ליאת כץ\u003cbr/\u003e\u003cb\u003eאתר:\u003c/b\u003e מדרשת שדה בוקר\u003cbr/\u003e\u003cb\u003eתאריך:\u003c/b\u003e 16-05-2026\u003cbr/\u003e\u003cb\u003eID:\u003c/b\u003e 4470\u003cbr/\u003e\u003cb\u003eFB:\u003c/b\u003e \u003ca href=\u0027https://www.facebook.com/groups/beshvil.yael/posts/3973665076259947\u0027\u003ehttps://www.facebook.com/groups/beshvil.yael/posts/3973665076259947\u003c/a\u003e\u003cbr/\u003e\u003cbr/\u003e\u003cimg src=\u0027https://drive.google.com/uc?export=view\u0026amp;id=1_-kOtOueq1yJ543eml-sFaBKPVXwDZ-W\u0027 width=\u0027450\u0027/\u003e\u003cbr/\u003e\u003c/div\u003e",
                                            "tessellate":  -1,
                                            "extrude":  0,
                                            "visibility":  -1
                                        },
                         "geometry":  {
                                          "type":  "Point",
                                          "coordinates":  [
                                                              34.78394,
                                                              30.84874,
                                                              0.0
                                                          ]
                                      }
                     },
                     {
                         "type":  "Feature",
                         "properties":  {
                                            "Name":  "#4272",
                                            "description":  "\u003cdiv dir=\u0027rtl\u0027 style=\u0027font-family:Arial;\u0027\u003e\u003cb\u003eשם:\u003c/b\u003e עופר ברזילי\u003cbr/\u003e\u003cb\u003eאתר:\u003c/b\u003e מצפה / מכתש רמון\u003cbr/\u003e\u003cb\u003eתאריך:\u003c/b\u003e 12-11-2025\u003cbr/\u003e\u003cb\u003eID:\u003c/b\u003e 2703\u003cbr/\u003e\u003cb\u003eFB:\u003c/b\u003e \u003ca href=\u0027https://www.facebook.com/groups/beshvil.yael/posts/3808144926145297\u0027\u003ehttps://www.facebook.com/groups/beshvil.yael/posts/3808144926145297\u003c/a\u003e\u003cbr/\u003e\u003cbr/\u003e\u003cimg src=\u0027https://drive.google.com/uc?export=view\u0026amp;id=1fx7H6IDu7zwRhaJALfztj2g19FRpfBEv\u0027 width=\u0027450\u0027/\u003e\u003cbr/\u003e\u003c/div\u003e",
                                            "tessellate":  -1,
                                            "extrude":  0,
                                            "visibility":  -1
                                        },
                         "geometry":  {
                                          "type":  "Point",
                                          "coordinates":  [
                                                              34.8353,
                                                              30.58357,
                                                              0.0
                                                          ]
                                      }
                     },
                     {
                         "type":  "Feature",
                         "properties":  {
                                            "Name":  "#4274",
                                            "description":  "\u003cdiv dir=\u0027rtl\u0027 style=\u0027font-family:Arial;\u0027\u003e\u003cb\u003eשם:\u003c/b\u003e עופר ברזילי\u003cbr/\u003e\u003cb\u003eאתר:\u003c/b\u003e עמק המעיינות\u003cbr/\u003e\u003cb\u003eתאריך:\u003c/b\u003e 05-06-2025\u003cbr/\u003e\u003cb\u003eID:\u003c/b\u003e 918\u003cbr/\u003e\u003cb\u003eFB:\u003c/b\u003e \u003ca href=\u0027https://www.facebook.com/groups/3235176716775457/posts/3659828564310268/\u0027\u003ehttps://www.facebook.com/groups/3235176716775457/posts/3659828564310268/\u003c/a\u003e\u003cbr/\u003e\u003cbr/\u003e\u003cimg src=\u0027https://drive.google.com/uc?export=view\u0026amp;id=1imcMBzSGh-Os06mxXNL9QJH0RkRdNGH-\u0027 width=\u0027450\u0027/\u003e\u003cbr/\u003e\u003c/div\u003e",
                                            "tessellate":  -1,
                                            "extrude":  0,
                                            "visibility":  -1
                                        },
                         "geometry":  {
                                          "type":  "Point",
                                          "coordinates":  [
                                                              35.4710687,
                                                              32.463082,
                                                              0.0
                                                          ]
                                      }
                     },
                     {
                         "type":  "Feature",
                         "properties":  {
                                            "Name":  "#4281",
                                            "description":  "\u003cdiv dir=\u0027rtl\u0027 style=\u0027font-family:Arial;\u0027\u003e\u003cb\u003eשם:\u003c/b\u003e אורית שמואלי לוי\u003cbr/\u003e\u003cb\u003eאתר:\u003c/b\u003e מצפה / מכתש רמון\u003cbr/\u003e\u003cb\u003eתאריך:\u003c/b\u003e 21-01-2026\u003cbr/\u003e\u003cb\u003eID:\u003c/b\u003e 3420\u003cbr/\u003e\u003cb\u003eFB:\u003c/b\u003e \u003ca href=\u0027https://www.facebook.com/groups/beshvil.yael/posts/3867714123521710/\u0027\u003ehttps://www.facebook.com/groups/beshvil.yael/posts/3867714123521710/\u003c/a\u003e\u003cbr/\u003e\u003cbr/\u003e\u003cimg src=\u0027https://drive.google.com/uc?export=view\u0026amp;id=1VOitD3Vf8uOJK7uMltBWrIOLEYhXm8uC\u0027 width=\u0027450\u0027/\u003e\u003cbr/\u003e\u003c/div\u003e",
                                            "tessellate":  -1,
                                            "extrude":  0,
                                            "visibility":  -1
                                        },
                         "geometry":  {
                                          "type":  "Point",
                                          "coordinates":  [
                                                              34.80297,
                                                              30.61164,
                                                              0.0
                                                          ]
                                      }
                     },
                     {
                         "type":  "Feature",
                         "properties":  {
                                            "Name":  "#4318",
                                            "description":  "\u003cdiv dir=\u0027rtl\u0027 style=\u0027font-family:Arial;\u0027\u003e\u003cb\u003eשם:\u003c/b\u003e אלישבע רוזן-סטולמן\u003cbr/\u003e\u003cb\u003eאתר:\u003c/b\u003e קמפוס בר אילן\u003cbr/\u003e\u003cb\u003eתאריך:\u003c/b\u003e 12-05-2025\u003cbr/\u003e\u003cb\u003eID:\u003c/b\u003e 422\u003cbr/\u003e\u003cb\u003eFB:\u003c/b\u003e \u003ca href=\u0027https://www.facebook.com/groups/3235176716775457/posts/3640159889610469/\u0027\u003ehttps://www.facebook.com/groups/3235176716775457/posts/3640159889610469/\u003c/a\u003e\u003cbr/\u003e\u003cbr/\u003e\u003cimg src=\u0027https://drive.google.com/uc?export=view\u0026amp;id=1UBncEelZgJ_cZOniaA16WzUAhovRphwI\u0027 width=\u0027450\u0027/\u003e\u003cbr/\u003e\u003c/div\u003e",
                                            "tessellate":  -1,
                                            "extrude":  0,
                                            "visibility":  -1
                                        },
                         "geometry":  {
                                          "type":  "Point",
                                          "coordinates":  [
                                                              34.8430876,
                                                              32.0691989,
                                                              0.0
                                                          ]
                                      }
                     },
                     {
                         "type":  "Feature",
                         "properties":  {
                                            "Name":  "#4318",
                                            "description":  "\u003cdiv dir=\u0027rtl\u0027 style=\u0027font-family:Arial;\u0027\u003e\u003cb\u003eשם:\u003c/b\u003e אלישבע רוזן-סטולמן\u003cbr/\u003e\u003cb\u003eאתר:\u003c/b\u003e אוניברסיטת חיפה\u003cbr/\u003e\u003cb\u003eתאריך:\u003c/b\u003e 11-09-2025\u003cbr/\u003e\u003cb\u003eID:\u003c/b\u003e 1838\u003cbr/\u003e\u003cb\u003eFB:\u003c/b\u003e \u003ca href=\u0027https://www.facebook.com/groups/beshvil.yael/posts/3746962632263527/\u0027\u003ehttps://www.facebook.com/groups/beshvil.yael/posts/3746962632263527/\u003c/a\u003e\u003cbr/\u003e\u003cbr/\u003e\u003cimg src=\u0027https://drive.google.com/uc?export=view\u0026amp;id=1S35nzD5t7evwbGujP_wwTH9vczMsqxR8\u0027 width=\u0027450\u0027/\u003e\u003cbr/\u003e\u003c/div\u003e",
                                            "tessellate":  -1,
                                            "extrude":  0,
                                            "visibility":  -1
                                        },
                         "geometry":  {
                                          "type":  "Point",
                                          "coordinates":  [
                                                              35.01936,
                                                              32.76151,
                                                              0.0
                                                          ]
                                      }
                     },
                     {
                         "type":  "Feature",
                         "properties":  {
                                            "Name":  "#4337",
                                            "description":  "\u003cdiv dir=\u0027rtl\u0027 style=\u0027font-family:Arial;\u0027\u003e\u003cb\u003eשם:\u003c/b\u003e מיקי ענבר יוסף\u003cbr/\u003e\u003cb\u003eאתר:\u003c/b\u003e חרמון\u003cbr/\u003e\u003cb\u003eתאריך:\u003c/b\u003e 30-05-2025\u003cbr/\u003e\u003cb\u003eID:\u003c/b\u003e 820\u003cbr/\u003e\u003cb\u003eFB:\u003c/b\u003e \u003ca href=\u0027https://www.facebook.com/groups/3235176716775457/posts/3654743208152137/\u0027\u003ehttps://www.facebook.com/groups/3235176716775457/posts/3654743208152137/\u003c/a\u003e\u003cbr/\u003e\u003cbr/\u003e\u003cimg src=\u0027https://drive.google.com/uc?export=view\u0026amp;id=1SH1L9jy8Jz86T9ldw-l3ImCc8Yd6XeuG\u0027 width=\u0027450\u0027/\u003e\u003cbr/\u003e\u003c/div\u003e",
                                            "tessellate":  -1,
                                            "extrude":  0,
                                            "visibility":  -1
                                        },
                         "geometry":  {
                                          "type":  "Point",
                                          "coordinates":  [
                                                              35.7679566,
                                                              33.2851946,
                                                              0.0
                                                          ]
                                      }
                     },
                     {
                         "type":  "Feature",
                         "properties":  {
                                            "Name":  "#4340",
                                            "description":  "\u003cdiv dir=\u0027rtl\u0027 style=\u0027font-family:Arial;\u0027\u003e\u003cb\u003eשם:\u003c/b\u003e אור מרבך\u003cbr/\u003e\u003cb\u003eאתר:\u003c/b\u003e באושה\u003cbr/\u003e\u003cb\u003eתאריך:\u003c/b\u003e 24-05-2025\u003cbr/\u003e\u003cb\u003eID:\u003c/b\u003e 766\u003cbr/\u003e\u003cb\u003eFB:\u003c/b\u003e \u003ca href=\u0027https://www.facebook.com/groups/3235176716775457/posts/3650082951951496/\u0027\u003ehttps://www.facebook.com/groups/3235176716775457/posts/3650082951951496/\u003c/a\u003e\u003cbr/\u003e\u003cbr/\u003e\u003cimg src=\u0027https://drive.google.com/uc?export=view\u0026amp;id=1I0qz5woYpXWWv0yI4cJOzpuCGvEMzXvy\u0027 width=\u0027450\u0027/\u003e\u003cbr/\u003e\u003c/div\u003e",
                                            "tessellate":  -1,
                                            "extrude":  0,
                                            "visibility":  -1
                                        },
                         "geometry":  {
                                          "type":  "Point",
                                          "coordinates":  [
                                                              35.2183002,
                                                              32.9201841,
                                                              0.0
                                                          ]
                                      }
                     },
                     {
                         "type":  "Feature",
                         "properties":  {
                                            "Name":  "#4340",
                                            "description":  "\u003cdiv dir=\u0027rtl\u0027 style=\u0027font-family:Arial;\u0027\u003e\u003cb\u003eשם:\u003c/b\u003e אור מרבך\u003cbr/\u003e\u003cb\u003eאתר:\u003c/b\u003e פארק הזהב בקריית שמונה\u003cbr/\u003e\u003cb\u003eתאריך:\u003c/b\u003e 07-06-2025\u003cbr/\u003e\u003cb\u003eID:\u003c/b\u003e 939\u003cbr/\u003e\u003cb\u003eFB:\u003c/b\u003e \u003ca href=\u0027https://www.facebook.com/groups/3235176716775457/posts/3661379984155126/\u0027\u003ehttps://www.facebook.com/groups/3235176716775457/posts/3661379984155126/\u003c/a\u003e\u003cbr/\u003e\u003cbr/\u003e\u003cimg src=\u0027https://drive.google.com/uc?export=view\u0026amp;id=1gkKCFMJa4bpLBP_pgVS-kwFufzzTwrVI\u0027 width=\u0027450\u0027/\u003e\u003cbr/\u003e\u003c/div\u003e",
                                            "tessellate":  -1,
                                            "extrude":  0,
                                            "visibility":  -1
                                        },
                         "geometry":  {
                                          "type":  "Point",
                                          "coordinates":  [
                                                              35.5743351,
                                                              33.2044755,
                                                              0.0
                                                          ]
                                      }
                     },
                     {
                         "type":  "Feature",
                         "properties":  {
                                            "Name":  "#4345",
                                            "description":  "\u003cdiv dir=\u0027rtl\u0027 style=\u0027font-family:Arial;\u0027\u003e\u003cb\u003eשם:\u003c/b\u003e חיה דרור\u003cbr/\u003e\u003cb\u003eאתר:\u003c/b\u003e הר גילה\u003cbr/\u003e\u003cb\u003eתאריך:\u003c/b\u003e 30-04-2026\u003cbr/\u003e\u003cb\u003eID:\u003c/b\u003e 4288\u003cbr/\u003e\u003cb\u003eFB:\u003c/b\u003e \u003ca href=\u0027https://www.facebook.com/groups/beshvil.yael/posts/3958769831082805/\u0027\u003ehttps://www.facebook.com/groups/beshvil.yael/posts/3958769831082805/\u003c/a\u003e\u003cbr/\u003e\u003cbr/\u003e\u003cimg src=\u0027https://drive.google.com/uc?export=view\u0026amp;id=1i1sf31B_Pu_Fy6HGdpwnpbQ-3fk7bL89\u0027 width=\u0027450\u0027/\u003e\u003cbr/\u003e\u003c/div\u003e",
                                            "tessellate":  -1,
                                            "extrude":  0,
                                            "visibility":  -1
                                        },
                         "geometry":  {
                                          "type":  "Point",
                                          "coordinates":  [
                                                              35.16902,
                                                              31.722,
                                                              0.0
                                                          ]
                                      }
                     },
                     {
                         "type":  "Feature",
                         "properties":  {
                                            "Name":  "#4349",
                                            "description":  "\u003cdiv dir=\u0027rtl\u0027 style=\u0027font-family:Arial;\u0027\u003e\u003cb\u003eשם:\u003c/b\u003e הדס רפפורט\u003cbr/\u003e\u003cb\u003eאתר:\u003c/b\u003e עין גדי\u003cbr/\u003e\u003cb\u003eתאריך:\u003c/b\u003e 28-09-2025\u003cbr/\u003e\u003cb\u003eID:\u003c/b\u003e 2080\u003cbr/\u003e\u003cb\u003eFB:\u003c/b\u003e \u003ca href=\u0027https://www.facebook.com/groups/beshvil.yael/posts/3763020480657742\u0027\u003ehttps://www.facebook.com/groups/beshvil.yael/posts/3763020480657742\u003c/a\u003e\u003cbr/\u003e\u003cbr/\u003e\u003cimg src=\u0027https://drive.google.com/uc?export=view\u0026amp;id=1zgsymoPQDE_7hKVfuz8jLWwgymAfxNYy\u0027 width=\u0027450\u0027/\u003e\u003cbr/\u003e\u003c/div\u003e",
                                            "tessellate":  -1,
                                            "extrude":  0,
                                            "visibility":  -1
                                        },
                         "geometry":  {
                                          "type":  "Point",
                                          "coordinates":  [
                                                              35.38357,
                                                              31.45119,
                                                              0.0
                                                          ]
                                      }
                     },
                     {
                         "type":  "Feature",
                         "properties":  {
                                            "Name":  "#4349",
                                            "description":  "\u003cdiv dir=\u0027rtl\u0027 style=\u0027font-family:Arial;\u0027\u003e\u003cb\u003eשם:\u003c/b\u003e הדס רפפורט\u003cbr/\u003e\u003cb\u003eאתר:\u003c/b\u003e הורקניה\u003cbr/\u003e\u003cb\u003eתאריך:\u003c/b\u003e 02-02-2026\u003cbr/\u003e\u003cb\u003eID:\u003c/b\u003e 3562\u003cbr/\u003e\u003cb\u003eFB:\u003c/b\u003e \u003ca href=\u0027https://www.facebook.com/groups/beshvil.yael/posts/3878505695775886/\u0027\u003ehttps://www.facebook.com/groups/beshvil.yael/posts/3878505695775886/\u003c/a\u003e\u003cbr/\u003e\u003cbr/\u003e\u003cimg src=\u0027https://drive.google.com/uc?export=view\u0026amp;id=1wGq_JGrYyRwAfWspErIvXfBVRdSmjhXt\u0027 width=\u0027450\u0027/\u003e\u003cbr/\u003e\u003c/div\u003e",
                                            "tessellate":  -1,
                                            "extrude":  0,
                                            "visibility":  -1
                                        },
                         "geometry":  {
                                          "type":  "Point",
                                          "coordinates":  [
                                                              35.3576996,
                                                              31.7126828,
                                                              0.0
                                                          ]
                                      }
                     },
                     {
                         "type":  "Feature",
                         "properties":  {
                                            "Name":  "#4351",
                                            "description":  "\u003cdiv dir=\u0027rtl\u0027 style=\u0027font-family:Arial;\u0027\u003e\u003cb\u003eשם:\u003c/b\u003e \u003cbr/\u003e\u003cb\u003eאתר:\u003c/b\u003e עין גדי\u003cbr/\u003e\u003cb\u003eתאריך:\u003c/b\u003e 28-09-2025\u003cbr/\u003e\u003cb\u003eID:\u003c/b\u003e 2080\u003cbr/\u003e\u003cb\u003eFB:\u003c/b\u003e \u003ca href=\u0027https://www.facebook.com/groups/beshvil.yael/posts/3763020480657742\u0027\u003ehttps://www.facebook.com/groups/beshvil.yael/posts/3763020480657742\u003c/a\u003e\u003cbr/\u003e\u003cbr/\u003e\u003cimg src=\u0027https://drive.google.com/uc?export=view\u0026amp;id=1zgsymoPQDE_7hKVfuz8jLWwgymAfxNYy\u0027 width=\u0027450\u0027/\u003e\u003cbr/\u003e\u003c/div\u003e",
                                            "tessellate":  -1,
                                            "extrude":  0,
                                            "visibility":  -1
                                        },
                         "geometry":  {
                                          "type":  "Point",
                                          "coordinates":  [
                                                              35.38357,
                                                              31.45146,
                                                              0.0
                                                          ]
                                      }
                     },
                     {
                         "type":  "Feature",
                         "properties":  {
                                            "Name":  "#4383",
                                            "description":  "\u003cdiv dir=\u0027rtl\u0027 style=\u0027font-family:Arial;\u0027\u003e\u003cb\u003eשם:\u003c/b\u003e אלעד זוהר\u003cbr/\u003e\u003cb\u003eאתר:\u003c/b\u003e נחל בצת\u003cbr/\u003e\u003cb\u003eתאריך:\u003c/b\u003e 21-05-2025\u003cbr/\u003e\u003cb\u003eID:\u003c/b\u003e 691\u003cbr/\u003e\u003cb\u003eFB:\u003c/b\u003e \u003ca href=\u0027https://www.facebook.com/groups/3235176716775457/posts/3647156128910845/\u0027\u003ehttps://www.facebook.com/groups/3235176716775457/posts/3647156128910845/\u003c/a\u003e\u003cbr/\u003e\u003cbr/\u003e\u003cimg src=\u0027https://drive.google.com/uc?export=view\u0026amp;id=1o8nRNoG--5Zd0i2m-mDAouLYylNADy9D\u0027 width=\u0027450\u0027/\u003e\u003cbr/\u003e\u003c/div\u003e",
                                            "tessellate":  -1,
                                            "extrude":  0,
                                            "visibility":  -1
                                        },
                         "geometry":  {
                                          "type":  "Point",
                                          "coordinates":  [
                                                              35.1775173,
                                                              33.0723149,
                                                              0.0
                                                          ]
                                      }
                     },
                     {
                         "type":  "Feature",
                         "properties":  {
                                            "Name":  "#4401",
                                            "description":  "\u003cdiv dir=\u0027rtl\u0027 style=\u0027font-family:Arial;\u0027\u003e\u003cb\u003eשם:\u003c/b\u003e יעל ענבר\u003cbr/\u003e\u003cb\u003eאתר:\u003c/b\u003e בית גוברין\u003cbr/\u003e\u003cb\u003eתאריך:\u003c/b\u003e 27-06-2025\u003cbr/\u003e\u003cb\u003eID:\u003c/b\u003e 1065\u003cbr/\u003e\u003cb\u003eFB:\u003c/b\u003e \u003ca href=\u0027https://www.facebook.com/groups/beshvil.yael/posts/3678743625752095\u0027\u003ehttps://www.facebook.com/groups/beshvil.yael/posts/3678743625752095\u003c/a\u003e\u003cbr/\u003e\u003cbr/\u003e\u003cimg src=\u0027https://drive.google.com/uc?export=view\u0026amp;id=16N5IQ5keGjYP-Yl1Imdxy0QNQjKIOScH\u0027 width=\u0027450\u0027/\u003e\u003cbr/\u003e\u003c/div\u003e",
                                            "tessellate":  -1,
                                            "extrude":  0,
                                            "visibility":  -1
                                        },
                         "geometry":  {
                                          "type":  "Point",
                                          "coordinates":  [
                                                              34.8945628,
                                                              31.5992369,
                                                              0.0
                                                          ]
                                      }
                     },
                     {
                         "type":  "Feature",
                         "properties":  {
                                            "Name":  "#4401",
                                            "description":  "\u003cdiv dir=\u0027rtl\u0027 style=\u0027font-family:Arial;\u0027\u003e\u003cb\u003eשם:\u003c/b\u003e יעל ענבר\u003cbr/\u003e\u003cb\u003eאתר:\u003c/b\u003e נחל אלון\u003cbr/\u003e\u003cb\u003eתאריך:\u003c/b\u003e 03-07-2025\u003cbr/\u003e\u003cb\u003eID:\u003c/b\u003e 1085\u003cbr/\u003e\u003cb\u003eFB:\u003c/b\u003e \u003ca href=\u0027https://www.facebook.com/groups/beshvil.yael/posts/3683898905236567/\u0027\u003ehttps://www.facebook.com/groups/beshvil.yael/posts/3683898905236567/\u003c/a\u003e\u003cbr/\u003e\u003cbr/\u003e\u003cimg src=\u0027https://drive.google.com/uc?export=view\u0026amp;id=1nKdqtR73Bv9k2HT9qlRjJrkgDejMiGG3\u0027 width=\u0027450\u0027/\u003e\u003cbr/\u003e\u003c/div\u003e",
                                            "tessellate":  -1,
                                            "extrude":  0,
                                            "visibility":  -1
                                        },
                         "geometry":  {
                                          "type":  "Point",
                                          "coordinates":  [
                                                              35.035522,
                                                              32.724742,
                                                              0.0
                                                          ]
                                      }
                     },
                     {
                         "type":  "Feature",
                         "properties":  {
                                            "Name":  "#4401",
                                            "description":  "\u003cdiv dir=\u0027rtl\u0027 style=\u0027font-family:Arial;\u0027\u003e\u003cb\u003eשם:\u003c/b\u003e יעל ענבר\u003cbr/\u003e\u003cb\u003eאתר:\u003c/b\u003e חירבת קאקון\u003cbr/\u003e\u003cb\u003eתאריך:\u003c/b\u003e 12-10-2025\u003cbr/\u003e\u003cb\u003eID:\u003c/b\u003e 2359\u003cbr/\u003e\u003cb\u003eFB:\u003c/b\u003e \u003ca href=\u0027https://www.facebook.com/groups/beshvil.yael/posts/3777935865832870\u0027\u003ehttps://www.facebook.com/groups/beshvil.yael/posts/3777935865832870\u003c/a\u003e\u003cbr/\u003e\u003cbr/\u003e\u003cimg src=\u0027https://drive.google.com/uc?export=view\u0026amp;id=1LdlpRRek2HzJYvuIV2fKlQjoeXoL2LnZ\u0027 width=\u0027450\u0027/\u003e\u003cbr/\u003e\u003c/div\u003e",
                                            "tessellate":  -1,
                                            "extrude":  0,
                                            "visibility":  -1
                                        },
                         "geometry":  {
                                          "type":  "Point",
                                          "coordinates":  [
                                                              34.9935,
                                                              32.35998,
                                                              0.0
                                                          ]
                                      }
                     },
                     {
                         "type":  "Feature",
                         "properties":  {
                                            "Name":  "#4404",
                                            "description":  "\u003cdiv dir=\u0027rtl\u0027 style=\u0027font-family:Arial;\u0027\u003e\u003cb\u003eשם:\u003c/b\u003e שרון יעקב גנוסר\u003cbr/\u003e\u003cb\u003eאתר:\u003c/b\u003e חוף אכזיב\u003cbr/\u003e\u003cb\u003eתאריך:\u003c/b\u003e 17-05-2025\u003cbr/\u003e\u003cb\u003eID:\u003c/b\u003e 572\u003cbr/\u003e\u003cb\u003eFB:\u003c/b\u003e \u003ca href=\u0027https://www.facebook.com/groups/3235176716775457/posts/3644185579207900/\u0027\u003ehttps://www.facebook.com/groups/3235176716775457/posts/3644185579207900/\u003c/a\u003e\u003cbr/\u003e\u003cbr/\u003e\u003cimg src=\u0027https://drive.google.com/uc?export=view\u0026amp;id=1gDcAFSPdRwoIiVILpcBJKRrHJb_TWT4J\u0027 width=\u0027450\u0027/\u003e\u003cbr/\u003e\u003c/div\u003e",
                                            "tessellate":  -1,
                                            "extrude":  0,
                                            "visibility":  -1
                                        },
                         "geometry":  {
                                          "type":  "Point",
                                          "coordinates":  [
                                                              35.10043,
                                                              33.04414,
                                                              0.0
                                                          ]
                                      }
                     },
                     {
                         "type":  "Feature",
                         "properties":  {
                                            "Name":  "#4404",
                                            "description":  "\u003cdiv dir=\u0027rtl\u0027 style=\u0027font-family:Arial;\u0027\u003e\u003cb\u003eשם:\u003c/b\u003e שרון יעקב גנוסר\u003cbr/\u003e\u003cb\u003eאתר:\u003c/b\u003e עין דבשה\u003cbr/\u003e\u003cb\u003eתאריך:\u003c/b\u003e 29-11-2025\u003cbr/\u003e\u003cb\u003eID:\u003c/b\u003e 2899\u003cbr/\u003e\u003cb\u003eFB:\u003c/b\u003e \u003ca href=\u0027https://www.facebook.com/groups/beshvil.yael/posts/3819808901645566\u0027\u003ehttps://www.facebook.com/groups/beshvil.yael/posts/3819808901645566\u003c/a\u003e\u003cbr/\u003e\u003cbr/\u003e\u003cimg src=\u0027https://drive.google.com/uc?export=view\u0026amp;id=1yHuTOtTw-cLcZYpqIqC9AGj8CYiGRVhi\u0027 width=\u0027450\u0027/\u003e\u003cbr/\u003e\u003c/div\u003e",
                                            "tessellate":  -1,
                                            "extrude":  0,
                                            "visibility":  -1
                                        },
                         "geometry":  {
                                          "type":  "Point",
                                          "coordinates":  [
                                                              35.64717,
                                                              33.09086,
                                                              0.0
                                                          ]
                                      }
                     },
                     {
                         "type":  "Feature",
                         "properties":  {
                                            "Name":  "#4406",
                                            "description":  "\u003cdiv dir=\u0027rtl\u0027 style=\u0027font-family:Arial;\u0027\u003e\u003cb\u003eשם:\u003c/b\u003e אביב ירושלמי\u003cbr/\u003e\u003cb\u003eאתר:\u003c/b\u003e עין קדם\u003cbr/\u003e\u003cb\u003eתאריך:\u003c/b\u003e 26-08-2025\u003cbr/\u003e\u003cb\u003eID:\u003c/b\u003e 1656\u003cbr/\u003e\u003cb\u003eFB:\u003c/b\u003e \u003ca href=\u0027https://www.facebook.com/groups/beshvil.yael/posts/3732893407003783/\u0027\u003ehttps://www.facebook.com/groups/beshvil.yael/posts/3732893407003783/\u003c/a\u003e\u003cbr/\u003e\u003cbr/\u003e\u003cimg src=\u0027https://drive.google.com/uc?export=view\u0026amp;id=1_JWwowFjpp3-vgpVZdbCTzRfKaxbt9s_\u0027 width=\u0027450\u0027/\u003e\u003cbr/\u003e\u003c/div\u003e",
                                            "tessellate":  -1,
                                            "extrude":  0,
                                            "visibility":  -1
                                        },
                         "geometry":  {
                                          "type":  "Point",
                                          "coordinates":  [
                                                              34.9939077,
                                                              32.7597329,
                                                              0.0
                                                          ]
                                      }
                     },
                     {
                         "type":  "Feature",
                         "properties":  {
                                            "Name":  "#4406",
                                            "description":  "\u003cdiv dir=\u0027rtl\u0027 style=\u0027font-family:Arial;\u0027\u003e\u003cb\u003eשם:\u003c/b\u003e אביב ירושלמי\u003cbr/\u003e\u003cb\u003eאתר:\u003c/b\u003e עמודי עמרם\u003cbr/\u003e\u003cb\u003eתאריך:\u003c/b\u003e 02-02-2026\u003cbr/\u003e\u003cb\u003eID:\u003c/b\u003e 3480\u003cbr/\u003e\u003cb\u003eFB:\u003c/b\u003e \u003ca href=\u0027https://www.facebook.com/groups/beshvil.yael/posts/3872552233037899/\u0027\u003ehttps://www.facebook.com/groups/beshvil.yael/posts/3872552233037899/\u003c/a\u003e\u003cbr/\u003e\u003cbr/\u003e\u003cimg src=\u0027https://drive.google.com/uc?export=view\u0026amp;id=1gwcqYXHPd509TfuRN5BnRpgbvWzWVaf0\u0027 width=\u0027450\u0027/\u003e\u003cbr/\u003e\u003c/div\u003e",
                                            "tessellate":  -1,
                                            "extrude":  0,
                                            "visibility":  -1
                                        },
                         "geometry":  {
                                          "type":  "Point",
                                          "coordinates":  [
                                                              34.9317,
                                                              29.65254,
                                                              0.0
                                                          ]
                                      }
                     },
                     {
                         "type":  "Feature",
                         "properties":  {
                                            "Name":  "#4431",
                                            "description":  "\u003cdiv dir=\u0027rtl\u0027 style=\u0027font-family:Arial;\u0027\u003e\u003cb\u003eשם:\u003c/b\u003e עינת כץ-שרוני\u003cbr/\u003e\u003cb\u003eאתר:\u003c/b\u003e נחל כזב\u003cbr/\u003e\u003cb\u003eתאריך:\u003c/b\u003e 01-06-2025\u003cbr/\u003e\u003cb\u003eID:\u003c/b\u003e 875\u003cbr/\u003e\u003cb\u003eFB:\u003c/b\u003e \u003ca href=\u0027https://www.facebook.com/groups/3235176716775457/posts/3656895777936880/\u0027\u003ehttps://www.facebook.com/groups/3235176716775457/posts/3656895777936880/\u003c/a\u003e\u003cbr/\u003e\u003cbr/\u003e\u003cimg src=\u0027https://drive.google.com/uc?export=view\u0026amp;id=10UM4ENxtmALiW0wtCplx1VJg6ijLbMkB\u0027 width=\u0027450\u0027/\u003e\u003cbr/\u003e\u003c/div\u003e",
                                            "tessellate":  -1,
                                            "extrude":  0,
                                            "visibility":  -1
                                        },
                         "geometry":  {
                                          "type":  "Point",
                                          "coordinates":  [
                                                              35.1908744,
                                                              33.063192,
                                                              0.0
                                                          ]
                                      }
                     },
                     {
                         "type":  "Feature",
                         "properties":  {
                                            "Name":  "#4452",
                                            "description":  "\u003cdiv dir=\u0027rtl\u0027 style=\u0027font-family:Arial;\u0027\u003e\u003cb\u003eשם:\u003c/b\u003e יעל ויסוצקי\u003cbr/\u003e\u003cb\u003eאתר:\u003c/b\u003e נחל כפירה\u003cbr/\u003e\u003cb\u003eתאריך:\u003c/b\u003e 02-06-2025\u003cbr/\u003e\u003cb\u003eID:\u003c/b\u003e 880\u003cbr/\u003e\u003cb\u003eFB:\u003c/b\u003e \u003ca href=\u0027https://www.facebook.com/groups/3235176716775457/posts/3657280771231714/\u0027\u003ehttps://www.facebook.com/groups/3235176716775457/posts/3657280771231714/\u003c/a\u003e\u003cbr/\u003e\u003cbr/\u003e\u003cimg src=\u0027https://drive.google.com/uc?export=view\u0026amp;id=1dICvdqJklGIwKvjAu6hmGrSXHJG32BIB\u0027 width=\u0027450\u0027/\u003e\u003cbr/\u003e\u003c/div\u003e",
                                            "tessellate":  -1,
                                            "extrude":  0,
                                            "visibility":  -1
                                        },
                         "geometry":  {
                                          "type":  "Point",
                                          "coordinates":  [
                                                              35.0600692,
                                                              31.8406455,
                                                              0.0
                                                          ]
                                      }
                     },
                     {
                         "type":  "Feature",
                         "properties":  {
                                            "Name":  "#4452",
                                            "description":  "\u003cdiv dir=\u0027rtl\u0027 style=\u0027font-family:Arial;\u0027\u003e\u003cb\u003eשם:\u003c/b\u003e יעל ויסוצקי\u003cbr/\u003e\u003cb\u003eאתר:\u003c/b\u003e שמורת טל\u003cbr/\u003e\u003cb\u003eתאריך:\u003c/b\u003e 12-07-2025\u003cbr/\u003e\u003cb\u003eID:\u003c/b\u003e 1163\u003cbr/\u003e\u003cb\u003eFB:\u003c/b\u003e \u003ca href=\u0027https://www.facebook.com/groups/beshvil.yael/posts/3691751697784621/\u0027\u003ehttps://www.facebook.com/groups/beshvil.yael/posts/3691751697784621/\u003c/a\u003e\u003cbr/\u003e\u003cbr/\u003e\u003cimg src=\u0027https://drive.google.com/uc?export=view\u0026amp;id=1JG-vi6i8l4UR5dYD2x_Czfu2Ctc_84u8\u0027 width=\u0027450\u0027/\u003e\u003cbr/\u003e\u003c/div\u003e",
                                            "tessellate":  -1,
                                            "extrude":  0,
                                            "visibility":  -1
                                        },
                         "geometry":  {
                                          "type":  "Point",
                                          "coordinates":  [
                                                              35.63016,
                                                              33.22112,
                                                              0.0
                                                          ]
                                      }
                     },
                     {
                         "type":  "Feature",
                         "properties":  {
                                            "Name":  "#4452",
                                            "description":  "\u003cdiv dir=\u0027rtl\u0027 style=\u0027font-family:Arial;\u0027\u003e\u003cb\u003eשם:\u003c/b\u003e יעל ויסוצקי\u003cbr/\u003e\u003cb\u003eאתר:\u003c/b\u003e שמורת מגדל צדק\u003cbr/\u003e\u003cb\u003eתאריך:\u003c/b\u003e 23-09-2025\u003cbr/\u003e\u003cb\u003eID:\u003c/b\u003e 2006\u003cbr/\u003e\u003cb\u003eFB:\u003c/b\u003e \u003ca href=\u0027https://www.facebook.com/groups/beshvil.yael/posts/3758316177794839\u0027\u003ehttps://www.facebook.com/groups/beshvil.yael/posts/3758316177794839\u003c/a\u003e\u003cbr/\u003e\u003cbr/\u003e\u003cimg src=\u0027https://drive.google.com/uc?export=view\u0026amp;id=1Y3U8NhTLChRbVRR9pzXiYzYryDhoAEu-\u0027 width=\u0027450\u0027/\u003e\u003cbr/\u003e\u003c/div\u003e",
                                            "tessellate":  -1,
                                            "extrude":  0,
                                            "visibility":  -1
                                        },
                         "geometry":  {
                                          "type":  "Point",
                                          "coordinates":  [
                                                              34.95706,
                                                              32.081,
                                                              0.0
                                                          ]
                                      }
                     },
                     {
                         "type":  "Feature",
                         "properties":  {
                                            "Name":  "#4452",
                                            "description":  "\u003cdiv dir=\u0027rtl\u0027 style=\u0027font-family:Arial;\u0027\u003e\u003cb\u003eשם:\u003c/b\u003e יעל ויסוצקי\u003cbr/\u003e\u003cb\u003eאתר:\u003c/b\u003e אגמון החולה\u003cbr/\u003e\u003cb\u003eתאריך:\u003c/b\u003e 05-10-2025\u003cbr/\u003e\u003cb\u003eID:\u003c/b\u003e 2180\u003cbr/\u003e\u003cb\u003eFB:\u003c/b\u003e \u003ca href=\u0027https://www.facebook.com/groups/beshvil.yael/posts/3770422983250825\u0027\u003ehttps://www.facebook.com/groups/beshvil.yael/posts/3770422983250825\u003c/a\u003e\u003cbr/\u003e\u003cbr/\u003e\u003cimg src=\u0027https://drive.google.com/uc?export=view\u0026amp;id=1rJ6ad1Uq6DGpi1f6u7IAv-e8-al0IiSW\u0027 width=\u0027450\u0027/\u003e\u003cbr/\u003e\u003c/div\u003e",
                                            "tessellate":  -1,
                                            "extrude":  0,
                                            "visibility":  -1
                                        },
                         "geometry":  {
                                          "type":  "Point",
                                          "coordinates":  [
                                                              35.61091,
                                                              33.10077,
                                                              0.0
                                                          ]
                                      }
                     },
                     {
                         "type":  "Feature",
                         "properties":  {
                                            "Name":  "#4452",
                                            "description":  "\u003cdiv dir=\u0027rtl\u0027 style=\u0027font-family:Arial;\u0027\u003e\u003cb\u003eשם:\u003c/b\u003e יעל ויסוצקי\u003cbr/\u003e\u003cb\u003eאתר:\u003c/b\u003e מגדל צדק\u003cbr/\u003e\u003cb\u003eתאריך:\u003c/b\u003e 07-02-2026\u003cbr/\u003e\u003cb\u003eID:\u003c/b\u003e 3612\u003cbr/\u003e\u003cb\u003eFB:\u003c/b\u003e \u003ca href=\u0027https://www.facebook.com/groups/beshvil.yael/posts/3883343808625408/\u0027\u003ehttps://www.facebook.com/groups/beshvil.yael/posts/3883343808625408/\u003c/a\u003e\u003cbr/\u003e\u003cbr/\u003e\u003cimg src=\u0027https://drive.google.com/uc?export=view\u0026amp;id=1vEG8S_-ZYBtMwWbcWRGt9LBXDhghv5_K\u0027 width=\u0027450\u0027/\u003e\u003cbr/\u003e\u003c/div\u003e",
                                            "tessellate":  -1,
                                            "extrude":  0,
                                            "visibility":  -1
                                        },
                         "geometry":  {
                                          "type":  "Point",
                                          "coordinates":  [
                                                              34.95671,
                                                              32.08127,
                                                              0.0
                                                          ]
                                      }
                     },
                     {
                         "type":  "Feature",
                         "properties":  {
                                            "Name":  "#4452",
                                            "description":  "\u003cdiv dir=\u0027rtl\u0027 style=\u0027font-family:Arial;\u0027\u003e\u003cb\u003eשם:\u003c/b\u003e יעל ויסוצקי\u003cbr/\u003e\u003cb\u003eאתר:\u003c/b\u003e חוף דור הבונים\u003cbr/\u003e\u003cb\u003eתאריך:\u003c/b\u003e 25-04-2026\u003cbr/\u003e\u003cb\u003eID:\u003c/b\u003e 4240\u003cbr/\u003e\u003cb\u003eFB:\u003c/b\u003e \u003ca href=\u0027https://www.facebook.com/groups/beshvil.yael/posts/3953558994937222\u0027\u003ehttps://www.facebook.com/groups/beshvil.yael/posts/3953558994937222\u003c/a\u003e\u003cbr/\u003e\u003cbr/\u003e\u003cimg src=\u0027https://drive.google.com/uc?export=view\u0026amp;id=1gNTc5Bynm4t_m4fVeJ2Ta3FPbbY1gJKL\u0027 width=\u0027450\u0027/\u003e\u003cbr/\u003e\u003c/div\u003e",
                                            "tessellate":  -1,
                                            "extrude":  0,
                                            "visibility":  -1
                                        },
                         "geometry":  {
                                          "type":  "Point",
                                          "coordinates":  [
                                                              34.92612,
                                                              32.65627,
                                                              0.0
                                                          ]
                                      }
                     },
                     {
                         "type":  "Feature",
                         "properties":  {
                                            "Name":  "#4452",
                                            "description":  "\u003cdiv dir=\u0027rtl\u0027 style=\u0027font-family:Arial;\u0027\u003e\u003cb\u003eשם:\u003c/b\u003e יעל ויסוצקי\u003cbr/\u003e\u003cb\u003eאתר:\u003c/b\u003e יער בן שמן\u003cbr/\u003e\u003cb\u003eתאריך:\u003c/b\u003e 02-05-2026\u003cbr/\u003e\u003cb\u003eID:\u003c/b\u003e 4311\u003cbr/\u003e\u003cb\u003eFB:\u003c/b\u003e \u003ca href=\u0027https://www.facebook.com/groups/beshvil.yael/posts/3960151374277984\u0027\u003ehttps://www.facebook.com/groups/beshvil.yael/posts/3960151374277984\u003c/a\u003e\u003cbr/\u003e\u003cbr/\u003e\u003cimg src=\u0027https://drive.google.com/uc?export=view\u0026amp;id=1xPP1DM2U4BHqcqSAI2pN9Qk7BNXwbdwI\u0027 width=\u0027450\u0027/\u003e\u003cbr/\u003e\u003c/div\u003e",
                                            "tessellate":  -1,
                                            "extrude":  0,
                                            "visibility":  -1
                                        },
                         "geometry":  {
                                          "type":  "Point",
                                          "coordinates":  [
                                                              34.94957,
                                                              31.94539,
                                                              0.0
                                                          ]
                                      }
                     },
                     {
                         "type":  "Feature",
                         "properties":  {
                                            "Name":  "#4452",
                                            "description":  "\u003cdiv dir=\u0027rtl\u0027 style=\u0027font-family:Arial;\u0027\u003e\u003cb\u003eשם:\u003c/b\u003e יעל ויסוצקי\u003cbr/\u003e\u003cb\u003eאתר:\u003c/b\u003e רמת הנדיב\u003cbr/\u003e\u003cb\u003eתאריך:\u003c/b\u003e 16-05-2026\u003cbr/\u003e\u003cb\u003eID:\u003c/b\u003e 4458\u003cbr/\u003e\u003cb\u003eFB:\u003c/b\u003e \u003ca href=\u0027https://www.facebook.com/groups/beshvil.yael/posts/3973203839639404\u0027\u003ehttps://www.facebook.com/groups/beshvil.yael/posts/3973203839639404\u003c/a\u003e\u003cbr/\u003e\u003cbr/\u003e\u003cimg src=\u0027https://drive.google.com/uc?export=view\u0026amp;id=1RxGLF0CxLY_DeDG20cuU4vBrfGCAgId3\u0027 width=\u0027450\u0027/\u003e\u003cbr/\u003e\u003c/div\u003e",
                                            "tessellate":  -1,
                                            "extrude":  0,
                                            "visibility":  -1
                                        },
                         "geometry":  {
                                          "type":  "Point",
                                          "coordinates":  [
                                                              34.94201,
                                                              32.54927,
                                                              0.0
                                                          ]
                                      }
                     },
                     {
                         "type":  "Feature",
                         "properties":  {
                                            "Name":  "#4456",
                                            "description":  "\u003cdiv dir=\u0027rtl\u0027 style=\u0027font-family:Arial;\u0027\u003e\u003cb\u003eשם:\u003c/b\u003e עוז בארבאן\u003cbr/\u003e\u003cb\u003eאתר:\u003c/b\u003e הר סהרונים\u003cbr/\u003e\u003cb\u003eתאריך:\u003c/b\u003e 07-04-2026\u003cbr/\u003e\u003cb\u003eID:\u003c/b\u003e 4067\u003cbr/\u003e\u003cb\u003eFB:\u003c/b\u003e \u003ca href=\u0027https://www.secure.facebook.com/groups/beshvil.yael/posts/3937864903173298/\u0027\u003ehttps://www.secure.facebook.com/groups/beshvil.yael/posts/3937864903173298/\u003c/a\u003e\u003cbr/\u003e\u003cbr/\u003e\u003cimg src=\u0027https://drive.google.com/uc?export=view\u0026amp;id=1Tuxrkiw2TD-lHjzNiotY2ihK0-lnSrMc\u0027 width=\u0027450\u0027/\u003e\u003cbr/\u003e\u003c/div\u003e",
                                            "tessellate":  -1,
                                            "extrude":  0,
                                            "visibility":  -1
                                        },
                         "geometry":  {
                                          "type":  "Point",
                                          "coordinates":  [
                                                              34.92324,
                                                              30.59695,
                                                              0.0
                                                          ]
                                      }
                     },
                     {
                         "type":  "Feature",
                         "properties":  {
                                            "Name":  "#4478",
                                            "description":  "\u003cdiv dir=\u0027rtl\u0027 style=\u0027font-family:Arial;\u0027\u003e\u003cb\u003eשם:\u003c/b\u003e דליה קויבוטרו סגל\u003cbr/\u003e\u003cb\u003eאתר:\u003c/b\u003e מצפה / מכתש רמון\u003cbr/\u003e\u003cb\u003eתאריך:\u003c/b\u003e 04-10-2025\u003cbr/\u003e\u003cb\u003eID:\u003c/b\u003e 2147\u003cbr/\u003e\u003cb\u003eFB:\u003c/b\u003e \u003ca href=\u0027https://www.facebook.com/groups/beshvil.yael/posts/3768923303400793\u0027\u003ehttps://www.facebook.com/groups/beshvil.yael/posts/3768923303400793\u003c/a\u003e\u003cbr/\u003e\u003cbr/\u003e\u003cimg src=\u0027https://drive.google.com/uc?export=view\u0026amp;id=146jth51dEpXSMG4jfYRnVWaFuxTyzGvI\u0027 width=\u0027450\u0027/\u003e\u003cbr/\u003e\u003c/div\u003e",
                                            "tessellate":  -1,
                                            "extrude":  0,
                                            "visibility":  -1
                                        },
                         "geometry":  {
                                          "type":  "Point",
                                          "coordinates":  [
                                                              34.80937,
                                                              30.60874,
                                                              0.0
                                                          ]
                                      }
                     },
                     {
                         "type":  "Feature",
                         "properties":  {
                                            "Name":  "#4478",
                                            "description":  "\u003cdiv dir=\u0027rtl\u0027 style=\u0027font-family:Arial;\u0027\u003e\u003cb\u003eשם:\u003c/b\u003e דליה קויבוטרו סגל\u003cbr/\u003e\u003cb\u003eאתר:\u003c/b\u003e חרמון\u003cbr/\u003e\u003cb\u003eתאריך:\u003c/b\u003e 17-01-2026\u003cbr/\u003e\u003cb\u003eID:\u003c/b\u003e 3370\u003cbr/\u003e\u003cb\u003eFB:\u003c/b\u003e \u003ca href=\u0027https://www.facebook.com/groups/beshvil.yael/posts/3863667707259685\u0027\u003ehttps://www.facebook.com/groups/beshvil.yael/posts/3863667707259685\u003c/a\u003e\u003cbr/\u003e\u003cbr/\u003e\u003cimg src=\u0027https://drive.google.com/uc?export=view\u0026amp;id=1MI98m3jFNFPEqdYDd07EP0KNpAXDYB6z\u0027 width=\u0027450\u0027/\u003e\u003cbr/\u003e\u003c/div\u003e",
                                            "tessellate":  -1,
                                            "extrude":  0,
                                            "visibility":  -1
                                        },
                         "geometry":  {
                                          "type":  "Point",
                                          "coordinates":  [
                                                              35.74504,
                                                              33.26845,
                                                              0.0
                                                          ]
                                      }
                     },
                     {
                         "type":  "Feature",
                         "properties":  {
                                            "Name":  "#4481",
                                            "description":  "\u003cdiv dir=\u0027rtl\u0027 style=\u0027font-family:Arial;\u0027\u003e\u003cb\u003eשם:\u003c/b\u003e תמר אוגד\u003cbr/\u003e\u003cb\u003eאתר:\u003c/b\u003e הר כמון\u003cbr/\u003e\u003cb\u003eתאריך:\u003c/b\u003e 01-06-2025\u003cbr/\u003e\u003cb\u003eID:\u003c/b\u003e 865\u003cbr/\u003e\u003cb\u003eFB:\u003c/b\u003e \u003ca href=\u0027https://www.facebook.com/groups/3235176716775457/posts/3656492467977211/\u0027\u003ehttps://www.facebook.com/groups/3235176716775457/posts/3656492467977211/\u003c/a\u003e\u003cbr/\u003e\u003cbr/\u003e\u003cimg src=\u0027https://drive.google.com/uc?export=view\u0026amp;id=15aTCsdvFmaQDHJbhgI__yt-onml3HFrc\u0027 width=\u0027450\u0027/\u003e\u003cbr/\u003e\u003c/div\u003e",
                                            "tessellate":  -1,
                                            "extrude":  0,
                                            "visibility":  -1
                                        },
                         "geometry":  {
                                          "type":  "Point",
                                          "coordinates":  [
                                                              35.363131,
                                                              32.9076077,
                                                              0.0
                                                          ]
                                      }
                     },
                     {
                         "type":  "Feature",
                         "properties":  {
                                            "Name":  "#4481",
                                            "description":  "\u003cdiv dir=\u0027rtl\u0027 style=\u0027font-family:Arial;\u0027\u003e\u003cb\u003eשם:\u003c/b\u003e תמר אוגד\u003cbr/\u003e\u003cb\u003eאתר:\u003c/b\u003e נחל צפית\u003cbr/\u003e\u003cb\u003eתאריך:\u003c/b\u003e 29-11-2025\u003cbr/\u003e\u003cb\u003eID:\u003c/b\u003e 2907\u003cbr/\u003e\u003cb\u003eFB:\u003c/b\u003e \u003ca href=\u0027https://www.facebook.com/groups/beshvil.yael/posts/3822519488041174\u0027\u003ehttps://www.facebook.com/groups/beshvil.yael/posts/3822519488041174\u003c/a\u003e\u003cbr/\u003e\u003cbr/\u003e\u003cimg src=\u0027https://drive.google.com/uc?export=view\u0026amp;id=1s9UNoD-3KBe3vRC6HIWTcQJEJJ_PvfZy\u0027 width=\u0027450\u0027/\u003e\u003cbr/\u003e\u003c/div\u003e",
                                            "tessellate":  -1,
                                            "extrude":  0,
                                            "visibility":  -1
                                        },
                         "geometry":  {
                                          "type":  "Point",
                                          "coordinates":  [
                                                              35.26598,
                                                              30.98789,
                                                              0.0
                                                          ]
                                      }
                     }
                 ]
}