{
    "type":  "FeatureCollection",
    "name":  "4500-5999",
    "crs":  {
                "type":  "name",
                "properties":  {
                                   "name":  "urn:ogc:def:crs:OGC:1.3:CRS84"
                               }
            },
    "features":  [
                     {
                         "type":  "Feature",
                         "properties":  {
                                            "Name":  "#4505",
                                            "description":  "\u003cdiv dir=\u0027rtl\u0027 style=\u0027font-family:Arial;\u0027\u003e\u003cb\u003eשם:\u003c/b\u003e אורנה דיבון-אופיר\u003cbr/\u003e\u003cb\u003eאתר:\u003c/b\u003e \u003cbr/\u003e\u003cb\u003eתאריך:\u003c/b\u003e 23-08-2025\u003cbr/\u003e\u003cb\u003eID:\u003c/b\u003e 1630\u003cbr/\u003e\u003cb\u003eFB:\u003c/b\u003e \u003ca href=\u0027https://www.facebook.com/groups/beshvil.yael/posts/3729928927300231/\u0027\u003ehttps://www.facebook.com/groups/beshvil.yael/posts/3729928927300231/\u003c/a\u003e\u003cbr/\u003e\u003cbr/\u003e\u003cimg src=\u0027https://drive.google.com/uc?export=view\u0026amp;id=1UUophitGFCIhBs4BtjAqiwQh-HLTpxJ-\u0027 width=\u0027450\u0027/\u003e\u003cbr/\u003e\u003c/div\u003e",
                                            "tessellate":  -1,
                                            "extrude":  0,
                                            "visibility":  -1
                                        },
                         "geometry":  {
                                          "type":  "Point",
                                          "coordinates":  [
                                                              11.8472836,
                                                              46.4551683,
                                                              0.0
                                                          ]
                                      }
                     },
                     {
                         "type":  "Feature",
                         "properties":  {
                                            "Name":  "#4505",
                                            "description":  "\u003cdiv dir=\u0027rtl\u0027 style=\u0027font-family:Arial;\u0027\u003e\u003cb\u003eשם:\u003c/b\u003e אורנה דיבון-אופיר\u003cbr/\u003e\u003cb\u003eאתר:\u003c/b\u003e \u003cbr/\u003e\u003cb\u003eתאריך:\u003c/b\u003e 28-09-2025\u003cbr/\u003e\u003cb\u003eID:\u003c/b\u003e 2083\u003cbr/\u003e\u003cb\u003eFB:\u003c/b\u003e \u003ca href=\u0027https://www.facebook.com/groups/beshvil.yael/posts/3763189073974216/\u0027\u003ehttps://www.facebook.com/groups/beshvil.yael/posts/3763189073974216/\u003c/a\u003e\u003cbr/\u003e\u003cbr/\u003e\u003cimg src=\u0027https://drive.google.com/uc?export=view\u0026amp;id=1KQJbFOXMV_cf0oQGDL9drd42JaK34viw\u0027 width=\u0027450\u0027/\u003e\u003cbr/\u003e\u003c/div\u003e",
                                            "tessellate":  -1,
                                            "extrude":  0,
                                            "visibility":  -1
                                        },
                         "geometry":  {
                                          "type":  "Point",
                                          "coordinates":  [
                                                              21.90603,
                                                              40.90645,
                                                              0.0
                                                          ]
                                      }
                     },
                     {
                         "type":  "Feature",
                         "properties":  {
                                            "Name":  "#4560",
                                            "description":  "\u003cdiv dir=\u0027rtl\u0027 style=\u0027font-family:Arial;\u0027\u003e\u003cb\u003eשם:\u003c/b\u003e \u003cbr/\u003e\u003cb\u003eאתר:\u003c/b\u003e \u003cbr/\u003e\u003cb\u003eתאריך:\u003c/b\u003e 23-08-2025\u003cbr/\u003e\u003cb\u003eID:\u003c/b\u003e 1630\u003cbr/\u003e\u003cb\u003eFB:\u003c/b\u003e \u003ca href=\u0027https://www.facebook.com/groups/beshvil.yael/posts/3729928927300231/\u0027\u003ehttps://www.facebook.com/groups/beshvil.yael/posts/3729928927300231/\u003c/a\u003e\u003cbr/\u003e\u003cbr/\u003e\u003cimg src=\u0027https://drive.google.com/uc?export=view\u0026amp;id=1UUophitGFCIhBs4BtjAqiwQh-HLTpxJ-\u0027 width=\u0027450\u0027/\u003e\u003cbr/\u003e\u003c/div\u003e",
                                            "tessellate":  -1,
                                            "extrude":  0,
                                            "visibility":  -1
                                        },
                         "geometry":  {
                                          "type":  "Point",
                                          "coordinates":  [
                                                              11.8472836,
                                                              46.4554383,
                                                              0.0
                                                          ]
                                      }
                     },
                     {
                         "type":  "Feature",
                         "properties":  {
                                            "Name":  "#4622",
                                            "description":  "\u003cdiv dir=\u0027rtl\u0027 style=\u0027font-family:Arial;\u0027\u003e\u003cb\u003eשם:\u003c/b\u003e נירית גפני\u003cbr/\u003e\u003cb\u003eאתר:\u003c/b\u003e הפיורדים המערביים\u003cbr/\u003e\u003cb\u003eתאריך:\u003c/b\u003e 31-07-2025\u003cbr/\u003e\u003cb\u003eID:\u003c/b\u003e 1356\u003cbr/\u003e\u003cb\u003eFB:\u003c/b\u003e \u003ca href=\u0027https://www.facebook.com/groups/beshvil.yael/posts/3708861442740313/\u0027\u003ehttps://www.facebook.com/groups/beshvil.yael/posts/3708861442740313/\u003c/a\u003e\u003cbr/\u003e\u003cbr/\u003e\u003cimg src=\u0027https://drive.google.com/uc?export=view\u0026amp;id=12M_z05XGtKsy6jFm7u188UAZKg17ITzl\u0027 width=\u0027450\u0027/\u003e\u003cbr/\u003e\u003c/div\u003e",
                                            "tessellate":  -1,
                                            "extrude":  0,
                                            "visibility":  -1
                                        },
                         "geometry":  {
                                          "type":  "Point",
                                          "coordinates":  [
                                                              -22.0461793,
                                                              66.0042864,
                                                              0.0
                                                          ]
                                      }
                     },
                     {
                         "type":  "Feature",
                         "properties":  {
                                            "Name":  "#4638",
                                            "description":  "\u003cdiv dir=\u0027rtl\u0027 style=\u0027font-family:Arial;\u0027\u003e\u003cb\u003eשם:\u003c/b\u003e גולן לובנוב\u003cbr/\u003e\u003cb\u003eאתר:\u003c/b\u003e מישורי נדוטו\u003cbr/\u003e\u003cb\u003eתאריך:\u003c/b\u003e 21-01-2026\u003cbr/\u003e\u003cb\u003eID:\u003c/b\u003e 3418\u003cbr/\u003e\u003cb\u003eFB:\u003c/b\u003e \u003ca href=\u0027https://www.facebook.com/groups/beshvil.yael/posts/3867408803552242\u0027\u003ehttps://www.facebook.com/groups/beshvil.yael/posts/3867408803552242\u003c/a\u003e\u003cbr/\u003e\u003cbr/\u003e\u003cimg src=\u0027https://drive.google.com/uc?export=view\u0026amp;id=19ia8KyNNq2Km_QPADl4SvH0bDq8sjapN\u0027 width=\u0027450\u0027/\u003e\u003cbr/\u003e\u003c/div\u003e",
                                            "tessellate":  -1,
                                            "extrude":  0,
                                            "visibility":  -1
                                        },
                         "geometry":  {
                                          "type":  "Point",
                                          "coordinates":  [
                                                              35.04544,
                                                              -2.35745,
                                                              0.0
                                                          ]
                                      }
                     },
                     {
                         "type":  "Feature",
                         "properties":  {
                                            "Name":  "#4646",
                                            "description":  "\u003cdiv dir=\u0027rtl\u0027 style=\u0027font-family:Arial;\u0027\u003e\u003cb\u003eשם:\u003c/b\u003e ניסים כהן\u003cbr/\u003e\u003cb\u003eאתר:\u003c/b\u003e נהר הדנובה\u003cbr/\u003e\u003cb\u003eתאריך:\u003c/b\u003e 07-07-2025\u003cbr/\u003e\u003cb\u003eID:\u003c/b\u003e 1124\u003cbr/\u003e\u003cb\u003eFB:\u003c/b\u003e \u003ca href=\u0027https://www.facebook.com/groups/beshvil.yael/posts/3687927411500383\u0027\u003ehttps://www.facebook.com/groups/beshvil.yael/posts/3687927411500383\u003c/a\u003e\u003cbr/\u003e\u003cbr/\u003e\u003cimg src=\u0027https://drive.google.com/uc?export=view\u0026amp;id=1yQisSm6ardcdMb-_7Qbg-i_gyBD8DCwN\u0027 width=\u0027450\u0027/\u003e\u003cbr/\u003e\u003c/div\u003e",
                                            "tessellate":  -1,
                                            "extrude":  0,
                                            "visibility":  -1
                                        },
                         "geometry":  {
                                          "type":  "Point",
                                          "coordinates":  [
                                                              18.9001868,
                                                              47.7493969,
                                                              0.0
                                                          ]
                                      }
                     },
                     {
                         "type":  "Feature",
                         "properties":  {
                                            "Name":  "#4658",
                                            "description":  "\u003cdiv dir=\u0027rtl\u0027 style=\u0027font-family:Arial;\u0027\u003e\u003cb\u003eשם:\u003c/b\u003e ליאת לוי\u003cbr/\u003e\u003cb\u003eאתר:\u003c/b\u003e mount eros\u003cbr/\u003e\u003cb\u003eתאריך:\u003c/b\u003e 11-06-2025\u003cbr/\u003e\u003cb\u003eID:\u003c/b\u003e 992\u003cbr/\u003e\u003cb\u003eFB:\u003c/b\u003e \u003ca href=\u0027https://www.facebook.com/groups/beshvil.yael/posts/3665280330431758/\u0027\u003ehttps://www.facebook.com/groups/beshvil.yael/posts/3665280330431758/\u003c/a\u003e\u003cbr/\u003e\u003cbr/\u003e\u003cimg src=\u0027https://drive.google.com/uc?export=view\u0026amp;id=1Nd5l7j6maNxum6OoJkZGMR4PYHQbd0qe\u0027 width=\u0027450\u0027/\u003e\u003cbr/\u003e\u003c/div\u003e",
                                            "tessellate":  -1,
                                            "extrude":  0,
                                            "visibility":  -1
                                        },
                         "geometry":  {
                                          "type":  "Point",
                                          "coordinates":  [
                                                              23.4583333,
                                                              37.3263889,
                                                              0.0
                                                          ]
                                      }
                     },
                     {
                         "type":  "Feature",
                         "properties":  {
                                            "Name":  "#4663",
                                            "description":  "\u003cdiv dir=\u0027rtl\u0027 style=\u0027font-family:Arial;\u0027\u003e\u003cb\u003eשם:\u003c/b\u003e ערן נגבי\u003cbr/\u003e\u003cb\u003eאתר:\u003c/b\u003e שדה התעופה pula,\u003cbr/\u003e\u003cb\u003eתאריך:\u003c/b\u003e 09-06-2025\u003cbr/\u003e\u003cb\u003eID:\u003c/b\u003e 959\u003cbr/\u003e\u003cb\u003eFB:\u003c/b\u003e \u003ca href=\u0027https://www.facebook.com/groups/3235176716775457/posts/3663182877308170/\u0027\u003ehttps://www.facebook.com/groups/3235176716775457/posts/3663182877308170/\u003c/a\u003e\u003cbr/\u003e\u003cbr/\u003e\u003cimg src=\u0027https://drive.google.com/uc?export=view\u0026amp;id=1eLnBxQpDTNYwyvfAue8dEP0MmuNgA0SC\u0027 width=\u0027450\u0027/\u003e\u003cbr/\u003e\u003c/div\u003e",
                                            "tessellate":  -1,
                                            "extrude":  0,
                                            "visibility":  -1
                                        },
                         "geometry":  {
                                          "type":  "Point",
                                          "coordinates":  [
                                                              13.9234,
                                                              44.89921,
                                                              0.0
                                                          ]
                                      }
                     },
                     {
                         "type":  "Feature",
                         "properties":  {
                                            "Name":  "#4663",
                                            "description":  "\u003cdiv dir=\u0027rtl\u0027 style=\u0027font-family:Arial;\u0027\u003e\u003cb\u003eשם:\u003c/b\u003e ערן נגבי\u003cbr/\u003e\u003cb\u003eאתר:\u003c/b\u003e Rijeka\u003cbr/\u003e\u003cb\u003eתאריך:\u003c/b\u003e 10-06-2025\u003cbr/\u003e\u003cb\u003eID:\u003c/b\u003e 972\u003cbr/\u003e\u003cb\u003eFB:\u003c/b\u003e \u003ca href=\u0027https://www.facebook.com/groups/3235176716775457/posts/3664001023893022/\u0027\u003ehttps://www.facebook.com/groups/3235176716775457/posts/3664001023893022/\u003c/a\u003e\u003cbr/\u003e\u003cbr/\u003e\u003cimg src=\u0027https://drive.google.com/uc?export=view\u0026amp;id=10GK9rHbpFOpBr6z76QtpXmHjy9zuww8z\u0027 width=\u0027450\u0027/\u003e\u003cbr/\u003e\u003c/div\u003e",
                                            "tessellate":  -1,
                                            "extrude":  0,
                                            "visibility":  -1
                                        },
                         "geometry":  {
                                          "type":  "Point",
                                          "coordinates":  [
                                                              14.442176,
                                                              45.3270631,
                                                              0.0
                                                          ]
                                      }
                     },
                     {
                         "type":  "Feature",
                         "properties":  {
                                            "Name":  "#4663",
                                            "description":  "\u003cdiv dir=\u0027rtl\u0027 style=\u0027font-family:Arial;\u0027\u003e\u003cb\u003eשם:\u003c/b\u003e ערן נגבי\u003cbr/\u003e\u003cb\u003eאתר:\u003c/b\u003e טירת דובובאץ\u003cbr/\u003e\u003cb\u003eתאריך:\u003c/b\u003e 12-06-2025\u003cbr/\u003e\u003cb\u003eID:\u003c/b\u003e 1000\u003cbr/\u003e\u003cb\u003eFB:\u003c/b\u003e \u003ca href=\u0027https://www.facebook.com/groups/beshvil.yael/posts/3665747147051743/\u0027\u003ehttps://www.facebook.com/groups/beshvil.yael/posts/3665747147051743/\u003c/a\u003e\u003cbr/\u003e\u003cbr/\u003e\u003cimg src=\u0027https://drive.google.com/uc?export=view\u0026amp;id=15YxZv_6ndQxKK6_pLph-JxPF8MmGAycU\u0027 width=\u0027450\u0027/\u003e\u003cbr/\u003e\u003c/div\u003e",
                                            "tessellate":  -1,
                                            "extrude":  0,
                                            "visibility":  -1
                                        },
                         "geometry":  {
                                          "type":  "Point",
                                          "coordinates":  [
                                                              15.5608473,
                                                              45.4934388,
                                                              0.0
                                                          ]
                                      }
                     },
                     {
                         "type":  "Feature",
                         "properties":  {
                                            "Name":  "#4663",
                                            "description":  "\u003cdiv dir=\u0027rtl\u0027 style=\u0027font-family:Arial;\u0027\u003e\u003cb\u003eשם:\u003c/b\u003e ערן נגבי\u003cbr/\u003e\u003cb\u003eאתר:\u003c/b\u003e זאגרב\u003cbr/\u003e\u003cb\u003eתאריך:\u003c/b\u003e 17-06-2025\u003cbr/\u003e\u003cb\u003eID:\u003c/b\u003e 1026\u003cbr/\u003e\u003cb\u003eFB:\u003c/b\u003e \u003ca href=\u0027https://www.facebook.com/groups/beshvil.yael/posts/3670159376610520/\u0027\u003ehttps://www.facebook.com/groups/beshvil.yael/posts/3670159376610520/\u003c/a\u003e\u003cbr/\u003e\u003cbr/\u003e\u003cimg src=\u0027https://drive.google.com/uc?export=view\u0026amp;id=1wzoBKjm0WBk_zWWDsvEXz8gUtdbGv-3Z\u0027 width=\u0027450\u0027/\u003e\u003cbr/\u003e\u003c/div\u003e",
                                            "tessellate":  -1,
                                            "extrude":  0,
                                            "visibility":  -1
                                        },
                         "geometry":  {
                                          "type":  "Point",
                                          "coordinates":  [
                                                              15.9462131,
                                                              45.8277202,
                                                              0.0
                                                          ]
                                      }
                     },
                     {
                         "type":  "Feature",
                         "properties":  {
                                            "Name":  "#4663",
                                            "description":  "\u003cdiv dir=\u0027rtl\u0027 style=\u0027font-family:Arial;\u0027\u003e\u003cb\u003eשם:\u003c/b\u003e ערן נגבי\u003cbr/\u003e\u003cb\u003eאתר:\u003c/b\u003e פיאצה דיפופולו\u003cbr/\u003e\u003cb\u003eתאריך:\u003c/b\u003e 18-06-2025\u003cbr/\u003e\u003cb\u003eID:\u003c/b\u003e 1031\u003cbr/\u003e\u003cb\u003eFB:\u003c/b\u003e \u003ca href=\u0027https://www.facebook.com/groups/beshvil.yael/posts/3670944426532015/\u0027\u003ehttps://www.facebook.com/groups/beshvil.yael/posts/3670944426532015/\u003c/a\u003e\u003cbr/\u003e\u003cbr/\u003e\u003cimg src=\u0027https://drive.google.com/uc?export=view\u0026amp;id=1XE3WCnJUXKlQ5sIrt7_ekRtLtaZRa9VD\u0027 width=\u0027450\u0027/\u003e\u003cbr/\u003e\u003c/div\u003e",
                                            "tessellate":  -1,
                                            "extrude":  0,
                                            "visibility":  -1
                                        },
                         "geometry":  {
                                          "type":  "Point",
                                          "coordinates":  [
                                                              12.4762093,
                                                              41.9110163,
                                                              0.0
                                                          ]
                                      }
                     },
                     {
                         "type":  "Feature",
                         "properties":  {
                                            "Name":  "#4663",
                                            "description":  "\u003cdiv dir=\u0027rtl\u0027 style=\u0027font-family:Arial;\u0027\u003e\u003cb\u003eשם:\u003c/b\u003e ערן נגבי\u003cbr/\u003e\u003cb\u003eאתר:\u003c/b\u003e   Horseshoe bend\u003cbr/\u003e\u003cb\u003eתאריך:\u003c/b\u003e 26-06-2025\u003cbr/\u003e\u003cb\u003eID:\u003c/b\u003e 1057\u003cbr/\u003e\u003cb\u003eFB:\u003c/b\u003e \u003ca href=\u0027https://www.facebook.com/groups/beshvil.yael/posts/3677637219196069/\u0027\u003ehttps://www.facebook.com/groups/beshvil.yael/posts/3677637219196069/\u003c/a\u003e\u003cbr/\u003e\u003cbr/\u003e\u003cimg src=\u0027https://drive.google.com/uc?export=view\u0026amp;id=15KBEPd4DRi444euWpnhWr9UYx5A8vnY0\u0027 width=\u0027450\u0027/\u003e\u003cbr/\u003e\u003c/div\u003e",
                                            "tessellate":  -1,
                                            "extrude":  0,
                                            "visibility":  -1
                                        },
                         "geometry":  {
                                          "type":  "Point",
                                          "coordinates":  [
                                                              -111.5120257,
                                                              36.8799451,
                                                              0.0
                                                          ]
                                      }
                     },
                     {
                         "type":  "Feature",
                         "properties":  {
                                            "Name":  "#4663",
                                            "description":  "\u003cdiv dir=\u0027rtl\u0027 style=\u0027font-family:Arial;\u0027\u003e\u003cb\u003eשם:\u003c/b\u003e ערן נגבי\u003cbr/\u003e\u003cb\u003eאתר:\u003c/b\u003e גרנד קניון\u003cbr/\u003e\u003cb\u003eתאריך:\u003c/b\u003e 26-06-2025\u003cbr/\u003e\u003cb\u003eID:\u003c/b\u003e 1061\u003cbr/\u003e\u003cb\u003eFB:\u003c/b\u003e \u003ca href=\u0027https://www.facebook.com/groups/beshvil.yael/posts/3678242479135543\u0027\u003ehttps://www.facebook.com/groups/beshvil.yael/posts/3678242479135543\u003c/a\u003e\u003cbr/\u003e\u003cbr/\u003e\u003cimg src=\u0027https://drive.google.com/uc?export=view\u0026amp;id=1TzY_3jkVGtJ3-3nKnTTC-oxt9p0j9qq-\u0027 width=\u0027450\u0027/\u003e\u003cbr/\u003e\u003c/div\u003e",
                                            "tessellate":  -1,
                                            "extrude":  0,
                                            "visibility":  -1
                                        },
                         "geometry":  {
                                          "type":  "Point",
                                          "coordinates":  [
                                                              -112.1090085,
                                                              36.0972665,
                                                              0.0
                                                          ]
                                      }
                     },
                     {
                         "type":  "Feature",
                         "properties":  {
                                            "Name":  "#4663",
                                            "description":  "\u003cdiv dir=\u0027rtl\u0027 style=\u0027font-family:Arial;\u0027\u003e\u003cb\u003eשם:\u003c/b\u003e ערן נגבי\u003cbr/\u003e\u003cb\u003eאתר:\u003c/b\u003e סיגישוארה\u003cbr/\u003e\u003cb\u003eתאריך:\u003c/b\u003e 01-09-2025\u003cbr/\u003e\u003cb\u003eID:\u003c/b\u003e 1718\u003cbr/\u003e\u003cb\u003eFB:\u003c/b\u003e \u003ca href=\u0027https://www.facebook.com/groups/beshvil.yael/posts/3737748053184985/\u0027\u003ehttps://www.facebook.com/groups/beshvil.yael/posts/3737748053184985/\u003c/a\u003e\u003cbr/\u003e\u003cbr/\u003e\u003cimg src=\u0027https://drive.google.com/uc?export=view\u0026amp;id=110u-v5M-aAaYmS50DFMh3yJfO67mVZjD\u0027 width=\u0027450\u0027/\u003e\u003cbr/\u003e\u003c/div\u003e",
                                            "tessellate":  -1,
                                            "extrude":  0,
                                            "visibility":  -1
                                        },
                         "geometry":  {
                                          "type":  "Point",
                                          "coordinates":  [
                                                              24.7980185,
                                                              46.2158425,
                                                              0.0
                                                          ]
                                      }
                     },
                     {
                         "type":  "Feature",
                         "properties":  {
                                            "Name":  "#4663",
                                            "description":  "\u003cdiv dir=\u0027rtl\u0027 style=\u0027font-family:Arial;\u0027\u003e\u003cb\u003eשם:\u003c/b\u003e ערן נגבי\u003cbr/\u003e\u003cb\u003eאתר:\u003c/b\u003e בכפר שוגג\u003cbr/\u003e\u003cb\u003eתאריך:\u003c/b\u003e 03-09-2025\u003cbr/\u003e\u003cb\u003eID:\u003c/b\u003e 1730\u003cbr/\u003e\u003cb\u003eFB:\u003c/b\u003e \u003ca href=\u0027https://www.facebook.com/groups/beshvil.yael/posts/3739475976345526/\u0027\u003ehttps://www.facebook.com/groups/beshvil.yael/posts/3739475976345526/\u003c/a\u003e\u003cbr/\u003e\u003cbr/\u003e\u003cimg src=\u0027https://drive.google.com/uc?export=view\u0026amp;id=1wPifZReQ5kHN9_SF9TwWWcgL_Psjl1FG\u0027 width=\u0027450\u0027/\u003e\u003cbr/\u003e\u003c/div\u003e",
                                            "tessellate":  -1,
                                            "extrude":  0,
                                            "visibility":  -1
                                        },
                         "geometry":  {
                                          "type":  "Point",
                                          "coordinates":  [
                                                              23.6328774,
                                                              45.7803521,
                                                              0.0
                                                          ]
                                      }
                     },
                     {
                         "type":  "Feature",
                         "properties":  {
                                            "Name":  "#4664",
                                            "description":  "\u003cdiv dir=\u0027rtl\u0027 style=\u0027font-family:Arial;\u0027\u003e\u003cb\u003eשם:\u003c/b\u003e כוכי עובדיה\u003cbr/\u003e\u003cb\u003eאתר:\u003c/b\u003e טירת דובובאץ\u003cbr/\u003e\u003cb\u003eתאריך:\u003c/b\u003e 12-06-2025\u003cbr/\u003e\u003cb\u003eID:\u003c/b\u003e 1000\u003cbr/\u003e\u003cb\u003eFB:\u003c/b\u003e \u003ca href=\u0027https://www.facebook.com/groups/beshvil.yael/posts/3665747147051743/\u0027\u003ehttps://www.facebook.com/groups/beshvil.yael/posts/3665747147051743/\u003c/a\u003e\u003cbr/\u003e\u003cbr/\u003e\u003cimg src=\u0027https://drive.google.com/uc?export=view\u0026amp;id=15YxZv_6ndQxKK6_pLph-JxPF8MmGAycU\u0027 width=\u0027450\u0027/\u003e\u003cbr/\u003e\u003c/div\u003e",
                                            "tessellate":  -1,
                                            "extrude":  0,
                                            "visibility":  -1
                                        },
                         "geometry":  {
                                          "type":  "Point",
                                          "coordinates":  [
                                                              15.5608473,
                                                              45.4937088,
                                                              0.0
                                                          ]
                                      }
                     },
                     {
                         "type":  "Feature",
                         "properties":  {
                                            "Name":  "#4664",
                                            "description":  "\u003cdiv dir=\u0027rtl\u0027 style=\u0027font-family:Arial;\u0027\u003e\u003cb\u003eשם:\u003c/b\u003e כוכי עובדיה\u003cbr/\u003e\u003cb\u003eאתר:\u003c/b\u003e זאגרב\u003cbr/\u003e\u003cb\u003eתאריך:\u003c/b\u003e 17-06-2025\u003cbr/\u003e\u003cb\u003eID:\u003c/b\u003e 1026\u003cbr/\u003e\u003cb\u003eFB:\u003c/b\u003e \u003ca href=\u0027https://www.facebook.com/groups/beshvil.yael/posts/3670159376610520/\u0027\u003ehttps://www.facebook.com/groups/beshvil.yael/posts/3670159376610520/\u003c/a\u003e\u003cbr/\u003e\u003cbr/\u003e\u003cimg src=\u0027https://drive.google.com/uc?export=view\u0026amp;id=1wzoBKjm0WBk_zWWDsvEXz8gUtdbGv-3Z\u0027 width=\u0027450\u0027/\u003e\u003cbr/\u003e\u003c/div\u003e",
                                            "tessellate":  -1,
                                            "extrude":  0,
                                            "visibility":  -1
                                        },
                         "geometry":  {
                                          "type":  "Point",
                                          "coordinates":  [
                                                              15.9462131,
                                                              45.8274502,
                                                              0.0
                                                          ]
                                      }
                     },
                     {
                         "type":  "Feature",
                         "properties":  {
                                            "Name":  "#4664",
                                            "description":  "\u003cdiv dir=\u0027rtl\u0027 style=\u0027font-family:Arial;\u0027\u003e\u003cb\u003eשם:\u003c/b\u003e כוכי עובדיה\u003cbr/\u003e\u003cb\u003eאתר:\u003c/b\u003e פיאצה דיפופולו\u003cbr/\u003e\u003cb\u003eתאריך:\u003c/b\u003e 18-06-2025\u003cbr/\u003e\u003cb\u003eID:\u003c/b\u003e 1031\u003cbr/\u003e\u003cb\u003eFB:\u003c/b\u003e \u003ca href=\u0027https://www.facebook.com/groups/beshvil.yael/posts/3670944426532015/\u0027\u003ehttps://www.facebook.com/groups/beshvil.yael/posts/3670944426532015/\u003c/a\u003e\u003cbr/\u003e\u003cbr/\u003e\u003cimg src=\u0027https://drive.google.com/uc?export=view\u0026amp;id=1XE3WCnJUXKlQ5sIrt7_ekRtLtaZRa9VD\u0027 width=\u0027450\u0027/\u003e\u003cbr/\u003e\u003c/div\u003e",
                                            "tessellate":  -1,
                                            "extrude":  0,
                                            "visibility":  -1
                                        },
                         "geometry":  {
                                          "type":  "Point",
                                          "coordinates":  [
                                                              12.4762093,
                                                              41.9112863,
                                                              0.0
                                                          ]
                                      }
                     },
                     {
                         "type":  "Feature",
                         "properties":  {
                                            "Name":  "#4664",
                                            "description":  "\u003cdiv dir=\u0027rtl\u0027 style=\u0027font-family:Arial;\u0027\u003e\u003cb\u003eשם:\u003c/b\u003e כוכי עובדיה\u003cbr/\u003e\u003cb\u003eאתר:\u003c/b\u003e גרנד קניון\u003cbr/\u003e\u003cb\u003eתאריך:\u003c/b\u003e 26-06-2025\u003cbr/\u003e\u003cb\u003eID:\u003c/b\u003e 1061\u003cbr/\u003e\u003cb\u003eFB:\u003c/b\u003e \u003ca href=\u0027https://www.facebook.com/groups/beshvil.yael/posts/3678242479135543\u0027\u003ehttps://www.facebook.com/groups/beshvil.yael/posts/3678242479135543\u003c/a\u003e\u003cbr/\u003e\u003cbr/\u003e\u003cimg src=\u0027https://drive.google.com/uc?export=view\u0026amp;id=1TzY_3jkVGtJ3-3nKnTTC-oxt9p0j9qq-\u0027 width=\u0027450\u0027/\u003e\u003cbr/\u003e\u003c/div\u003e",
                                            "tessellate":  -1,
                                            "extrude":  0,
                                            "visibility":  -1
                                        },
                         "geometry":  {
                                          "type":  "Point",
                                          "coordinates":  [
                                                              -112.1090085,
                                                              36.0975365,
                                                              0.0
                                                          ]
                                      }
                     },
                     {
                         "type":  "Feature",
                         "properties":  {
                                            "Name":  "#4671",
                                            "description":  "\u003cdiv dir=\u0027rtl\u0027 style=\u0027font-family:Arial;\u0027\u003e\u003cb\u003eשם:\u003c/b\u003e רז פלג\u003cbr/\u003e\u003cb\u003eאתר:\u003c/b\u003e פארק דרמיטור\u003cbr/\u003e\u003cb\u003eתאריך:\u003c/b\u003e 22-09-2025\u003cbr/\u003e\u003cb\u003eID:\u003c/b\u003e 2001\u003cbr/\u003e\u003cb\u003eFB:\u003c/b\u003e \u003ca href=\u0027https://www.facebook.com/groups/beshvil.yael/posts/3757800801179710\u0027\u003ehttps://www.facebook.com/groups/beshvil.yael/posts/3757800801179710\u003c/a\u003e\u003cbr/\u003e\u003cbr/\u003e\u003cimg src=\u0027https://drive.google.com/uc?export=view\u0026amp;id=11OMlJ5I3R7E_D_VafJC93dxRRKPGyxg2\u0027 width=\u0027450\u0027/\u003e\u003cbr/\u003e\u003c/div\u003e",
                                            "tessellate":  -1,
                                            "extrude":  0,
                                            "visibility":  -1
                                        },
                         "geometry":  {
                                          "type":  "Point",
                                          "coordinates":  [
                                                              19.13141,
                                                              43.22521,
                                                              0.0
                                                          ]
                                      }
                     },
                     {
                         "type":  "Feature",
                         "properties":  {
                                            "Name":  "#4671",
                                            "description":  "\u003cdiv dir=\u0027rtl\u0027 style=\u0027font-family:Arial;\u0027\u003e\u003cb\u003eשם:\u003c/b\u003e רז פלג\u003cbr/\u003e\u003cb\u003eאתר:\u003c/b\u003e האגם השחור\u003cbr/\u003e\u003cb\u003eתאריך:\u003c/b\u003e 23-09-2025\u003cbr/\u003e\u003cb\u003eID:\u003c/b\u003e 2011\u003cbr/\u003e\u003cb\u003eFB:\u003c/b\u003e \u003ca href=\u0027https://www.facebook.com/groups/beshvil.yael/posts/3758658504427273\u0027\u003ehttps://www.facebook.com/groups/beshvil.yael/posts/3758658504427273\u003c/a\u003e\u003cbr/\u003e\u003cbr/\u003e\u003cimg src=\u0027https://drive.google.com/uc?export=view\u0026amp;id=1lmMI9UKRdZ6e1RPqFASQ-sVRPcDZwo8i\u0027 width=\u0027450\u0027/\u003e\u003cbr/\u003e\u003c/div\u003e",
                                            "tessellate":  -1,
                                            "extrude":  0,
                                            "visibility":  -1
                                        },
                         "geometry":  {
                                          "type":  "Point",
                                          "coordinates":  [
                                                              19.09007,
                                                              43.14585,
                                                              0.0
                                                          ]
                                      }
                     },
                     {
                         "type":  "Feature",
                         "properties":  {
                                            "Name":  "#4671",
                                            "description":  "\u003cdiv dir=\u0027rtl\u0027 style=\u0027font-family:Arial;\u0027\u003e\u003cb\u003eשם:\u003c/b\u003e רז פלג\u003cbr/\u003e\u003cb\u003eאתר:\u003c/b\u003e אגם ביוגרדסקה גורה\u003cbr/\u003e\u003cb\u003eתאריך:\u003c/b\u003e 25-09-2025\u003cbr/\u003e\u003cb\u003eID:\u003c/b\u003e 2039\u003cbr/\u003e\u003cb\u003eFB:\u003c/b\u003e \u003ca href=\u0027https://www.facebook.com/groups/beshvil.yael/posts/3760122624280861\u0027\u003ehttps://www.facebook.com/groups/beshvil.yael/posts/3760122624280861\u003c/a\u003e\u003cbr/\u003e\u003cbr/\u003e\u003cimg src=\u0027https://drive.google.com/uc?export=view\u0026amp;id=1bhQ-zbenMmRXiDrSk4BSJurQjnLlRwkw\u0027 width=\u0027450\u0027/\u003e\u003cbr/\u003e\u003c/div\u003e",
                                            "tessellate":  -1,
                                            "extrude":  0,
                                            "visibility":  -1
                                        },
                         "geometry":  {
                                          "type":  "Point",
                                          "coordinates":  [
                                                              19.59543,
                                                              42.89562,
                                                              0.0
                                                          ]
                                      }
                     },
                     {
                         "type":  "Feature",
                         "properties":  {
                                            "Name":  "#4676",
                                            "description":  "\u003cdiv dir=\u0027rtl\u0027 style=\u0027font-family:Arial;\u0027\u003e\u003cb\u003eשם:\u003c/b\u003e שי חוגים\u003cbr/\u003e\u003cb\u003eאתר:\u003c/b\u003e \u003cbr/\u003e\u003cb\u003eתאריך:\u003c/b\u003e 09-10-2025\u003cbr/\u003e\u003cb\u003eID:\u003c/b\u003e 2283\u003cbr/\u003e\u003cb\u003eFB:\u003c/b\u003e \u003ca href=\u0027https://www.facebook.com/groups/beshvil.yael/posts/3773782219581568/\u0027\u003ehttps://www.facebook.com/groups/beshvil.yael/posts/3773782219581568/\u003c/a\u003e\u003cbr/\u003e\u003cbr/\u003e\u003cimg src=\u0027https://drive.google.com/uc?export=view\u0026amp;id=1Qfd_sWeS8h5CGXZ720KekMT6kqfYwH8S\u0027 width=\u0027450\u0027/\u003e\u003cbr/\u003e\u003c/div\u003e",
                                            "tessellate":  -1,
                                            "extrude":  0,
                                            "visibility":  -1
                                        },
                         "geometry":  {
                                          "type":  "Point",
                                          "coordinates":  [
                                                              11.84403,
                                                              46.41021,
                                                              0.0
                                                          ]
                                      }
                     },
                     {
                         "type":  "Feature",
                         "properties":  {
                                            "Name":  "#4686",
                                            "description":  "\u003cdiv dir=\u0027rtl\u0027 style=\u0027font-family:Arial;\u0027\u003e\u003cb\u003eשם:\u003c/b\u003e \u003cbr/\u003e\u003cb\u003eאתר:\u003c/b\u003e \u003cbr/\u003e\u003cb\u003eתאריך:\u003c/b\u003e 09-10-2025\u003cbr/\u003e\u003cb\u003eID:\u003c/b\u003e 2284\u003cbr/\u003e\u003cb\u003eFB:\u003c/b\u003e \u003ca href=\u0027https://www.facebook.com/groups/beshvil.yael/posts/3773852862907837\u0027\u003ehttps://www.facebook.com/groups/beshvil.yael/posts/3773852862907837\u003c/a\u003e\u003cbr/\u003e\u003cbr/\u003e\u003cimg src=\u0027https://drive.google.com/uc?export=view\u0026amp;id=1skECUV-RlNXzfwat2MSsmSUuX2PmaDGm\u0027 width=\u0027450\u0027/\u003e\u003cbr/\u003e\u003c/div\u003e",
                                            "tessellate":  -1,
                                            "extrude":  0,
                                            "visibility":  -1
                                        },
                         "geometry":  {
                                          "type":  "Point",
                                          "coordinates":  [
                                                              -8.46607,
                                                              39.205,
                                                              0.0
                                                          ]
                                      }
                     },
                     {
                         "type":  "Feature",
                         "properties":  {
                                            "Name":  "#4687",
                                            "description":  "\u003cdiv dir=\u0027rtl\u0027 style=\u0027font-family:Arial;\u0027\u003e\u003cb\u003eשם:\u003c/b\u003e רוית שניידר\u003cbr/\u003e\u003cb\u003eאתר:\u003c/b\u003e \u003cbr/\u003e\u003cb\u003eתאריך:\u003c/b\u003e 09-10-2025\u003cbr/\u003e\u003cb\u003eID:\u003c/b\u003e 2284\u003cbr/\u003e\u003cb\u003eFB:\u003c/b\u003e \u003ca href=\u0027https://www.facebook.com/groups/beshvil.yael/posts/3773852862907837\u0027\u003ehttps://www.facebook.com/groups/beshvil.yael/posts/3773852862907837\u003c/a\u003e\u003cbr/\u003e\u003cbr/\u003e\u003cimg src=\u0027https://drive.google.com/uc?export=view\u0026amp;id=1skECUV-RlNXzfwat2MSsmSUuX2PmaDGm\u0027 width=\u0027450\u0027/\u003e\u003cbr/\u003e\u003c/div\u003e",
                                            "tessellate":  -1,
                                            "extrude":  0,
                                            "visibility":  -1
                                        },
                         "geometry":  {
                                          "type":  "Point",
                                          "coordinates":  [
                                                              -8.46607,
                                                              39.20473,
                                                              0.0
                                                          ]
                                      }
                     },
                     {
                         "type":  "Feature",
                         "properties":  {
                                            "Name":  "#4720",
                                            "description":  "\u003cdiv dir=\u0027rtl\u0027 style=\u0027font-family:Arial;\u0027\u003e\u003cb\u003eשם:\u003c/b\u003e אלון אלקובי\u003cbr/\u003e\u003cb\u003eאתר:\u003c/b\u003e פארק הסלעים בורמאה.\u003cbr/\u003e\u003cb\u003eתאריך:\u003c/b\u003e 21-08-2025\u003cbr/\u003e\u003cb\u003eID:\u003c/b\u003e 1615\u003cbr/\u003e\u003cb\u003eFB:\u003c/b\u003e \u003ca href=\u0027https://www.facebook.com/groups/beshvil.yael/posts/3728285544131236/\u0027\u003ehttps://www.facebook.com/groups/beshvil.yael/posts/3728285544131236/\u003c/a\u003e\u003cbr/\u003e\u003cbr/\u003e\u003cimg src=\u0027https://drive.google.com/uc?export=view\u0026amp;id=1_vWGXAj3sYxJ8dj8ynKzAGhbGtdLhrGh\u0027 width=\u0027450\u0027/\u003e\u003cbr/\u003e\u003c/div\u003e",
                                            "tessellate":  -1,
                                            "extrude":  0,
                                            "visibility":  -1
                                        },
                         "geometry":  {
                                          "type":  "Point",
                                          "coordinates":  [
                                                              8.5716302,
                                                              45.7712037,
                                                              0.0
                                                          ]
                                      }
                     },
                     {
                         "type":  "Feature",
                         "properties":  {
                                            "Name":  "#4737",
                                            "description":  "\u003cdiv dir=\u0027rtl\u0027 style=\u0027font-family:Arial;\u0027\u003e\u003cb\u003eשם:\u003c/b\u003e עפרה בר-און - רוטמן\u003cbr/\u003e\u003cb\u003eאתר:\u003c/b\u003e אקרופוליס\u003cbr/\u003e\u003cb\u003eתאריך:\u003c/b\u003e 12-05-2026\u003cbr/\u003e\u003cb\u003eID:\u003c/b\u003e 4410\u003cbr/\u003e\u003cb\u003eFB:\u003c/b\u003e \u003ca href=\u0027https://www.facebook.com/groups/beshvil.yael/posts/3969491223343999/\u0027\u003ehttps://www.facebook.com/groups/beshvil.yael/posts/3969491223343999/\u003c/a\u003e\u003cbr/\u003e\u003cbr/\u003e\u003cimg src=\u0027https://drive.google.com/uc?export=view\u0026amp;id=1-m5ueOmi4btTVEFCaHDPH9nX98WwiFL0\u0027 width=\u0027450\u0027/\u003e\u003cbr/\u003e\u003c/div\u003e",
                                            "tessellate":  -1,
                                            "extrude":  0,
                                            "visibility":  -1
                                        },
                         "geometry":  {
                                          "type":  "Point",
                                          "coordinates":  [
                                                              23.72615,
                                                              37.9713,
                                                              0.0
                                                          ]
                                      }
                     },
                     {
                         "type":  "Feature",
                         "properties":  {
                                            "Name":  "#4737",
                                            "description":  "\u003cdiv dir=\u0027rtl\u0027 style=\u0027font-family:Arial;\u0027\u003e\u003cb\u003eשם:\u003c/b\u003e עפרה בר-און - רוטמן\u003cbr/\u003e\u003cb\u003eאתר:\u003c/b\u003e אגינה\u003cbr/\u003e\u003cb\u003eתאריך:\u003c/b\u003e 14-05-2026\u003cbr/\u003e\u003cb\u003eID:\u003c/b\u003e 4433\u003cbr/\u003e\u003cb\u003eFB:\u003c/b\u003e \u003ca href=\u0027https://www.facebook.com/groups/beshvil.yael/posts/3971716929788095/\u0027\u003ehttps://www.facebook.com/groups/beshvil.yael/posts/3971716929788095/\u003c/a\u003e\u003cbr/\u003e\u003cbr/\u003e\u003cimg src=\u0027https://drive.google.com/uc?export=view\u0026amp;id=11lkgjCS-4kGf2NPVMIrGQUzJYnrIM3F1\u0027 width=\u0027450\u0027/\u003e\u003cbr/\u003e\u003c/div\u003e",
                                            "tessellate":  -1,
                                            "extrude":  0,
                                            "visibility":  -1
                                        },
                         "geometry":  {
                                          "type":  "Point",
                                          "coordinates":  [
                                                              23.47395,
                                                              37.76802,
                                                              0.0
                                                          ]
                                      }
                     },
                     {
                         "type":  "Feature",
                         "properties":  {
                                            "Name":  "#4768",
                                            "description":  "\u003cdiv dir=\u0027rtl\u0027 style=\u0027font-family:Arial;\u0027\u003e\u003cb\u003eשם:\u003c/b\u003e רותם בדש\u003cbr/\u003e\u003cb\u003eאתר:\u003c/b\u003e סן פרנציסקו\u003cbr/\u003e\u003cb\u003eתאריך:\u003c/b\u003e 14-08-2025\u003cbr/\u003e\u003cb\u003eID:\u003c/b\u003e 1534\u003cbr/\u003e\u003cb\u003eFB:\u003c/b\u003e \u003ca href=\u0027https://www.facebook.com/groups/beshvil.yael/posts/3721664434793347/\u0027\u003ehttps://www.facebook.com/groups/beshvil.yael/posts/3721664434793347/\u003c/a\u003e\u003cbr/\u003e\u003cbr/\u003e\u003cimg src=\u0027https://drive.google.com/uc?export=view\u0026amp;id=1fmV5zLrrsLgZfKC0HJMWB6rsveJSrLwI\u0027 width=\u0027450\u0027/\u003e\u003cbr/\u003e\u003c/div\u003e",
                                            "tessellate":  -1,
                                            "extrude":  0,
                                            "visibility":  -1
                                        },
                         "geometry":  {
                                          "type":  "Point",
                                          "coordinates":  [
                                                              -122.3885153,
                                                              37.7583746,
                                                              0.0
                                                          ]
                                      }
                     },
                     {
                         "type":  "Feature",
                         "properties":  {
                                            "Name":  "#4830",
                                            "description":  "\u003cdiv dir=\u0027rtl\u0027 style=\u0027font-family:Arial;\u0027\u003e\u003cb\u003eשם:\u003c/b\u003e פנינה פרידלנד\u003cbr/\u003e\u003cb\u003eאתר:\u003c/b\u003e ברצלונה\u003cbr/\u003e\u003cb\u003eתאריך:\u003c/b\u003e 29-07-2025\u003cbr/\u003e\u003cb\u003eID:\u003c/b\u003e 1328\u003cbr/\u003e\u003cb\u003eFB:\u003c/b\u003e \u003ca href=\u0027https://www.facebook.com/groups/beshvil.yael/posts/3706796449613479/\u0027\u003ehttps://www.facebook.com/groups/beshvil.yael/posts/3706796449613479/\u003c/a\u003e\u003cbr/\u003e\u003cbr/\u003e\u003cimg src=\u0027https://drive.google.com/uc?export=view\u0026amp;id=1xwnXGUkrjUmA2JRLh__vLgzsbDLl6r-f\u0027 width=\u0027450\u0027/\u003e\u003cbr/\u003e\u003c/div\u003e",
                                            "tessellate":  -1,
                                            "extrude":  0,
                                            "visibility":  -1
                                        },
                         "geometry":  {
                                          "type":  "Point",
                                          "coordinates":  [
                                                              2.1817859,
                                                              41.3858519,
                                                              0.0
                                                          ]
                                      }
                     },
                     {
                         "type":  "Feature",
                         "properties":  {
                                            "Name":  "#4830",
                                            "description":  "\u003cdiv dir=\u0027rtl\u0027 style=\u0027font-family:Arial;\u0027\u003e\u003cb\u003eשם:\u003c/b\u003e פנינה פרידלנד\u003cbr/\u003e\u003cb\u003eאתר:\u003c/b\u003e  גשר ברוקלין\u003cbr/\u003e\u003cb\u003eתאריך:\u003c/b\u003e 09-09-2025\u003cbr/\u003e\u003cb\u003eID:\u003c/b\u003e 1819\u003cbr/\u003e\u003cb\u003eFB:\u003c/b\u003e \u003ca href=\u0027https://www.facebook.com/groups/beshvil.yael/posts/3745443322415458\u0027\u003ehttps://www.facebook.com/groups/beshvil.yael/posts/3745443322415458\u003c/a\u003e\u003cbr/\u003e\u003cbr/\u003e\u003cimg src=\u0027https://drive.google.com/uc?export=view\u0026amp;id=1FXLsVv4ojO-dqOtyiA7vTM2pUuTfyhte\u0027 width=\u0027450\u0027/\u003e\u003cbr/\u003e\u003c/div\u003e",
                                            "tessellate":  -1,
                                            "extrude":  0,
                                            "visibility":  -1
                                        },
                         "geometry":  {
                                          "type":  "Point",
                                          "coordinates":  [
                                                              -73.99686,
                                                              40.70608,
                                                              0.0
                                                          ]
                                      }
                     },
                     {
                         "type":  "Feature",
                         "properties":  {
                                            "Name":  "#4830",
                                            "description":  "\u003cdiv dir=\u0027rtl\u0027 style=\u0027font-family:Arial;\u0027\u003e\u003cb\u003eשם:\u003c/b\u003e פנינה פרידלנד\u003cbr/\u003e\u003cb\u003eאתר:\u003c/b\u003e meshuga\u003cbr/\u003e\u003cb\u003eתאריך:\u003c/b\u003e 19-12-2025\u003cbr/\u003e\u003cb\u003eID:\u003c/b\u003e 3105\u003cbr/\u003e\u003cb\u003eFB:\u003c/b\u003e \u003ca href=\u0027https://www.facebook.com/groups/beshvil.yael/posts/3839825346310588/\u0027\u003ehttps://www.facebook.com/groups/beshvil.yael/posts/3839825346310588/\u003c/a\u003e\u003cbr/\u003e\u003cbr/\u003e\u003cimg src=\u0027https://drive.google.com/uc?export=view\u0026amp;id=1EYXu67WXaoEENnIgIX5sU_AE_XinOX-d\u0027 width=\u0027450\u0027/\u003e\u003cbr/\u003e\u003c/div\u003e",
                                            "tessellate":  -1,
                                            "extrude":  0,
                                            "visibility":  -1
                                        },
                         "geometry":  {
                                          "type":  "Point",
                                          "coordinates":  [
                                                              19.05921,
                                                              47.49893,
                                                              0.0
                                                          ]
                                      }
                     },
                     {
                         "type":  "Feature",
                         "properties":  {
                                            "Name":  "#4831",
                                            "description":  "\u003cdiv dir=\u0027rtl\u0027 style=\u0027font-family:Arial;\u0027\u003e\u003cb\u003eשם:\u003c/b\u003e \u003cbr/\u003e\u003cb\u003eאתר:\u003c/b\u003e ברצלונה\u003cbr/\u003e\u003cb\u003eתאריך:\u003c/b\u003e 29-07-2025\u003cbr/\u003e\u003cb\u003eID:\u003c/b\u003e 1328\u003cbr/\u003e\u003cb\u003eFB:\u003c/b\u003e \u003ca href=\u0027https://www.facebook.com/groups/beshvil.yael/posts/3706796449613479/\u0027\u003ehttps://www.facebook.com/groups/beshvil.yael/posts/3706796449613479/\u003c/a\u003e\u003cbr/\u003e\u003cbr/\u003e\u003cimg src=\u0027https://drive.google.com/uc?export=view\u0026amp;id=1xwnXGUkrjUmA2JRLh__vLgzsbDLl6r-f\u0027 width=\u0027450\u0027/\u003e\u003cbr/\u003e\u003c/div\u003e",
                                            "tessellate":  -1,
                                            "extrude":  0,
                                            "visibility":  -1
                                        },
                         "geometry":  {
                                          "type":  "Point",
                                          "coordinates":  [
                                                              2.1817859,
                                                              41.3861219,
                                                              0.0
                                                          ]
                                      }
                     },
                     {
                         "type":  "Feature",
                         "properties":  {
                                            "Name":  "#4832",
                                            "description":  "\u003cdiv dir=\u0027rtl\u0027 style=\u0027font-family:Arial;\u0027\u003e\u003cb\u003eשם:\u003c/b\u003e \u003cbr/\u003e\u003cb\u003eאתר:\u003c/b\u003e ברצלונה\u003cbr/\u003e\u003cb\u003eתאריך:\u003c/b\u003e 29-07-2025\u003cbr/\u003e\u003cb\u003eID:\u003c/b\u003e 1328\u003cbr/\u003e\u003cb\u003eFB:\u003c/b\u003e \u003ca href=\u0027https://www.facebook.com/groups/beshvil.yael/posts/3706796449613479/\u0027\u003ehttps://www.facebook.com/groups/beshvil.yael/posts/3706796449613479/\u003c/a\u003e\u003cbr/\u003e\u003cbr/\u003e\u003cimg src=\u0027https://drive.google.com/uc?export=view\u0026amp;id=1xwnXGUkrjUmA2JRLh__vLgzsbDLl6r-f\u0027 width=\u0027450\u0027/\u003e\u003cbr/\u003e\u003c/div\u003e",
                                            "tessellate":  -1,
                                            "extrude":  0,
                                            "visibility":  -1
                                        },
                         "geometry":  {
                                          "type":  "Point",
                                          "coordinates":  [
                                                              2.1817859,
                                                              41.3863919,
                                                              0.0
                                                          ]
                                      }
                     },
                     {
                         "type":  "Feature",
                         "properties":  {
                                            "Name":  "#4833",
                                            "description":  "\u003cdiv dir=\u0027rtl\u0027 style=\u0027font-family:Arial;\u0027\u003e\u003cb\u003eשם:\u003c/b\u003e \u003cbr/\u003e\u003cb\u003eאתר:\u003c/b\u003e ברצלונה\u003cbr/\u003e\u003cb\u003eתאריך:\u003c/b\u003e 29-07-2025\u003cbr/\u003e\u003cb\u003eID:\u003c/b\u003e 1328\u003cbr/\u003e\u003cb\u003eFB:\u003c/b\u003e \u003ca href=\u0027https://www.facebook.com/groups/beshvil.yael/posts/3706796449613479/\u0027\u003ehttps://www.facebook.com/groups/beshvil.yael/posts/3706796449613479/\u003c/a\u003e\u003cbr/\u003e\u003cbr/\u003e\u003cimg src=\u0027https://drive.google.com/uc?export=view\u0026amp;id=1xwnXGUkrjUmA2JRLh__vLgzsbDLl6r-f\u0027 width=\u0027450\u0027/\u003e\u003cbr/\u003e\u003c/div\u003e",
                                            "tessellate":  -1,
                                            "extrude":  0,
                                            "visibility":  -1
                                        },
                         "geometry":  {
                                          "type":  "Point",
                                          "coordinates":  [
                                                              2.1817859,
                                                              41.3866619,
                                                              0.0
                                                          ]
                                      }
                     },
                     {
                         "type":  "Feature",
                         "properties":  {
                                            "Name":  "#4861",
                                            "description":  "\u003cdiv dir=\u0027rtl\u0027 style=\u0027font-family:Arial;\u0027\u003e\u003cb\u003eשם:\u003c/b\u003e איתי אבירם\u003cbr/\u003e\u003cb\u003eאתר:\u003c/b\u003e האי גורה (Goree)\u003cbr/\u003e\u003cb\u003eתאריך:\u003c/b\u003e 27-05-2025\u003cbr/\u003e\u003cb\u003eID:\u003c/b\u003e 793\u003cbr/\u003e\u003cb\u003eFB:\u003c/b\u003e \u003ca href=\u0027https://www.facebook.com/groups/3235176716775457/posts/3652413305051794/\u0027\u003ehttps://www.facebook.com/groups/3235176716775457/posts/3652413305051794/\u003c/a\u003e\u003cbr/\u003e\u003cbr/\u003e\u003cimg src=\u0027https://drive.google.com/uc?export=view\u0026amp;id=1Ng5zS9Pew_wEf1IvSD5kqORW1WB3LcCX\u0027 width=\u0027450\u0027/\u003e\u003cbr/\u003e\u003c/div\u003e",
                                            "tessellate":  -1,
                                            "extrude":  0,
                                            "visibility":  -1
                                        },
                         "geometry":  {
                                          "type":  "Point",
                                          "coordinates":  [
                                                              -17.3989282,
                                                              14.6678596,
                                                              0.0
                                                          ]
                                      }
                     },
                     {
                         "type":  "Feature",
                         "properties":  {
                                            "Name":  "#4861",
                                            "description":  "\u003cdiv dir=\u0027rtl\u0027 style=\u0027font-family:Arial;\u0027\u003e\u003cb\u003eשם:\u003c/b\u003e איתי אבירם\u003cbr/\u003e\u003cb\u003eאתר:\u003c/b\u003e \u003cbr/\u003e\u003cb\u003eתאריך:\u003c/b\u003e 30-05-2025\u003cbr/\u003e\u003cb\u003eID:\u003c/b\u003e 823\u003cbr/\u003e\u003cb\u003eFB:\u003c/b\u003e \u003ca href=\u0027https://www.facebook.com/groups/3235176716775457/posts/3654921291467662/\u0027\u003ehttps://www.facebook.com/groups/3235176716775457/posts/3654921291467662/\u003c/a\u003e\u003cbr/\u003e\u003cbr/\u003e\u003cimg src=\u0027https://drive.google.com/uc?export=view\u0026amp;id=1SUEc5YjKOr-_eGC66TuPfESmRjjDeJf0\u0027 width=\u0027450\u0027/\u003e\u003cbr/\u003e\u003c/div\u003e",
                                            "tessellate":  -1,
                                            "extrude":  0,
                                            "visibility":  -1
                                        },
                         "geometry":  {
                                          "type":  "Point",
                                          "coordinates":  [
                                                              -22.8221137,
                                                              16.0406173,
                                                              0.0
                                                          ]
                                      }
                     },
                     {
                         "type":  "Feature",
                         "properties":  {
                                            "Name":  "#4861",
                                            "description":  "\u003cdiv dir=\u0027rtl\u0027 style=\u0027font-family:Arial;\u0027\u003e\u003cb\u003eשם:\u003c/b\u003e איתי אבירם\u003cbr/\u003e\u003cb\u003eאתר:\u003c/b\u003e Meganisi\u003cbr/\u003e\u003cb\u003eתאריך:\u003c/b\u003e 18-09-2025\u003cbr/\u003e\u003cb\u003eID:\u003c/b\u003e 1935\u003cbr/\u003e\u003cb\u003eFB:\u003c/b\u003e \u003ca href=\u0027https://www.facebook.com/groups/beshvil.yael/posts/3753897348236722\u0027\u003ehttps://www.facebook.com/groups/beshvil.yael/posts/3753897348236722\u003c/a\u003e\u003cbr/\u003e\u003cbr/\u003e\u003cimg src=\u0027https://drive.google.com/uc?export=view\u0026amp;id=1nLvUlHCj8zICAsqGVCXfcKDIUTpYRgOH\u0027 width=\u0027450\u0027/\u003e\u003cbr/\u003e\u003c/div\u003e",
                                            "tessellate":  -1,
                                            "extrude":  0,
                                            "visibility":  -1
                                        },
                         "geometry":  {
                                          "type":  "Point",
                                          "coordinates":  [
                                                              20.75156,
                                                              38.6407,
                                                              0.0
                                                          ]
                                      }
                     },
                     {
                         "type":  "Feature",
                         "properties":  {
                                            "Name":  "#4864",
                                            "description":  "\u003cdiv dir=\u0027rtl\u0027 style=\u0027font-family:Arial;\u0027\u003e\u003cb\u003eשם:\u003c/b\u003e עודד רובינשטיין\u003cbr/\u003e\u003cb\u003eאתר:\u003c/b\u003e מעבר לנין\u003cbr/\u003e\u003cb\u003eתאריך:\u003c/b\u003e 10-08-2025\u003cbr/\u003e\u003cb\u003eID:\u003c/b\u003e 1489\u003cbr/\u003e\u003cb\u003eFB:\u003c/b\u003e \u003ca href=\u0027http://אין פוסט\u0027\u003ehttp://אין פוסט\u003c/a\u003e\u003cbr/\u003e\u003cbr/\u003e\u003cimg src=\u0027https://drive.google.com/uc?export=view\u0026amp;id=1ZIoRNZuaEl8pCjmWavBxt14r4xHyDMj3\u0027 width=\u0027450\u0027/\u003e\u003cbr/\u003e\u003c/div\u003e",
                                            "tessellate":  -1,
                                            "extrude":  0,
                                            "visibility":  -1
                                        },
                         "geometry":  {
                                          "type":  "Point",
                                          "coordinates":  [
                                                              72.87618,
                                                              39.34714,
                                                              0.0
                                                          ]
                                      }
                     },
                     {
                         "type":  "Feature",
                         "properties":  {
                                            "Name":  "#4864",
                                            "description":  "\u003cdiv dir=\u0027rtl\u0027 style=\u0027font-family:Arial;\u0027\u003e\u003cb\u003eשם:\u003c/b\u003e עודד רובינשטיין\u003cbr/\u003e\u003cb\u003eאתר:\u003c/b\u003e זיפלד\u003cbr/\u003e\u003cb\u003eתאריך:\u003c/b\u003e 27-02-2026\u003cbr/\u003e\u003cb\u003eID:\u003c/b\u003e 3883\u003cbr/\u003e\u003cb\u003eFB:\u003c/b\u003e \u003ca href=\u0027https://www.facebook.com/groups/beshvil.yael/posts/3902677316692057/\u0027\u003ehttps://www.facebook.com/groups/beshvil.yael/posts/3902677316692057/\u003c/a\u003e\u003cbr/\u003e\u003cbr/\u003e\u003cimg src=\u0027https://drive.google.com/uc?export=view\u0026amp;id=1xZxDZsW29rnBr32TfnNlhQNQQD0EK7ma\u0027 width=\u0027450\u0027/\u003e\u003cbr/\u003e\u003c/div\u003e",
                                            "tessellate":  -1,
                                            "extrude":  0,
                                            "visibility":  -1
                                        },
                         "geometry":  {
                                          "type":  "Point",
                                          "coordinates":  [
                                                              11.18502,
                                                              47.32069,
                                                              0.0
                                                          ]
                                      }
                     },
                     {
                         "type":  "Feature",
                         "properties":  {
                                            "Name":  "#4871",
                                            "description":  "\u003cdiv dir=\u0027rtl\u0027 style=\u0027font-family:Arial;\u0027\u003e\u003cb\u003eשם:\u003c/b\u003e עדי בא\u003cbr/\u003e\u003cb\u003eאתר:\u003c/b\u003e \u003cbr/\u003e\u003cb\u003eתאריך:\u003c/b\u003e 15-08-2025\u003cbr/\u003e\u003cb\u003eID:\u003c/b\u003e 1541\u003cbr/\u003e\u003cb\u003eFB:\u003c/b\u003e \u003ca href=\u0027https://www.facebook.com/groups/beshvil.yael/posts/3722477714712019/\u0027\u003ehttps://www.facebook.com/groups/beshvil.yael/posts/3722477714712019/\u003c/a\u003e\u003cbr/\u003e\u003cbr/\u003e\u003cimg src=\u0027https://drive.google.com/uc?export=view\u0026amp;id=1PhC8h04i2SbXoabboIBtrUz_jRQeRV5_\u0027 width=\u0027450\u0027/\u003e\u003cbr/\u003e\u003c/div\u003e",
                                            "tessellate":  -1,
                                            "extrude":  0,
                                            "visibility":  -1
                                        },
                         "geometry":  {
                                          "type":  "Point",
                                          "coordinates":  [
                                                              103.8462721,
                                                              1.2590672,
                                                              0.0
                                                          ]
                                      }
                     },
                     {
                         "type":  "Feature",
                         "properties":  {
                                            "Name":  "#4871",
                                            "description":  "\u003cdiv dir=\u0027rtl\u0027 style=\u0027font-family:Arial;\u0027\u003e\u003cb\u003eשם:\u003c/b\u003e עדי בא\u003cbr/\u003e\u003cb\u003eאתר:\u003c/b\u003e \u003cbr/\u003e\u003cb\u003eתאריך:\u003c/b\u003e 19-09-2025\u003cbr/\u003e\u003cb\u003eID:\u003c/b\u003e 1943\u003cbr/\u003e\u003cb\u003eFB:\u003c/b\u003e \u003ca href=\u0027https://www.facebook.com/groups/beshvil.yael/posts/3754325731527217/\u0027\u003ehttps://www.facebook.com/groups/beshvil.yael/posts/3754325731527217/\u003c/a\u003e\u003cbr/\u003e\u003cbr/\u003e\u003cimg src=\u0027https://drive.google.com/uc?export=view\u0026amp;id=19AOkSHrKPRex8-031tHnvHbbuP4ZGC_5\u0027 width=\u0027450\u0027/\u003e\u003cbr/\u003e\u003c/div\u003e",
                                            "tessellate":  -1,
                                            "extrude":  0,
                                            "visibility":  -1
                                        },
                         "geometry":  {
                                          "type":  "Point",
                                          "coordinates":  [
                                                              107.88187,
                                                              15.11655,
                                                              0.0
                                                          ]
                                      }
                     },
                     {
                         "type":  "Feature",
                         "properties":  {
                                            "Name":  "#4887",
                                            "description":  "\u003cdiv dir=\u0027rtl\u0027 style=\u0027font-family:Arial;\u0027\u003e\u003cb\u003eשם:\u003c/b\u003e אירית מאני מיטב\u003cbr/\u003e\u003cb\u003eאתר:\u003c/b\u003e לנזרוטה\u003cbr/\u003e\u003cb\u003eתאריך:\u003c/b\u003e 02-03-2026\u003cbr/\u003e\u003cb\u003eID:\u003c/b\u003e 3905\u003cbr/\u003e\u003cb\u003eFB:\u003c/b\u003e \u003ca href=\u0027https://www.facebook.com/groups/beshvil.yael/posts/3905772263049229\u0027\u003ehttps://www.facebook.com/groups/beshvil.yael/posts/3905772263049229\u003c/a\u003e\u003cbr/\u003e\u003cbr/\u003e\u003cimg src=\u0027https://drive.google.com/uc?export=view\u0026amp;id=1JEV43u5jAURfSs5xy4VFM2wZFKMIWcxV\u0027 width=\u0027450\u0027/\u003e\u003cbr/\u003e\u003c/div\u003e",
                                            "tessellate":  -1,
                                            "extrude":  0,
                                            "visibility":  -1
                                        },
                         "geometry":  {
                                          "type":  "Point",
                                          "coordinates":  [
                                                              -13.71357,
                                                              29.00362,
                                                              0.0
                                                          ]
                                      }
                     },
                     {
                         "type":  "Feature",
                         "properties":  {
                                            "Name":  "#4925",
                                            "description":  "\u003cdiv dir=\u0027rtl\u0027 style=\u0027font-family:Arial;\u0027\u003e\u003cb\u003eשם:\u003c/b\u003e מרב רודב\u003cbr/\u003e\u003cb\u003eאתר:\u003c/b\u003e 𝒫𝑜𝓃𝓉𝒶 𝒟𝑒 𝒮𝒶𝑜 𝐿𝑜𝓊𝓇𝑒𝓃𝒸𝑜\u003cbr/\u003e\u003cb\u003eתאריך:\u003c/b\u003e \u003cbr/\u003e\u003cb\u003eID:\u003c/b\u003e 3318\u003cbr/\u003e\u003cb\u003eFB:\u003c/b\u003e \u003ca href=\u0027https://www.facebook.com/groups/beshvil.yael/posts/3858239987802457\u0027\u003ehttps://www.facebook.com/groups/beshvil.yael/posts/3858239987802457\u003c/a\u003e\u003cbr/\u003e\u003cbr/\u003e\u003cimg src=\u0027https://drive.google.com/uc?export=view\u0026amp;id=1sx5Y27I0YtxbOpzHYPyIcnNkFkepSsfw\u0027 width=\u0027450\u0027/\u003e\u003cbr/\u003e\u003c/div\u003e",
                                            "tessellate":  -1,
                                            "extrude":  0,
                                            "visibility":  -1
                                        },
                         "geometry":  {
                                          "type":  "Point",
                                          "coordinates":  [
                                                              -16.68754,
                                                              32.74539,
                                                              0.0
                                                          ]
                                      }
                     },
                     {
                         "type":  "Feature",
                         "properties":  {
                                            "Name":  "#4925",
                                            "description":  "\u003cdiv dir=\u0027rtl\u0027 style=\u0027font-family:Arial;\u0027\u003e\u003cb\u003eשם:\u003c/b\u003e מאיה רודב\u003cbr/\u003e\u003cb\u003eאתר:\u003c/b\u003e Fitz roy\u003cbr/\u003e\u003cb\u003eתאריך:\u003c/b\u003e \u003cbr/\u003e\u003cb\u003eID:\u003c/b\u003e 3320\u003cbr/\u003e\u003cb\u003eFB:\u003c/b\u003e \u003ca href=\u0027https://www.facebook.com/groups/beshvil.yael/posts/3858249404468182\u0027\u003ehttps://www.facebook.com/groups/beshvil.yael/posts/3858249404468182\u003c/a\u003e\u003cbr/\u003e\u003cbr/\u003e\u003cimg src=\u0027https://drive.google.com/uc?export=view\u0026amp;id=14SBNoTfPmoWSkVHazOcuMqpnshIY0Y3o\u0027 width=\u0027450\u0027/\u003e\u003cbr/\u003e\u003c/div\u003e",
                                            "tessellate":  -1,
                                            "extrude":  0,
                                            "visibility":  -1
                                        },
                         "geometry":  {
                                          "type":  "Point",
                                          "coordinates":  [
                                                              -73.04537,
                                                              -49.27189,
                                                              0.0
                                                          ]
                                      }
                     },
                     {
                         "type":  "Feature",
                         "properties":  {
                                            "Name":  "#4925",
                                            "description":  "\u003cdiv dir=\u0027rtl\u0027 style=\u0027font-family:Arial;\u0027\u003e\u003cb\u003eשם:\u003c/b\u003e עידן מוסלי\u003cbr/\u003e\u003cb\u003eאתר:\u003c/b\u003e איירלי ביצ׳\u003cbr/\u003e\u003cb\u003eתאריך:\u003c/b\u003e 13-11-2025\u003cbr/\u003e\u003cb\u003eID:\u003c/b\u003e 2716\u003cbr/\u003e\u003cb\u003eFB:\u003c/b\u003e \u003ca href=\u0027https://www.facebook.com/groups/beshvil.yael/posts/3808745722751884/\u0027\u003ehttps://www.facebook.com/groups/beshvil.yael/posts/3808745722751884/\u003c/a\u003e\u003cbr/\u003e\u003cbr/\u003e\u003cimg src=\u0027https://drive.google.com/uc?export=view\u0026amp;id=1jDFabISJR5LKGcoysj4KGpAtWAIaRRO3\u0027 width=\u0027450\u0027/\u003e\u003cbr/\u003e\u003c/div\u003e",
                                            "tessellate":  -1,
                                            "extrude":  0,
                                            "visibility":  -1
                                        },
                         "geometry":  {
                                          "type":  "Point",
                                          "coordinates":  [
                                                              148.71599,
                                                              -20.26582,
                                                              0.0
                                                          ]
                                      }
                     },
                     {
                         "type":  "Feature",
                         "properties":  {
                                            "Name":  "#4925",
                                            "description":  "\u003cdiv dir=\u0027rtl\u0027 style=\u0027font-family:Arial;\u0027\u003e\u003cb\u003eשם:\u003c/b\u003e עידן מוסלי\u003cbr/\u003e\u003cb\u003eאתר:\u003c/b\u003e פלאו\u003cbr/\u003e\u003cb\u003eתאריך:\u003c/b\u003e 13-11-2025\u003cbr/\u003e\u003cb\u003eID:\u003c/b\u003e 2718\u003cbr/\u003e\u003cb\u003eFB:\u003c/b\u003e \u003ca href=\u0027https://www.facebook.com/groups/beshvil.yael/posts/3808749232751533/\u0027\u003ehttps://www.facebook.com/groups/beshvil.yael/posts/3808749232751533/\u003c/a\u003e\u003cbr/\u003e\u003cbr/\u003e\u003cimg src=\u0027https://drive.google.com/uc?export=view\u0026amp;id=1bsCNviSrCxl8pOjGyHMzYN7C9zDcxuTD\u0027 width=\u0027450\u0027/\u003e\u003cbr/\u003e\u003c/div\u003e",
                                            "tessellate":  -1,
                                            "extrude":  0,
                                            "visibility":  -1
                                        },
                         "geometry":  {
                                          "type":  "Point",
                                          "coordinates":  [
                                                              134.32814,
                                                              7.63248,
                                                              0.0
                                                          ]
                                      }
                     },
                     {
                         "type":  "Feature",
                         "properties":  {
                                            "Name":  "#4925",
                                            "description":  "\u003cdiv dir=\u0027rtl\u0027 style=\u0027font-family:Arial;\u0027\u003e\u003cb\u003eשם:\u003c/b\u003e מרב רודב\u003cbr/\u003e\u003cb\u003eאתר:\u003c/b\u003e Nezu Shrine\u003cbr/\u003e\u003cb\u003eתאריך:\u003c/b\u003e 13-11-2025\u003cbr/\u003e\u003cb\u003eID:\u003c/b\u003e 2719\u003cbr/\u003e\u003cb\u003eFB:\u003c/b\u003e \u003ca href=\u0027https://www.facebook.com/groups/beshvil.yael/posts/3808749242751532\u0027\u003ehttps://www.facebook.com/groups/beshvil.yael/posts/3808749242751532\u003c/a\u003e\u003cbr/\u003e\u003cbr/\u003e\u003cimg src=\u0027https://drive.google.com/uc?export=view\u0026amp;id=14_Bt2ONxeXZ8RKLIUIJhGKxkHfjf6XE9\u0027 width=\u0027450\u0027/\u003e\u003cbr/\u003e\u003c/div\u003e",
                                            "tessellate":  -1,
                                            "extrude":  0,
                                            "visibility":  -1
                                        },
                         "geometry":  {
                                          "type":  "Point",
                                          "coordinates":  [
                                                              139.76064,
                                                              35.72034,
                                                              0.0
                                                          ]
                                      }
                     },
                     {
                         "type":  "Feature",
                         "properties":  {
                                            "Name":  "#4925",
                                            "description":  "\u003cdiv dir=\u0027rtl\u0027 style=\u0027font-family:Arial;\u0027\u003e\u003cb\u003eשם:\u003c/b\u003e מרב רודב\u003cbr/\u003e\u003cb\u003eאתר:\u003c/b\u003e מקסיקו סיטי\u003cbr/\u003e\u003cb\u003eתאריך:\u003c/b\u003e 13-11-2025\u003cbr/\u003e\u003cb\u003eID:\u003c/b\u003e 2720\u003cbr/\u003e\u003cb\u003eFB:\u003c/b\u003e \u003ca href=\u0027https://www.facebook.com/groups/beshvil.yael/posts/3808750542751402/\u0027\u003ehttps://www.facebook.com/groups/beshvil.yael/posts/3808750542751402/\u003c/a\u003e\u003cbr/\u003e\u003cbr/\u003e\u003cimg src=\u0027https://drive.google.com/uc?export=view\u0026amp;id=1LaN37yvdhaZG3u_OUU20IjVgPfSVO4WP\u0027 width=\u0027450\u0027/\u003e\u003cbr/\u003e\u003c/div\u003e",
                                            "tessellate":  -1,
                                            "extrude":  0,
                                            "visibility":  -1
                                        },
                         "geometry":  {
                                          "type":  "Point",
                                          "coordinates":  [
                                                              -99.23318,
                                                              19.47967,
                                                              0.0
                                                          ]
                                      }
                     },
                     {
                         "type":  "Feature",
                         "properties":  {
                                            "Name":  "#4925",
                                            "description":  "\u003cdiv dir=\u0027rtl\u0027 style=\u0027font-family:Arial;\u0027\u003e\u003cb\u003eשם:\u003c/b\u003e מרב רודב\u003cbr/\u003e\u003cb\u003eאתר:\u003c/b\u003e \u003cbr/\u003e\u003cb\u003eתאריך:\u003c/b\u003e 31-01-2026\u003cbr/\u003e\u003cb\u003eID:\u003c/b\u003e 3522\u003cbr/\u003e\u003cb\u003eFB:\u003c/b\u003e \u003ca href=\u0027https://www.facebook.com/groups/beshvil.yael/posts/3876467192646403/\u0027\u003ehttps://www.facebook.com/groups/beshvil.yael/posts/3876467192646403/\u003c/a\u003e\u003cbr/\u003e\u003cbr/\u003e\u003cimg src=\u0027https://drive.google.com/uc?export=view\u0026amp;id=1taI4Uq2VbuUXaRD1Ogofahg1uv_o9h-5\u0027 width=\u0027450\u0027/\u003e\u003cbr/\u003e\u003c/div\u003e",
                                            "tessellate":  -1,
                                            "extrude":  0,
                                            "visibility":  -1
                                        },
                         "geometry":  {
                                          "type":  "Point",
                                          "coordinates":  [
                                                              -82.25832,
                                                              23.04983,
                                                              0.0
                                                          ]
                                      }
                     },
                     {
                         "type":  "Feature",
                         "properties":  {
                                            "Name":  "#4925",
                                            "description":  "\u003cdiv dir=\u0027rtl\u0027 style=\u0027font-family:Arial;\u0027\u003e\u003cb\u003eשם:\u003c/b\u003e מרב רודב\u003cbr/\u003e\u003cb\u003eאתר:\u003c/b\u003e 𝓒𝓱𝓸𝓬𝓸𝓵𝓪𝓽𝓮 𝓗𝓲𝓵𝓵𝓼\u003cbr/\u003e\u003cb\u003eתאריך:\u003c/b\u003e 23-02-2026\u003cbr/\u003e\u003cb\u003eID:\u003c/b\u003e 3837\u003cbr/\u003e\u003cb\u003eFB:\u003c/b\u003e \u003ca href=\u0027https://www.facebook.com/groups/beshvil.yael/posts/3898474437112345/\u0027\u003ehttps://www.facebook.com/groups/beshvil.yael/posts/3898474437112345/\u003c/a\u003e\u003cbr/\u003e\u003cbr/\u003e\u003cimg src=\u0027https://drive.google.com/uc?export=view\u0026amp;id=11GkTORzoi-o5qUxg_IzMMmqwjOSj0063\u0027 width=\u0027450\u0027/\u003e\u003cbr/\u003e\u003c/div\u003e",
                                            "tessellate":  -1,
                                            "extrude":  0,
                                            "visibility":  -1
                                        },
                         "geometry":  {
                                          "type":  "Point",
                                          "coordinates":  [
                                                              124.13761,
                                                              9.83156,
                                                              0.0
                                                          ]
                                      }
                     },
                     {
                         "type":  "Feature",
                         "properties":  {
                                            "Name":  "#4925",
                                            "description":  "\u003cdiv dir=\u0027rtl\u0027 style=\u0027font-family:Arial;\u0027\u003e\u003cb\u003eשם:\u003c/b\u003e מרב רודב\u003cbr/\u003e\u003cb\u003eאתר:\u003c/b\u003e Kobayashi Issa\u003cbr/\u003e\u003cb\u003eתאריך:\u003c/b\u003e 16-03-2026\u003cbr/\u003e\u003cb\u003eID:\u003c/b\u003e 3965\u003cbr/\u003e\u003cb\u003eFB:\u003c/b\u003e \u003ca href=\u0027https://www.facebook.com/groups/beshvil.yael/posts/3917088255250963\u0027\u003ehttps://www.facebook.com/groups/beshvil.yael/posts/3917088255250963\u003c/a\u003e\u003cbr/\u003e\u003cbr/\u003e\u003cimg src=\u0027https://drive.google.com/uc?export=view\u0026amp;id=1a92hZpA2uB4g7y9LWMvpGgTnnOolJTnR\u0027 width=\u0027450\u0027/\u003e\u003cbr/\u003e\u003c/div\u003e",
                                            "tessellate":  -1,
                                            "extrude":  0,
                                            "visibility":  -1
                                        },
                         "geometry":  {
                                          "type":  "Point",
                                          "coordinates":  [
                                                              137.98296,
                                                              36.64223,
                                                              0.0
                                                          ]
                                      }
                     },
                     {
                         "type":  "Feature",
                         "properties":  {
                                            "Name":  "#4933",
                                            "description":  "\u003cdiv dir=\u0027rtl\u0027 style=\u0027font-family:Arial;\u0027\u003e\u003cb\u003eשם:\u003c/b\u003e יעל שפירא\u003cbr/\u003e\u003cb\u003eאתר:\u003c/b\u003e פארק אלגונקוין\u003cbr/\u003e\u003cb\u003eתאריך:\u003c/b\u003e 16-09-2025\u003cbr/\u003e\u003cb\u003eID:\u003c/b\u003e 1898\u003cbr/\u003e\u003cb\u003eFB:\u003c/b\u003e \u003ca href=\u0027https://www.facebook.com/groups/beshvil.yael/posts/3751561825136941\u0027\u003ehttps://www.facebook.com/groups/beshvil.yael/posts/3751561825136941\u003c/a\u003e\u003cbr/\u003e\u003cbr/\u003e\u003cimg src=\u0027https://drive.google.com/uc?export=view\u0026amp;id=1A4GLngofy4b0S4kN9HbXzlGJUSMAagsS\u0027 width=\u0027450\u0027/\u003e\u003cbr/\u003e\u003c/div\u003e",
                                            "tessellate":  -1,
                                            "extrude":  0,
                                            "visibility":  -1
                                        },
                         "geometry":  {
                                          "type":  "Point",
                                          "coordinates":  [
                                                              -78.50548,
                                                              45.88685,
                                                              0.0
                                                          ]
                                      }
                     },
                     {
                         "type":  "Feature",
                         "properties":  {
                                            "Name":  "#4940",
                                            "description":  "\u003cdiv dir=\u0027rtl\u0027 style=\u0027font-family:Arial;\u0027\u003e\u003cb\u003eשם:\u003c/b\u003e נועם שומרון\u003cbr/\u003e\u003cb\u003eאתר:\u003c/b\u003e אוניברסיטת הונג קונג\u003cbr/\u003e\u003cb\u003eתאריך:\u003c/b\u003e 14-12-2025\u003cbr/\u003e\u003cb\u003eID:\u003c/b\u003e 3056\u003cbr/\u003e\u003cb\u003eFB:\u003c/b\u003e \u003ca href=\u0027https://www.facebook.com/groups/beshvil.yael/posts/3835256210100835\u0027\u003ehttps://www.facebook.com/groups/beshvil.yael/posts/3835256210100835\u003c/a\u003e\u003cbr/\u003e\u003cbr/\u003e\u003cimg src=\u0027https://drive.google.com/uc?export=view\u0026amp;id=135_vhp_wxwSBDCA_0X1liMS1panlljmV\u0027 width=\u0027450\u0027/\u003e\u003cbr/\u003e\u003c/div\u003e",
                                            "tessellate":  -1,
                                            "extrude":  0,
                                            "visibility":  -1
                                        },
                         "geometry":  {
                                          "type":  "Point",
                                          "coordinates":  [
                                                              114.1365,
                                                              22.28327,
                                                              0.0
                                                          ]
                                      }
                     },
                     {
                         "type":  "Feature",
                         "properties":  {
                                            "Name":  "#4940",
                                            "description":  "\u003cdiv dir=\u0027rtl\u0027 style=\u0027font-family:Arial;\u0027\u003e\u003cb\u003eשם:\u003c/b\u003e נועם שומרון\u003cbr/\u003e\u003cb\u003eאתר:\u003c/b\u003e Royal Victoria Dock\u003cbr/\u003e\u003cb\u003eתאריך:\u003c/b\u003e 30-01-2026\u003cbr/\u003e\u003cb\u003eID:\u003c/b\u003e 3514\u003cbr/\u003e\u003cb\u003eFB:\u003c/b\u003e \u003ca href=\u0027https://www.facebook.com/groups/beshvil.yael/posts/3876097249350064\u0027\u003ehttps://www.facebook.com/groups/beshvil.yael/posts/3876097249350064\u003c/a\u003e\u003cbr/\u003e\u003cbr/\u003e\u003cimg src=\u0027https://drive.google.com/uc?export=view\u0026amp;id=1aHuLRwVr96WKbYt-0pGBDo-ICeoRBXhE\u0027 width=\u0027450\u0027/\u003e\u003cbr/\u003e\u003c/div\u003e",
                                            "tessellate":  -1,
                                            "extrude":  0,
                                            "visibility":  -1
                                        },
                         "geometry":  {
                                          "type":  "Point",
                                          "coordinates":  [
                                                              0.02544,
                                                              51.5075,
                                                              0.0
                                                          ]
                                      }
                     },
                     {
                         "type":  "Feature",
                         "properties":  {
                                            "Name":  "#4941",
                                            "description":  "\u003cdiv dir=\u0027rtl\u0027 style=\u0027font-family:Arial;\u0027\u003e\u003cb\u003eשם:\u003c/b\u003e \u003cbr/\u003e\u003cb\u003eאתר:\u003c/b\u003e Evia\u003cbr/\u003e\u003cb\u003eתאריך:\u003c/b\u003e 08-09-2025\u003cbr/\u003e\u003cb\u003eID:\u003c/b\u003e 1804\u003cbr/\u003e\u003cb\u003eFB:\u003c/b\u003e \u003ca href=\u0027https://www.facebook.com/groups/beshvil.yael/posts/3744280719198385/\u0027\u003ehttps://www.facebook.com/groups/beshvil.yael/posts/3744280719198385/\u003c/a\u003e\u003cbr/\u003e\u003cbr/\u003e\u003cimg src=\u0027https://drive.google.com/uc?export=view\u0026amp;id=1-R37nXHhk5N6qAi-bc0a3Sw5E75K6uaW\u0027 width=\u0027450\u0027/\u003e\u003cbr/\u003e\u003c/div\u003e",
                                            "tessellate":  -1,
                                            "extrude":  0,
                                            "visibility":  -1
                                        },
                         "geometry":  {
                                          "type":  "Point",
                                          "coordinates":  [
                                                              23.835187,
                                                              38.5120229,
                                                              0.0
                                                          ]
                                      }
                     },
                     {
                         "type":  "Feature",
                         "properties":  {
                                            "Name":  "#4942",
                                            "description":  "\u003cdiv dir=\u0027rtl\u0027 style=\u0027font-family:Arial;\u0027\u003e\u003cb\u003eשם:\u003c/b\u003e דניאל לוינסון\u003cbr/\u003e\u003cb\u003eאתר:\u003c/b\u003e \u003cbr/\u003e\u003cb\u003eתאריך:\u003c/b\u003e 20-10-2025\u003cbr/\u003e\u003cb\u003eID:\u003c/b\u003e 2462\u003cbr/\u003e\u003cb\u003eFB:\u003c/b\u003e \u003ca href=\u0027https://www.facebook.com/groups/beshvil.yael/posts/3785236608436129\u0027\u003ehttps://www.facebook.com/groups/beshvil.yael/posts/3785236608436129\u003c/a\u003e\u003cbr/\u003e\u003cbr/\u003e\u003cimg src=\u0027https://drive.google.com/uc?export=view\u0026amp;id=1Xa41nyks8C-KPUCmO4jgfrI_y28xdopx\u0027 width=\u0027450\u0027/\u003e\u003cbr/\u003e\u003c/div\u003e",
                                            "tessellate":  -1,
                                            "extrude":  0,
                                            "visibility":  -1
                                        },
                         "geometry":  {
                                          "type":  "Point",
                                          "coordinates":  [
                                                              37.25951,
                                                              -3.56364,
                                                              0.0
                                                          ]
                                      }
                     },
                     {
                         "type":  "Feature",
                         "properties":  {
                                            "Name":  "#4953",
                                            "description":  "\u003cdiv dir=\u0027rtl\u0027 style=\u0027font-family:Arial;\u0027\u003e\u003cb\u003eשם:\u003c/b\u003e שירז רפואה\u003cbr/\u003e\u003cb\u003eאתר:\u003c/b\u003e דון דט\u003cbr/\u003e\u003cb\u003eתאריך:\u003c/b\u003e 30-11-2025\u003cbr/\u003e\u003cb\u003eID:\u003c/b\u003e 2927\u003cbr/\u003e\u003cb\u003eFB:\u003c/b\u003e \u003ca href=\u0027https://www.facebook.com/groups/beshvil.yael/posts/3823325664627223\u0027\u003ehttps://www.facebook.com/groups/beshvil.yael/posts/3823325664627223\u003c/a\u003e\u003cbr/\u003e\u003cbr/\u003e\u003cimg src=\u0027https://drive.google.com/uc?export=view\u0026amp;id=1DnYhxPpZebsjLvY8DnECB5Q0w6mwVtMq\u0027 width=\u0027450\u0027/\u003e\u003cbr/\u003e\u003c/div\u003e",
                                            "tessellate":  -1,
                                            "extrude":  0,
                                            "visibility":  -1
                                        },
                         "geometry":  {
                                          "type":  "Point",
                                          "coordinates":  [
                                                              105.91807,
                                                              13.9792,
                                                              0.0
                                                          ]
                                      }
                     },
                     {
                         "type":  "Feature",
                         "properties":  {
                                            "Name":  "#4958",
                                            "description":  "\u003cdiv dir=\u0027rtl\u0027 style=\u0027font-family:Arial;\u0027\u003e\u003cb\u003eשם:\u003c/b\u003e תמר גלבוע-חביב\u003cbr/\u003e\u003cb\u003eאתר:\u003c/b\u003e Piazza del Popolo\u003cbr/\u003e\u003cb\u003eתאריך:\u003c/b\u003e 05-10-2025\u003cbr/\u003e\u003cb\u003eID:\u003c/b\u003e 2177\u003cbr/\u003e\u003cb\u003eFB:\u003c/b\u003e \u003ca href=\u0027https://www.facebook.com/groups/beshvil.yael/posts/3770154193277704/\u0027\u003ehttps://www.facebook.com/groups/beshvil.yael/posts/3770154193277704/\u003c/a\u003e\u003cbr/\u003e\u003cbr/\u003e\u003cimg src=\u0027https://drive.google.com/uc?export=view\u0026amp;id=1ufZ5bvS9YGS_AVcQVqklSrjV8CSq0E4w\u0027 width=\u0027450\u0027/\u003e\u003cbr/\u003e\u003c/div\u003e",
                                            "tessellate":  -1,
                                            "extrude":  0,
                                            "visibility":  -1
                                        },
                         "geometry":  {
                                          "type":  "Point",
                                          "coordinates":  [
                                                              12.4762,
                                                              41.91101,
                                                              0.0
                                                          ]
                                      }
                     },
                     {
                         "type":  "Feature",
                         "properties":  {
                                            "Name":  "#4960",
                                            "description":  "\u003cdiv dir=\u0027rtl\u0027 style=\u0027font-family:Arial;\u0027\u003e\u003cb\u003eשם:\u003c/b\u003e תמר טל\u003cbr/\u003e\u003cb\u003eאתר:\u003c/b\u003e São Miguel Island‎‏.\u003cbr/\u003e\u003cb\u003eתאריך:\u003c/b\u003e 16-09-2025\u003cbr/\u003e\u003cb\u003eID:\u003c/b\u003e 1902\u003cbr/\u003e\u003cb\u003eFB:\u003c/b\u003e \u003ca href=\u0027https://www.facebook.com/groups/beshvil.yael/posts/3751937295099394\u0027\u003ehttps://www.facebook.com/groups/beshvil.yael/posts/3751937295099394\u003c/a\u003e\u003cbr/\u003e\u003cbr/\u003e\u003cimg src=\u0027https://drive.google.com/uc?export=view\u0026amp;id=11Bo76vcMhTlH_zd9wlAoav1PGPU581M5\u0027 width=\u0027450\u0027/\u003e\u003cbr/\u003e\u003c/div\u003e",
                                            "tessellate":  -1,
                                            "extrude":  0,
                                            "visibility":  -1
                                        },
                         "geometry":  {
                                          "type":  "Point",
                                          "coordinates":  [
                                                              -25.44211,
                                                              37.73808,
                                                              0.0
                                                          ]
                                      }
                     },
                     {
                         "type":  "Feature",
                         "properties":  {
                                            "Name":  "#4974",
                                            "description":  "\u003cdiv dir=\u0027rtl\u0027 style=\u0027font-family:Arial;\u0027\u003e\u003cb\u003eשם:\u003c/b\u003e שירה חייקין\u003cbr/\u003e\u003cb\u003eאתר:\u003c/b\u003e Freycinet National Park\u003cbr/\u003e\u003cb\u003eתאריך:\u003c/b\u003e 16-02-2026\u003cbr/\u003e\u003cb\u003eID:\u003c/b\u003e 3738\u003cbr/\u003e\u003cb\u003eFB:\u003c/b\u003e \u003ca href=\u0027https://www.facebook.com/groups/beshvil.yael/posts/3892225737737215\u0027\u003ehttps://www.facebook.com/groups/beshvil.yael/posts/3892225737737215\u003c/a\u003e\u003cbr/\u003e\u003cbr/\u003e\u003cimg src=\u0027https://drive.google.com/uc?export=view\u0026amp;id=1UpShW2ZarwBjLv1AROfu6oDb9yThDGCY\u0027 width=\u0027450\u0027/\u003e\u003cbr/\u003e\u003c/div\u003e",
                                            "tessellate":  -1,
                                            "extrude":  0,
                                            "visibility":  -1
                                        },
                         "geometry":  {
                                          "type":  "Point",
                                          "coordinates":  [
                                                              148.30027,
                                                              -42.12603,
                                                              0.0
                                                          ]
                                      }
                     },
                     {
                         "type":  "Feature",
                         "properties":  {
                                            "Name":  "#4987",
                                            "description":  "\u003cdiv dir=\u0027rtl\u0027 style=\u0027font-family:Arial;\u0027\u003e\u003cb\u003eשם:\u003c/b\u003e \u003cbr/\u003e\u003cb\u003eאתר:\u003c/b\u003e קאבו ז\u0027יראו\u003cbr/\u003e\u003cb\u003eתאריך:\u003c/b\u003e 05-08-2025\u003cbr/\u003e\u003cb\u003eID:\u003c/b\u003e 1406\u003cbr/\u003e\u003cb\u003eFB:\u003c/b\u003e \u003ca href=\u0027https://www.facebook.com/groups/beshvil.yael/posts/3713468772279580\u0027\u003ehttps://www.facebook.com/groups/beshvil.yael/posts/3713468772279580\u003c/a\u003e\u003cbr/\u003e\u003cbr/\u003e\u003cimg src=\u0027https://drive.google.com/uc?export=view\u0026amp;id=16_8KMCmncniea2PTEWyBHAz8riWivQPd\u0027 width=\u0027450\u0027/\u003e\u003cbr/\u003e\u003c/div\u003e",
                                            "tessellate":  -1,
                                            "extrude":  0,
                                            "visibility":  -1
                                        },
                         "geometry":  {
                                          "type":  "Point",
                                          "coordinates":  [
                                                              -17.02369,
                                                              32.66135,
                                                              0.0
                                                          ]
                                      }
                     },
                     {
                         "type":  "Feature",
                         "properties":  {
                                            "Name":  "#4999",
                                            "description":  "\u003cdiv dir=\u0027rtl\u0027 style=\u0027font-family:Arial;\u0027\u003e\u003cb\u003eשם:\u003c/b\u003e מרים אברמסקי\u003cbr/\u003e\u003cb\u003eאתר:\u003c/b\u003e קאבו ז\u0027יראו\u003cbr/\u003e\u003cb\u003eתאריך:\u003c/b\u003e 05-08-2025\u003cbr/\u003e\u003cb\u003eID:\u003c/b\u003e 1406\u003cbr/\u003e\u003cb\u003eFB:\u003c/b\u003e \u003ca href=\u0027https://www.facebook.com/groups/beshvil.yael/posts/3713468772279580\u0027\u003ehttps://www.facebook.com/groups/beshvil.yael/posts/3713468772279580\u003c/a\u003e\u003cbr/\u003e\u003cbr/\u003e\u003cimg src=\u0027https://drive.google.com/uc?export=view\u0026amp;id=16_8KMCmncniea2PTEWyBHAz8riWivQPd\u0027 width=\u0027450\u0027/\u003e\u003cbr/\u003e\u003c/div\u003e",
                                            "tessellate":  -1,
                                            "extrude":  0,
                                            "visibility":  -1
                                        },
                         "geometry":  {
                                          "type":  "Point",
                                          "coordinates":  [
                                                              -17.02369,
                                                              32.66162,
                                                              0.0
                                                          ]
                                      }
                     },
                     {
                         "type":  "Feature",
                         "properties":  {
                                            "Name":  "#4999",
                                            "description":  "\u003cdiv dir=\u0027rtl\u0027 style=\u0027font-family:Arial;\u0027\u003e\u003cb\u003eשם:\u003c/b\u003e מרים אברמסקי\u003cbr/\u003e\u003cb\u003eאתר:\u003c/b\u003e הקוקז הגבוה\u003cbr/\u003e\u003cb\u003eתאריך:\u003c/b\u003e 05-10-2025\u003cbr/\u003e\u003cb\u003eID:\u003c/b\u003e 2172\u003cbr/\u003e\u003cb\u003eFB:\u003c/b\u003e \u003ca href=\u0027https://www.facebook.com/groups/beshvil.yael/posts/3769626686663788/\u0027\u003ehttps://www.facebook.com/groups/beshvil.yael/posts/3769626686663788/\u003c/a\u003e\u003cbr/\u003e\u003cbr/\u003e\u003cimg src=\u0027https://drive.google.com/uc?export=view\u0026amp;id=1L-4Dyt_EzxT1URriooJRtAXYrm7yzcTn\u0027 width=\u0027450\u0027/\u003e\u003cbr/\u003e\u003c/div\u003e",
                                            "tessellate":  -1,
                                            "extrude":  0,
                                            "visibility":  -1
                                        },
                         "geometry":  {
                                          "type":  "Point",
                                          "coordinates":  [
                                                              43.41054,
                                                              42.58826,
                                                              0.0
                                                          ]
                                      }
                     },
                     {
                         "type":  "Feature",
                         "properties":  {
                                            "Name":  "#5000",
                                            "description":  "\u003cdiv dir=\u0027rtl\u0027 style=\u0027font-family:Arial;\u0027\u003e\u003cb\u003eשם:\u003c/b\u003e ‏חגית איגרמן פלד‏\u003cbr/\u003e\u003cb\u003eאתר:\u003c/b\u003e פארק ציון\u003cbr/\u003e\u003cb\u003eתאריך:\u003c/b\u003e 06-08-2025\u003cbr/\u003e\u003cb\u003eID:\u003c/b\u003e 1411\u003cbr/\u003e\u003cb\u003eFB:\u003c/b\u003e \u003ca href=\u0027https://www.facebook.com/groups/beshvil.yael/posts/3713875702238887/\u0027\u003ehttps://www.facebook.com/groups/beshvil.yael/posts/3713875702238887/\u003c/a\u003e\u003cbr/\u003e\u003cbr/\u003e\u003cimg src=\u0027https://drive.google.com/uc?export=view\u0026amp;id=1rRllSCCctTibRqigqxmOE3mLDTitL1cy\u0027 width=\u0027450\u0027/\u003e\u003cbr/\u003e\u003c/div\u003e",
                                            "tessellate":  -1,
                                            "extrude":  0,
                                            "visibility":  -1
                                        },
                         "geometry":  {
                                          "type":  "Point",
                                          "coordinates":  [
                                                              -113.1238041,
                                                              37.29711,
                                                              0.0
                                                          ]
                                      }
                     },
                     {
                         "type":  "Feature",
                         "properties":  {
                                            "Name":  "#5000",
                                            "description":  "\u003cdiv dir=\u0027rtl\u0027 style=\u0027font-family:Arial;\u0027\u003e\u003cb\u003eשם:\u003c/b\u003e ‏חגית איגרמן פלד‏\u003cbr/\u003e\u003cb\u003eאתר:\u003c/b\u003e הרי הרוקי\u003cbr/\u003e\u003cb\u003eתאריך:\u003c/b\u003e 12-08-2025\u003cbr/\u003e\u003cb\u003eID:\u003c/b\u003e 1505\u003cbr/\u003e\u003cb\u003eFB:\u003c/b\u003e \u003ca href=\u0027https://www.facebook.com/groups/beshvil.yael/posts/3719396231686834/\u0027\u003ehttps://www.facebook.com/groups/beshvil.yael/posts/3719396231686834/\u003c/a\u003e\u003cbr/\u003e\u003cbr/\u003e\u003cimg src=\u0027https://drive.google.com/uc?export=view\u0026amp;id=1d1i4F5m9M2vdowZzleYf9H1vJsexhA3Q\u0027 width=\u0027450\u0027/\u003e\u003cbr/\u003e\u003c/div\u003e",
                                            "tessellate":  -1,
                                            "extrude":  0,
                                            "visibility":  -1
                                        },
                         "geometry":  {
                                          "type":  "Point",
                                          "coordinates":  [
                                                              -105.5875087,
                                                              40.2935912,
                                                              0.0
                                                          ]
                                      }
                     },
                     {
                         "type":  "Feature",
                         "properties":  {
                                            "Name":  "#5012",
                                            "description":  "\u003cdiv dir=\u0027rtl\u0027 style=\u0027font-family:Arial;\u0027\u003e\u003cb\u003eשם:\u003c/b\u003e אבי קלפר\u003cbr/\u003e\u003cb\u003eאתר:\u003c/b\u003e ממסטיה לאושגולי\u003cbr/\u003e\u003cb\u003eתאריך:\u003c/b\u003e 19-09-2025\u003cbr/\u003e\u003cb\u003eID:\u003c/b\u003e 1947\u003cbr/\u003e\u003cb\u003eFB:\u003c/b\u003e \u003ca href=\u0027https://www.facebook.com/groups/beshvil.yael/posts/3754678551491935\u0027\u003ehttps://www.facebook.com/groups/beshvil.yael/posts/3754678551491935\u003c/a\u003e\u003cbr/\u003e\u003cbr/\u003e\u003cimg src=\u0027https://drive.google.com/uc?export=view\u0026amp;id=1jXwsHA4fhCMLRoMTos27PJTnOOnlxgfa\u0027 width=\u0027450\u0027/\u003e\u003cbr/\u003e\u003c/div\u003e",
                                            "tessellate":  -1,
                                            "extrude":  0,
                                            "visibility":  -1
                                        },
                         "geometry":  {
                                          "type":  "Point",
                                          "coordinates":  [
                                                              42.72047,
                                                              43.0437,
                                                              0.0
                                                          ]
                                      }
                     },
                     {
                         "type":  "Feature",
                         "properties":  {
                                            "Name":  "#5014",
                                            "description":  "\u003cdiv dir=\u0027rtl\u0027 style=\u0027font-family:Arial;\u0027\u003e\u003cb\u003eשם:\u003c/b\u003e יוסי מוצפי\u003cbr/\u003e\u003cb\u003eאתר:\u003c/b\u003e שירגאו\u003cbr/\u003e\u003cb\u003eתאריך:\u003c/b\u003e 16-06-2025\u003cbr/\u003e\u003cb\u003eID:\u003c/b\u003e 1023\u003cbr/\u003e\u003cb\u003eFB:\u003c/b\u003e \u003ca href=\u0027https://www.facebook.com/groups/beshvil.yael/posts/3669704559989335/\u0027\u003ehttps://www.facebook.com/groups/beshvil.yael/posts/3669704559989335/\u003c/a\u003e\u003cbr/\u003e\u003cbr/\u003e\u003cimg src=\u0027https://drive.google.com/uc?export=view\u0026amp;id=1ZCC44P7OA33Jd4M3XsVvJ8QffsuEA1zC\u0027 width=\u0027450\u0027/\u003e\u003cbr/\u003e\u003c/div\u003e",
                                            "tessellate":  -1,
                                            "extrude":  0,
                                            "visibility":  -1
                                        },
                         "geometry":  {
                                          "type":  "Point",
                                          "coordinates":  [
                                                              126.0307375,
                                                              9.8583356,
                                                              0.0
                                                          ]
                                      }
                     },
                     {
                         "type":  "Feature",
                         "properties":  {
                                            "Name":  "#5014",
                                            "description":  "\u003cdiv dir=\u0027rtl\u0027 style=\u0027font-family:Arial;\u0027\u003e\u003cb\u003eשם:\u003c/b\u003e יוסי מוצפי\u003cbr/\u003e\u003cb\u003eאתר:\u003c/b\u003e מנאלי\u003cbr/\u003e\u003cb\u003eתאריך:\u003c/b\u003e 24-09-2025\u003cbr/\u003e\u003cb\u003eID:\u003c/b\u003e 2025\u003cbr/\u003e\u003cb\u003eFB:\u003c/b\u003e \u003ca href=\u0027https://www.facebook.com/groups/beshvil.yael/posts/3759390441020746\u0027\u003ehttps://www.facebook.com/groups/beshvil.yael/posts/3759390441020746\u003c/a\u003e\u003cbr/\u003e\u003cbr/\u003e\u003cimg src=\u0027https://drive.google.com/uc?export=view\u0026amp;id=1Gx4o2GCcqxY4Pe6FMCGdS73fwP7EN5P8\u0027 width=\u0027450\u0027/\u003e\u003cbr/\u003e\u003c/div\u003e",
                                            "tessellate":  -1,
                                            "extrude":  0,
                                            "visibility":  -1
                                        },
                         "geometry":  {
                                          "type":  "Point",
                                          "coordinates":  [
                                                              77.19681,
                                                              32.24434,
                                                              0.0
                                                          ]
                                      }
                     },
                     {
                         "type":  "Feature",
                         "properties":  {
                                            "Name":  "#5016",
                                            "description":  "\u003cdiv dir=\u0027rtl\u0027 style=\u0027font-family:Arial;\u0027\u003e\u003cb\u003eשם:\u003c/b\u003e יוסי מוצפי\u003cbr/\u003e\u003cb\u003eאתר:\u003c/b\u003e Phaeng noi\u003cbr/\u003e\u003cb\u003eתאריך:\u003c/b\u003e 26-01-2026\u003cbr/\u003e\u003cb\u003eID:\u003c/b\u003e 3479\u003cbr/\u003e\u003cb\u003eFB:\u003c/b\u003e \u003ca href=\u0027https://www.facebook.com/groups/beshvil.yael/posts/3872105243082598\u0027\u003ehttps://www.facebook.com/groups/beshvil.yael/posts/3872105243082598\u003c/a\u003e\u003cbr/\u003e\u003cbr/\u003e\u003cimg src=\u0027https://drive.google.com/uc?export=view\u0026amp;id=1TkElvLWUz1ocp8_NP6DhmHrS7DQg-aoI\u0027 width=\u0027450\u0027/\u003e\u003cbr/\u003e\u003c/div\u003e",
                                            "tessellate":  -1,
                                            "extrude":  0,
                                            "visibility":  -1
                                        },
                         "geometry":  {
                                          "type":  "Point",
                                          "coordinates":  [
                                                              100.01462,
                                                              9.7351,
                                                              0.0
                                                          ]
                                      }
                     },
                     {
                         "type":  "Feature",
                         "properties":  {
                                            "Name":  "#5016",
                                            "description":  "\u003cdiv dir=\u0027rtl\u0027 style=\u0027font-family:Arial;\u0027\u003e\u003cb\u003eשם:\u003c/b\u003e יוסי מוצפי\u003cbr/\u003e\u003cb\u003eאתר:\u003c/b\u003e Chaloklum\u003cbr/\u003e\u003cb\u003eתאריך:\u003c/b\u003e 29-01-2026\u003cbr/\u003e\u003cb\u003eID:\u003c/b\u003e 3501\u003cbr/\u003e\u003cb\u003eFB:\u003c/b\u003e \u003ca href=\u0027https://www.facebook.com/groups/beshvil.yael/posts/3874967959462993\u0027\u003ehttps://www.facebook.com/groups/beshvil.yael/posts/3874967959462993\u003c/a\u003e\u003cbr/\u003e\u003cbr/\u003e\u003cimg src=\u0027https://drive.google.com/uc?export=view\u0026amp;id=1-Re7oPs2eSTwLSgH5e-eWgrUQp-7iGIi\u0027 width=\u0027450\u0027/\u003e\u003cbr/\u003e\u003c/div\u003e",
                                            "tessellate":  -1,
                                            "extrude":  0,
                                            "visibility":  -1
                                        },
                         "geometry":  {
                                          "type":  "Point",
                                          "coordinates":  [
                                                              100.00428,
                                                              9.78686,
                                                              0.0
                                                          ]
                                      }
                     },
                     {
                         "type":  "Feature",
                         "properties":  {
                                            "Name":  "#5024",
                                            "description":  "\u003cdiv dir=\u0027rtl\u0027 style=\u0027font-family:Arial;\u0027\u003e\u003cb\u003eשם:\u003c/b\u003e יהודית וינברגר בשה\u003cbr/\u003e\u003cb\u003eאתר:\u003c/b\u003e \u003cbr/\u003e\u003cb\u003eתאריך:\u003c/b\u003e 02-06-2025\u003cbr/\u003e\u003cb\u003eID:\u003c/b\u003e 879\u003cbr/\u003e\u003cb\u003eFB:\u003c/b\u003e \u003ca href=\u0027https://www.facebook.com/groups/3235176716775457/posts/3657169504576174\u0027\u003ehttps://www.facebook.com/groups/3235176716775457/posts/3657169504576174\u003c/a\u003e\u003cbr/\u003e\u003cbr/\u003e\u003cimg src=\u0027https://drive.google.com/uc?export=view\u0026amp;id=1LTfuUL1lHQeLFOnETn8VQALVy2idli60\u0027 width=\u0027450\u0027/\u003e\u003cbr/\u003e\u003c/div\u003e",
                                            "tessellate":  -1,
                                            "extrude":  0,
                                            "visibility":  -1
                                        },
                         "geometry":  {
                                          "type":  "Point",
                                          "coordinates":  [
                                                              11.8126628,
                                                              46.6587121,
                                                              0.0
                                                          ]
                                      }
                     },
                     {
                         "type":  "Feature",
                         "properties":  {
                                            "Name":  "#5024",
                                            "description":  "\u003cdiv dir=\u0027rtl\u0027 style=\u0027font-family:Arial;\u0027\u003e\u003cb\u003eשם:\u003c/b\u003e יהודית וינברגר בשה\u003cbr/\u003e\u003cb\u003eאתר:\u003c/b\u003e \u003cbr/\u003e\u003cb\u003eתאריך:\u003c/b\u003e 02-06-2025\u003cbr/\u003e\u003cb\u003eID:\u003c/b\u003e 884\u003cbr/\u003e\u003cb\u003eFB:\u003c/b\u003e \u003ca href=\u0027https://www.facebook.com/groups/3235176716775457/posts/3657464124546712\u0027\u003ehttps://www.facebook.com/groups/3235176716775457/posts/3657464124546712\u003c/a\u003e\u003cbr/\u003e\u003cbr/\u003e\u003cimg src=\u0027https://drive.google.com/uc?export=view\u0026amp;id=1ZuCo6scI2iNueysXkcO52JrYisaZ4q8X\u0027 width=\u0027450\u0027/\u003e\u003cbr/\u003e\u003c/div\u003e",
                                            "tessellate":  -1,
                                            "extrude":  0,
                                            "visibility":  -1
                                        },
                         "geometry":  {
                                          "type":  "Point",
                                          "coordinates":  [
                                                              12.1579078,
                                                              46.8806689,
                                                              0.0
                                                          ]
                                      }
                     },
                     {
                         "type":  "Feature",
                         "properties":  {
                                            "Name":  "#5024",
                                            "description":  "\u003cdiv dir=\u0027rtl\u0027 style=\u0027font-family:Arial;\u0027\u003e\u003cb\u003eשם:\u003c/b\u003e יהודית וינברגר בשה\u003cbr/\u003e\u003cb\u003eאתר:\u003c/b\u003e רכס ה-tre cime.\u003cbr/\u003e\u003cb\u003eתאריך:\u003c/b\u003e 03-06-2025\u003cbr/\u003e\u003cb\u003eID:\u003c/b\u003e 901\u003cbr/\u003e\u003cb\u003eFB:\u003c/b\u003e \u003ca href=\u0027https://www.facebook.com/groups/3235176716775457/posts/3658563151103476/\u0027\u003ehttps://www.facebook.com/groups/3235176716775457/posts/3658563151103476/\u003c/a\u003e\u003cbr/\u003e\u003cbr/\u003e\u003cimg src=\u0027https://drive.google.com/uc?export=view\u0026amp;id=1beuWJcBZ-ErECboBX6OOovXi2YepnA2X\u0027 width=\u0027450\u0027/\u003e\u003cbr/\u003e\u003c/div\u003e",
                                            "tessellate":  -1,
                                            "extrude":  0,
                                            "visibility":  -1
                                        },
                         "geometry":  {
                                          "type":  "Point",
                                          "coordinates":  [
                                                              12.308922,
                                                              46.6193859,
                                                              0.0
                                                          ]
                                      }
                     },
                     {
                         "type":  "Feature",
                         "properties":  {
                                            "Name":  "#5024",
                                            "description":  "\u003cdiv dir=\u0027rtl\u0027 style=\u0027font-family:Arial;\u0027\u003e\u003cb\u003eשם:\u003c/b\u003e יהודית וינברגר בשה\u003cbr/\u003e\u003cb\u003eאתר:\u003c/b\u003e \u003cbr/\u003e\u003cb\u003eתאריך:\u003c/b\u003e 05-06-2025\u003cbr/\u003e\u003cb\u003eID:\u003c/b\u003e 920\u003cbr/\u003e\u003cb\u003eFB:\u003c/b\u003e \u003ca href=\u0027https://www.facebook.com/groups/3235176716775457/posts/3660140420945749\u0027\u003ehttps://www.facebook.com/groups/3235176716775457/posts/3660140420945749\u003c/a\u003e\u003cbr/\u003e\u003cbr/\u003e\u003cimg src=\u0027https://drive.google.com/uc?export=view\u0026amp;id=1pwy-7jrXCHdb-Q5_YOKgK6CYOYGPvLs_\u0027 width=\u0027450\u0027/\u003e\u003cbr/\u003e\u003c/div\u003e",
                                            "tessellate":  -1,
                                            "extrude":  0,
                                            "visibility":  -1
                                        },
                         "geometry":  {
                                          "type":  "Point",
                                          "coordinates":  [
                                                              12.3331136,
                                                              46.619739,
                                                              0.0
                                                          ]
                                      }
                     },
                     {
                         "type":  "Feature",
                         "properties":  {
                                            "Name":  "#5024",
                                            "description":  "\u003cdiv dir=\u0027rtl\u0027 style=\u0027font-family:Arial;\u0027\u003e\u003cb\u003eשם:\u003c/b\u003e יהודית וינברגר בשה\u003cbr/\u003e\u003cb\u003eאתר:\u003c/b\u003e Seceda\u003cbr/\u003e\u003cb\u003eתאריך:\u003c/b\u003e 08-06-2025\u003cbr/\u003e\u003cb\u003eID:\u003c/b\u003e 950\u003cbr/\u003e\u003cb\u003eFB:\u003c/b\u003e \u003ca href=\u0027https://www.facebook.com/groups/3235176716775457/posts/3662214374071687/\u0027\u003ehttps://www.facebook.com/groups/3235176716775457/posts/3662214374071687/\u003c/a\u003e\u003cbr/\u003e\u003cbr/\u003e\u003cimg src=\u0027https://drive.google.com/uc?export=view\u0026amp;id=1ie6ndwPuqSgoD2oWglcZWeBF0EyjzVoh\u0027 width=\u0027450\u0027/\u003e\u003cbr/\u003e\u003c/div\u003e",
                                            "tessellate":  -1,
                                            "extrude":  0,
                                            "visibility":  -1
                                        },
                         "geometry":  {
                                          "type":  "Point",
                                          "coordinates":  [
                                                              11.6758013,
                                                              46.5766662,
                                                              0.0
                                                          ]
                                      }
                     },
                     {
                         "type":  "Feature",
                         "properties":  {
                                            "Name":  "#5024",
                                            "description":  "\u003cdiv dir=\u0027rtl\u0027 style=\u0027font-family:Arial;\u0027\u003e\u003cb\u003eשם:\u003c/b\u003e יהודית וינברגר בשה\u003cbr/\u003e\u003cb\u003eאתר:\u003c/b\u003e אמצע שום מקום\u003cbr/\u003e\u003cb\u003eתאריך:\u003c/b\u003e 10-06-2025\u003cbr/\u003e\u003cb\u003eID:\u003c/b\u003e 970\u003cbr/\u003e\u003cb\u003eFB:\u003c/b\u003e \u003ca href=\u0027https://www.facebook.com/groups/3235176716775457/posts/3663946293898495/\u0027\u003ehttps://www.facebook.com/groups/3235176716775457/posts/3663946293898495/\u003c/a\u003e\u003cbr/\u003e\u003cbr/\u003e\u003cimg src=\u0027https://drive.google.com/uc?export=view\u0026amp;id=1zPhn8G2DEWahLSxuTDse916o1HY2pCmV\u0027 width=\u0027450\u0027/\u003e\u003cbr/\u003e\u003c/div\u003e",
                                            "tessellate":  -1,
                                            "extrude":  0,
                                            "visibility":  -1
                                        },
                         "geometry":  {
                                          "type":  "Point",
                                          "coordinates":  [
                                                              10.7951644,
                                                              43.577043,
                                                              0.0
                                                          ]
                                      }
                     },
                     {
                         "type":  "Feature",
                         "properties":  {
                                            "Name":  "#5024",
                                            "description":  "\u003cdiv dir=\u0027rtl\u0027 style=\u0027font-family:Arial;\u0027\u003e\u003cb\u003eשם:\u003c/b\u003e יהודית וינברגר בשה\u003cbr/\u003e\u003cb\u003eאתר:\u003c/b\u003e \u003cbr/\u003e\u003cb\u003eתאריך:\u003c/b\u003e 21-06-2025\u003cbr/\u003e\u003cb\u003eID:\u003c/b\u003e 1043\u003cbr/\u003e\u003cb\u003eFB:\u003c/b\u003e \u003ca href=\u0027https://www.facebook.com/groups/beshvil.yael/posts/3673452016281256/\u0027\u003ehttps://www.facebook.com/groups/beshvil.yael/posts/3673452016281256/\u003c/a\u003e\u003cbr/\u003e\u003cbr/\u003e\u003cimg src=\u0027https://drive.google.com/uc?export=view\u0026amp;id=1_bDgR5I5a11nWtXLZWG4hmiXUREqDRMD\u0027 width=\u0027450\u0027/\u003e\u003cbr/\u003e\u003c/div\u003e",
                                            "tessellate":  -1,
                                            "extrude":  0,
                                            "visibility":  -1
                                        },
                         "geometry":  {
                                          "type":  "Point",
                                          "coordinates":  [
                                                              13.0535288,
                                                              52.0905039,
                                                              0.0
                                                          ]
                                      }
                     },
                     {
                         "type":  "Feature",
                         "properties":  {
                                            "Name":  "#5075",
                                            "description":  "\u003cdiv dir=\u0027rtl\u0027 style=\u0027font-family:Arial;\u0027\u003e\u003cb\u003eשם:\u003c/b\u003e תרצה מרגולין\u003cbr/\u003e\u003cb\u003eאתר:\u003c/b\u003e בלגרד\u003cbr/\u003e\u003cb\u003eתאריך:\u003c/b\u003e 11-09-2025\u003cbr/\u003e\u003cb\u003eID:\u003c/b\u003e 1844\u003cbr/\u003e\u003cb\u003eFB:\u003c/b\u003e \u003ca href=\u0027https://www.facebook.com/groups/beshvil.yael/posts/3747435535549570\u0027\u003ehttps://www.facebook.com/groups/beshvil.yael/posts/3747435535549570\u003c/a\u003e\u003cbr/\u003e\u003cbr/\u003e\u003cimg src=\u0027https://drive.google.com/uc?export=view\u0026amp;id=1EnAyWCZGJIjUveOMcarT3GVuCIJIoAdH\u0027 width=\u0027450\u0027/\u003e\u003cbr/\u003e\u003c/div\u003e",
                                            "tessellate":  -1,
                                            "extrude":  0,
                                            "visibility":  -1
                                        },
                         "geometry":  {
                                          "type":  "Point",
                                          "coordinates":  [
                                                              20.46878,
                                                              44.78526,
                                                              0.0
                                                          ]
                                      }
                     },
                     {
                         "type":  "Feature",
                         "properties":  {
                                            "Name":  "#5097",
                                            "description":  "\u003cdiv dir=\u0027rtl\u0027 style=\u0027font-family:Arial;\u0027\u003e\u003cb\u003eשם:\u003c/b\u003e \u003cbr/\u003e\u003cb\u003eאתר:\u003c/b\u003e Horton Plains National Park\u003cbr/\u003e\u003cb\u003eתאריך:\u003c/b\u003e 27-12-2025\u003cbr/\u003e\u003cb\u003eID:\u003c/b\u003e 3192\u003cbr/\u003e\u003cb\u003eFB:\u003c/b\u003e \u003ca href=\u0027https://www.facebook.com/groups/beshvil.yael/posts/3846344668991989\u0027\u003ehttps://www.facebook.com/groups/beshvil.yael/posts/3846344668991989\u003c/a\u003e\u003cbr/\u003e\u003cbr/\u003e\u003cimg src=\u0027https://drive.google.com/uc?export=view\u0026amp;id=1rW1gapkJ8VK9jHovVNk7PI_iJDa05qLV\u0027 width=\u0027450\u0027/\u003e\u003cbr/\u003e\u003c/div\u003e",
                                            "tessellate":  -1,
                                            "extrude":  0,
                                            "visibility":  -1
                                        },
                         "geometry":  {
                                          "type":  "Point",
                                          "coordinates":  [
                                                              80.85374,
                                                              6.78154,
                                                              0.0
                                                          ]
                                      }
                     },
                     {
                         "type":  "Feature",
                         "properties":  {
                                            "Name":  "#5098",
                                            "description":  "\u003cdiv dir=\u0027rtl\u0027 style=\u0027font-family:Arial;\u0027\u003e\u003cb\u003eשם:\u003c/b\u003e יואב אתגר\u003cbr/\u003e\u003cb\u003eאתר:\u003c/b\u003e Horton Plains National Park\u003cbr/\u003e\u003cb\u003eתאריך:\u003c/b\u003e 27-12-2025\u003cbr/\u003e\u003cb\u003eID:\u003c/b\u003e 3192\u003cbr/\u003e\u003cb\u003eFB:\u003c/b\u003e \u003ca href=\u0027https://www.facebook.com/groups/beshvil.yael/posts/3846344668991989\u0027\u003ehttps://www.facebook.com/groups/beshvil.yael/posts/3846344668991989\u003c/a\u003e\u003cbr/\u003e\u003cbr/\u003e\u003cimg src=\u0027https://drive.google.com/uc?export=view\u0026amp;id=1rW1gapkJ8VK9jHovVNk7PI_iJDa05qLV\u0027 width=\u0027450\u0027/\u003e\u003cbr/\u003e\u003c/div\u003e",
                                            "tessellate":  -1,
                                            "extrude":  0,
                                            "visibility":  -1
                                        },
                         "geometry":  {
                                          "type":  "Point",
                                          "coordinates":  [
                                                              80.85374,
                                                              6.78127,
                                                              0.0
                                                          ]
                                      }
                     },
                     {
                         "type":  "Feature",
                         "properties":  {
                                            "Name":  "#5101",
                                            "description":  "\u003cdiv dir=\u0027rtl\u0027 style=\u0027font-family:Arial;\u0027\u003e\u003cb\u003eשם:\u003c/b\u003e ערן משה\u003cbr/\u003e\u003cb\u003eאתר:\u003c/b\u003e ונציה\u003cbr/\u003e\u003cb\u003eתאריך:\u003c/b\u003e 11-01-2026\u003cbr/\u003e\u003cb\u003eID:\u003c/b\u003e 3330\u003cbr/\u003e\u003cb\u003eFB:\u003c/b\u003e \u003ca href=\u0027https://www.facebook.com/groups/beshvil.yael/posts/3859008384392284\u0027\u003ehttps://www.facebook.com/groups/beshvil.yael/posts/3859008384392284\u003c/a\u003e\u003cbr/\u003e\u003cbr/\u003e\u003cimg src=\u0027https://drive.google.com/uc?export=view\u0026amp;id=17LICpw8HFPAtOmh1M-plIbHTXNWBERb1\u0027 width=\u0027450\u0027/\u003e\u003cbr/\u003e\u003c/div\u003e",
                                            "tessellate":  -1,
                                            "extrude":  0,
                                            "visibility":  -1
                                        },
                         "geometry":  {
                                          "type":  "Point",
                                          "coordinates":  [
                                                              12.29533,
                                                              45.48468,
                                                              0.0
                                                          ]
                                      }
                     },
                     {
                         "type":  "Feature",
                         "properties":  {
                                            "Name":  "#5105",
                                            "description":  "\u003cdiv dir=\u0027rtl\u0027 style=\u0027font-family:Arial;\u0027\u003e\u003cb\u003eשם:\u003c/b\u003e ליהי בן עטיה\u003cbr/\u003e\u003cb\u003eאתר:\u003c/b\u003e \u003cbr/\u003e\u003cb\u003eתאריך:\u003c/b\u003e 18-09-2025\u003cbr/\u003e\u003cb\u003eID:\u003c/b\u003e 1925\u003cbr/\u003e\u003cb\u003eFB:\u003c/b\u003e \u003ca href=\u0027https://www.facebook.com/groups/beshvil.yael/posts/3753272661632524/\u0027\u003ehttps://www.facebook.com/groups/beshvil.yael/posts/3753272661632524/\u003c/a\u003e\u003cbr/\u003e\u003cbr/\u003e\u003cimg src=\u0027https://drive.google.com/uc?export=view\u0026amp;id=1csdGe4yeLqUSS8mQksMDwzmVEPJ4DsUb\u0027 width=\u0027450\u0027/\u003e\u003cbr/\u003e\u003c/div\u003e",
                                            "tessellate":  -1,
                                            "extrude":  0,
                                            "visibility":  -1
                                        },
                         "geometry":  {
                                          "type":  "Point",
                                          "coordinates":  [
                                                              100.24577,
                                                              16.08016,
                                                              0.0
                                                          ]
                                      }
                     },
                     {
                         "type":  "Feature",
                         "properties":  {
                                            "Name":  "#5107",
                                            "description":  "\u003cdiv dir=\u0027rtl\u0027 style=\u0027font-family:Arial;\u0027\u003e\u003cb\u003eשם:\u003c/b\u003e לימור סביון שדה\u003cbr/\u003e\u003cb\u003eאתר:\u003c/b\u003e \u003cbr/\u003e\u003cb\u003eתאריך:\u003c/b\u003e 17-09-2025\u003cbr/\u003e\u003cb\u003eID:\u003c/b\u003e 1923\u003cbr/\u003e\u003cb\u003eFB:\u003c/b\u003e \u003ca href=\u0027https://www.facebook.com/groups/beshvil.yael/posts/3753123304980793\u0027\u003ehttps://www.facebook.com/groups/beshvil.yael/posts/3753123304980793\u003c/a\u003e\u003cbr/\u003e\u003cbr/\u003e\u003cimg src=\u0027https://drive.google.com/uc?export=view\u0026amp;id=1Xff-znHwfkiDTvpwB3YuX86i-SmTeJtN\u0027 width=\u0027450\u0027/\u003e\u003cbr/\u003e\u003c/div\u003e",
                                            "tessellate":  -1,
                                            "extrude":  0,
                                            "visibility":  -1
                                        },
                         "geometry":  {
                                          "type":  "Point",
                                          "coordinates":  [
                                                              33.39682,
                                                              34.74604,
                                                              0.0
                                                          ]
                                      }
                     },
                     {
                         "type":  "Feature",
                         "properties":  {
                                            "Name":  "#5115",
                                            "description":  "\u003cdiv dir=\u0027rtl\u0027 style=\u0027font-family:Arial;\u0027\u003e\u003cb\u003eשם:\u003c/b\u003e גליה צור\u003cbr/\u003e\u003cb\u003eאתר:\u003c/b\u003e גואה Aai Waterfall\u003cbr/\u003e\u003cb\u003eתאריך:\u003c/b\u003e 28-09-2025\u003cbr/\u003e\u003cb\u003eID:\u003c/b\u003e 2081\u003cbr/\u003e\u003cb\u003eFB:\u003c/b\u003e \u003ca href=\u0027https://www.facebook.com/groups/beshvil.yael/posts/3763049023988221\u0027\u003ehttps://www.facebook.com/groups/beshvil.yael/posts/3763049023988221\u003c/a\u003e\u003cbr/\u003e\u003cbr/\u003e\u003cimg src=\u0027https://drive.google.com/uc?export=view\u0026amp;id=1R8QIQ4jhjTQAVNd_XN0x-XycVt6GenI2\u0027 width=\u0027450\u0027/\u003e\u003cbr/\u003e\u003c/div\u003e",
                                            "tessellate":  -1,
                                            "extrude":  0,
                                            "visibility":  -1
                                        },
                         "geometry":  {
                                          "type":  "Point",
                                          "coordinates":  [
                                                              74.13009,
                                                              15.05065,
                                                              0.0
                                                          ]
                                      }
                     },
                     {
                         "type":  "Feature",
                         "properties":  {
                                            "Name":  "#5115",
                                            "description":  "\u003cdiv dir=\u0027rtl\u0027 style=\u0027font-family:Arial;\u0027\u003e\u003cb\u003eשם:\u003c/b\u003e גליה צור\u003cbr/\u003e\u003cb\u003eאתר:\u003c/b\u003e Kankumbi Waterfalls\u003cbr/\u003e\u003cb\u003eתאריך:\u003c/b\u003e 04-11-2025\u003cbr/\u003e\u003cb\u003eID:\u003c/b\u003e 2604\u003cbr/\u003e\u003cb\u003eFB:\u003c/b\u003e \u003ca href=\u0027https://www.facebook.com/groups/beshvil.yael/posts/3799751196984670\u0027\u003ehttps://www.facebook.com/groups/beshvil.yael/posts/3799751196984670\u003c/a\u003e\u003cbr/\u003e\u003cbr/\u003e\u003cimg src=\u0027https://drive.google.com/uc?export=view\u0026amp;id=17NaLy4ksDpEFc7NcoY0qpEV_rhX06f67\u0027 width=\u0027450\u0027/\u003e\u003cbr/\u003e\u003c/div\u003e",
                                            "tessellate":  -1,
                                            "extrude":  0,
                                            "visibility":  -1
                                        },
                         "geometry":  {
                                          "type":  "Point",
                                          "coordinates":  [
                                                              74.22818,
                                                              15.71097,
                                                              0.0
                                                          ]
                                      }
                     },
                     {
                         "type":  "Feature",
                         "properties":  {
                                            "Name":  "#5117",
                                            "description":  "\u003cdiv dir=\u0027rtl\u0027 style=\u0027font-family:Arial;\u0027\u003e\u003cb\u003eשם:\u003c/b\u003e מירב בורג\u003cbr/\u003e\u003cb\u003eאתר:\u003c/b\u003e Zion Park\u003cbr/\u003e\u003cb\u003eתאריך:\u003c/b\u003e 12-10-2025\u003cbr/\u003e\u003cb\u003eID:\u003c/b\u003e 2361\u003cbr/\u003e\u003cb\u003eFB:\u003c/b\u003e \u003ca href=\u0027https://www.facebook.com/groups/beshvil.yael/posts/3777958619163928\u0027\u003ehttps://www.facebook.com/groups/beshvil.yael/posts/3777958619163928\u003c/a\u003e\u003cbr/\u003e\u003cbr/\u003e\u003cimg src=\u0027https://drive.google.com/uc?export=view\u0026amp;id=1jB1VifyMk8I5tz8xoq_J6jHaKmr9iogI\u0027 width=\u0027450\u0027/\u003e\u003cbr/\u003e\u003c/div\u003e",
                                            "tessellate":  -1,
                                            "extrude":  0,
                                            "visibility":  -1
                                        },
                         "geometry":  {
                                          "type":  "Point",
                                          "coordinates":  [
                                                              -113.11143,
                                                              37.24029,
                                                              0.0
                                                          ]
                                      }
                     },
                     {
                         "type":  "Feature",
                         "properties":  {
                                            "Name":  "#5118",
                                            "description":  "\u003cdiv dir=\u0027rtl\u0027 style=\u0027font-family:Arial;\u0027\u003e\u003cb\u003eשם:\u003c/b\u003e מרב בורג\u003cbr/\u003e\u003cb\u003eאתר:\u003c/b\u003e ניו יורק\u003cbr/\u003e\u003cb\u003eתאריך:\u003c/b\u003e 17-10-2025\u003cbr/\u003e\u003cb\u003eID:\u003c/b\u003e 2414\u003cbr/\u003e\u003cb\u003eFB:\u003c/b\u003e \u003ca href=\u0027https://www.facebook.com/groups/beshvil.yael/posts/3782602535366203/\u0027\u003ehttps://www.facebook.com/groups/beshvil.yael/posts/3782602535366203/\u003c/a\u003e\u003cbr/\u003e\u003cbr/\u003e\u003cimg src=\u0027https://drive.google.com/uc?export=view\u0026amp;id=1FiDNRQuGv5AilYyJaq0h9xmU2Z_k13rV\u0027 width=\u0027450\u0027/\u003e\u003cbr/\u003e\u003c/div\u003e",
                                            "tessellate":  -1,
                                            "extrude":  0,
                                            "visibility":  -1
                                        },
                         "geometry":  {
                                          "type":  "Point",
                                          "coordinates":  [
                                                              -74.02383,
                                                              40.73566,
                                                              0.0
                                                          ]
                                      }
                     },
                     {
                         "type":  "Feature",
                         "properties":  {
                                            "Name":  "#5148",
                                            "description":  "\u003cdiv dir=\u0027rtl\u0027 style=\u0027font-family:Arial;\u0027\u003e\u003cb\u003eשם:\u003c/b\u003e אסנת לוי\u003cbr/\u003e\u003cb\u003eאתר:\u003c/b\u003e אנדרטת הנעליים\u003cbr/\u003e\u003cb\u003eתאריך:\u003c/b\u003e 17-09-2025\u003cbr/\u003e\u003cb\u003eID:\u003c/b\u003e 1908\u003cbr/\u003e\u003cb\u003eFB:\u003c/b\u003e \u003ca href=\u0027https://www.facebook.com/groups/beshvil.yael/posts/3752317745061349\u0027\u003ehttps://www.facebook.com/groups/beshvil.yael/posts/3752317745061349\u003c/a\u003e\u003cbr/\u003e\u003cbr/\u003e\u003cimg src=\u0027https://drive.google.com/uc?export=view\u0026amp;id=1ViY--u1COD1BnYB2ez57l1pqcqY5TzZp\u0027 width=\u0027450\u0027/\u003e\u003cbr/\u003e\u003c/div\u003e",
                                            "tessellate":  -1,
                                            "extrude":  0,
                                            "visibility":  -1
                                        },
                         "geometry":  {
                                          "type":  "Point",
                                          "coordinates":  [
                                                              19.04482,
                                                              47.50386,
                                                              0.0
                                                          ]
                                      }
                     },
                     {
                         "type":  "Feature",
                         "properties":  {
                                            "Name":  "#5148",
                                            "description":  "\u003cdiv dir=\u0027rtl\u0027 style=\u0027font-family:Arial;\u0027\u003e\u003cb\u003eשם:\u003c/b\u003e אסנת לוי\u003cbr/\u003e\u003cb\u003eאתר:\u003c/b\u003e מוראנו\u003cbr/\u003e\u003cb\u003eתאריך:\u003c/b\u003e 10-02-2026\u003cbr/\u003e\u003cb\u003eID:\u003c/b\u003e 3650\u003cbr/\u003e\u003cb\u003eFB:\u003c/b\u003e \u003ca href=\u0027https://www.facebook.com/groups/beshvil.yael/posts/3885947668365022/\u0027\u003ehttps://www.facebook.com/groups/beshvil.yael/posts/3885947668365022/\u003c/a\u003e\u003cbr/\u003e\u003cbr/\u003e\u003cimg src=\u0027https://drive.google.com/uc?export=view\u0026amp;id=1rhAlX2BbkCcmje6hesTMjOGeY5o5BGgF\u0027 width=\u0027450\u0027/\u003e\u003cbr/\u003e\u003c/div\u003e",
                                            "tessellate":  -1,
                                            "extrude":  0,
                                            "visibility":  -1
                                        },
                         "geometry":  {
                                          "type":  "Point",
                                          "coordinates":  [
                                                              12.35298,
                                                              45.45787,
                                                              0.0
                                                          ]
                                      }
                     },
                     {
                         "type":  "Feature",
                         "properties":  {
                                            "Name":  "#5148",
                                            "description":  "\u003cdiv dir=\u0027rtl\u0027 style=\u0027font-family:Arial;\u0027\u003e\u003cb\u003eשם:\u003c/b\u003e אסנת לוי\u003cbr/\u003e\u003cb\u003eאתר:\u003c/b\u003e בוראנו\u003cbr/\u003e\u003cb\u003eתאריך:\u003c/b\u003e 10-02-2026\u003cbr/\u003e\u003cb\u003eID:\u003c/b\u003e 3651\u003cbr/\u003e\u003cb\u003eFB:\u003c/b\u003e \u003ca href=\u0027https://www.facebook.com/groups/beshvil.yael/posts/3885951295031326/\u0027\u003ehttps://www.facebook.com/groups/beshvil.yael/posts/3885951295031326/\u003c/a\u003e\u003cbr/\u003e\u003cbr/\u003e\u003cimg src=\u0027https://drive.google.com/uc?export=view\u0026amp;id=1YjSn-pAzSdhMhvFD810NHcqu0_hURFH_\u0027 width=\u0027450\u0027/\u003e\u003cbr/\u003e\u003c/div\u003e",
                                            "tessellate":  -1,
                                            "extrude":  0,
                                            "visibility":  -1
                                        },
                         "geometry":  {
                                          "type":  "Point",
                                          "coordinates":  [
                                                              12.41957,
                                                              45.48617,
                                                              0.0
                                                          ]
                                      }
                     },
                     {
                         "type":  "Feature",
                         "properties":  {
                                            "Name":  "#5148",
                                            "description":  "\u003cdiv dir=\u0027rtl\u0027 style=\u0027font-family:Arial;\u0027\u003e\u003cb\u003eשם:\u003c/b\u003e אסנת לוי\u003cbr/\u003e\u003cb\u003eאתר:\u003c/b\u003e דואומו\u003cbr/\u003e\u003cb\u003eתאריך:\u003c/b\u003e 11-02-2026\u003cbr/\u003e\u003cb\u003eID:\u003c/b\u003e 3677\u003cbr/\u003e\u003cb\u003eFB:\u003c/b\u003e \u003ca href=\u0027https://www.facebook.com/groups/beshvil.yael/posts/3887746028185186/\u0027\u003ehttps://www.facebook.com/groups/beshvil.yael/posts/3887746028185186/\u003c/a\u003e\u003cbr/\u003e\u003cbr/\u003e\u003cimg src=\u0027https://drive.google.com/uc?export=view\u0026amp;id=1kxpxYXFRUf5P30BKGGXh585pNX_ecpPN\u0027 width=\u0027450\u0027/\u003e\u003cbr/\u003e\u003c/div\u003e",
                                            "tessellate":  -1,
                                            "extrude":  0,
                                            "visibility":  -1
                                        },
                         "geometry":  {
                                          "type":  "Point",
                                          "coordinates":  [
                                                              11.25981,
                                                              43.77235,
                                                              0.0
                                                          ]
                                      }
                     },
                     {
                         "type":  "Feature",
                         "properties":  {
                                            "Name":  "#5148",
                                            "description":  "\u003cdiv dir=\u0027rtl\u0027 style=\u0027font-family:Arial;\u0027\u003e\u003cb\u003eשם:\u003c/b\u003e אסנת לוי\u003cbr/\u003e\u003cb\u003eאתר:\u003c/b\u003e מונטקטיני\u003cbr/\u003e\u003cb\u003eתאריך:\u003c/b\u003e 12-02-2026\u003cbr/\u003e\u003cb\u003eID:\u003c/b\u003e 3681\u003cbr/\u003e\u003cb\u003eFB:\u003c/b\u003e \u003ca href=\u0027https://www.facebook.com/groups/beshvil.yael/posts/3888144851478637/\u0027\u003ehttps://www.facebook.com/groups/beshvil.yael/posts/3888144851478637/\u003c/a\u003e\u003cbr/\u003e\u003cbr/\u003e\u003cimg src=\u0027https://drive.google.com/uc?export=view\u0026amp;id=1lsyG3uYoS08t693LwK4UMZ3dp_gv-b9h\u0027 width=\u0027450\u0027/\u003e\u003cbr/\u003e\u003c/div\u003e",
                                            "tessellate":  -1,
                                            "extrude":  0,
                                            "visibility":  -1
                                        },
                         "geometry":  {
                                          "type":  "Point",
                                          "coordinates":  [
                                                              10.76213,
                                                              43.87318,
                                                              0.0
                                                          ]
                                      }
                     },
                     {
                         "type":  "Feature",
                         "properties":  {
                                            "Name":  "#5148",
                                            "description":  "\u003cdiv dir=\u0027rtl\u0027 style=\u0027font-family:Arial;\u0027\u003e\u003cb\u003eשם:\u003c/b\u003e אסנת לוי\u003cbr/\u003e\u003cb\u003eאתר:\u003c/b\u003e מונטקטיני טרמה אלטו\u003cbr/\u003e\u003cb\u003eתאריך:\u003c/b\u003e 13-02-2026\u003cbr/\u003e\u003cb\u003eID:\u003c/b\u003e 3692\u003cbr/\u003e\u003cb\u003eFB:\u003c/b\u003e \u003ca href=\u0027https://www.facebook.com/groups/beshvil.yael/posts/3888994781393644/\u0027\u003ehttps://www.facebook.com/groups/beshvil.yael/posts/3888994781393644/\u003c/a\u003e\u003cbr/\u003e\u003cbr/\u003e\u003cimg src=\u0027https://drive.google.com/uc?export=view\u0026amp;id=19dLdGUkYsAjnFZ6y3wUm-BIT_lprCCLU\u0027 width=\u0027450\u0027/\u003e\u003cbr/\u003e\u003c/div\u003e",
                                            "tessellate":  -1,
                                            "extrude":  0,
                                            "visibility":  -1
                                        },
                         "geometry":  {
                                          "type":  "Point",
                                          "coordinates":  [
                                                              10.78958,
                                                              43.8962,
                                                              0.0
                                                          ]
                                      }
                     },
                     {
                         "type":  "Feature",
                         "properties":  {
                                            "Name":  "#5148",
                                            "description":  "\u003cdiv dir=\u0027rtl\u0027 style=\u0027font-family:Arial;\u0027\u003e\u003cb\u003eשם:\u003c/b\u003e אסנת לוי\u003cbr/\u003e\u003cb\u003eאתר:\u003c/b\u003e לוקה\u003cbr/\u003e\u003cb\u003eתאריך:\u003c/b\u003e 13-02-2026\u003cbr/\u003e\u003cb\u003eID:\u003c/b\u003e 3693\u003cbr/\u003e\u003cb\u003eFB:\u003c/b\u003e \u003ca href=\u0027https://www.facebook.com/groups/beshvil.yael/posts/3888995438060245/\u0027\u003ehttps://www.facebook.com/groups/beshvil.yael/posts/3888995438060245/\u003c/a\u003e\u003cbr/\u003e\u003cbr/\u003e\u003cimg src=\u0027https://drive.google.com/uc?export=view\u0026amp;id=12wNsRFyMyrzj5x3WFzsfrfa2Zro-arlp\u0027 width=\u0027450\u0027/\u003e\u003cbr/\u003e\u003c/div\u003e",
                                            "tessellate":  -1,
                                            "extrude":  0,
                                            "visibility":  -1
                                        },
                         "geometry":  {
                                          "type":  "Point",
                                          "coordinates":  [
                                                              10.51093,
                                                              43.84458,
                                                              0.0
                                                          ]
                                      }
                     },
                     {
                         "type":  "Feature",
                         "properties":  {
                                            "Name":  "#5148",
                                            "description":  "\u003cdiv dir=\u0027rtl\u0027 style=\u0027font-family:Arial;\u0027\u003e\u003cb\u003eשם:\u003c/b\u003e אסנת לוי\u003cbr/\u003e\u003cb\u003eאתר:\u003c/b\u003e רומא\u003cbr/\u003e\u003cb\u003eתאריך:\u003c/b\u003e 14-02-2026\u003cbr/\u003e\u003cb\u003eID:\u003c/b\u003e 3707\u003cbr/\u003e\u003cb\u003eFB:\u003c/b\u003e \u003ca href=\u0027https://www.facebook.com/groups/beshvil.yael/posts/3890078431285279/\u0027\u003ehttps://www.facebook.com/groups/beshvil.yael/posts/3890078431285279/\u003c/a\u003e\u003cbr/\u003e\u003cbr/\u003e\u003cimg src=\u0027https://drive.google.com/uc?export=view\u0026amp;id=18b-IB3rDujLTbQHeiGP6IBjtDWKP01ci\u0027 width=\u0027450\u0027/\u003e\u003cbr/\u003e\u003c/div\u003e",
                                            "tessellate":  -1,
                                            "extrude":  0,
                                            "visibility":  -1
                                        },
                         "geometry":  {
                                          "type":  "Point",
                                          "coordinates":  [
                                                              12.51378,
                                                              41.91203,
                                                              0.0
                                                          ]
                                      }
                     },
                     {
                         "type":  "Feature",
                         "properties":  {
                                            "Name":  "#5151",
                                            "description":  "\u003cdiv dir=\u0027rtl\u0027 style=\u0027font-family:Arial;\u0027\u003e\u003cb\u003eשם:\u003c/b\u003e רעות שטיינברג\u003cbr/\u003e\u003cb\u003eאתר:\u003c/b\u003e מדריד\u003cbr/\u003e\u003cb\u003eתאריך:\u003c/b\u003e 17-10-2025\u003cbr/\u003e\u003cb\u003eID:\u003c/b\u003e 2418\u003cbr/\u003e\u003cb\u003eFB:\u003c/b\u003e \u003ca href=\u0027https://www.facebook.com/groups/beshvil.yael/posts/3782816125344844/\u0027\u003ehttps://www.facebook.com/groups/beshvil.yael/posts/3782816125344844/\u003c/a\u003e\u003cbr/\u003e\u003cbr/\u003e\u003cimg src=\u0027https://drive.google.com/uc?export=view\u0026amp;id=1f2RLh5aOk4bvb1dFsbNAXyzgu1ht_3QD\u0027 width=\u0027450\u0027/\u003e\u003cbr/\u003e\u003c/div\u003e",
                                            "tessellate":  -1,
                                            "extrude":  0,
                                            "visibility":  -1
                                        },
                         "geometry":  {
                                          "type":  "Point",
                                          "coordinates":  [
                                                              -3.7129,
                                                              40.42822,
                                                              0.0
                                                          ]
                                      }
                     },
                     {
                         "type":  "Feature",
                         "properties":  {
                                            "Name":  "#5170",
                                            "description":  "\u003cdiv dir=\u0027rtl\u0027 style=\u0027font-family:Arial;\u0027\u003e\u003cb\u003eשם:\u003c/b\u003e אורית עמרן\u003cbr/\u003e\u003cb\u003eאתר:\u003c/b\u003e גשר ברוקלין\u003cbr/\u003e\u003cb\u003eתאריך:\u003c/b\u003e 12-10-2025\u003cbr/\u003e\u003cb\u003eID:\u003c/b\u003e 2343\u003cbr/\u003e\u003cb\u003eFB:\u003c/b\u003e \u003ca href=\u0027https://www.facebook.com/groups/beshvil.yael/posts/3777197392573384/\u0027\u003ehttps://www.facebook.com/groups/beshvil.yael/posts/3777197392573384/\u003c/a\u003e\u003cbr/\u003e\u003cbr/\u003e\u003cimg src=\u0027https://drive.google.com/uc?export=view\u0026amp;id=1X3YLpkzBe_boaKzIP0hyZv4asG7UdSOd\u0027 width=\u0027450\u0027/\u003e\u003cbr/\u003e\u003c/div\u003e",
                                            "tessellate":  -1,
                                            "extrude":  0,
                                            "visibility":  -1
                                        },
                         "geometry":  {
                                          "type":  "Point",
                                          "coordinates":  [
                                                              -73.99607,
                                                              40.70548,
                                                              0.0
                                                          ]
                                      }
                     },
                     {
                         "type":  "Feature",
                         "properties":  {
                                            "Name":  "#5180",
                                            "description":  "\u003cdiv dir=\u0027rtl\u0027 style=\u0027font-family:Arial;\u0027\u003e\u003cb\u003eשם:\u003c/b\u003e אביחי אייזיק שוורץ\u003cbr/\u003e\u003cb\u003eאתר:\u003c/b\u003e Grossarl\u003cbr/\u003e\u003cb\u003eתאריך:\u003c/b\u003e 07-10-2025\u003cbr/\u003e\u003cb\u003eID:\u003c/b\u003e 2255\u003cbr/\u003e\u003cb\u003eFB:\u003c/b\u003e \u003ca href=\u0027https://www.facebook.com/groups/beshvil.yael/posts/3772429613050162\u0027\u003ehttps://www.facebook.com/groups/beshvil.yael/posts/3772429613050162\u003c/a\u003e\u003cbr/\u003e\u003cbr/\u003e\u003cimg src=\u0027https://drive.google.com/uc?export=view\u0026amp;id=1A64LwIClNzuKqkfqfVvorotZMFS8wLLE\u0027 width=\u0027450\u0027/\u003e\u003cbr/\u003e\u003c/div\u003e",
                                            "tessellate":  -1,
                                            "extrude":  0,
                                            "visibility":  -1
                                        },
                         "geometry":  {
                                          "type":  "Point",
                                          "coordinates":  [
                                                              13.20196,
                                                              47.23639,
                                                              0.0
                                                          ]
                                      }
                     },
                     {
                         "type":  "Feature",
                         "properties":  {
                                            "Name":  "#5279",
                                            "description":  "\u003cdiv dir=\u0027rtl\u0027 style=\u0027font-family:Arial;\u0027\u003e\u003cb\u003eשם:\u003c/b\u003e לי כהן\u003cbr/\u003e\u003cb\u003eאתר:\u003c/b\u003e \u003cbr/\u003e\u003cb\u003eתאריך:\u003c/b\u003e 11-07-2025\u003cbr/\u003e\u003cb\u003eID:\u003c/b\u003e 1152\u003cbr/\u003e\u003cb\u003eFB:\u003c/b\u003e \u003ca href=\u0027https://www.facebook.com/groups/beshvil.yael/posts/3690774054549052/\u0027\u003ehttps://www.facebook.com/groups/beshvil.yael/posts/3690774054549052/\u003c/a\u003e\u003cbr/\u003e\u003cbr/\u003e\u003cimg src=\u0027https://drive.google.com/uc?export=view\u0026amp;id=1S1cDVZ-IcR-_PGXlXOjUh1WLflgKCdUH\u0027 width=\u0027450\u0027/\u003e\u003cbr/\u003e\u003c/div\u003e",
                                            "tessellate":  -1,
                                            "extrude":  0,
                                            "visibility":  -1
                                        },
                         "geometry":  {
                                          "type":  "Point",
                                          "coordinates":  [
                                                              43.356892,
                                                              42.315407,
                                                              0.0
                                                          ]
                                      }
                     },
                     {
                         "type":  "Feature",
                         "properties":  {
                                            "Name":  "#5299",
                                            "description":  "\u003cdiv dir=\u0027rtl\u0027 style=\u0027font-family:Arial;\u0027\u003e\u003cb\u003eשם:\u003c/b\u003e חגית איגרמן פלד\u003cbr/\u003e\u003cb\u003eאתר:\u003c/b\u003e ילוסטון\u003cbr/\u003e\u003cb\u003eתאריך:\u003c/b\u003e 04-09-2025\u003cbr/\u003e\u003cb\u003eID:\u003c/b\u003e 1738\u003cbr/\u003e\u003cb\u003eFB:\u003c/b\u003e \u003ca href=\u0027https://www.facebook.com/groups/beshvil.yael/posts/3740162369610220/\u0027\u003ehttps://www.facebook.com/groups/beshvil.yael/posts/3740162369610220/\u003c/a\u003e\u003cbr/\u003e\u003cbr/\u003e\u003cimg src=\u0027https://drive.google.com/uc?export=view\u0026amp;id=1Pz6ZqEOh6UyTgg8jTdDi8tAnLQpWeXxY\u0027 width=\u0027450\u0027/\u003e\u003cbr/\u003e\u003c/div\u003e",
                                            "tessellate":  -1,
                                            "extrude":  0,
                                            "visibility":  -1
                                        },
                         "geometry":  {
                                          "type":  "Point",
                                          "coordinates":  [
                                                              -110.5666293,
                                                              44.3099695,
                                                              0.0
                                                          ]
                                      }
                     },
                     {
                         "type":  "Feature",
                         "properties":  {
                                            "Name":  "#5299",
                                            "description":  "\u003cdiv dir=\u0027rtl\u0027 style=\u0027font-family:Arial;\u0027\u003e\u003cb\u003eשם:\u003c/b\u003e חגית איגרמן פלד\u003cbr/\u003e\u003cb\u003eאתר:\u003c/b\u003e אגם ילוסטון\u003cbr/\u003e\u003cb\u003eתאריך:\u003c/b\u003e 06-09-2025\u003cbr/\u003e\u003cb\u003eID:\u003c/b\u003e 1790\u003cbr/\u003e\u003cb\u003eFB:\u003c/b\u003e \u003ca href=\u0027https://www.facebook.com/groups/beshvil.yael/posts/3742800652679725/\u0027\u003ehttps://www.facebook.com/groups/beshvil.yael/posts/3742800652679725/\u003c/a\u003e\u003cbr/\u003e\u003cbr/\u003e\u003cimg src=\u0027https://drive.google.com/uc?export=view\u0026amp;id=15FID_FWeIITJn3WaV-sDntSUaddWyf8h\u0027 width=\u0027450\u0027/\u003e\u003cbr/\u003e\u003c/div\u003e",
                                            "tessellate":  -1,
                                            "extrude":  0,
                                            "visibility":  -1
                                        },
                         "geometry":  {
                                          "type":  "Point",
                                          "coordinates":  [
                                                              -110.2653293,
                                                              44.4470365,
                                                              0.0
                                                          ]
                                      }
                     },
                     {
                         "type":  "Feature",
                         "properties":  {
                                            "Name":  "#5299",
                                            "description":  "\u003cdiv dir=\u0027rtl\u0027 style=\u0027font-family:Arial;\u0027\u003e\u003cb\u003eשם:\u003c/b\u003e חגית איגרמן פלד\u003cbr/\u003e\u003cb\u003eאתר:\u003c/b\u003e בפארק טייטון string lake\u003cbr/\u003e\u003cb\u003eתאריך:\u003c/b\u003e 08-09-2025\u003cbr/\u003e\u003cb\u003eID:\u003c/b\u003e 1803\u003cbr/\u003e\u003cb\u003eFB:\u003c/b\u003e \u003ca href=\u0027https://www.facebook.com/groups/beshvil.yael/posts/3743912095901914/\u0027\u003ehttps://www.facebook.com/groups/beshvil.yael/posts/3743912095901914/\u003c/a\u003e\u003cbr/\u003e\u003cbr/\u003e\u003cimg src=\u0027https://drive.google.com/uc?export=view\u0026amp;id=1V2k4QtZI-LXezdrTThC7dqXPnhvkgDro\u0027 width=\u0027450\u0027/\u003e\u003cbr/\u003e\u003c/div\u003e",
                                            "tessellate":  -1,
                                            "extrude":  0,
                                            "visibility":  -1
                                        },
                         "geometry":  {
                                          "type":  "Point",
                                          "coordinates":  [
                                                              -110.7302249,
                                                              43.7856513,
                                                              0.0
                                                          ]
                                      }
                     },
                     {
                         "type":  "Feature",
                         "properties":  {
                                            "Name":  "#5300",
                                            "description":  "\u003cdiv dir=\u0027rtl\u0027 style=\u0027font-family:Arial;\u0027\u003e\u003cb\u003eשם:\u003c/b\u003e חגית איגרמן פלד\u003cbr/\u003e\u003cb\u003eאתר:\u003c/b\u003e אגם ילוסטון\u003cbr/\u003e\u003cb\u003eתאריך:\u003c/b\u003e 06-09-2025\u003cbr/\u003e\u003cb\u003eID:\u003c/b\u003e 1790\u003cbr/\u003e\u003cb\u003eFB:\u003c/b\u003e \u003ca href=\u0027https://www.facebook.com/groups/beshvil.yael/posts/3742800652679725/\u0027\u003ehttps://www.facebook.com/groups/beshvil.yael/posts/3742800652679725/\u003c/a\u003e\u003cbr/\u003e\u003cbr/\u003e\u003cimg src=\u0027https://drive.google.com/uc?export=view\u0026amp;id=15FID_FWeIITJn3WaV-sDntSUaddWyf8h\u0027 width=\u0027450\u0027/\u003e\u003cbr/\u003e\u003c/div\u003e",
                                            "tessellate":  -1,
                                            "extrude":  0,
                                            "visibility":  -1
                                        },
                         "geometry":  {
                                          "type":  "Point",
                                          "coordinates":  [
                                                              -110.2653293,
                                                              44.4473065,
                                                              0.0
                                                          ]
                                      }
                     },
                     {
                         "type":  "Feature",
                         "properties":  {
                                            "Name":  "#5300",
                                            "description":  "\u003cdiv dir=\u0027rtl\u0027 style=\u0027font-family:Arial;\u0027\u003e\u003cb\u003eשם:\u003c/b\u003e חגית איגרמן פלד\u003cbr/\u003e\u003cb\u003eאתר:\u003c/b\u003e בפארק טייטון string lake\u003cbr/\u003e\u003cb\u003eתאריך:\u003c/b\u003e 08-09-2025\u003cbr/\u003e\u003cb\u003eID:\u003c/b\u003e 1803\u003cbr/\u003e\u003cb\u003eFB:\u003c/b\u003e \u003ca href=\u0027https://www.facebook.com/groups/beshvil.yael/posts/3743912095901914/\u0027\u003ehttps://www.facebook.com/groups/beshvil.yael/posts/3743912095901914/\u003c/a\u003e\u003cbr/\u003e\u003cbr/\u003e\u003cimg src=\u0027https://drive.google.com/uc?export=view\u0026amp;id=1V2k4QtZI-LXezdrTThC7dqXPnhvkgDro\u0027 width=\u0027450\u0027/\u003e\u003cbr/\u003e\u003c/div\u003e",
                                            "tessellate":  -1,
                                            "extrude":  0,
                                            "visibility":  -1
                                        },
                         "geometry":  {
                                          "type":  "Point",
                                          "coordinates":  [
                                                              -110.7302249,
                                                              43.7859213,
                                                              0.0
                                                          ]
                                      }
                     },
                     {
                         "type":  "Feature",
                         "properties":  {
                                            "Name":  "#5300",
                                            "description":  "\u003cdiv dir=\u0027rtl\u0027 style=\u0027font-family:Arial;\u0027\u003e\u003cb\u003eשם:\u003c/b\u003e חגית איגרמן פלד\u003cbr/\u003e\u003cb\u003eאתר:\u003c/b\u003e מרסיי\u003cbr/\u003e\u003cb\u003eתאריך:\u003c/b\u003e 19-10-2025\u003cbr/\u003e\u003cb\u003eID:\u003c/b\u003e 2446\u003cbr/\u003e\u003cb\u003eFB:\u003c/b\u003e \u003ca href=\u0027https://www.facebook.com/groups/beshvil.yael/posts/3784431595183297\u0027\u003ehttps://www.facebook.com/groups/beshvil.yael/posts/3784431595183297\u003c/a\u003e\u003cbr/\u003e\u003cbr/\u003e\u003cimg src=\u0027https://drive.google.com/uc?export=view\u0026amp;id=1_7LXNAdN9f0Dv_SPslbjYZZ8qMsEKfjV\u0027 width=\u0027450\u0027/\u003e\u003cbr/\u003e\u003c/div\u003e",
                                            "tessellate":  -1,
                                            "extrude":  0,
                                            "visibility":  -1
                                        },
                         "geometry":  {
                                          "type":  "Point",
                                          "coordinates":  [
                                                              5.35053,
                                                              43.31306,
                                                              0.0
                                                          ]
                                      }
                     },
                     {
                         "type":  "Feature",
                         "properties":  {
                                            "Name":  "#5305",
                                            "description":  "\u003cdiv dir=\u0027rtl\u0027 style=\u0027font-family:Arial;\u0027\u003e\u003cb\u003eשם:\u003c/b\u003e עזרא שהרבני\u003cbr/\u003e\u003cb\u003eאתר:\u003c/b\u003e גראו פרדיסו\u003cbr/\u003e\u003cb\u003eתאריך:\u003c/b\u003e 13-08-2025\u003cbr/\u003e\u003cb\u003eID:\u003c/b\u003e 1523\u003cbr/\u003e\u003cb\u003eFB:\u003c/b\u003e \u003ca href=\u0027https://www.facebook.com/groups/beshvil.yael/posts/3720730991553358/\u0027\u003ehttps://www.facebook.com/groups/beshvil.yael/posts/3720730991553358/\u003c/a\u003e\u003cbr/\u003e\u003cbr/\u003e\u003cimg src=\u0027https://drive.google.com/uc?export=view\u0026amp;id=1QKjGYwXrXk1uLWnLaKupiVnru1luJBiY\u0027 width=\u0027450\u0027/\u003e\u003cbr/\u003e\u003c/div\u003e",
                                            "tessellate":  -1,
                                            "extrude":  0,
                                            "visibility":  -1
                                        },
                         "geometry":  {
                                          "type":  "Point",
                                          "coordinates":  [
                                                              7.2720703,
                                                              45.5380647,
                                                              0.0
                                                          ]
                                      }
                     },
                     {
                         "type":  "Feature",
                         "properties":  {
                                            "Name":  "#5305",
                                            "description":  "\u003cdiv dir=\u0027rtl\u0027 style=\u0027font-family:Arial;\u0027\u003e\u003cb\u003eשם:\u003c/b\u003e עזרא שהרבני\u003cbr/\u003e\u003cb\u003eאתר:\u003c/b\u003e לה דאם בלאנש\u003cbr/\u003e\u003cb\u003eתאריך:\u003c/b\u003e 17-08-2025\u003cbr/\u003e\u003cb\u003eID:\u003c/b\u003e 1559\u003cbr/\u003e\u003cb\u003eFB:\u003c/b\u003e \u003ca href=\u0027https://www.facebook.com/groups/beshvil.yael/posts/3724033947889729/\u0027\u003ehttps://www.facebook.com/groups/beshvil.yael/posts/3724033947889729/\u003c/a\u003e\u003cbr/\u003e\u003cbr/\u003e\u003cimg src=\u0027https://drive.google.com/uc?export=view\u0026amp;id=1HIhtr5rglmKRnuOwtwr-f2QTXR3CCN70\u0027 width=\u0027450\u0027/\u003e\u003cbr/\u003e\u003c/div\u003e",
                                            "tessellate":  -1,
                                            "extrude":  0,
                                            "visibility":  -1
                                        },
                         "geometry":  {
                                          "type":  "Point",
                                          "coordinates":  [
                                                              6.8651749,
                                                              45.832256,
                                                              0.0
                                                          ]
                                      }
                     },
                     {
                         "type":  "Feature",
                         "properties":  {
                                            "Name":  "#5305",
                                            "description":  "\u003cdiv dir=\u0027rtl\u0027 style=\u0027font-family:Arial;\u0027\u003e\u003cb\u003eשם:\u003c/b\u003e עזרא שהרבני\u003cbr/\u003e\u003cb\u003eאתר:\u003c/b\u003e גראן פרדיסו\u003cbr/\u003e\u003cb\u003eתאריך:\u003c/b\u003e 04-09-2025\u003cbr/\u003e\u003cb\u003eID:\u003c/b\u003e 1741\u003cbr/\u003e\u003cb\u003eFB:\u003c/b\u003e \u003ca href=\u0027https://www.facebook.com/groups/beshvil.yael/posts/3740380539588403/\u0027\u003ehttps://www.facebook.com/groups/beshvil.yael/posts/3740380539588403/\u003c/a\u003e\u003cbr/\u003e\u003cbr/\u003e\u003cimg src=\u0027https://drive.google.com/uc?export=view\u0026amp;id=1AJbJIwu0YWgH-bZ8sh3kC-tJfD6wFA_L\u0027 width=\u0027450\u0027/\u003e\u003cbr/\u003e\u003c/div\u003e",
                                            "tessellate":  -1,
                                            "extrude":  0,
                                            "visibility":  -1
                                        },
                         "geometry":  {
                                          "type":  "Point",
                                          "coordinates":  [
                                                              7.2643569,
                                                              45.5209595,
                                                              0.0
                                                          ]
                                      }
                     },
                     {
                         "type":  "Feature",
                         "properties":  {
                                            "Name":  "#5360",
                                            "description":  "\u003cdiv dir=\u0027rtl\u0027 style=\u0027font-family:Arial;\u0027\u003e\u003cb\u003eשם:\u003c/b\u003e הדר אהרון\u003cbr/\u003e\u003cb\u003eאתר:\u003c/b\u003e \u003cbr/\u003e\u003cb\u003eתאריך:\u003c/b\u003e 28-07-2025\u003cbr/\u003e\u003cb\u003eID:\u003c/b\u003e 1317\u003cbr/\u003e\u003cb\u003eFB:\u003c/b\u003e \u003ca href=\u0027https://www.facebook.com/groups/beshvil.yael/posts/3705683606391430/\u0027\u003ehttps://www.facebook.com/groups/beshvil.yael/posts/3705683606391430/\u003c/a\u003e\u003cbr/\u003e\u003cbr/\u003e\u003cimg src=\u0027https://drive.google.com/uc?export=view\u0026amp;id=16LWYi2OZMpecpXP53qlpcK6QfFyEPeOR\u0027 width=\u0027450\u0027/\u003e\u003cbr/\u003e\u003c/div\u003e",
                                            "tessellate":  -1,
                                            "extrude":  0,
                                            "visibility":  -1
                                        },
                         "geometry":  {
                                          "type":  "Point",
                                          "coordinates":  [
                                                              18.9624006,
                                                              42.5555012,
                                                              0.0
                                                          ]
                                      }
                     },
                     {
                         "type":  "Feature",
                         "properties":  {
                                            "Name":  "#5396",
                                            "description":  "\u003cdiv dir=\u0027rtl\u0027 style=\u0027font-family:Arial;\u0027\u003e\u003cb\u003eשם:\u003c/b\u003e דפני כגן\u003cbr/\u003e\u003cb\u003eאתר:\u003c/b\u003e Zion National Park‎‏.\u003cbr/\u003e\u003cb\u003eתאריך:\u003c/b\u003e 20-09-2025\u003cbr/\u003e\u003cb\u003eID:\u003c/b\u003e 1974\u003cbr/\u003e\u003cb\u003eFB:\u003c/b\u003e \u003ca href=\u0027https://www.facebook.com/groups/beshvil.yael/posts/3755968554696268/\u0027\u003ehttps://www.facebook.com/groups/beshvil.yael/posts/3755968554696268/\u003c/a\u003e\u003cbr/\u003e\u003cbr/\u003e\u003cimg src=\u0027https://drive.google.com/uc?export=view\u0026amp;id=1FsVULu_ABrQYQh_e59E3ss62RMXOCKAd\u0027 width=\u0027450\u0027/\u003e\u003cbr/\u003e\u003c/div\u003e",
                                            "tessellate":  -1,
                                            "extrude":  0,
                                            "visibility":  -1
                                        },
                         "geometry":  {
                                          "type":  "Point",
                                          "coordinates":  [
                                                              -113.08398,
                                                              37.31348,
                                                              0.0
                                                          ]
                                      }
                     },
                     {
                         "type":  "Feature",
                         "properties":  {
                                            "Name":  "#5396",
                                            "description":  "\u003cdiv dir=\u0027rtl\u0027 style=\u0027font-family:Arial;\u0027\u003e\u003cb\u003eשם:\u003c/b\u003e דפני כגן\u003cbr/\u003e\u003cb\u003eאתר:\u003c/b\u003e מוניומנט וואלי\u003cbr/\u003e\u003cb\u003eתאריך:\u003c/b\u003e 23-09-2025\u003cbr/\u003e\u003cb\u003eID:\u003c/b\u003e 2003\u003cbr/\u003e\u003cb\u003eFB:\u003c/b\u003e \u003ca href=\u0027https://www.facebook.com/groups/beshvil.yael/posts/3757930154500108\u0027\u003ehttps://www.facebook.com/groups/beshvil.yael/posts/3757930154500108\u003c/a\u003e\u003cbr/\u003e\u003cbr/\u003e\u003cimg src=\u0027https://drive.google.com/uc?export=view\u0026amp;id=1mz-b2SOZIgnyze88P5-LhFgxIfhdBEsu\u0027 width=\u0027450\u0027/\u003e\u003cbr/\u003e\u003c/div\u003e",
                                            "tessellate":  -1,
                                            "extrude":  0,
                                            "visibility":  -1
                                        },
                         "geometry":  {
                                          "type":  "Point",
                                          "coordinates":  [
                                                              -110.09249,
                                                              36.94386,
                                                              0.0
                                                          ]
                                      }
                     },
                     {
                         "type":  "Feature",
                         "properties":  {
                                            "Name":  "#5396",
                                            "description":  "\u003cdiv dir=\u0027rtl\u0027 style=\u0027font-family:Arial;\u0027\u003e\u003cb\u003eשם:\u003c/b\u003e דפני כגן\u003cbr/\u003e\u003cb\u003eאתר:\u003c/b\u003e סכר הובר\u003cbr/\u003e\u003cb\u003eתאריך:\u003c/b\u003e 26-09-2025\u003cbr/\u003e\u003cb\u003eID:\u003c/b\u003e 2064\u003cbr/\u003e\u003cb\u003eFB:\u003c/b\u003e \u003ca href=\u0027https://www.facebook.com/groups/beshvil.yael/posts/3761500990809691/\u0027\u003ehttps://www.facebook.com/groups/beshvil.yael/posts/3761500990809691/\u003c/a\u003e\u003cbr/\u003e\u003cbr/\u003e\u003cimg src=\u0027https://drive.google.com/uc?export=view\u0026amp;id=1mQA_2wECPYm4cCyJRR-A6j62WyFWbimk\u0027 width=\u0027450\u0027/\u003e\u003cbr/\u003e\u003c/div\u003e",
                                            "tessellate":  -1,
                                            "extrude":  0,
                                            "visibility":  -1
                                        },
                         "geometry":  {
                                          "type":  "Point",
                                          "coordinates":  [
                                                              -114.73906,
                                                              36.01538,
                                                              0.0
                                                          ]
                                      }
                     },
                     {
                         "type":  "Feature",
                         "properties":  {
                                            "Name":  "#5396",
                                            "description":  "\u003cdiv dir=\u0027rtl\u0027 style=\u0027font-family:Arial;\u0027\u003e\u003cb\u003eשם:\u003c/b\u003e דפני כגן\u003cbr/\u003e\u003cb\u003eאתר:\u003c/b\u003e קייפ אליזבט\u003cbr/\u003e\u003cb\u003eתאריך:\u003c/b\u003e 30-09-2025\u003cbr/\u003e\u003cb\u003eID:\u003c/b\u003e 2107\u003cbr/\u003e\u003cb\u003eFB:\u003c/b\u003e \u003ca href=\u0027https://www.facebook.com/groups/beshvil.yael/posts/3765549233738200\u0027\u003ehttps://www.facebook.com/groups/beshvil.yael/posts/3765549233738200\u003c/a\u003e\u003cbr/\u003e\u003cbr/\u003e\u003cimg src=\u0027https://drive.google.com/uc?export=view\u0026amp;id=1yvZbOWJHbQRHIyVsHMUIYQqRsDulAam_\u0027 width=\u0027450\u0027/\u003e\u003cbr/\u003e\u003c/div\u003e",
                                            "tessellate":  -1,
                                            "extrude":  0,
                                            "visibility":  -1
                                        },
                         "geometry":  {
                                          "type":  "Point",
                                          "coordinates":  [
                                                              -70.23303,
                                                              43.57579,
                                                              0.0
                                                          ]
                                      }
                     },
                     {
                         "type":  "Feature",
                         "properties":  {
                                            "Name":  "#5396",
                                            "description":  "\u003cdiv dir=\u0027rtl\u0027 style=\u0027font-family:Arial;\u0027\u003e\u003cb\u003eשם:\u003c/b\u003e דפני כגן\u003cbr/\u003e\u003cb\u003eאתר:\u003c/b\u003e SUMMIT One Vanderbilt\u003cbr/\u003e\u003cb\u003eתאריך:\u003c/b\u003e 05-10-2025\u003cbr/\u003e\u003cb\u003eID:\u003c/b\u003e 2181\u003cbr/\u003e\u003cb\u003eFB:\u003c/b\u003e \u003ca href=\u0027https://www.facebook.com/groups/beshvil.yael/posts/3770470879912702\u0027\u003ehttps://www.facebook.com/groups/beshvil.yael/posts/3770470879912702\u003c/a\u003e\u003cbr/\u003e\u003cbr/\u003e\u003cimg src=\u0027https://drive.google.com/uc?export=view\u0026amp;id=17YCt4_wGa4o7UBQMW7qJ98ujuRB2o1Ms\u0027 width=\u0027450\u0027/\u003e\u003cbr/\u003e\u003c/div\u003e",
                                            "tessellate":  -1,
                                            "extrude":  0,
                                            "visibility":  -1
                                        },
                         "geometry":  {
                                          "type":  "Point",
                                          "coordinates":  [
                                                              -73.97858,
                                                              40.75296,
                                                              0.0
                                                          ]
                                      }
                     },
                     {
                         "type":  "Feature",
                         "properties":  {
                                            "Name":  "#5399",
                                            "description":  "\u003cdiv dir=\u0027rtl\u0027 style=\u0027font-family:Arial;\u0027\u003e\u003cb\u003eשם:\u003c/b\u003e אורלי רוט\u003cbr/\u003e\u003cb\u003eאתר:\u003c/b\u003e קרקוב\u003cbr/\u003e\u003cb\u003eתאריך:\u003c/b\u003e 22-07-2025\u003cbr/\u003e\u003cb\u003eID:\u003c/b\u003e 1273\u003cbr/\u003e\u003cb\u003eFB:\u003c/b\u003e \u003ca href=\u0027https://www.facebook.com/groups/beshvil.yael/posts/3700780610215063/\u0027\u003ehttps://www.facebook.com/groups/beshvil.yael/posts/3700780610215063/\u003c/a\u003e\u003cbr/\u003e\u003cbr/\u003e\u003cimg src=\u0027https://drive.google.com/uc?export=view\u0026amp;id=1c9qXPP3gpgvAhkJMLkBHVid3nqYLjLk9\u0027 width=\u0027450\u0027/\u003e\u003cbr/\u003e\u003c/div\u003e",
                                            "tessellate":  -1,
                                            "extrude":  0,
                                            "visibility":  -1
                                        },
                         "geometry":  {
                                          "type":  "Point",
                                          "coordinates":  [
                                                              19.9473603,
                                                              50.052368,
                                                              0.0
                                                          ]
                                      }
                     },
                     {
                         "type":  "Feature",
                         "properties":  {
                                            "Name":  "#5403",
                                            "description":  "\u003cdiv dir=\u0027rtl\u0027 style=\u0027font-family:Arial;\u0027\u003e\u003cb\u003eשם:\u003c/b\u003e שלום לוי\u003cbr/\u003e\u003cb\u003eאתר:\u003c/b\u003e רודוס\u003cbr/\u003e\u003cb\u003eתאריך:\u003c/b\u003e 26-07-2025\u003cbr/\u003e\u003cb\u003eID:\u003c/b\u003e 1304\u003cbr/\u003e\u003cb\u003eFB:\u003c/b\u003e \u003ca href=\u0027https://www.facebook.com/groups/beshvil.yael/posts/3703946299898494/\u0027\u003ehttps://www.facebook.com/groups/beshvil.yael/posts/3703946299898494/\u003c/a\u003e\u003cbr/\u003e\u003cbr/\u003e\u003cimg src=\u0027https://drive.google.com/uc?export=view\u0026amp;id=1amBw34xHyvcVDDAph0LEJztROce6_qek\u0027 width=\u0027450\u0027/\u003e\u003cbr/\u003e\u003c/div\u003e",
                                            "tessellate":  -1,
                                            "extrude":  0,
                                            "visibility":  -1
                                        },
                         "geometry":  {
                                          "type":  "Point",
                                          "coordinates":  [
                                                              27.9371269,
                                                              36.2059271,
                                                              0.0
                                                          ]
                                      }
                     },
                     {
                         "type":  "Feature",
                         "properties":  {
                                            "Name":  "#5403",
                                            "description":  "\u003cdiv dir=\u0027rtl\u0027 style=\u0027font-family:Arial;\u0027\u003e\u003cb\u003eשם:\u003c/b\u003e שלום לוי\u003cbr/\u003e\u003cb\u003eאתר:\u003c/b\u003e עמק הפרפרים\u003cbr/\u003e\u003cb\u003eתאריך:\u003c/b\u003e 06-08-2025\u003cbr/\u003e\u003cb\u003eID:\u003c/b\u003e 1426\u003cbr/\u003e\u003cb\u003eFB:\u003c/b\u003e \u003ca href=\u0027https://www.facebook.com/groups/beshvil.yael/posts/3714475185512272/\u0027\u003ehttps://www.facebook.com/groups/beshvil.yael/posts/3714475185512272/\u003c/a\u003e\u003cbr/\u003e\u003cbr/\u003e\u003cimg src=\u0027https://drive.google.com/uc?export=view\u0026amp;id=1cOTyMOf2U-vibayCo7PVozWTH9v-nPSG\u0027 width=\u0027450\u0027/\u003e\u003cbr/\u003e\u003c/div\u003e",
                                            "tessellate":  -1,
                                            "extrude":  0,
                                            "visibility":  -1
                                        },
                         "geometry":  {
                                          "type":  "Point",
                                          "coordinates":  [
                                                              28.058999,
                                                              36.3398274,
                                                              0.0
                                                          ]
                                      }
                     },
                     {
                         "type":  "Feature",
                         "properties":  {
                                            "Name":  "#5403",
                                            "description":  "\u003cdiv dir=\u0027rtl\u0027 style=\u0027font-family:Arial;\u0027\u003e\u003cb\u003eשם:\u003c/b\u003e שלום לוי\u003cbr/\u003e\u003cb\u003eאתר:\u003c/b\u003e \u003cbr/\u003e\u003cb\u003eתאריך:\u003c/b\u003e 07-08-2025\u003cbr/\u003e\u003cb\u003eID:\u003c/b\u003e 1429\u003cbr/\u003e\u003cb\u003eFB:\u003c/b\u003e \u003ca href=\u0027https://www.facebook.com/groups/beshvil.yael/posts/3714517055508085/\u0027\u003ehttps://www.facebook.com/groups/beshvil.yael/posts/3714517055508085/\u003c/a\u003e\u003cbr/\u003e\u003cbr/\u003e\u003cimg src=\u0027https://drive.google.com/uc?export=view\u0026amp;id=1X25J7Z-5qe41CBRf84kUfRqakRdHf232\u0027 width=\u0027450\u0027/\u003e\u003cbr/\u003e\u003c/div\u003e",
                                            "tessellate":  -1,
                                            "extrude":  0,
                                            "visibility":  -1
                                        },
                         "geometry":  {
                                          "type":  "Point",
                                          "coordinates":  [
                                                              28.215912,
                                                              36.4273324,
                                                              0.0
                                                          ]
                                      }
                     },
                     {
                         "type":  "Feature",
                         "properties":  {
                                            "Name":  "#5405",
                                            "description":  "\u003cdiv dir=\u0027rtl\u0027 style=\u0027font-family:Arial;\u0027\u003e\u003cb\u003eשם:\u003c/b\u003e הדס בן דוד\u003cbr/\u003e\u003cb\u003eאתר:\u003c/b\u003e היער השחור\u003cbr/\u003e\u003cb\u003eתאריך:\u003c/b\u003e 09-07-2025\u003cbr/\u003e\u003cb\u003eID:\u003c/b\u003e 1144\u003cbr/\u003e\u003cb\u003eFB:\u003c/b\u003e \u003ca href=\u0027https://www.facebook.com/groups/beshvil.yael/posts/3689703674656090\u0027\u003ehttps://www.facebook.com/groups/beshvil.yael/posts/3689703674656090\u003c/a\u003e\u003cbr/\u003e\u003cbr/\u003e\u003cimg src=\u0027https://drive.google.com/uc?export=view\u0026amp;id=1Y9JZQ3uIdB9BYWmNa7pgOCcmaJVGKILT\u0027 width=\u0027450\u0027/\u003e\u003cbr/\u003e\u003c/div\u003e",
                                            "tessellate":  -1,
                                            "extrude":  0,
                                            "visibility":  -1
                                        },
                         "geometry":  {
                                          "type":  "Point",
                                          "coordinates":  [
                                                              8.2024239,
                                                              48.2654763,
                                                              0.0
                                                          ]
                                      }
                     },
                     {
                         "type":  "Feature",
                         "properties":  {
                                            "Name":  "#5414",
                                            "description":  "\u003cdiv dir=\u0027rtl\u0027 style=\u0027font-family:Arial;\u0027\u003e\u003cb\u003eשם:\u003c/b\u003e רינת לנדמן\u003cbr/\u003e\u003cb\u003eאתר:\u003c/b\u003e מדירה\u003cbr/\u003e\u003cb\u003eתאריך:\u003c/b\u003e 30-04-2026\u003cbr/\u003e\u003cb\u003eID:\u003c/b\u003e 4291\u003cbr/\u003e\u003cb\u003eFB:\u003c/b\u003e \u003ca href=\u0027https://www.facebook.com/groups/beshvil.yael/posts/3958895864403535\u0027\u003ehttps://www.facebook.com/groups/beshvil.yael/posts/3958895864403535\u003c/a\u003e\u003cbr/\u003e\u003cbr/\u003e\u003cimg src=\u0027https://drive.google.com/uc?export=view\u0026amp;id=15fN5Ne-I35OUV57diGth7t0QXJtmQQn6\u0027 width=\u0027450\u0027/\u003e\u003cbr/\u003e\u003c/div\u003e",
                                            "tessellate":  -1,
                                            "extrude":  0,
                                            "visibility":  -1
                                        },
                         "geometry":  {
                                          "type":  "Point",
                                          "coordinates":  [
                                                              -16.96632,
                                                              32.71796,
                                                              0.0
                                                          ]
                                      }
                     },
                     {
                         "type":  "Feature",
                         "properties":  {
                                            "Name":  "#5417",
                                            "description":  "\u003cdiv dir=\u0027rtl\u0027 style=\u0027font-family:Arial;\u0027\u003e\u003cb\u003eשם:\u003c/b\u003e אליאב חתוכה\u003cbr/\u003e\u003cb\u003eאתר:\u003c/b\u003e \u003cbr/\u003e\u003cb\u003eתאריך:\u003c/b\u003e 09-08-2025\u003cbr/\u003e\u003cb\u003eID:\u003c/b\u003e 1472\u003cbr/\u003e\u003cb\u003eFB:\u003c/b\u003e \u003ca href=\u0027https://www.facebook.com/groups/beshvil.yael/posts/3717170205242770/\u0027\u003ehttps://www.facebook.com/groups/beshvil.yael/posts/3717170205242770/\u003c/a\u003e\u003cbr/\u003e\u003cbr/\u003e\u003cimg src=\u0027https://drive.google.com/uc?export=view\u0026amp;id=1Iu2FxVBy6GV4iTZ3UYgf8ICwR7A7uLgC\u0027 width=\u0027450\u0027/\u003e\u003cbr/\u003e\u003c/div\u003e",
                                            "tessellate":  -1,
                                            "extrude":  0,
                                            "visibility":  -1
                                        },
                         "geometry":  {
                                          "type":  "Point",
                                          "coordinates":  [
                                                              44.0999956,
                                                              42.4971127,
                                                              0.0
                                                          ]
                                      }
                     },
                     {
                         "type":  "Feature",
                         "properties":  {
                                            "Name":  "#5418",
                                            "description":  "\u003cdiv dir=\u0027rtl\u0027 style=\u0027font-family:Arial;\u0027\u003e\u003cb\u003eשם:\u003c/b\u003e \u003cbr/\u003e\u003cb\u003eאתר:\u003c/b\u003e \u003cbr/\u003e\u003cb\u003eתאריך:\u003c/b\u003e 09-08-2025\u003cbr/\u003e\u003cb\u003eID:\u003c/b\u003e 1472\u003cbr/\u003e\u003cb\u003eFB:\u003c/b\u003e \u003ca href=\u0027https://www.facebook.com/groups/beshvil.yael/posts/3717170205242770/\u0027\u003ehttps://www.facebook.com/groups/beshvil.yael/posts/3717170205242770/\u003c/a\u003e\u003cbr/\u003e\u003cbr/\u003e\u003cimg src=\u0027https://drive.google.com/uc?export=view\u0026amp;id=1Iu2FxVBy6GV4iTZ3UYgf8ICwR7A7uLgC\u0027 width=\u0027450\u0027/\u003e\u003cbr/\u003e\u003c/div\u003e",
                                            "tessellate":  -1,
                                            "extrude":  0,
                                            "visibility":  -1
                                        },
                         "geometry":  {
                                          "type":  "Point",
                                          "coordinates":  [
                                                              44.0999956,
                                                              42.4973827,
                                                              0.0
                                                          ]
                                      }
                     },
                     {
                         "type":  "Feature",
                         "properties":  {
                                            "Name":  "#5419",
                                            "description":  "\u003cdiv dir=\u0027rtl\u0027 style=\u0027font-family:Arial;\u0027\u003e\u003cb\u003eשם:\u003c/b\u003e \u003cbr/\u003e\u003cb\u003eאתר:\u003c/b\u003e \u003cbr/\u003e\u003cb\u003eתאריך:\u003c/b\u003e 09-08-2025\u003cbr/\u003e\u003cb\u003eID:\u003c/b\u003e 1472\u003cbr/\u003e\u003cb\u003eFB:\u003c/b\u003e \u003ca href=\u0027https://www.facebook.com/groups/beshvil.yael/posts/3717170205242770/\u0027\u003ehttps://www.facebook.com/groups/beshvil.yael/posts/3717170205242770/\u003c/a\u003e\u003cbr/\u003e\u003cbr/\u003e\u003cimg src=\u0027https://drive.google.com/uc?export=view\u0026amp;id=1Iu2FxVBy6GV4iTZ3UYgf8ICwR7A7uLgC\u0027 width=\u0027450\u0027/\u003e\u003cbr/\u003e\u003c/div\u003e",
                                            "tessellate":  -1,
                                            "extrude":  0,
                                            "visibility":  -1
                                        },
                         "geometry":  {
                                          "type":  "Point",
                                          "coordinates":  [
                                                              44.0999956,
                                                              42.4976527,
                                                              0.0
                                                          ]
                                      }
                     },
                     {
                         "type":  "Feature",
                         "properties":  {
                                            "Name":  "#5449",
                                            "description":  "\u003cdiv dir=\u0027rtl\u0027 style=\u0027font-family:Arial;\u0027\u003e\u003cb\u003eשם:\u003c/b\u003e כרמית יצחק\u003cbr/\u003e\u003cb\u003eאתר:\u003c/b\u003e טוקיו\u003cbr/\u003e\u003cb\u003eתאריך:\u003c/b\u003e 25-09-2025\u003cbr/\u003e\u003cb\u003eID:\u003c/b\u003e 2040\u003cbr/\u003e\u003cb\u003eFB:\u003c/b\u003e \u003ca href=\u0027https://www.facebook.com/groups/beshvil.yael/posts/3760259387600518\u0027\u003ehttps://www.facebook.com/groups/beshvil.yael/posts/3760259387600518\u003c/a\u003e\u003cbr/\u003e\u003cbr/\u003e\u003cimg src=\u0027https://drive.google.com/uc?export=view\u0026amp;id=1wFZP1NVfhIsU2AtfrpGfg4KwYZyvu3i7\u0027 width=\u0027450\u0027/\u003e\u003cbr/\u003e\u003c/div\u003e",
                                            "tessellate":  -1,
                                            "extrude":  0,
                                            "visibility":  -1
                                        },
                         "geometry":  {
                                          "type":  "Point",
                                          "coordinates":  [
                                                              139.83132,
                                                              35.62057,
                                                              0.0
                                                          ]
                                      }
                     },
                     {
                         "type":  "Feature",
                         "properties":  {
                                            "Name":  "#5467",
                                            "description":  "\u003cdiv dir=\u0027rtl\u0027 style=\u0027font-family:Arial;\u0027\u003e\u003cb\u003eשם:\u003c/b\u003e רון ישראלי\u003cbr/\u003e\u003cb\u003eאתר:\u003c/b\u003e Camino de Invierno\u003cbr/\u003e\u003cb\u003eתאריך:\u003c/b\u003e 08-10-2025\u003cbr/\u003e\u003cb\u003eID:\u003c/b\u003e 2272\u003cbr/\u003e\u003cb\u003eFB:\u003c/b\u003e \u003ca href=\u0027https://www.facebook.com/groups/beshvil.yael/posts/3773077679652022/\u0027\u003ehttps://www.facebook.com/groups/beshvil.yael/posts/3773077679652022/\u003c/a\u003e\u003cbr/\u003e\u003cbr/\u003e\u003cimg src=\u0027https://drive.google.com/uc?export=view\u0026amp;id=1eJovXcInVMrV53Osi8rKbylGHCHPJYTq\u0027 width=\u0027450\u0027/\u003e\u003cbr/\u003e\u003c/div\u003e",
                                            "tessellate":  -1,
                                            "extrude":  0,
                                            "visibility":  -1
                                        },
                         "geometry":  {
                                          "type":  "Point",
                                          "coordinates":  [
                                                              -6.68506,
                                                              42.4828,
                                                              0.0
                                                          ]
                                      }
                     },
                     {
                         "type":  "Feature",
                         "properties":  {
                                            "Name":  "#5467",
                                            "description":  "\u003cdiv dir=\u0027rtl\u0027 style=\u0027font-family:Arial;\u0027\u003e\u003cb\u003eשם:\u003c/b\u003e רון ישראלי\u003cbr/\u003e\u003cb\u003eאתר:\u003c/b\u003e Camino de Invierno‏\u003cbr/\u003e\u003cb\u003eתאריך:\u003c/b\u003e 09-10-2025\u003cbr/\u003e\u003cb\u003eID:\u003c/b\u003e 2291\u003cbr/\u003e\u003cb\u003eFB:\u003c/b\u003e \u003ca href=\u0027https://www.facebook.com/groups/beshvil.yael/posts/3774389772854146\u0027\u003ehttps://www.facebook.com/groups/beshvil.yael/posts/3774389772854146\u003c/a\u003e\u003cbr/\u003e\u003cbr/\u003e\u003cimg src=\u0027https://drive.google.com/uc?export=view\u0026amp;id=1hrElm1Q2O_hG5I7jh632GfoX8AxmymPx\u0027 width=\u0027450\u0027/\u003e\u003cbr/\u003e\u003c/div\u003e",
                                            "tessellate":  -1,
                                            "extrude":  0,
                                            "visibility":  -1
                                        },
                         "geometry":  {
                                          "type":  "Point",
                                          "coordinates":  [
                                                              -7.51585,
                                                              42.51899,
                                                              0.0
                                                          ]
                                      }
                     },
                     {
                         "type":  "Feature",
                         "properties":  {
                                            "Name":  "#5467",
                                            "description":  "\u003cdiv dir=\u0027rtl\u0027 style=\u0027font-family:Arial;\u0027\u003e\u003cb\u003eשם:\u003c/b\u003e רון ישראלי\u003cbr/\u003e\u003cb\u003eאתר:\u003c/b\u003e בקמינו החורף\u003cbr/\u003e\u003cb\u003eתאריך:\u003c/b\u003e 12-10-2025\u003cbr/\u003e\u003cb\u003eID:\u003c/b\u003e 2353\u003cbr/\u003e\u003cb\u003eFB:\u003c/b\u003e \u003ca href=\u0027https://www.facebook.com/groups/beshvil.yael/posts/3777743539185436\u0027\u003ehttps://www.facebook.com/groups/beshvil.yael/posts/3777743539185436\u003c/a\u003e\u003cbr/\u003e\u003cbr/\u003e\u003cimg src=\u0027https://drive.google.com/uc?export=view\u0026amp;id=1Qj0vGalEe-Pg3KnMmVDGs032PpUe1C8i\u0027 width=\u0027450\u0027/\u003e\u003cbr/\u003e\u003c/div\u003e",
                                            "tessellate":  -1,
                                            "extrude":  0,
                                            "visibility":  -1
                                        },
                         "geometry":  {
                                          "type":  "Point",
                                          "coordinates":  [
                                                              -6.68494,
                                                              42.48277,
                                                              0.0
                                                          ]
                                      }
                     },
                     {
                         "type":  "Feature",
                         "properties":  {
                                            "Name":  "#5467",
                                            "description":  "\u003cdiv dir=\u0027rtl\u0027 style=\u0027font-family:Arial;\u0027\u003e\u003cb\u003eשם:\u003c/b\u003e רון ישראלי\u003cbr/\u003e\u003cb\u003eאתר:\u003c/b\u003e קמינו אינויירנו\u003cbr/\u003e\u003cb\u003eתאריך:\u003c/b\u003e 16-10-2025\u003cbr/\u003e\u003cb\u003eID:\u003c/b\u003e 2404\u003cbr/\u003e\u003cb\u003eFB:\u003c/b\u003e \u003ca href=\u0027https://www.facebook.com/groups/beshvil.yael/posts/3781789292114194/\u0027\u003ehttps://www.facebook.com/groups/beshvil.yael/posts/3781789292114194/\u003c/a\u003e\u003cbr/\u003e\u003cbr/\u003e\u003cimg src=\u0027https://drive.google.com/uc?export=view\u0026amp;id=1LoO87b54Ebk1aYbY2fGr4Bt8Baqo4sh-\u0027 width=\u0027450\u0027/\u003e\u003cbr/\u003e\u003c/div\u003e",
                                            "tessellate":  -1,
                                            "extrude":  0,
                                            "visibility":  -1
                                        },
                         "geometry":  {
                                          "type":  "Point",
                                          "coordinates":  [
                                                              -6.60047,
                                                              42.54003,
                                                              0.0
                                                          ]
                                      }
                     },
                     {
                         "type":  "Feature",
                         "properties":  {
                                            "Name":  "#5467",
                                            "description":  "\u003cdiv dir=\u0027rtl\u0027 style=\u0027font-family:Arial;\u0027\u003e\u003cb\u003eשם:\u003c/b\u003e רון ישראלי\u003cbr/\u003e\u003cb\u003eאתר:\u003c/b\u003e סנטיאגו דה קמפוסטלה\u003cbr/\u003e\u003cb\u003eתאריך:\u003c/b\u003e 17-10-2025\u003cbr/\u003e\u003cb\u003eID:\u003c/b\u003e 2415\u003cbr/\u003e\u003cb\u003eFB:\u003c/b\u003e \u003ca href=\u0027https://www.facebook.com/groups/beshvil.yael/posts/3782611508698639/\u0027\u003ehttps://www.facebook.com/groups/beshvil.yael/posts/3782611508698639/\u003c/a\u003e\u003cbr/\u003e\u003cbr/\u003e\u003cimg src=\u0027https://drive.google.com/uc?export=view\u0026amp;id=16lIwfRowdYNHFyxACEs7NJVGXPc6vvK5\u0027 width=\u0027450\u0027/\u003e\u003cbr/\u003e\u003c/div\u003e",
                                            "tessellate":  -1,
                                            "extrude":  0,
                                            "visibility":  -1
                                        },
                         "geometry":  {
                                          "type":  "Point",
                                          "coordinates":  [
                                                              -8.54331,
                                                              42.8678,
                                                              0.0
                                                          ]
                                      }
                     },
                     {
                         "type":  "Feature",
                         "properties":  {
                                            "Name":  "#5467",
                                            "description":  "\u003cdiv dir=\u0027rtl\u0027 style=\u0027font-family:Arial;\u0027\u003e\u003cb\u003eשם:\u003c/b\u003e רון ישראלי\u003cbr/\u003e\u003cb\u003eאתר:\u003c/b\u003e סביליה\u003cbr/\u003e\u003cb\u003eתאריך:\u003c/b\u003e 25-10-2025\u003cbr/\u003e\u003cb\u003eID:\u003c/b\u003e 2517\u003cbr/\u003e\u003cb\u003eFB:\u003c/b\u003e \u003ca href=\u0027https://www.facebook.com/groups/beshvil.yael/posts/3790463081246815/\u0027\u003ehttps://www.facebook.com/groups/beshvil.yael/posts/3790463081246815/\u003c/a\u003e\u003cbr/\u003e\u003cbr/\u003e\u003cimg src=\u0027https://drive.google.com/uc?export=view\u0026amp;id=1_e3IymW13RuGopkjL9yAV9H_OxjFw9tH\u0027 width=\u0027450\u0027/\u003e\u003cbr/\u003e\u003c/div\u003e",
                                            "tessellate":  -1,
                                            "extrude":  0,
                                            "visibility":  -1
                                        },
                         "geometry":  {
                                          "type":  "Point",
                                          "coordinates":  [
                                                              -5.98754,
                                                              37.39591,
                                                              0.0
                                                          ]
                                      }
                     },
                     {
                         "type":  "Feature",
                         "properties":  {
                                            "Name":  "#5468",
                                            "description":  "\u003cdiv dir=\u0027rtl\u0027 style=\u0027font-family:Arial;\u0027\u003e\u003cb\u003eשם:\u003c/b\u003e \u003cbr/\u003e\u003cb\u003eאתר:\u003c/b\u003e \u003cbr/\u003e\u003cb\u003eתאריך:\u003c/b\u003e 29-09-2025\u003cbr/\u003e\u003cb\u003eID:\u003c/b\u003e 2094\u003cbr/\u003e\u003cb\u003eFB:\u003c/b\u003e \u003ca href=\u0027https://www.facebook.com/groups/beshvil.yael/posts/3763949137231543/\u0027\u003ehttps://www.facebook.com/groups/beshvil.yael/posts/3763949137231543/\u003c/a\u003e\u003cbr/\u003e\u003cbr/\u003e\u003cimg src=\u0027https://drive.google.com/uc?export=view\u0026amp;id=1rqIGDCEhK9JB11xWUBSGOpId3EtTAeDg\u0027 width=\u0027450\u0027/\u003e\u003cbr/\u003e\u003c/div\u003e",
                                            "tessellate":  -1,
                                            "extrude":  0,
                                            "visibility":  -1
                                        },
                         "geometry":  {
                                          "type":  "Point",
                                          "coordinates":  [
                                                              18.97356,
                                                              42.5355,
                                                              0.0
                                                          ]
                                      }
                     },
                     {
                         "type":  "Feature",
                         "properties":  {
                                            "Name":  "#5472",
                                            "description":  "\u003cdiv dir=\u0027rtl\u0027 style=\u0027font-family:Arial;\u0027\u003e\u003cb\u003eשם:\u003c/b\u003e אלה אבס\u003cbr/\u003e\u003cb\u003eאתר:\u003c/b\u003e סקוומיש\u003cbr/\u003e\u003cb\u003eתאריך:\u003c/b\u003e 08-10-2025\u003cbr/\u003e\u003cb\u003eID:\u003c/b\u003e 2269\u003cbr/\u003e\u003cb\u003eFB:\u003c/b\u003e \u003ca href=\u0027https://www.facebook.com/groups/beshvil.yael/posts/3772944389665351\u0027\u003ehttps://www.facebook.com/groups/beshvil.yael/posts/3772944389665351\u003c/a\u003e\u003cbr/\u003e\u003cbr/\u003e\u003cimg src=\u0027https://drive.google.com/uc?export=view\u0026amp;id=1Q9YKmVT9rbbTKLzqvJNV8Sb5aXjFu4Je\u0027 width=\u0027450\u0027/\u003e\u003cbr/\u003e\u003c/div\u003e",
                                            "tessellate":  -1,
                                            "extrude":  0,
                                            "visibility":  -1
                                        },
                         "geometry":  {
                                          "type":  "Point",
                                          "coordinates":  [
                                                              -123.11941,
                                                              49.66343,
                                                              0.0
                                                          ]
                                      }
                     },
                     {
                         "type":  "Feature",
                         "properties":  {
                                            "Name":  "#5481",
                                            "description":  "\u003cdiv dir=\u0027rtl\u0027 style=\u0027font-family:Arial;\u0027\u003e\u003cb\u003eשם:\u003c/b\u003e שוהם עזרי\u003cbr/\u003e\u003cb\u003eאתר:\u003c/b\u003e Mikumi\u003cbr/\u003e\u003cb\u003eתאריך:\u003c/b\u003e 08-11-2025\u003cbr/\u003e\u003cb\u003eID:\u003c/b\u003e 2659\u003cbr/\u003e\u003cb\u003eFB:\u003c/b\u003e \u003ca href=\u0027https://www.facebook.com/groups/beshvil.yael/posts/3804300966529693\u0027\u003ehttps://www.facebook.com/groups/beshvil.yael/posts/3804300966529693\u003c/a\u003e\u003cbr/\u003e\u003cbr/\u003e\u003cimg src=\u0027https://drive.google.com/uc?export=view\u0026amp;id=1a2yumXzvCd1nJkTzkAxV1lPIBVqHwfad\u0027 width=\u0027450\u0027/\u003e\u003cbr/\u003e\u003c/div\u003e",
                                            "tessellate":  -1,
                                            "extrude":  0,
                                            "visibility":  -1
                                        },
                         "geometry":  {
                                          "type":  "Point",
                                          "coordinates":  [
                                                              37.42557,
                                                              -7.13198,
                                                              0.0
                                                          ]
                                      }
                     },
                     {
                         "type":  "Feature",
                         "properties":  {
                                            "Name":  "#5496",
                                            "description":  "\u003cdiv dir=\u0027rtl\u0027 style=\u0027font-family:Arial;\u0027\u003e\u003cb\u003eשם:\u003c/b\u003e רונה דויטש\u003cbr/\u003e\u003cb\u003eאתר:\u003c/b\u003e \u003cbr/\u003e\u003cb\u003eתאריך:\u003c/b\u003e 06-10-2025\u003cbr/\u003e\u003cb\u003eID:\u003c/b\u003e 2193\u003cbr/\u003e\u003cb\u003eFB:\u003c/b\u003e \u003ca href=\u0027https://www.facebook.com/groups/beshvil.yael/posts/3771018469857943\u0027\u003ehttps://www.facebook.com/groups/beshvil.yael/posts/3771018469857943\u003c/a\u003e\u003cbr/\u003e\u003cbr/\u003e\u003cimg src=\u0027https://drive.google.com/uc?export=view\u0026amp;id=1ygzX1ZwD7TgpVYK_qC5rzLmYVZabmPCb\u0027 width=\u0027450\u0027/\u003e\u003cbr/\u003e\u003c/div\u003e",
                                            "tessellate":  -1,
                                            "extrude":  0,
                                            "visibility":  -1
                                        },
                         "geometry":  {
                                          "type":  "Point",
                                          "coordinates":  [
                                                              46.8691,
                                                              -18.76694,
                                                              0.0
                                                          ]
                                      }
                     },
                     {
                         "type":  "Feature",
                         "properties":  {
                                            "Name":  "#5511",
                                            "description":  "\u003cdiv dir=\u0027rtl\u0027 style=\u0027font-family:Arial;\u0027\u003e\u003cb\u003eשם:\u003c/b\u003e רוויטל קריב\u003cbr/\u003e\u003cb\u003eאתר:\u003c/b\u003e בין מסטיה לאושגול\u003cbr/\u003e\u003cb\u003eתאריך:\u003c/b\u003e 10-08-2025\u003cbr/\u003e\u003cb\u003eID:\u003c/b\u003e 1475\u003cbr/\u003e\u003cb\u003eFB:\u003c/b\u003e \u003ca href=\u0027https://www.facebook.com/groups/beshvil.yael/posts/3717284111898046/\u0027\u003ehttps://www.facebook.com/groups/beshvil.yael/posts/3717284111898046/\u003c/a\u003e\u003cbr/\u003e\u003cbr/\u003e\u003cimg src=\u0027https://drive.google.com/uc?export=view\u0026amp;id=1x0bvqgHr9jzFIPJC0B6UKOp7kFMDPEOi\u0027 width=\u0027450\u0027/\u003e\u003cbr/\u003e\u003c/div\u003e",
                                            "tessellate":  -1,
                                            "extrude":  0,
                                            "visibility":  -1
                                        },
                         "geometry":  {
                                          "type":  "Point",
                                          "coordinates":  [
                                                              42.9736531,
                                                              42.9198042,
                                                              0.0
                                                          ]
                                      }
                     },
                     {
                         "type":  "Feature",
                         "properties":  {
                                            "Name":  "#5515",
                                            "description":  "\u003cdiv dir=\u0027rtl\u0027 style=\u0027font-family:Arial;\u0027\u003e\u003cb\u003eשם:\u003c/b\u003e דרור שוורץ\u003cbr/\u003e\u003cb\u003eאתר:\u003c/b\u003e Almen weg\u003cbr/\u003e\u003cb\u003eתאריך:\u003c/b\u003e 15-09-2025\u003cbr/\u003e\u003cb\u003eID:\u003c/b\u003e 1888\u003cbr/\u003e\u003cb\u003eFB:\u003c/b\u003e \u003ca href=\u0027https://www.facebook.com/groups/beshvil.yael/posts/3751089541850836\u0027\u003ehttps://www.facebook.com/groups/beshvil.yael/posts/3751089541850836\u003c/a\u003e\u003cbr/\u003e\u003cbr/\u003e\u003cimg src=\u0027https://drive.google.com/uc?export=view\u0026amp;id=1-kdiu8gheWwGn5E6Tw1Is0PV5Njn0BU9\u0027 width=\u0027450\u0027/\u003e\u003cbr/\u003e\u003c/div\u003e",
                                            "tessellate":  -1,
                                            "extrude":  0,
                                            "visibility":  -1
                                        },
                         "geometry":  {
                                          "type":  "Point",
                                          "coordinates":  [
                                                              15.877613,
                                                              46.8167362,
                                                              0.0
                                                          ]
                                      }
                     },
                     {
                         "type":  "Feature",
                         "properties":  {
                                            "Name":  "#5515",
                                            "description":  "\u003cdiv dir=\u0027rtl\u0027 style=\u0027font-family:Arial;\u0027\u003e\u003cb\u003eשם:\u003c/b\u003e דרור שוורץ\u003cbr/\u003e\u003cb\u003eאתר:\u003c/b\u003e אגם Attersee\u003cbr/\u003e\u003cb\u003eתאריך:\u003c/b\u003e 19-09-2025\u003cbr/\u003e\u003cb\u003eID:\u003c/b\u003e 1950\u003cbr/\u003e\u003cb\u003eFB:\u003c/b\u003e \u003ca href=\u0027https://www.facebook.com/groups/beshvil.yael/posts/3754842684808855\u0027\u003ehttps://www.facebook.com/groups/beshvil.yael/posts/3754842684808855\u003c/a\u003e\u003cbr/\u003e\u003cbr/\u003e\u003cimg src=\u0027https://drive.google.com/uc?export=view\u0026amp;id=1ffy_VrYXk3mZmFsWGmuUsXBFNiP-RZtj\u0027 width=\u0027450\u0027/\u003e\u003cbr/\u003e\u003c/div\u003e",
                                            "tessellate":  -1,
                                            "extrude":  0,
                                            "visibility":  -1
                                        },
                         "geometry":  {
                                          "type":  "Point",
                                          "coordinates":  [
                                                              13.50274,
                                                              47.89015,
                                                              0.0
                                                          ]
                                      }
                     },
                     {
                         "type":  "Feature",
                         "properties":  {
                                            "Name":  "#5517",
                                            "description":  "\u003cdiv dir=\u0027rtl\u0027 style=\u0027font-family:Arial;\u0027\u003e\u003cb\u003eשם:\u003c/b\u003e יוסי אידלשטיין\u003cbr/\u003e\u003cb\u003eאתר:\u003c/b\u003e הר הגעש קוטופקס\u003cbr/\u003e\u003cb\u003eתאריך:\u003c/b\u003e 03-08-2025\u003cbr/\u003e\u003cb\u003eID:\u003c/b\u003e 1379\u003cbr/\u003e\u003cb\u003eFB:\u003c/b\u003e \u003ca href=\u0027https://www.facebook.com/groups/beshvil.yael/posts/3710951529197971\u0027\u003ehttps://www.facebook.com/groups/beshvil.yael/posts/3710951529197971\u003c/a\u003e\u003cbr/\u003e\u003cbr/\u003e\u003cimg src=\u0027https://drive.google.com/uc?export=view\u0026amp;id=1A-sp_otbxyXTx9rru2MjuSMf17RHVNIz\u0027 width=\u0027450\u0027/\u003e\u003cbr/\u003e\u003c/div\u003e",
                                            "tessellate":  -1,
                                            "extrude":  0,
                                            "visibility":  -1
                                        },
                         "geometry":  {
                                          "type":  "Point",
                                          "coordinates":  [
                                                              -78.4377695,
                                                              -0.6832284,
                                                              0.0
                                                          ]
                                      }
                     },
                     {
                         "type":  "Feature",
                         "properties":  {
                                            "Name":  "#5525",
                                            "description":  "\u003cdiv dir=\u0027rtl\u0027 style=\u0027font-family:Arial;\u0027\u003e\u003cb\u003eשם:\u003c/b\u003e מאיה אברג\u003cbr/\u003e\u003cb\u003eאתר:\u003c/b\u003e אגם וורמונג\u003cbr/\u003e\u003cb\u003eתאריך:\u003c/b\u003e 30-07-2025\u003cbr/\u003e\u003cb\u003eID:\u003c/b\u003e 1343\u003cbr/\u003e\u003cb\u003eFB:\u003c/b\u003e \u003ca href=\u0027https://www.facebook.com/groups/beshvil.yael/posts/3707916509501473\u0027\u003ehttps://www.facebook.com/groups/beshvil.yael/posts/3707916509501473\u003c/a\u003e\u003cbr/\u003e\u003cbr/\u003e\u003cimg src=\u0027https://drive.google.com/uc?export=view\u0026amp;id=1UW7hIQySYicYp7ytQpykEfmoE29bSiuE\u0027 width=\u0027450\u0027/\u003e\u003cbr/\u003e\u003c/div\u003e",
                                            "tessellate":  -1,
                                            "extrude":  0,
                                            "visibility":  -1
                                        },
                         "geometry":  {
                                          "type":  "Point",
                                          "coordinates":  [
                                                              -73.3882018,
                                                              41.6961326,
                                                              0.0
                                                          ]
                                      }
                     },
                     {
                         "type":  "Feature",
                         "properties":  {
                                            "Name":  "#5525",
                                            "description":  "\u003cdiv dir=\u0027rtl\u0027 style=\u0027font-family:Arial;\u0027\u003e\u003cb\u003eשם:\u003c/b\u003e מאיה אברג\u003cbr/\u003e\u003cb\u003eאתר:\u003c/b\u003e מיין\u003cbr/\u003e\u003cb\u003eתאריך:\u003c/b\u003e 18-08-2025\u003cbr/\u003e\u003cb\u003eID:\u003c/b\u003e 1578\u003cbr/\u003e\u003cb\u003eFB:\u003c/b\u003e \u003ca href=\u0027https://www.facebook.com/groups/beshvil.yael/posts/3725389151087542/\u0027\u003ehttps://www.facebook.com/groups/beshvil.yael/posts/3725389151087542/\u003c/a\u003e\u003cbr/\u003e\u003cbr/\u003e\u003cimg src=\u0027https://drive.google.com/uc?export=view\u0026amp;id=1YdgiOPnr11TeXsFVxWAFlM3lCWA-Y9WO\u0027 width=\u0027450\u0027/\u003e\u003cbr/\u003e\u003c/div\u003e",
                                            "tessellate":  -1,
                                            "extrude":  0,
                                            "visibility":  -1
                                        },
                         "geometry":  {
                                          "type":  "Point",
                                          "coordinates":  [
                                                              -69.6541683,
                                                              45.1069266,
                                                              0.0
                                                          ]
                                      }
                     },
                     {
                         "type":  "Feature",
                         "properties":  {
                                            "Name":  "#5525",
                                            "description":  "\u003cdiv dir=\u0027rtl\u0027 style=\u0027font-family:Arial;\u0027\u003e\u003cb\u003eשם:\u003c/b\u003e מאיה אברג\u003cbr/\u003e\u003cb\u003eאתר:\u003c/b\u003e \u003cbr/\u003e\u003cb\u003eתאריך:\u003c/b\u003e 10-01-2026\u003cbr/\u003e\u003cb\u003eID:\u003c/b\u003e 3323\u003cbr/\u003e\u003cb\u003eFB:\u003c/b\u003e \u003ca href=\u0027https://www.facebook.com/groups/beshvil.yael/posts/3858296501130139/\u0027\u003ehttps://www.facebook.com/groups/beshvil.yael/posts/3858296501130139/\u003c/a\u003e\u003cbr/\u003e\u003cbr/\u003e\u003cimg src=\u0027https://drive.google.com/uc?export=view\u0026amp;id=1PIPz_0wnklCVOXz5R4eTnpVWJeWl741s\u0027 width=\u0027450\u0027/\u003e\u003cbr/\u003e\u003c/div\u003e",
                                            "tessellate":  -1,
                                            "extrude":  0,
                                            "visibility":  -1
                                        },
                         "geometry":  {
                                          "type":  "Point",
                                          "coordinates":  [
                                                              -66.72495,
                                                              18.52578,
                                                              0.0
                                                          ]
                                      }
                     },
                     {
                         "type":  "Feature",
                         "properties":  {
                                            "Name":  "#5527",
                                            "description":  "\u003cdiv dir=\u0027rtl\u0027 style=\u0027font-family:Arial;\u0027\u003e\u003cb\u003eשם:\u003c/b\u003e ‏טיולים מעבר לקשת‏\u003cbr/\u003e\u003cb\u003eאתר:\u003c/b\u003e בוורלי הילס\u003cbr/\u003e\u003cb\u003eתאריך:\u003c/b\u003e 20-07-2025\u003cbr/\u003e\u003cb\u003eID:\u003c/b\u003e 1251\u003cbr/\u003e\u003cb\u003eFB:\u003c/b\u003e \u003ca href=\u0027https://www.facebook.com/groups/beshvil.yael/posts/3698427460450378/\u0027\u003ehttps://www.facebook.com/groups/beshvil.yael/posts/3698427460450378/\u003c/a\u003e\u003cbr/\u003e\u003cbr/\u003e\u003cimg src=\u0027https://drive.google.com/uc?export=view\u0026amp;id=1Hc6Ew57z-qAMRjMEh0QRRSMGeYTKAWr5\u0027 width=\u0027450\u0027/\u003e\u003cbr/\u003e\u003c/div\u003e",
                                            "tessellate":  -1,
                                            "extrude":  0,
                                            "visibility":  -1
                                        },
                         "geometry":  {
                                          "type":  "Point",
                                          "coordinates":  [
                                                              -118.4167327,
                                                              34.0680949,
                                                              0.0
                                                          ]
                                      }
                     },
                     {
                         "type":  "Feature",
                         "properties":  {
                                            "Name":  "#5533",
                                            "description":  "\u003cdiv dir=\u0027rtl\u0027 style=\u0027font-family:Arial;\u0027\u003e\u003cb\u003eשם:\u003c/b\u003e \u003cbr/\u003e\u003cb\u003eאתר:\u003c/b\u003e עמק שטובאי\u003cbr/\u003e\u003cb\u003eתאריך:\u003c/b\u003e 03-08-2025\u003cbr/\u003e\u003cb\u003eID:\u003c/b\u003e 1387\u003cbr/\u003e\u003cb\u003eFB:\u003c/b\u003e \u003ca href=\u0027https://www.facebook.com/groups/beshvil.yael/posts/3711665505793240\u0027\u003ehttps://www.facebook.com/groups/beshvil.yael/posts/3711665505793240\u003c/a\u003e\u003cbr/\u003e\u003cbr/\u003e\u003cimg src=\u0027https://drive.google.com/uc?export=view\u0026amp;id=1p6I36CS1uxNNG5JUUB2dpYu3gvljyFO9\u0027 width=\u0027450\u0027/\u003e\u003cbr/\u003e\u003c/div\u003e",
                                            "tessellate":  -1,
                                            "extrude":  0,
                                            "visibility":  -1
                                        },
                         "geometry":  {
                                          "type":  "Point",
                                          "coordinates":  [
                                                              11.2944031,
                                                              47.1037649,
                                                              0.0
                                                          ]
                                      }
                     },
                     {
                         "type":  "Feature",
                         "properties":  {
                                            "Name":  "#5540",
                                            "description":  "\u003cdiv dir=\u0027rtl\u0027 style=\u0027font-family:Arial;\u0027\u003e\u003cb\u003eשם:\u003c/b\u003e טמילי סגל כרייף\u003cbr/\u003e\u003cb\u003eאתר:\u003c/b\u003e \u003cbr/\u003e\u003cb\u003eתאריך:\u003c/b\u003e 17-02-2026\u003cbr/\u003e\u003cb\u003eID:\u003c/b\u003e 3747\u003cbr/\u003e\u003cb\u003eFB:\u003c/b\u003e \u003ca href=\u0027https://www.facebook.com/groups/beshvil.yael/posts/3892794447680344/\u0027\u003ehttps://www.facebook.com/groups/beshvil.yael/posts/3892794447680344/\u003c/a\u003e\u003cbr/\u003e\u003cbr/\u003e\u003cimg src=\u0027https://drive.google.com/uc?export=view\u0026amp;id=18Gnbo-Kg6kR0KEryLVhorUQAUdz9vt3L\u0027 width=\u0027450\u0027/\u003e\u003cbr/\u003e\u003c/div\u003e",
                                            "tessellate":  -1,
                                            "extrude":  0,
                                            "visibility":  -1
                                        },
                         "geometry":  {
                                          "type":  "Point",
                                          "coordinates":  [
                                                              18.90271,
                                                              52.33657,
                                                              0.0
                                                          ]
                                      }
                     },
                     {
                         "type":  "Feature",
                         "properties":  {
                                            "Name":  "#5549",
                                            "description":  "\u003cdiv dir=\u0027rtl\u0027 style=\u0027font-family:Arial;\u0027\u003e\u003cb\u003eשם:\u003c/b\u003e מירב תדמור\u003cbr/\u003e\u003cb\u003eאתר:\u003c/b\u003e מעבר פורדוי\u003cbr/\u003e\u003cb\u003eתאריך:\u003c/b\u003e 03-10-2025\u003cbr/\u003e\u003cb\u003eID:\u003c/b\u003e 2131\u003cbr/\u003e\u003cb\u003eFB:\u003c/b\u003e \u003ca href=\u0027https://www.facebook.com/groups/beshvil.yael/posts/3768274120132378\u0027\u003ehttps://www.facebook.com/groups/beshvil.yael/posts/3768274120132378\u003c/a\u003e\u003cbr/\u003e\u003cbr/\u003e\u003cimg src=\u0027https://drive.google.com/uc?export=view\u0026amp;id=1aXFOsksrZxj0f7RlslL_Fb6nWg6X-gnI\u0027 width=\u0027450\u0027/\u003e\u003cbr/\u003e\u003c/div\u003e",
                                            "tessellate":  -1,
                                            "extrude":  0,
                                            "visibility":  -1
                                        },
                         "geometry":  {
                                          "type":  "Point",
                                          "coordinates":  [
                                                              11.81095,
                                                              46.48856,
                                                              0.0
                                                          ]
                                      }
                     },
                     {
                         "type":  "Feature",
                         "properties":  {
                                            "Name":  "#5555",
                                            "description":  "\u003cdiv dir=\u0027rtl\u0027 style=\u0027font-family:Arial;\u0027\u003e\u003cb\u003eשם:\u003c/b\u003e הילה כהן-ציון\u003cbr/\u003e\u003cb\u003eאתר:\u003c/b\u003e לוקארנו   לוגאנו אסקונה\u003cbr/\u003e\u003cb\u003eתאריך:\u003c/b\u003e 28-07-2025\u003cbr/\u003e\u003cb\u003eID:\u003c/b\u003e 1315\u003cbr/\u003e\u003cb\u003eFB:\u003c/b\u003e \u003ca href=\u0027https://www.facebook.com/groups/beshvil.yael/posts/3705462176413573/\u0027\u003ehttps://www.facebook.com/groups/beshvil.yael/posts/3705462176413573/\u003c/a\u003e\u003cbr/\u003e\u003cbr/\u003e\u003cimg src=\u0027https://drive.google.com/uc?export=view\u0026amp;id=1DLz9ikwDVBf80GG0OwR_H_Afj5EXFYvt\u0027 width=\u0027450\u0027/\u003e\u003cbr/\u003e\u003c/div\u003e",
                                            "tessellate":  -1,
                                            "extrude":  0,
                                            "visibility":  -1
                                        },
                         "geometry":  {
                                          "type":  "Point",
                                          "coordinates":  [
                                                              8.7769013,
                                                              46.163006,
                                                              0.0
                                                          ]
                                      }
                     },
                     {
                         "type":  "Feature",
                         "properties":  {
                                            "Name":  "#5555",
                                            "description":  "\u003cdiv dir=\u0027rtl\u0027 style=\u0027font-family:Arial;\u0027\u003e\u003cb\u003eשם:\u003c/b\u003e הילה כהן-ציון\u003cbr/\u003e\u003cb\u003eאתר:\u003c/b\u003e המגדל הנטוי\u003cbr/\u003e\u003cb\u003eתאריך:\u003c/b\u003e 18-08-2025\u003cbr/\u003e\u003cb\u003eID:\u003c/b\u003e 1572\u003cbr/\u003e\u003cb\u003eFB:\u003c/b\u003e \u003ca href=\u0027https://www.facebook.com/groups/beshvil.yael/posts/3724707681155689/\u0027\u003ehttps://www.facebook.com/groups/beshvil.yael/posts/3724707681155689/\u003c/a\u003e\u003cbr/\u003e\u003cbr/\u003e\u003cimg src=\u0027https://drive.google.com/uc?export=view\u0026amp;id=1saqkxYyQKcMl_KZt_cHYZJRdL07GLvJ7\u0027 width=\u0027450\u0027/\u003e\u003cbr/\u003e\u003c/div\u003e",
                                            "tessellate":  -1,
                                            "extrude":  0,
                                            "visibility":  -1
                                        },
                         "geometry":  {
                                          "type":  "Point",
                                          "coordinates":  [
                                                              10.396361,
                                                              43.7232001,
                                                              0.0
                                                          ]
                                      }
                     },
                     {
                         "type":  "Feature",
                         "properties":  {
                                            "Name":  "#5561",
                                            "description":  "\u003cdiv dir=\u0027rtl\u0027 style=\u0027font-family:Arial;\u0027\u003e\u003cb\u003eשם:\u003c/b\u003e יודפת מורגנטאלר\u003cbr/\u003e\u003cb\u003eאתר:\u003c/b\u003e אגם ביל\u003cbr/\u003e\u003cb\u003eתאריך:\u003c/b\u003e 15-08-2025\u003cbr/\u003e\u003cb\u003eID:\u003c/b\u003e 1543\u003cbr/\u003e\u003cb\u003eFB:\u003c/b\u003e \u003ca href=\u0027https://www.facebook.com/groups/beshvil.yael/posts/3722505924709198/\u0027\u003ehttps://www.facebook.com/groups/beshvil.yael/posts/3722505924709198/\u003c/a\u003e\u003cbr/\u003e\u003cbr/\u003e\u003cimg src=\u0027https://drive.google.com/uc?export=view\u0026amp;id=1IG33907lJGPK2-zLyxoOw3PccmN6LiUU\u0027 width=\u0027450\u0027/\u003e\u003cbr/\u003e\u003c/div\u003e",
                                            "tessellate":  -1,
                                            "extrude":  0,
                                            "visibility":  -1
                                        },
                         "geometry":  {
                                          "type":  "Point",
                                          "coordinates":  [
                                                              7.19991,
                                                              47.07415,
                                                              0.0
                                                          ]
                                      }
                     },
                     {
                         "type":  "Feature",
                         "properties":  {
                                            "Name":  "#5561",
                                            "description":  "\u003cdiv dir=\u0027rtl\u0027 style=\u0027font-family:Arial;\u0027\u003e\u003cb\u003eשם:\u003c/b\u003e יודפת מורגנטאלר\u003cbr/\u003e\u003cb\u003eאתר:\u003c/b\u003e בוקרשט\u003cbr/\u003e\u003cb\u003eתאריך:\u003c/b\u003e 19-09-2025\u003cbr/\u003e\u003cb\u003eID:\u003c/b\u003e 1941\u003cbr/\u003e\u003cb\u003eFB:\u003c/b\u003e \u003ca href=\u0027https://www.facebook.com/groups/beshvil.yael/posts/3754282838198173/\u0027\u003ehttps://www.facebook.com/groups/beshvil.yael/posts/3754282838198173/\u003c/a\u003e\u003cbr/\u003e\u003cbr/\u003e\u003cimg src=\u0027https://drive.google.com/uc?export=view\u0026amp;id=1SOyg7k7ylqqpsrac7imPRlGqASdvK2mZ\u0027 width=\u0027450\u0027/\u003e\u003cbr/\u003e\u003c/div\u003e",
                                            "tessellate":  -1,
                                            "extrude":  0,
                                            "visibility":  -1
                                        },
                         "geometry":  {
                                          "type":  "Point",
                                          "coordinates":  [
                                                              26.10459,
                                                              44.43951,
                                                              0.0
                                                          ]
                                      }
                     },
                     {
                         "type":  "Feature",
                         "properties":  {
                                            "Name":  "#5561",
                                            "description":  "\u003cdiv dir=\u0027rtl\u0027 style=\u0027font-family:Arial;\u0027\u003e\u003cb\u003eשם:\u003c/b\u003e יודפת מורגנטאלר\u003cbr/\u003e\u003cb\u003eאתר:\u003c/b\u003e אגם ציריך\u003cbr/\u003e\u003cb\u003eתאריך:\u003c/b\u003e 21-11-2025\u003cbr/\u003e\u003cb\u003eID:\u003c/b\u003e 2811\u003cbr/\u003e\u003cb\u003eFB:\u003c/b\u003e \u003ca href=\u0027https://www.facebook.com/groups/beshvil.yael/posts/3815599342066522\u0027\u003ehttps://www.facebook.com/groups/beshvil.yael/posts/3815599342066522\u003c/a\u003e\u003cbr/\u003e\u003cbr/\u003e\u003cimg src=\u0027https://drive.google.com/uc?export=view\u0026amp;id=1u06cfBhFl8Q_8Eg1ssAqnD9Bwu_8QmA4\u0027 width=\u0027450\u0027/\u003e\u003cbr/\u003e\u003c/div\u003e",
                                            "tessellate":  -1,
                                            "extrude":  0,
                                            "visibility":  -1
                                        },
                         "geometry":  {
                                          "type":  "Point",
                                          "coordinates":  [
                                                              8.55976,
                                                              47.35107,
                                                              0.0
                                                          ]
                                      }
                     },
                     {
                         "type":  "Feature",
                         "properties":  {
                                            "Name":  "#5561",
                                            "description":  "\u003cdiv dir=\u0027rtl\u0027 style=\u0027font-family:Arial;\u0027\u003e\u003cb\u003eשם:\u003c/b\u003e יודפת מורגנטאלר\u003cbr/\u003e\u003cb\u003eאתר:\u003c/b\u003e הר השילטהורן\u003cbr/\u003e\u003cb\u003eתאריך:\u003c/b\u003e 24-12-2025\u003cbr/\u003e\u003cb\u003eID:\u003c/b\u003e 3151\u003cbr/\u003e\u003cb\u003eFB:\u003c/b\u003e \u003ca href=\u0027https://www.facebook.com/groups/beshvil.yael/posts/3843807182579071\u0027\u003ehttps://www.facebook.com/groups/beshvil.yael/posts/3843807182579071\u003c/a\u003e\u003cbr/\u003e\u003cbr/\u003e\u003cimg src=\u0027https://drive.google.com/uc?export=view\u0026amp;id=1xPopNmuGHOoK2ftQ2AttGu5yso8c7SyK\u0027 width=\u0027450\u0027/\u003e\u003cbr/\u003e\u003c/div\u003e",
                                            "tessellate":  -1,
                                            "extrude":  0,
                                            "visibility":  -1
                                        },
                         "geometry":  {
                                          "type":  "Point",
                                          "coordinates":  [
                                                              7.83613,
                                                              46.56113,
                                                              0.0
                                                          ]
                                      }
                     },
                     {
                         "type":  "Feature",
                         "properties":  {
                                            "Name":  "#5561",
                                            "description":  "\u003cdiv dir=\u0027rtl\u0027 style=\u0027font-family:Arial;\u0027\u003e\u003cb\u003eשם:\u003c/b\u003e יודפת מורגנטאלר\u003cbr/\u003e\u003cb\u003eאתר:\u003c/b\u003e אוושויץ\u003cbr/\u003e\u003cb\u003eתאריך:\u003c/b\u003e 27-01-2026\u003cbr/\u003e\u003cb\u003eID:\u003c/b\u003e 3484\u003cbr/\u003e\u003cb\u003eFB:\u003c/b\u003e \u003ca href=\u0027https://www.facebook.com/groups/beshvil.yael/posts/3873095636316892/\u0027\u003ehttps://www.facebook.com/groups/beshvil.yael/posts/3873095636316892/\u003c/a\u003e\u003cbr/\u003e\u003cbr/\u003e\u003cimg src=\u0027https://drive.google.com/uc?export=view\u0026amp;id=1oYIpny72ia8GdZ38CIZQ64QZVdRuZduX\u0027 width=\u0027450\u0027/\u003e\u003cbr/\u003e\u003c/div\u003e",
                                            "tessellate":  -1,
                                            "extrude":  0,
                                            "visibility":  -1
                                        },
                         "geometry":  {
                                          "type":  "Point",
                                          "coordinates":  [
                                                              19.20341,
                                                              50.02783,
                                                              0.0
                                                          ]
                                      }
                     },
                     {
                         "type":  "Feature",
                         "properties":  {
                                            "Name":  "#5566",
                                            "description":  "\u003cdiv dir=\u0027rtl\u0027 style=\u0027font-family:Arial;\u0027\u003e\u003cb\u003eשם:\u003c/b\u003e אירית פרלה\u003cbr/\u003e\u003cb\u003eאתר:\u003c/b\u003e San Francisco Outside Lands music festival\u003cbr/\u003e\u003cb\u003eתאריך:\u003c/b\u003e 09-08-2025\u003cbr/\u003e\u003cb\u003eID:\u003c/b\u003e 1456\u003cbr/\u003e\u003cb\u003eFB:\u003c/b\u003e \u003ca href=\u0027https://www.facebook.com/groups/beshvil.yael/posts/3716503455309445/\u0027\u003ehttps://www.facebook.com/groups/beshvil.yael/posts/3716503455309445/\u003c/a\u003e\u003cbr/\u003e\u003cbr/\u003e\u003cimg src=\u0027https://drive.google.com/uc?export=view\u0026amp;id=1hPQL0WUU3Hay2cWMrJOLTJS112DNWdtL\u0027 width=\u0027450\u0027/\u003e\u003cbr/\u003e\u003c/div\u003e",
                                            "tessellate":  -1,
                                            "extrude":  0,
                                            "visibility":  -1
                                        },
                         "geometry":  {
                                          "type":  "Point",
                                          "coordinates":  [
                                                              -122.4931903,
                                                              37.7685367,
                                                              0.0
                                                          ]
                                      }
                     },
                     {
                         "type":  "Feature",
                         "properties":  {
                                            "Name":  "#5569",
                                            "description":  "\u003cdiv dir=\u0027rtl\u0027 style=\u0027font-family:Arial;\u0027\u003e\u003cb\u003eשם:\u003c/b\u003e ליהי רביב\u003cbr/\u003e\u003cb\u003eאתר:\u003c/b\u003e לימבורג\u003cbr/\u003e\u003cb\u003eתאריך:\u003c/b\u003e 14-08-2025\u003cbr/\u003e\u003cb\u003eID:\u003c/b\u003e 1529\u003cbr/\u003e\u003cb\u003eFB:\u003c/b\u003e \u003ca href=\u0027https://www.facebook.com/groups/beshvil.yael/posts/3721218478171276/\u0027\u003ehttps://www.facebook.com/groups/beshvil.yael/posts/3721218478171276/\u003c/a\u003e\u003cbr/\u003e\u003cbr/\u003e\u003cimg src=\u0027https://drive.google.com/uc?export=view\u0026amp;id=1diuL4CCtj8NwkWcXg3Y6Py8tNCVGm30n\u0027 width=\u0027450\u0027/\u003e\u003cbr/\u003e\u003c/div\u003e",
                                            "tessellate":  -1,
                                            "extrude":  0,
                                            "visibility":  -1
                                        },
                         "geometry":  {
                                          "type":  "Point",
                                          "coordinates":  [
                                                              5.9352961,
                                                              50.592986,
                                                              0.0
                                                          ]
                                      }
                     },
                     {
                         "type":  "Feature",
                         "properties":  {
                                            "Name":  "#5570",
                                            "description":  "\u003cdiv dir=\u0027rtl\u0027 style=\u0027font-family:Arial;\u0027\u003e\u003cb\u003eשם:\u003c/b\u003e טלי שפייזמן\u003cbr/\u003e\u003cb\u003eאתר:\u003c/b\u003e מדריד\u003cbr/\u003e\u003cb\u003eתאריך:\u003c/b\u003e 16-02-2026\u003cbr/\u003e\u003cb\u003eID:\u003c/b\u003e 3739\u003cbr/\u003e\u003cb\u003eFB:\u003c/b\u003e \u003ca href=\u0027https://www.facebook.com/groups/beshvil.yael/posts/3892230337736755\u0027\u003ehttps://www.facebook.com/groups/beshvil.yael/posts/3892230337736755\u003c/a\u003e\u003cbr/\u003e\u003cbr/\u003e\u003cimg src=\u0027https://drive.google.com/uc?export=view\u0026amp;id=1_kE8eTTq64_IrM29dlRXJYhuGD9PdlWn\u0027 width=\u0027450\u0027/\u003e\u003cbr/\u003e\u003c/div\u003e",
                                            "tessellate":  -1,
                                            "extrude":  0,
                                            "visibility":  -1
                                        },
                         "geometry":  {
                                          "type":  "Point",
                                          "coordinates":  [
                                                              -3.71565,
                                                              40.43554,
                                                              0.0
                                                          ]
                                      }
                     },
                     {
                         "type":  "Feature",
                         "properties":  {
                                            "Name":  "#5570",
                                            "description":  "\u003cdiv dir=\u0027rtl\u0027 style=\u0027font-family:Arial;\u0027\u003e\u003cb\u003eשם:\u003c/b\u003e טלי שפייזמן\u003cbr/\u003e\u003cb\u003eאתר:\u003c/b\u003e ספריה העירונית\u003cbr/\u003e\u003cb\u003eתאריך:\u003c/b\u003e 25-02-2026\u003cbr/\u003e\u003cb\u003eID:\u003c/b\u003e 3857\u003cbr/\u003e\u003cb\u003eFB:\u003c/b\u003e \u003ca href=\u0027https://www.facebook.com/groups/beshvil.yael/posts/3900187406941048/\u0027\u003ehttps://www.facebook.com/groups/beshvil.yael/posts/3900187406941048/\u003c/a\u003e\u003cbr/\u003e\u003cbr/\u003e\u003cimg src=\u0027https://drive.google.com/uc?export=view\u0026amp;id=1LEzO9zy-x6ygdLlC_CtTsvYKICuOP0yn\u0027 width=\u0027450\u0027/\u003e\u003cbr/\u003e\u003c/div\u003e",
                                            "tessellate":  -1,
                                            "extrude":  0,
                                            "visibility":  -1
                                        },
                         "geometry":  {
                                          "type":  "Point",
                                          "coordinates":  [
                                                              24.93978,
                                                              60.16418,
                                                              0.0
                                                          ]
                                      }
                     },
                     {
                         "type":  "Feature",
                         "properties":  {
                                            "Name":  "#5570",
                                            "description":  "\u003cdiv dir=\u0027rtl\u0027 style=\u0027font-family:Arial;\u0027\u003e\u003cb\u003eשם:\u003c/b\u003e טלי שפייזמן\u003cbr/\u003e\u003cb\u003eאתר:\u003c/b\u003e Pilot mountain\u003cbr/\u003e\u003cb\u003eתאריך:\u003c/b\u003e 05-04-2026\u003cbr/\u003e\u003cb\u003eID:\u003c/b\u003e 4049\u003cbr/\u003e\u003cb\u003eFB:\u003c/b\u003e \u003ca href=\u0027https://www.secure.facebook.com/groups/beshvil.yael/posts/3935557550070700\u0027\u003ehttps://www.secure.facebook.com/groups/beshvil.yael/posts/3935557550070700\u003c/a\u003e\u003cbr/\u003e\u003cbr/\u003e\u003cimg src=\u0027https://drive.google.com/uc?export=view\u0026amp;id=1qJj6DiDSmOusugFVI5hz1ADx-LipfGIA\u0027 width=\u0027450\u0027/\u003e\u003cbr/\u003e\u003c/div\u003e",
                                            "tessellate":  -1,
                                            "extrude":  0,
                                            "visibility":  -1
                                        },
                         "geometry":  {
                                          "type":  "Point",
                                          "coordinates":  [
                                                              -80.47061,
                                                              36.38459,
                                                              0.0
                                                          ]
                                      }
                     },
                     {
                         "type":  "Feature",
                         "properties":  {
                                            "Name":  "#5585",
                                            "description":  "\u003cdiv dir=\u0027rtl\u0027 style=\u0027font-family:Arial;\u0027\u003e\u003cb\u003eשם:\u003c/b\u003e אורית לוי\u003cbr/\u003e\u003cb\u003eאתר:\u003c/b\u003e איזולה בלה\u003cbr/\u003e\u003cb\u003eתאריך:\u003c/b\u003e 11-10-2025\u003cbr/\u003e\u003cb\u003eID:\u003c/b\u003e 2328\u003cbr/\u003e\u003cb\u003eFB:\u003c/b\u003e \u003ca href=\u0027https://www.facebook.com/groups/beshvil.yael/posts/3776375962655527\u0027\u003ehttps://www.facebook.com/groups/beshvil.yael/posts/3776375962655527\u003c/a\u003e\u003cbr/\u003e\u003cbr/\u003e\u003cimg src=\u0027https://drive.google.com/uc?export=view\u0026amp;id=10tt7NIZYx203yJNkl4EHcLgpQbqFzCwb\u0027 width=\u0027450\u0027/\u003e\u003cbr/\u003e\u003c/div\u003e",
                                            "tessellate":  -1,
                                            "extrude":  0,
                                            "visibility":  -1
                                        },
                         "geometry":  {
                                          "type":  "Point",
                                          "coordinates":  [
                                                              15.30075,
                                                              37.85042,
                                                              0.0
                                                          ]
                                      }
                     },
                     {
                         "type":  "Feature",
                         "properties":  {
                                            "Name":  "#5595",
                                            "description":  "\u003cdiv dir=\u0027rtl\u0027 style=\u0027font-family:Arial;\u0027\u003e\u003cb\u003eשם:\u003c/b\u003e \u003cbr/\u003e\u003cb\u003eאתר:\u003c/b\u003e מערות אופליסציחה,\u003cbr/\u003e\u003cb\u003eתאריך:\u003c/b\u003e 27-08-2025\u003cbr/\u003e\u003cb\u003eID:\u003c/b\u003e 1666\u003cbr/\u003e\u003cb\u003eFB:\u003c/b\u003e \u003ca href=\u0027https://www.facebook.com/groups/beshvil.yael/posts/3733699946923129/\u0027\u003ehttps://www.facebook.com/groups/beshvil.yael/posts/3733699946923129/\u003c/a\u003e\u003cbr/\u003e\u003cbr/\u003e\u003cimg src=\u0027https://drive.google.com/uc?export=view\u0026amp;id=1DHOApf_dhqaVTWsQo4ilLw7roDDzLIES\u0027 width=\u0027450\u0027/\u003e\u003cbr/\u003e\u003c/div\u003e",
                                            "tessellate":  -1,
                                            "extrude":  0,
                                            "visibility":  -1
                                        },
                         "geometry":  {
                                          "type":  "Point",
                                          "coordinates":  [
                                                              44.2076024,
                                                              41.9672614,
                                                              0.0
                                                          ]
                                      }
                     },
                     {
                         "type":  "Feature",
                         "properties":  {
                                            "Name":  "#5596",
                                            "description":  "\u003cdiv dir=\u0027rtl\u0027 style=\u0027font-family:Arial;\u0027\u003e\u003cb\u003eשם:\u003c/b\u003e \u003cbr/\u003e\u003cb\u003eאתר:\u003c/b\u003e מערות אופליסציחה,\u003cbr/\u003e\u003cb\u003eתאריך:\u003c/b\u003e 27-08-2025\u003cbr/\u003e\u003cb\u003eID:\u003c/b\u003e 1666\u003cbr/\u003e\u003cb\u003eFB:\u003c/b\u003e \u003ca href=\u0027https://www.facebook.com/groups/beshvil.yael/posts/3733699946923129/\u0027\u003ehttps://www.facebook.com/groups/beshvil.yael/posts/3733699946923129/\u003c/a\u003e\u003cbr/\u003e\u003cbr/\u003e\u003cimg src=\u0027https://drive.google.com/uc?export=view\u0026amp;id=1DHOApf_dhqaVTWsQo4ilLw7roDDzLIES\u0027 width=\u0027450\u0027/\u003e\u003cbr/\u003e\u003c/div\u003e",
                                            "tessellate":  -1,
                                            "extrude":  0,
                                            "visibility":  -1
                                        },
                         "geometry":  {
                                          "type":  "Point",
                                          "coordinates":  [
                                                              44.2076024,
                                                              41.9675314,
                                                              0.0
                                                          ]
                                      }
                     },
                     {
                         "type":  "Feature",
                         "properties":  {
                                            "Name":  "#5597",
                                            "description":  "\u003cdiv dir=\u0027rtl\u0027 style=\u0027font-family:Arial;\u0027\u003e\u003cb\u003eשם:\u003c/b\u003e \u003cbr/\u003e\u003cb\u003eאתר:\u003c/b\u003e מערות אופליסציחה,\u003cbr/\u003e\u003cb\u003eתאריך:\u003c/b\u003e 27-08-2025\u003cbr/\u003e\u003cb\u003eID:\u003c/b\u003e 1666\u003cbr/\u003e\u003cb\u003eFB:\u003c/b\u003e \u003ca href=\u0027https://www.facebook.com/groups/beshvil.yael/posts/3733699946923129/\u0027\u003ehttps://www.facebook.com/groups/beshvil.yael/posts/3733699946923129/\u003c/a\u003e\u003cbr/\u003e\u003cbr/\u003e\u003cimg src=\u0027https://drive.google.com/uc?export=view\u0026amp;id=1DHOApf_dhqaVTWsQo4ilLw7roDDzLIES\u0027 width=\u0027450\u0027/\u003e\u003cbr/\u003e\u003c/div\u003e",
                                            "tessellate":  -1,
                                            "extrude":  0,
                                            "visibility":  -1
                                        },
                         "geometry":  {
                                          "type":  "Point",
                                          "coordinates":  [
                                                              44.2076024,
                                                              41.9678014,
                                                              0.0
                                                          ]
                                      }
                     },
                     {
                         "type":  "Feature",
                         "properties":  {
                                            "Name":  "#5598",
                                            "description":  "\u003cdiv dir=\u0027rtl\u0027 style=\u0027font-family:Arial;\u0027\u003e\u003cb\u003eשם:\u003c/b\u003e \u003cbr/\u003e\u003cb\u003eאתר:\u003c/b\u003e מערות אופליסציחה,\u003cbr/\u003e\u003cb\u003eתאריך:\u003c/b\u003e 27-08-2025\u003cbr/\u003e\u003cb\u003eID:\u003c/b\u003e 1666\u003cbr/\u003e\u003cb\u003eFB:\u003c/b\u003e \u003ca href=\u0027https://www.facebook.com/groups/beshvil.yael/posts/3733699946923129/\u0027\u003ehttps://www.facebook.com/groups/beshvil.yael/posts/3733699946923129/\u003c/a\u003e\u003cbr/\u003e\u003cbr/\u003e\u003cimg src=\u0027https://drive.google.com/uc?export=view\u0026amp;id=1DHOApf_dhqaVTWsQo4ilLw7roDDzLIES\u0027 width=\u0027450\u0027/\u003e\u003cbr/\u003e\u003c/div\u003e",
                                            "tessellate":  -1,
                                            "extrude":  0,
                                            "visibility":  -1
                                        },
                         "geometry":  {
                                          "type":  "Point",
                                          "coordinates":  [
                                                              44.2076024,
                                                              41.9680714,
                                                              0.0
                                                          ]
                                      }
                     },
                     {
                         "type":  "Feature",
                         "properties":  {
                                            "Name":  "#5599",
                                            "description":  "\u003cdiv dir=\u0027rtl\u0027 style=\u0027font-family:Arial;\u0027\u003e\u003cb\u003eשם:\u003c/b\u003e \u003cbr/\u003e\u003cb\u003eאתר:\u003c/b\u003e מערות אופליסציחה,\u003cbr/\u003e\u003cb\u003eתאריך:\u003c/b\u003e 27-08-2025\u003cbr/\u003e\u003cb\u003eID:\u003c/b\u003e 1666\u003cbr/\u003e\u003cb\u003eFB:\u003c/b\u003e \u003ca href=\u0027https://www.facebook.com/groups/beshvil.yael/posts/3733699946923129/\u0027\u003ehttps://www.facebook.com/groups/beshvil.yael/posts/3733699946923129/\u003c/a\u003e\u003cbr/\u003e\u003cbr/\u003e\u003cimg src=\u0027https://drive.google.com/uc?export=view\u0026amp;id=1DHOApf_dhqaVTWsQo4ilLw7roDDzLIES\u0027 width=\u0027450\u0027/\u003e\u003cbr/\u003e\u003c/div\u003e",
                                            "tessellate":  -1,
                                            "extrude":  0,
                                            "visibility":  -1
                                        },
                         "geometry":  {
                                          "type":  "Point",
                                          "coordinates":  [
                                                              44.2076024,
                                                              41.9683414,
                                                              0.0
                                                          ]
                                      }
                     },
                     {
                         "type":  "Feature",
                         "properties":  {
                                            "Name":  "#5600",
                                            "description":  "\u003cdiv dir=\u0027rtl\u0027 style=\u0027font-family:Arial;\u0027\u003e\u003cb\u003eשם:\u003c/b\u003e אלונה לוי\u003cbr/\u003e\u003cb\u003eאתר:\u003c/b\u003e מערות אופליסציחה,\u003cbr/\u003e\u003cb\u003eתאריך:\u003c/b\u003e 27-08-2025\u003cbr/\u003e\u003cb\u003eID:\u003c/b\u003e 1666\u003cbr/\u003e\u003cb\u003eFB:\u003c/b\u003e \u003ca href=\u0027https://www.facebook.com/groups/beshvil.yael/posts/3733699946923129/\u0027\u003ehttps://www.facebook.com/groups/beshvil.yael/posts/3733699946923129/\u003c/a\u003e\u003cbr/\u003e\u003cbr/\u003e\u003cimg src=\u0027https://drive.google.com/uc?export=view\u0026amp;id=1DHOApf_dhqaVTWsQo4ilLw7roDDzLIES\u0027 width=\u0027450\u0027/\u003e\u003cbr/\u003e\u003c/div\u003e",
                                            "tessellate":  -1,
                                            "extrude":  0,
                                            "visibility":  -1
                                        },
                         "geometry":  {
                                          "type":  "Point",
                                          "coordinates":  [
                                                              44.2076024,
                                                              41.9669914,
                                                              0.0
                                                          ]
                                      }
                     },
                     {
                         "type":  "Feature",
                         "properties":  {
                                            "Name":  "#5601",
                                            "description":  "\u003cdiv dir=\u0027rtl\u0027 style=\u0027font-family:Arial;\u0027\u003e\u003cb\u003eשם:\u003c/b\u003e \u003cbr/\u003e\u003cb\u003eאתר:\u003c/b\u003e מערות אופליסציחה,\u003cbr/\u003e\u003cb\u003eתאריך:\u003c/b\u003e 27-08-2025\u003cbr/\u003e\u003cb\u003eID:\u003c/b\u003e 1666\u003cbr/\u003e\u003cb\u003eFB:\u003c/b\u003e \u003ca href=\u0027https://www.facebook.com/groups/beshvil.yael/posts/3733699946923129/\u0027\u003ehttps://www.facebook.com/groups/beshvil.yael/posts/3733699946923129/\u003c/a\u003e\u003cbr/\u003e\u003cbr/\u003e\u003cimg src=\u0027https://drive.google.com/uc?export=view\u0026amp;id=1DHOApf_dhqaVTWsQo4ilLw7roDDzLIES\u0027 width=\u0027450\u0027/\u003e\u003cbr/\u003e\u003c/div\u003e",
                                            "tessellate":  -1,
                                            "extrude":  0,
                                            "visibility":  -1
                                        },
                         "geometry":  {
                                          "type":  "Point",
                                          "coordinates":  [
                                                              44.2076024,
                                                              41.9686114,
                                                              0.0
                                                          ]
                                      }
                     },
                     {
                         "type":  "Feature",
                         "properties":  {
                                            "Name":  "#5602",
                                            "description":  "\u003cdiv dir=\u0027rtl\u0027 style=\u0027font-family:Arial;\u0027\u003e\u003cb\u003eשם:\u003c/b\u003e \u003cbr/\u003e\u003cb\u003eאתר:\u003c/b\u003e מערות אופליסציחה,\u003cbr/\u003e\u003cb\u003eתאריך:\u003c/b\u003e 27-08-2025\u003cbr/\u003e\u003cb\u003eID:\u003c/b\u003e 1666\u003cbr/\u003e\u003cb\u003eFB:\u003c/b\u003e \u003ca href=\u0027https://www.facebook.com/groups/beshvil.yael/posts/3733699946923129/\u0027\u003ehttps://www.facebook.com/groups/beshvil.yael/posts/3733699946923129/\u003c/a\u003e\u003cbr/\u003e\u003cbr/\u003e\u003cimg src=\u0027https://drive.google.com/uc?export=view\u0026amp;id=1DHOApf_dhqaVTWsQo4ilLw7roDDzLIES\u0027 width=\u0027450\u0027/\u003e\u003cbr/\u003e\u003c/div\u003e",
                                            "tessellate":  -1,
                                            "extrude":  0,
                                            "visibility":  -1
                                        },
                         "geometry":  {
                                          "type":  "Point",
                                          "coordinates":  [
                                                              44.2076024,
                                                              41.9688814,
                                                              0.0
                                                          ]
                                      }
                     },
                     {
                         "type":  "Feature",
                         "properties":  {
                                            "Name":  "#5603",
                                            "description":  "\u003cdiv dir=\u0027rtl\u0027 style=\u0027font-family:Arial;\u0027\u003e\u003cb\u003eשם:\u003c/b\u003e \u003cbr/\u003e\u003cb\u003eאתר:\u003c/b\u003e מערות אופליסציחה,\u003cbr/\u003e\u003cb\u003eתאריך:\u003c/b\u003e 27-08-2025\u003cbr/\u003e\u003cb\u003eID:\u003c/b\u003e 1666\u003cbr/\u003e\u003cb\u003eFB:\u003c/b\u003e \u003ca href=\u0027https://www.facebook.com/groups/beshvil.yael/posts/3733699946923129/\u0027\u003ehttps://www.facebook.com/groups/beshvil.yael/posts/3733699946923129/\u003c/a\u003e\u003cbr/\u003e\u003cbr/\u003e\u003cimg src=\u0027https://drive.google.com/uc?export=view\u0026amp;id=1DHOApf_dhqaVTWsQo4ilLw7roDDzLIES\u0027 width=\u0027450\u0027/\u003e\u003cbr/\u003e\u003c/div\u003e",
                                            "tessellate":  -1,
                                            "extrude":  0,
                                            "visibility":  -1
                                        },
                         "geometry":  {
                                          "type":  "Point",
                                          "coordinates":  [
                                                              44.2076024,
                                                              41.9691514,
                                                              0.0
                                                          ]
                                      }
                     },
                     {
                         "type":  "Feature",
                         "properties":  {
                                            "Name":  "#5604",
                                            "description":  "\u003cdiv dir=\u0027rtl\u0027 style=\u0027font-family:Arial;\u0027\u003e\u003cb\u003eשם:\u003c/b\u003e \u003cbr/\u003e\u003cb\u003eאתר:\u003c/b\u003e מערות אופליסציחה,\u003cbr/\u003e\u003cb\u003eתאריך:\u003c/b\u003e 27-08-2025\u003cbr/\u003e\u003cb\u003eID:\u003c/b\u003e 1666\u003cbr/\u003e\u003cb\u003eFB:\u003c/b\u003e \u003ca href=\u0027https://www.facebook.com/groups/beshvil.yael/posts/3733699946923129/\u0027\u003ehttps://www.facebook.com/groups/beshvil.yael/posts/3733699946923129/\u003c/a\u003e\u003cbr/\u003e\u003cbr/\u003e\u003cimg src=\u0027https://drive.google.com/uc?export=view\u0026amp;id=1DHOApf_dhqaVTWsQo4ilLw7roDDzLIES\u0027 width=\u0027450\u0027/\u003e\u003cbr/\u003e\u003c/div\u003e",
                                            "tessellate":  -1,
                                            "extrude":  0,
                                            "visibility":  -1
                                        },
                         "geometry":  {
                                          "type":  "Point",
                                          "coordinates":  [
                                                              44.2076024,
                                                              41.9694214,
                                                              0.0
                                                          ]
                                      }
                     },
                     {
                         "type":  "Feature",
                         "properties":  {
                                            "Name":  "#5606",
                                            "description":  "\u003cdiv dir=\u0027rtl\u0027 style=\u0027font-family:Arial;\u0027\u003e\u003cb\u003eשם:\u003c/b\u003e אלמוג שגיא בן-דב\u003cbr/\u003e\u003cb\u003eאתר:\u003c/b\u003e Rocky Mountain Arsenal\u003cbr/\u003e\u003cb\u003eתאריך:\u003c/b\u003e 03-10-2025\u003cbr/\u003e\u003cb\u003eID:\u003c/b\u003e 2125\u003cbr/\u003e\u003cb\u003eFB:\u003c/b\u003e \u003ca href=\u0027https://www.facebook.com/groups/beshvil.yael/posts/3767914656834991\u0027\u003ehttps://www.facebook.com/groups/beshvil.yael/posts/3767914656834991\u003c/a\u003e\u003cbr/\u003e\u003cbr/\u003e\u003cimg src=\u0027https://drive.google.com/uc?export=view\u0026amp;id=184gnrtGpXLRhcnZ2InFVO_4jH8cRNZr4\u0027 width=\u0027450\u0027/\u003e\u003cbr/\u003e\u003c/div\u003e",
                                            "tessellate":  -1,
                                            "extrude":  0,
                                            "visibility":  -1
                                        },
                         "geometry":  {
                                          "type":  "Point",
                                          "coordinates":  [
                                                              -104.85328,
                                                              39.84092,
                                                              0.0
                                                          ]
                                      }
                     },
                     {
                         "type":  "Feature",
                         "properties":  {
                                            "Name":  "#5606",
                                            "description":  "\u003cdiv dir=\u0027rtl\u0027 style=\u0027font-family:Arial;\u0027\u003e\u003cb\u003eשם:\u003c/b\u003e אלמוג שגיא בן-דב\u003cbr/\u003e\u003cb\u003eאתר:\u003c/b\u003e פארק הרי הרוקי\u003cbr/\u003e\u003cb\u003eתאריך:\u003c/b\u003e 05-10-2025\u003cbr/\u003e\u003cb\u003eID:\u003c/b\u003e 2168\u003cbr/\u003e\u003cb\u003eFB:\u003c/b\u003e \u003ca href=\u0027https://www.facebook.com/groups/beshvil.yael/posts/3769737789986011\u0027\u003ehttps://www.facebook.com/groups/beshvil.yael/posts/3769737789986011\u003c/a\u003e\u003cbr/\u003e\u003cbr/\u003e\u003cimg src=\u0027https://drive.google.com/uc?export=view\u0026amp;id=1tKnBXrQr18bm0TZUf-iRbWI9xqe182rP\u0027 width=\u0027450\u0027/\u003e\u003cbr/\u003e\u003c/div\u003e",
                                            "tessellate":  -1,
                                            "extrude":  0,
                                            "visibility":  -1
                                        },
                         "geometry":  {
                                          "type":  "Point",
                                          "coordinates":  [
                                                              -105.78526,
                                                              40.3658,
                                                              0.0
                                                          ]
                                      }
                     },
                     {
                         "type":  "Feature",
                         "properties":  {
                                            "Name":  "#5606",
                                            "description":  "\u003cdiv dir=\u0027rtl\u0027 style=\u0027font-family:Arial;\u0027\u003e\u003cb\u003eשם:\u003c/b\u003e אלמוג שגיא בן-דב\u003cbr/\u003e\u003cb\u003eאתר:\u003c/b\u003e Flattop Mountain Trail\u003cbr/\u003e\u003cb\u003eתאריך:\u003c/b\u003e 06-10-2025\u003cbr/\u003e\u003cb\u003eID:\u003c/b\u003e 2197\u003cbr/\u003e\u003cb\u003eFB:\u003c/b\u003e \u003ca href=\u0027https://www.facebook.com/groups/beshvil.yael/posts/3771158453177278\u0027\u003ehttps://www.facebook.com/groups/beshvil.yael/posts/3771158453177278\u003c/a\u003e\u003cbr/\u003e\u003cbr/\u003e\u003cimg src=\u0027https://drive.google.com/uc?export=view\u0026amp;id=1EpiNE0fzsKfAapSVTk6VPEbCGQah7c0L\u0027 width=\u0027450\u0027/\u003e\u003cbr/\u003e\u003c/div\u003e",
                                            "tessellate":  -1,
                                            "extrude":  0,
                                            "visibility":  -1
                                        },
                         "geometry":  {
                                          "type":  "Point",
                                          "coordinates":  [
                                                              -105.6565,
                                                              40.31662,
                                                              0.0
                                                          ]
                                      }
                     },
                     {
                         "type":  "Feature",
                         "properties":  {
                                            "Name":  "#5606",
                                            "description":  "\u003cdiv dir=\u0027rtl\u0027 style=\u0027font-family:Arial;\u0027\u003e\u003cb\u003eשם:\u003c/b\u003e אלמוג שגיא בן-דב\u003cbr/\u003e\u003cb\u003eאתר:\u003c/b\u003e Rocky Mountain National Park\u003cbr/\u003e\u003cb\u003eתאריך:\u003c/b\u003e 07-10-2025\u003cbr/\u003e\u003cb\u003eID:\u003c/b\u003e 2213\u003cbr/\u003e\u003cb\u003eFB:\u003c/b\u003e \u003ca href=\u0027https://www.facebook.com/groups/beshvil.yael/posts/3771851423107981\u0027\u003ehttps://www.facebook.com/groups/beshvil.yael/posts/3771851423107981\u003c/a\u003e\u003cbr/\u003e\u003cbr/\u003e\u003cimg src=\u0027https://drive.google.com/uc?export=view\u0026amp;id=1bi_isyo6Ywdg_m3OWM3S2cpJruZciW0l\u0027 width=\u0027450\u0027/\u003e\u003cbr/\u003e\u003c/div\u003e",
                                            "tessellate":  -1,
                                            "extrude":  0,
                                            "visibility":  -1
                                        },
                         "geometry":  {
                                          "type":  "Point",
                                          "coordinates":  [
                                                              -105.78526,
                                                              40.3658,
                                                              0.0
                                                          ]
                                      }
                     },
                     {
                         "type":  "Feature",
                         "properties":  {
                                            "Name":  "#5606",
                                            "description":  "\u003cdiv dir=\u0027rtl\u0027 style=\u0027font-family:Arial;\u0027\u003e\u003cb\u003eשם:\u003c/b\u003e אלמוג שגיא בן-דב\u003cbr/\u003e\u003cb\u003eאתר:\u003c/b\u003e Estes-Park\u003cbr/\u003e\u003cb\u003eתאריך:\u003c/b\u003e 10-10-2025\u003cbr/\u003e\u003cb\u003eID:\u003c/b\u003e 2303\u003cbr/\u003e\u003cb\u003eFB:\u003c/b\u003e \u003ca href=\u0027https://www.facebook.com/groups/beshvil.yael/posts/3774917306134726\u0027\u003ehttps://www.facebook.com/groups/beshvil.yael/posts/3774917306134726\u003c/a\u003e\u003cbr/\u003e\u003cbr/\u003e\u003cimg src=\u0027https://drive.google.com/uc?export=view\u0026amp;id=162VGoBqv13AEBk1nvvLXN4u3gLt5ZRcG\u0027 width=\u0027450\u0027/\u003e\u003cbr/\u003e\u003c/div\u003e",
                                            "tessellate":  -1,
                                            "extrude":  0,
                                            "visibility":  -1
                                        },
                         "geometry":  {
                                          "type":  "Point",
                                          "coordinates":  [
                                                              -105.53574,
                                                              40.37275,
                                                              0.0
                                                          ]
                                      }
                     },
                     {
                         "type":  "Feature",
                         "properties":  {
                                            "Name":  "#5606",
                                            "description":  "\u003cdiv dir=\u0027rtl\u0027 style=\u0027font-family:Arial;\u0027\u003e\u003cb\u003eשם:\u003c/b\u003e אלמוג שגיא בן-דב\u003cbr/\u003e\u003cb\u003eאתר:\u003c/b\u003e Maroon Bells\u003cbr/\u003e\u003cb\u003eתאריך:\u003c/b\u003e 10-10-2025\u003cbr/\u003e\u003cb\u003eID:\u003c/b\u003e 2304\u003cbr/\u003e\u003cb\u003eFB:\u003c/b\u003e \u003ca href=\u0027https://www.facebook.com/groups/beshvil.yael/posts/3774924669467323/\u0027\u003ehttps://www.facebook.com/groups/beshvil.yael/posts/3774924669467323/\u003c/a\u003e\u003cbr/\u003e\u003cbr/\u003e\u003cimg src=\u0027https://drive.google.com/uc?export=view\u0026amp;id=1hSL2JgPetlVr2Mm9ypmGQ_viSok_BFxR\u0027 width=\u0027450\u0027/\u003e\u003cbr/\u003e\u003c/div\u003e",
                                            "tessellate":  -1,
                                            "extrude":  0,
                                            "visibility":  -1
                                        },
                         "geometry":  {
                                          "type":  "Point",
                                          "coordinates":  [
                                                              -107.02125,
                                                              39.09182,
                                                              0.0
                                                          ]
                                      }
                     },
                     {
                         "type":  "Feature",
                         "properties":  {
                                            "Name":  "#5606",
                                            "description":  "\u003cdiv dir=\u0027rtl\u0027 style=\u0027font-family:Arial;\u0027\u003e\u003cb\u003eשם:\u003c/b\u003e אלמוג שגיא בן-דב\u003cbr/\u003e\u003cb\u003eאתר:\u003c/b\u003e Garden of the Gods Park\u003cbr/\u003e\u003cb\u003eתאריך:\u003c/b\u003e 11-10-2025\u003cbr/\u003e\u003cb\u003eID:\u003c/b\u003e 2340\u003cbr/\u003e\u003cb\u003eFB:\u003c/b\u003e \u003ca href=\u0027https://www.facebook.com/groups/beshvil.yael/posts/3776901949269595\u0027\u003ehttps://www.facebook.com/groups/beshvil.yael/posts/3776901949269595\u003c/a\u003e\u003cbr/\u003e\u003cbr/\u003e\u003cimg src=\u0027https://drive.google.com/uc?export=view\u0026amp;id=1HLraaFQoyWgpwZu8uqjXLgyEsYA5TmRg\u0027 width=\u0027450\u0027/\u003e\u003cbr/\u003e\u003c/div\u003e",
                                            "tessellate":  -1,
                                            "extrude":  0,
                                            "visibility":  -1
                                        },
                         "geometry":  {
                                          "type":  "Point",
                                          "coordinates":  [
                                                              -104.87305,
                                                              38.88051,
                                                              0.0
                                                          ]
                                      }
                     },
                     {
                         "type":  "Feature",
                         "properties":  {
                                            "Name":  "#5606",
                                            "description":  "\u003cdiv dir=\u0027rtl\u0027 style=\u0027font-family:Arial;\u0027\u003e\u003cb\u003eשם:\u003c/b\u003e אלמוג שגיא בן-דב\u003cbr/\u003e\u003cb\u003eאתר:\u003c/b\u003e Walkway Over the Hudson State Historic Park\u003cbr/\u003e\u003cb\u003eתאריך:\u003c/b\u003e 20-10-2025\u003cbr/\u003e\u003cb\u003eID:\u003c/b\u003e 2459\u003cbr/\u003e\u003cb\u003eFB:\u003c/b\u003e \u003ca href=\u0027https://www.facebook.com/groups/beshvil.yael/posts/3784937485132708\u0027\u003ehttps://www.facebook.com/groups/beshvil.yael/posts/3784937485132708\u003c/a\u003e\u003cbr/\u003e\u003cbr/\u003e\u003cimg src=\u0027https://drive.google.com/uc?export=view\u0026amp;id=1a98Oda38YsjM4V4ssNcYG0BP4ggfSNCB\u0027 width=\u0027450\u0027/\u003e\u003cbr/\u003e\u003c/div\u003e",
                                            "tessellate":  -1,
                                            "extrude":  0,
                                            "visibility":  -1
                                        },
                         "geometry":  {
                                          "type":  "Point",
                                          "coordinates":  [
                                                              -73.95466,
                                                              41.71037,
                                                              0.0
                                                          ]
                                      }
                     },
                     {
                         "type":  "Feature",
                         "properties":  {
                                            "Name":  "#5613",
                                            "description":  "\u003cdiv dir=\u0027rtl\u0027 style=\u0027font-family:Arial;\u0027\u003e\u003cb\u003eשם:\u003c/b\u003e שרית סוטיל ביין\u003cbr/\u003e\u003cb\u003eאתר:\u003c/b\u003e שער ברנדבורג\u003cbr/\u003e\u003cb\u003eתאריך:\u003c/b\u003e 14-12-2025\u003cbr/\u003e\u003cb\u003eID:\u003c/b\u003e 3065\u003cbr/\u003e\u003cb\u003eFB:\u003c/b\u003e \u003ca href=\u0027https://www.facebook.com/groups/beshvil.yael/posts/3835903666702756\u0027\u003ehttps://www.facebook.com/groups/beshvil.yael/posts/3835903666702756\u003c/a\u003e\u003cbr/\u003e\u003cbr/\u003e\u003cimg src=\u0027https://drive.google.com/uc?export=view\u0026amp;id=1T-2F7wYrp-yNtjNuJgCoohotMh6B2Wpb\u0027 width=\u0027450\u0027/\u003e\u003cbr/\u003e\u003c/div\u003e",
                                            "tessellate":  -1,
                                            "extrude":  0,
                                            "visibility":  -1
                                        },
                         "geometry":  {
                                          "type":  "Point",
                                          "coordinates":  [
                                                              13.37756,
                                                              52.51657,
                                                              0.0
                                                          ]
                                      }
                     },
                     {
                         "type":  "Feature",
                         "properties":  {
                                            "Name":  "#5620",
                                            "description":  "\u003cdiv dir=\u0027rtl\u0027 style=\u0027font-family:Arial;\u0027\u003e\u003cb\u003eשם:\u003c/b\u003e ענת מוסקוביץ\u0027\u003cbr/\u003e\u003cb\u003eאתר:\u003c/b\u003e כפר ליטוחורו\u003cbr/\u003e\u003cb\u003eתאריך:\u003c/b\u003e 16-09-2025\u003cbr/\u003e\u003cb\u003eID:\u003c/b\u003e 1900\u003cbr/\u003e\u003cb\u003eFB:\u003c/b\u003e \u003ca href=\u0027https://www.facebook.com/groups/beshvil.yael/posts/3751844928441964/\u0027\u003ehttps://www.facebook.com/groups/beshvil.yael/posts/3751844928441964/\u003c/a\u003e\u003cbr/\u003e\u003cbr/\u003e\u003cimg src=\u0027https://drive.google.com/uc?export=view\u0026amp;id=1SJqTYhGHz2uD4eyG2Z02IWoc1CRSFb5r\u0027 width=\u0027450\u0027/\u003e\u003cbr/\u003e\u003c/div\u003e",
                                            "tessellate":  -1,
                                            "extrude":  0,
                                            "visibility":  -1
                                        },
                         "geometry":  {
                                          "type":  "Point",
                                          "coordinates":  [
                                                              22.56613,
                                                              40.09712,
                                                              0.0
                                                          ]
                                      }
                     },
                     {
                         "type":  "Feature",
                         "properties":  {
                                            "Name":  "#5624",
                                            "description":  "\u003cdiv dir=\u0027rtl\u0027 style=\u0027font-family:Arial;\u0027\u003e\u003cb\u003eשם:\u003c/b\u003e מאיר אסיסקוביץ\u003cbr/\u003e\u003cb\u003eאתר:\u003c/b\u003e Tri Cime\u003cbr/\u003e\u003cb\u003eתאריך:\u003c/b\u003e 29-09-2025\u003cbr/\u003e\u003cb\u003eID:\u003c/b\u003e 2102\u003cbr/\u003e\u003cb\u003eFB:\u003c/b\u003e \u003ca href=\u0027https://www.facebook.com/groups/beshvil.yael/posts/3764554987170958/\u0027\u003ehttps://www.facebook.com/groups/beshvil.yael/posts/3764554987170958/\u003c/a\u003e\u003cbr/\u003e\u003cbr/\u003e\u003cimg src=\u0027https://drive.google.com/uc?export=view\u0026amp;id=1UmzY4DkJW0IRNfeogDUpsgxMntkGhqBf\u0027 width=\u0027450\u0027/\u003e\u003cbr/\u003e\u003c/div\u003e",
                                            "tessellate":  -1,
                                            "extrude":  0,
                                            "visibility":  -1
                                        },
                         "geometry":  {
                                          "type":  "Point",
                                          "coordinates":  [
                                                              12.30276,
                                                              46.61867,
                                                              0.0
                                                          ]
                                      }
                     },
                     {
                         "type":  "Feature",
                         "properties":  {
                                            "Name":  "#5624",
                                            "description":  "\u003cdiv dir=\u0027rtl\u0027 style=\u0027font-family:Arial;\u0027\u003e\u003cb\u003eשם:\u003c/b\u003e מאיר אסיסקוביץ\u003cbr/\u003e\u003cb\u003eאתר:\u003c/b\u003e Lago di Braies\u003cbr/\u003e\u003cb\u003eתאריך:\u003c/b\u003e 30-09-2025\u003cbr/\u003e\u003cb\u003eID:\u003c/b\u003e 2105\u003cbr/\u003e\u003cb\u003eFB:\u003c/b\u003e \u003ca href=\u0027https://www.facebook.com/groups/beshvil.yael/posts/3765311847095272/\u0027\u003ehttps://www.facebook.com/groups/beshvil.yael/posts/3765311847095272/\u003c/a\u003e\u003cbr/\u003e\u003cbr/\u003e\u003cimg src=\u0027https://drive.google.com/uc?export=view\u0026amp;id=1DMMDm0Q-3R1ybZTNQDsCqF_dILWBojGK\u0027 width=\u0027450\u0027/\u003e\u003cbr/\u003e\u003c/div\u003e",
                                            "tessellate":  -1,
                                            "extrude":  0,
                                            "visibility":  -1
                                        },
                         "geometry":  {
                                          "type":  "Point",
                                          "coordinates":  [
                                                              12.08229,
                                                              46.69553,
                                                              0.0
                                                          ]
                                      }
                     },
                     {
                         "type":  "Feature",
                         "properties":  {
                                            "Name":  "#5624",
                                            "description":  "\u003cdiv dir=\u0027rtl\u0027 style=\u0027font-family:Arial;\u0027\u003e\u003cb\u003eשם:\u003c/b\u003e מאיר אסיסקוביץ\u003cbr/\u003e\u003cb\u003eאתר:\u003c/b\u003e Lago di Federa\u003cbr/\u003e\u003cb\u003eתאריך:\u003c/b\u003e 03-10-2025\u003cbr/\u003e\u003cb\u003eID:\u003c/b\u003e 2139\u003cbr/\u003e\u003cb\u003eFB:\u003c/b\u003e \u003ca href=\u0027https://www.facebook.com/groups/beshvil.yael/posts/3768532356773221\u0027\u003ehttps://www.facebook.com/groups/beshvil.yael/posts/3768532356773221\u003c/a\u003e\u003cbr/\u003e\u003cbr/\u003e\u003cimg src=\u0027https://drive.google.com/uc?export=view\u0026amp;id=1jow5D_nLw0r6qV_CEc2weqIBwLco9ERc\u0027 width=\u0027450\u0027/\u003e\u003cbr/\u003e\u003c/div\u003e",
                                            "tessellate":  -1,
                                            "extrude":  0,
                                            "visibility":  -1
                                        },
                         "geometry":  {
                                          "type":  "Point",
                                          "coordinates":  [
                                                              12.10506,
                                                              46.48894,
                                                              0.0
                                                          ]
                                      }
                     },
                     {
                         "type":  "Feature",
                         "properties":  {
                                            "Name":  "#5624",
                                            "description":  "\u003cdiv dir=\u0027rtl\u0027 style=\u0027font-family:Arial;\u0027\u003e\u003cb\u003eשם:\u003c/b\u003e מאיר אסיסקוביץ\u003cbr/\u003e\u003cb\u003eאתר:\u003c/b\u003e Ferrata degli Alpini‏\u003cbr/\u003e\u003cb\u003eתאריך:\u003c/b\u003e 06-10-2025\u003cbr/\u003e\u003cb\u003eID:\u003c/b\u003e 2199\u003cbr/\u003e\u003cb\u003eFB:\u003c/b\u003e \u003ca href=\u0027https://www.facebook.com/groups/beshvil.yael/posts/3771177023175421\u0027\u003ehttps://www.facebook.com/groups/beshvil.yael/posts/3771177023175421\u003c/a\u003e\u003cbr/\u003e\u003cbr/\u003e\u003cimg src=\u0027https://drive.google.com/uc?export=view\u0026amp;id=1ebH_GksK-pwR5ZIXBnJDQh38FGxiAG3-\u0027 width=\u0027450\u0027/\u003e\u003cbr/\u003e\u003c/div\u003e",
                                            "tessellate":  -1,
                                            "extrude":  0,
                                            "visibility":  -1
                                        },
                         "geometry":  {
                                          "type":  "Point",
                                          "coordinates":  [
                                                              12.02714,
                                                              46.52662,
                                                              0.0
                                                          ]
                                      }
                     },
                     {
                         "type":  "Feature",
                         "properties":  {
                                            "Name":  "#5624",
                                            "description":  "\u003cdiv dir=\u0027rtl\u0027 style=\u0027font-family:Arial;\u0027\u003e\u003cb\u003eשם:\u003c/b\u003e שירז לב\u003cbr/\u003e\u003cb\u003eאתר:\u003c/b\u003e Montaña Arcoíris\u003cbr/\u003e\u003cb\u003eתאריך:\u003c/b\u003e 11-11-2025\u003cbr/\u003e\u003cb\u003eID:\u003c/b\u003e 2689\u003cbr/\u003e\u003cb\u003eFB:\u003c/b\u003e \u003ca href=\u0027https://www.facebook.com/groups/beshvil.yael/posts/3806866226273167/\u0027\u003ehttps://www.facebook.com/groups/beshvil.yael/posts/3806866226273167/\u003c/a\u003e\u003cbr/\u003e\u003cbr/\u003e\u003cimg src=\u0027https://drive.google.com/uc?export=view\u0026amp;id=1-6_SHs53_Mzpqfl_QLtD55kmo35MOqel\u0027 width=\u0027450\u0027/\u003e\u003cbr/\u003e\u003c/div\u003e",
                                            "tessellate":  -1,
                                            "extrude":  0,
                                            "visibility":  -1
                                        },
                         "geometry":  {
                                          "type":  "Point",
                                          "coordinates":  [
                                                              -71.30127,
                                                              -13.8702,
                                                              0.0
                                                          ]
                                      }
                     },
                     {
                         "type":  "Feature",
                         "properties":  {
                                            "Name":  "#5629",
                                            "description":  "\u003cdiv dir=\u0027rtl\u0027 style=\u0027font-family:Arial;\u0027\u003e\u003cb\u003eשם:\u003c/b\u003e עופר סיקולר\u003cbr/\u003e\u003cb\u003eאתר:\u003c/b\u003e ‎Serengueti National Park\u003cbr/\u003e\u003cb\u003eתאריך:\u003c/b\u003e 18-08-2025\u003cbr/\u003e\u003cb\u003eID:\u003c/b\u003e 1577\u003cbr/\u003e\u003cb\u003eFB:\u003c/b\u003e \u003ca href=\u0027https://www.facebook.com/groups/beshvil.yael/posts/3725272861099171/\u0027\u003ehttps://www.facebook.com/groups/beshvil.yael/posts/3725272861099171/\u003c/a\u003e\u003cbr/\u003e\u003cbr/\u003e\u003cimg src=\u0027https://drive.google.com/uc?export=view\u0026amp;id=1hbmNIDhFPB_sg5XFjYeNGIjlWizkiDeh\u0027 width=\u0027450\u0027/\u003e\u003cbr/\u003e\u003c/div\u003e",
                                            "tessellate":  -1,
                                            "extrude":  0,
                                            "visibility":  -1
                                        },
                         "geometry":  {
                                          "type":  "Point",
                                          "coordinates":  [
                                                              34.8930711,
                                                              -2.2496253,
                                                              0.0
                                                          ]
                                      }
                     },
                     {
                         "type":  "Feature",
                         "properties":  {
                                            "Name":  "#5637",
                                            "description":  "\u003cdiv dir=\u0027rtl\u0027 style=\u0027font-family:Arial;\u0027\u003e\u003cb\u003eשם:\u003c/b\u003e צור ינובסקי\u003cbr/\u003e\u003cb\u003eאתר:\u003c/b\u003e אגם מאג\u0027ורה\u003cbr/\u003e\u003cb\u003eתאריך:\u003c/b\u003e 25-08-2025\u003cbr/\u003e\u003cb\u003eID:\u003c/b\u003e 1650\u003cbr/\u003e\u003cb\u003eFB:\u003c/b\u003e \u003ca href=\u0027https://www.facebook.com/groups/beshvil.yael/posts/3731557053804085\u0027\u003ehttps://www.facebook.com/groups/beshvil.yael/posts/3731557053804085\u003c/a\u003e\u003cbr/\u003e\u003cbr/\u003e\u003cimg src=\u0027https://drive.google.com/uc?export=view\u0026amp;id=1qGRJ93tIH-JHvcFARaIg7nc1pftFRhZT\u0027 width=\u0027450\u0027/\u003e\u003cbr/\u003e\u003c/div\u003e",
                                            "tessellate":  -1,
                                            "extrude":  0,
                                            "visibility":  -1
                                        },
                         "geometry":  {
                                          "type":  "Point",
                                          "coordinates":  [
                                                              8.5286338,
                                                              45.9387315,
                                                              0.0
                                                          ]
                                      }
                     },
                     {
                         "type":  "Feature",
                         "properties":  {
                                            "Name":  "#5637",
                                            "description":  "\u003cdiv dir=\u0027rtl\u0027 style=\u0027font-family:Arial;\u0027\u003e\u003cb\u003eשם:\u003c/b\u003e צור ינובסקי\u003cbr/\u003e\u003cb\u003eאתר:\u003c/b\u003e Lago di Arpy\u003cbr/\u003e\u003cb\u003eתאריך:\u003c/b\u003e 29-08-2025\u003cbr/\u003e\u003cb\u003eID:\u003c/b\u003e 1686\u003cbr/\u003e\u003cb\u003eFB:\u003c/b\u003e \u003ca href=\u0027https://www.facebook.com/groups/beshvil.yael/posts/3735304490096008/\u0027\u003ehttps://www.facebook.com/groups/beshvil.yael/posts/3735304490096008/\u003c/a\u003e\u003cbr/\u003e\u003cbr/\u003e\u003cimg src=\u0027https://drive.google.com/uc?export=view\u0026amp;id=1Up4WdmyZZ7vpiTL_MOcpNgC0ryoHdAZQ\u0027 width=\u0027450\u0027/\u003e\u003cbr/\u003e\u003c/div\u003e",
                                            "tessellate":  -1,
                                            "extrude":  0,
                                            "visibility":  -1
                                        },
                         "geometry":  {
                                          "type":  "Point",
                                          "coordinates":  [
                                                              7.0000893,
                                                              45.7245124,
                                                              0.0
                                                          ]
                                      }
                     },
                     {
                         "type":  "Feature",
                         "properties":  {
                                            "Name":  "#5642",
                                            "description":  "\u003cdiv dir=\u0027rtl\u0027 style=\u0027font-family:Arial;\u0027\u003e\u003cb\u003eשם:\u003c/b\u003e תמר קליירס\u003cbr/\u003e\u003cb\u003eאתר:\u003c/b\u003e Niest Point\u003cbr/\u003e\u003cb\u003eתאריך:\u003c/b\u003e 05-08-2025\u003cbr/\u003e\u003cb\u003eID:\u003c/b\u003e 1405\u003cbr/\u003e\u003cb\u003eFB:\u003c/b\u003e \u003ca href=\u0027https://www.facebook.com/groups/beshvil.yael/posts/3713418808951243/\u0027\u003ehttps://www.facebook.com/groups/beshvil.yael/posts/3713418808951243/\u003c/a\u003e\u003cbr/\u003e\u003cbr/\u003e\u003cimg src=\u0027https://drive.google.com/uc?export=view\u0026amp;id=1t4OSD3JCCNU3F118wyWJKmq4c6iiC8T5\u0027 width=\u0027450\u0027/\u003e\u003cbr/\u003e\u003c/div\u003e",
                                            "tessellate":  -1,
                                            "extrude":  0,
                                            "visibility":  -1
                                        },
                         "geometry":  {
                                          "type":  "Point",
                                          "coordinates":  [
                                                              -6.7851701,
                                                              57.4225726,
                                                              0.0
                                                          ]
                                      }
                     },
                     {
                         "type":  "Feature",
                         "properties":  {
                                            "Name":  "#5644",
                                            "description":  "\u003cdiv dir=\u0027rtl\u0027 style=\u0027font-family:Arial;\u0027\u003e\u003cb\u003eשם:\u003c/b\u003e לירון גבעול\u003cbr/\u003e\u003cb\u003eאתר:\u003c/b\u003e אתונה\u003cbr/\u003e\u003cb\u003eתאריך:\u003c/b\u003e 10-05-2026\u003cbr/\u003e\u003cb\u003eID:\u003c/b\u003e 4398\u003cbr/\u003e\u003cb\u003eFB:\u003c/b\u003e \u003ca href=\u0027https://www.facebook.com/groups/beshvil.yael/posts/3967095380250250/\u0027\u003ehttps://www.facebook.com/groups/beshvil.yael/posts/3967095380250250/\u003c/a\u003e\u003cbr/\u003e\u003cbr/\u003e\u003cimg src=\u0027https://drive.google.com/uc?export=view\u0026amp;id=1GBO7MZNCGgS8RPPREziUfWfSISjvEzvu\u0027 width=\u0027450\u0027/\u003e\u003cbr/\u003e\u003c/div\u003e",
                                            "tessellate":  -1,
                                            "extrude":  0,
                                            "visibility":  -1
                                        },
                         "geometry":  {
                                          "type":  "Point",
                                          "coordinates":  [
                                                              23.72273,
                                                              37.97812,
                                                              0.0
                                                          ]
                                      }
                     },
                     {
                         "type":  "Feature",
                         "properties":  {
                                            "Name":  "#5653",
                                            "description":  "\u003cdiv dir=\u0027rtl\u0027 style=\u0027font-family:Arial;\u0027\u003e\u003cb\u003eשם:\u003c/b\u003e ליטן קרוש\u003cbr/\u003e\u003cb\u003eאתר:\u003c/b\u003e פוג\u0027י\u003cbr/\u003e\u003cb\u003eתאריך:\u003c/b\u003e 28-07-2025\u003cbr/\u003e\u003cb\u003eID:\u003c/b\u003e 1316\u003cbr/\u003e\u003cb\u003eFB:\u003c/b\u003e \u003ca href=\u0027https://www.facebook.com/groups/beshvil.yael/posts/3705654473061010\u0027\u003ehttps://www.facebook.com/groups/beshvil.yael/posts/3705654473061010\u003c/a\u003e\u003cbr/\u003e\u003cbr/\u003e\u003cimg src=\u0027https://drive.google.com/uc?export=view\u0026amp;id=1W7tRgqr7hM6UsAmOxa0AAlVqIY3eRib6\u0027 width=\u0027450\u0027/\u003e\u003cbr/\u003e\u003c/div\u003e",
                                            "tessellate":  -1,
                                            "extrude":  0,
                                            "visibility":  -1
                                        },
                         "geometry":  {
                                          "type":  "Point",
                                          "coordinates":  [
                                                              138.7273337,
                                                              35.3606394,
                                                              0.0
                                                          ]
                                      }
                     },
                     {
                         "type":  "Feature",
                         "properties":  {
                                            "Name":  "#5669",
                                            "description":  "\u003cdiv dir=\u0027rtl\u0027 style=\u0027font-family:Arial;\u0027\u003e\u003cb\u003eשם:\u003c/b\u003e מורן ששון פרוכטר\u003cbr/\u003e\u003cb\u003eאתר:\u003c/b\u003e \u003cbr/\u003e\u003cb\u003eתאריך:\u003c/b\u003e 15-11-2025\u003cbr/\u003e\u003cb\u003eID:\u003c/b\u003e 2739\u003cbr/\u003e\u003cb\u003eFB:\u003c/b\u003e \u003ca href=\u0027https://www.facebook.com/groups/beshvil.yael/posts/3810303752596081\u0027\u003ehttps://www.facebook.com/groups/beshvil.yael/posts/3810303752596081\u003c/a\u003e\u003cbr/\u003e\u003cbr/\u003e\u003cimg src=\u0027https://drive.google.com/uc?export=view\u0026amp;id=1nb4QlG6K0WMso-geGPM-F6lzIzr1Gp6D\u0027 width=\u0027450\u0027/\u003e\u003cbr/\u003e\u003c/div\u003e",
                                            "tessellate":  -1,
                                            "extrude":  0,
                                            "visibility":  -1
                                        },
                         "geometry":  {
                                          "type":  "Point",
                                          "coordinates":  [
                                                              14.38526,
                                                              49.79622,
                                                              0.0
                                                          ]
                                      }
                     },
                     {
                         "type":  "Feature",
                         "properties":  {
                                            "Name":  "#5716",
                                            "description":  "\u003cdiv dir=\u0027rtl\u0027 style=\u0027font-family:Arial;\u0027\u003e\u003cb\u003eשם:\u003c/b\u003e רחל מירון\u003cbr/\u003e\u003cb\u003eאתר:\u003c/b\u003e Neive\u003cbr/\u003e\u003cb\u003eתאריך:\u003c/b\u003e 30-07-2025\u003cbr/\u003e\u003cb\u003eID:\u003c/b\u003e 1345\u003cbr/\u003e\u003cb\u003eFB:\u003c/b\u003e \u003ca href=\u0027https://www.facebook.com/groups/beshvil.yael/posts/3708026376157153/\u0027\u003ehttps://www.facebook.com/groups/beshvil.yael/posts/3708026376157153/\u003c/a\u003e\u003cbr/\u003e\u003cbr/\u003e\u003cimg src=\u0027https://drive.google.com/uc?export=view\u0026amp;id=1e8cjfoykBM5cFR-vXmMW1-U6p71JpPiK\u0027 width=\u0027450\u0027/\u003e\u003cbr/\u003e\u003c/div\u003e",
                                            "tessellate":  -1,
                                            "extrude":  0,
                                            "visibility":  -1
                                        },
                         "geometry":  {
                                          "type":  "Point",
                                          "coordinates":  [
                                                              8.11472,
                                                              44.72865,
                                                              0.0
                                                          ]
                                      }
                     },
                     {
                         "type":  "Feature",
                         "properties":  {
                                            "Name":  "#5741",
                                            "description":  "\u003cdiv dir=\u0027rtl\u0027 style=\u0027font-family:Arial;\u0027\u003e\u003cb\u003eשם:\u003c/b\u003e מריה פולבר\u003cbr/\u003e\u003cb\u003eאתר:\u003c/b\u003e שטרסבורג\u003cbr/\u003e\u003cb\u003eתאריך:\u003c/b\u003e 23-07-2025\u003cbr/\u003e\u003cb\u003eID:\u003c/b\u003e 1282\u003cbr/\u003e\u003cb\u003eFB:\u003c/b\u003e \u003ca href=\u0027https://www.facebook.com/groups/beshvil.yael/posts/3701459616813829/\u0027\u003ehttps://www.facebook.com/groups/beshvil.yael/posts/3701459616813829/\u003c/a\u003e\u003cbr/\u003e\u003cbr/\u003e\u003cimg src=\u0027https://drive.google.com/uc?export=view\u0026amp;id=1IGfIJqyiSWbR6fdURw9xTL3zpMO0z3PL\u0027 width=\u0027450\u0027/\u003e\u003cbr/\u003e\u003c/div\u003e",
                                            "tessellate":  -1,
                                            "extrude":  0,
                                            "visibility":  -1
                                        },
                         "geometry":  {
                                          "type":  "Point",
                                          "coordinates":  [
                                                              7.7630985,
                                                              48.5777197,
                                                              0.0
                                                          ]
                                      }
                     },
                     {
                         "type":  "Feature",
                         "properties":  {
                                            "Name":  "#5741",
                                            "description":  "\u003cdiv dir=\u0027rtl\u0027 style=\u0027font-family:Arial;\u0027\u003e\u003cb\u003eשם:\u003c/b\u003e מריה פולבר\u003cbr/\u003e\u003cb\u003eאתר:\u003c/b\u003e טורינו\u003cbr/\u003e\u003cb\u003eתאריך:\u003c/b\u003e 28-09-2025\u003cbr/\u003e\u003cb\u003eID:\u003c/b\u003e 2082\u003cbr/\u003e\u003cb\u003eFB:\u003c/b\u003e \u003ca href=\u0027https://www.facebook.com/groups/beshvil.yael/posts/3763176407308816/\u0027\u003ehttps://www.facebook.com/groups/beshvil.yael/posts/3763176407308816/\u003c/a\u003e\u003cbr/\u003e\u003cbr/\u003e\u003cimg src=\u0027https://drive.google.com/uc?export=view\u0026amp;id=1OQYH4b9QLYVjWaqvzIAJi4beLbufY8tZ\u0027 width=\u0027450\u0027/\u003e\u003cbr/\u003e\u003c/div\u003e",
                                            "tessellate":  -1,
                                            "extrude":  0,
                                            "visibility":  -1
                                        },
                         "geometry":  {
                                          "type":  "Point",
                                          "coordinates":  [
                                                              7.67724,
                                                              45.05649,
                                                              0.0
                                                          ]
                                      }
                     },
                     {
                         "type":  "Feature",
                         "properties":  {
                                            "Name":  "#5741",
                                            "description":  "\u003cdiv dir=\u0027rtl\u0027 style=\u0027font-family:Arial;\u0027\u003e\u003cb\u003eשם:\u003c/b\u003e מריה פולבר\u003cbr/\u003e\u003cb\u003eאתר:\u003c/b\u003e מילנו\u003cbr/\u003e\u003cb\u003eתאריך:\u003c/b\u003e 03-10-2025\u003cbr/\u003e\u003cb\u003eID:\u003c/b\u003e 2132\u003cbr/\u003e\u003cb\u003eFB:\u003c/b\u003e \u003ca href=\u0027https://www.facebook.com/groups/beshvil.yael/posts/3768302630129527\u0027\u003ehttps://www.facebook.com/groups/beshvil.yael/posts/3768302630129527\u003c/a\u003e\u003cbr/\u003e\u003cbr/\u003e\u003cimg src=\u0027https://drive.google.com/uc?export=view\u0026amp;id=1v2NDOxGKIDXTRovFrJCu-F1xUKy0qiC4\u0027 width=\u0027450\u0027/\u003e\u003cbr/\u003e\u003c/div\u003e",
                                            "tessellate":  -1,
                                            "extrude":  0,
                                            "visibility":  -1
                                        },
                         "geometry":  {
                                          "type":  "Point",
                                          "coordinates":  [
                                                              9.24282,
                                                              45.47331,
                                                              0.0
                                                          ]
                                      }
                     },
                     {
                         "type":  "Feature",
                         "properties":  {
                                            "Name":  "#5772",
                                            "description":  "\u003cdiv dir=\u0027rtl\u0027 style=\u0027font-family:Arial;\u0027\u003e\u003cb\u003eשם:\u003c/b\u003e מרינה וייסברג-לוי\u003cbr/\u003e\u003cb\u003eאתר:\u003c/b\u003e Flumicino\u003cbr/\u003e\u003cb\u003eתאריך:\u003c/b\u003e 24-02-2026\u003cbr/\u003e\u003cb\u003eID:\u003c/b\u003e 3851\u003cbr/\u003e\u003cb\u003eFB:\u003c/b\u003e \u003ca href=\u0027https://www.facebook.com/groups/beshvil.yael/posts/3899793136980475/\u0027\u003ehttps://www.facebook.com/groups/beshvil.yael/posts/3899793136980475/\u003c/a\u003e\u003cbr/\u003e\u003cbr/\u003e\u003cimg src=\u0027https://drive.google.com/uc?export=view\u0026amp;id=1nquH1Fx61GfmTe1mWLX68ScL3rToeTO_\u0027 width=\u0027450\u0027/\u003e\u003cbr/\u003e\u003c/div\u003e",
                                            "tessellate":  -1,
                                            "extrude":  0,
                                            "visibility":  -1
                                        },
                         "geometry":  {
                                          "type":  "Point",
                                          "coordinates":  [
                                                              12.25157,
                                                              41.79396,
                                                              0.0
                                                          ]
                                      }
                     },
                     {
                         "type":  "Feature",
                         "properties":  {
                                            "Name":  "#5772",
                                            "description":  "\u003cdiv dir=\u0027rtl\u0027 style=\u0027font-family:Arial;\u0027\u003e\u003cb\u003eשם:\u003c/b\u003e מרינה וייסברג-לוי\u003cbr/\u003e\u003cb\u003eאתר:\u003c/b\u003e פירנצה\u003cbr/\u003e\u003cb\u003eתאריך:\u003c/b\u003e 25-02-2026\u003cbr/\u003e\u003cb\u003eID:\u003c/b\u003e 3856\u003cbr/\u003e\u003cb\u003eFB:\u003c/b\u003e \u003ca href=\u0027https://www.facebook.com/groups/beshvil.yael/posts/3900136830279439/\u0027\u003ehttps://www.facebook.com/groups/beshvil.yael/posts/3900136830279439/\u003c/a\u003e\u003cbr/\u003e\u003cbr/\u003e\u003cimg src=\u0027https://drive.google.com/uc?export=view\u0026amp;id=1SkspiJkDr-ZIvSzG_WmgjqS0Vk-HKJB5\u0027 width=\u0027450\u0027/\u003e\u003cbr/\u003e\u003c/div\u003e",
                                            "tessellate":  -1,
                                            "extrude":  0,
                                            "visibility":  -1
                                        },
                         "geometry":  {
                                          "type":  "Point",
                                          "coordinates":  [
                                                              11.25389,
                                                              43.75831,
                                                              0.0
                                                          ]
                                      }
                     },
                     {
                         "type":  "Feature",
                         "properties":  {
                                            "Name":  "#5772",
                                            "description":  "\u003cdiv dir=\u0027rtl\u0027 style=\u0027font-family:Arial;\u0027\u003e\u003cb\u003eשם:\u003c/b\u003e מרינה וייסברג-לוי\u003cbr/\u003e\u003cb\u003eאתר:\u003c/b\u003e בולוניה\u003cbr/\u003e\u003cb\u003eתאריך:\u003c/b\u003e 26-02-2026\u003cbr/\u003e\u003cb\u003eID:\u003c/b\u003e 3872\u003cbr/\u003e\u003cb\u003eFB:\u003c/b\u003e \u003ca href=\u0027https://www.facebook.com/groups/beshvil.yael/posts/3901988603427595/\u0027\u003ehttps://www.facebook.com/groups/beshvil.yael/posts/3901988603427595/\u003c/a\u003e\u003cbr/\u003e\u003cbr/\u003e\u003cimg src=\u0027https://drive.google.com/uc?export=view\u0026amp;id=1wyKo483K_uxC5g7FPnXMK84O6yuaSwQB\u0027 width=\u0027450\u0027/\u003e\u003cbr/\u003e\u003c/div\u003e",
                                            "tessellate":  -1,
                                            "extrude":  0,
                                            "visibility":  -1
                                        },
                         "geometry":  {
                                          "type":  "Point",
                                          "coordinates":  [
                                                              11.32819,
                                                              44.48117,
                                                              0.0
                                                          ]
                                      }
                     },
                     {
                         "type":  "Feature",
                         "properties":  {
                                            "Name":  "#5772",
                                            "description":  "\u003cdiv dir=\u0027rtl\u0027 style=\u0027font-family:Arial;\u0027\u003e\u003cb\u003eשם:\u003c/b\u003e מרינה וייסברג-לוי\u003cbr/\u003e\u003cb\u003eאתר:\u003c/b\u003e ארצו,\u003cbr/\u003e\u003cb\u003eתאריך:\u003c/b\u003e 27-02-2026\u003cbr/\u003e\u003cb\u003eID:\u003c/b\u003e 3886\u003cbr/\u003e\u003cb\u003eFB:\u003c/b\u003e \u003ca href=\u0027https://www.facebook.com/groups/beshvil.yael/posts/3902857470007375/\u0027\u003ehttps://www.facebook.com/groups/beshvil.yael/posts/3902857470007375/\u003c/a\u003e\u003cbr/\u003e\u003cbr/\u003e\u003cimg src=\u0027https://drive.google.com/uc?export=view\u0026amp;id=1fITmPXIdPwwADyBbJzCCotej5oSq_uVI\u0027 width=\u0027450\u0027/\u003e\u003cbr/\u003e\u003c/div\u003e",
                                            "tessellate":  -1,
                                            "extrude":  0,
                                            "visibility":  -1
                                        },
                         "geometry":  {
                                          "type":  "Point",
                                          "coordinates":  [
                                                              11.79797,
                                                              43.51901,
                                                              0.0
                                                          ]
                                      }
                     },
                     {
                         "type":  "Feature",
                         "properties":  {
                                            "Name":  "#5772",
                                            "description":  "\u003cdiv dir=\u0027rtl\u0027 style=\u0027font-family:Arial;\u0027\u003e\u003cb\u003eשם:\u003c/b\u003e מרינה וייסברג-לוי\u003cbr/\u003e\u003cb\u003eאתר:\u003c/b\u003e San Gimignano\u003cbr/\u003e\u003cb\u003eתאריך:\u003c/b\u003e 01-03-2026\u003cbr/\u003e\u003cb\u003eID:\u003c/b\u003e 3895\u003cbr/\u003e\u003cb\u003eFB:\u003c/b\u003e \u003ca href=\u0027https://www.facebook.com/groups/beshvil.yael/posts/3904352256524563/\u0027\u003ehttps://www.facebook.com/groups/beshvil.yael/posts/3904352256524563/\u003c/a\u003e\u003cbr/\u003e\u003cbr/\u003e\u003cimg src=\u0027https://drive.google.com/uc?export=view\u0026amp;id=1E7hUX3Jrg8LbAkSIEXIx01FDmwU54RoK\u0027 width=\u0027450\u0027/\u003e\u003cbr/\u003e\u003c/div\u003e",
                                            "tessellate":  -1,
                                            "extrude":  0,
                                            "visibility":  -1
                                        },
                         "geometry":  {
                                          "type":  "Point",
                                          "coordinates":  [
                                                              11.04225,
                                                              43.46829,
                                                              0.0
                                                          ]
                                      }
                     },
                     {
                         "type":  "Feature",
                         "properties":  {
                                            "Name":  "#5772",
                                            "description":  "\u003cdiv dir=\u0027rtl\u0027 style=\u0027font-family:Arial;\u0027\u003e\u003cb\u003eשם:\u003c/b\u003e מרינה וייסברג-לוי\u003cbr/\u003e\u003cb\u003eאתר:\u003c/b\u003e לוקה\u003cbr/\u003e\u003cb\u003eתאריך:\u003c/b\u003e 01-03-2026\u003cbr/\u003e\u003cb\u003eID:\u003c/b\u003e 3898\u003cbr/\u003e\u003cb\u003eFB:\u003c/b\u003e \u003ca href=\u0027https://www.facebook.com/groups/beshvil.yael/posts/3904825853143870/\u0027\u003ehttps://www.facebook.com/groups/beshvil.yael/posts/3904825853143870/\u003c/a\u003e\u003cbr/\u003e\u003cbr/\u003e\u003cimg src=\u0027https://drive.google.com/uc?export=view\u0026amp;id=1kVrZJ53z9LUgDIffv793daE43BnIUCED\u0027 width=\u0027450\u0027/\u003e\u003cbr/\u003e\u003c/div\u003e",
                                            "tessellate":  -1,
                                            "extrude":  0,
                                            "visibility":  -1
                                        },
                         "geometry":  {
                                          "type":  "Point",
                                          "coordinates":  [
                                                              10.48406,
                                                              43.81827,
                                                              0.0
                                                          ]
                                      }
                     },
                     {
                         "type":  "Feature",
                         "properties":  {
                                            "Name":  "#5772",
                                            "description":  "\u003cdiv dir=\u0027rtl\u0027 style=\u0027font-family:Arial;\u0027\u003e\u003cb\u003eשם:\u003c/b\u003e מרינה וייסברג-לוי\u003cbr/\u003e\u003cb\u003eאתר:\u003c/b\u003e Areopagus Hill\u003cbr/\u003e\u003cb\u003eתאריך:\u003c/b\u003e 07-03-2026\u003cbr/\u003e\u003cb\u003eID:\u003c/b\u003e 3929\u003cbr/\u003e\u003cb\u003eFB:\u003c/b\u003e \u003ca href=\u0027https://www.facebook.com/groups/beshvil.yael/posts/3909671399325982/\u0027\u003ehttps://www.facebook.com/groups/beshvil.yael/posts/3909671399325982/\u003c/a\u003e\u003cbr/\u003e\u003cbr/\u003e\u003cimg src=\u0027https://drive.google.com/uc?export=view\u0026amp;id=13la0u-CA0AKvQ8H9t4CylZPhsRqyA1Jc\u0027 width=\u0027450\u0027/\u003e\u003cbr/\u003e\u003c/div\u003e",
                                            "tessellate":  -1,
                                            "extrude":  0,
                                            "visibility":  -1
                                        },
                         "geometry":  {
                                          "type":  "Point",
                                          "coordinates":  [
                                                              23.72278,
                                                              37.97209,
                                                              0.0
                                                          ]
                                      }
                     },
                     {
                         "type":  "Feature",
                         "properties":  {
                                            "Name":  "#5780",
                                            "description":  "\u003cdiv dir=\u0027rtl\u0027 style=\u0027font-family:Arial;\u0027\u003e\u003cb\u003eשם:\u003c/b\u003e אולגה בס לינצ\u0027וק\u003cbr/\u003e\u003cb\u003eאתר:\u003c/b\u003e רומא\u003cbr/\u003e\u003cb\u003eתאריך:\u003c/b\u003e 21-06-2025\u003cbr/\u003e\u003cb\u003eID:\u003c/b\u003e 1042\u003cbr/\u003e\u003cb\u003eFB:\u003c/b\u003e \u003ca href=\u0027https://www.facebook.com/groups/beshvil.yael/posts/3673367602956364\u0027\u003ehttps://www.facebook.com/groups/beshvil.yael/posts/3673367602956364\u003c/a\u003e\u003cbr/\u003e\u003cbr/\u003e\u003cimg src=\u0027https://drive.google.com/uc?export=view\u0026amp;id=1mFTXLzdpU-iDPBTukNM7_a6xdaaSFFwY\u0027 width=\u0027450\u0027/\u003e\u003cbr/\u003e\u003c/div\u003e",
                                            "tessellate":  -1,
                                            "extrude":  0,
                                            "visibility":  -1
                                        },
                         "geometry":  {
                                          "type":  "Point",
                                          "coordinates":  [
                                                              12.4238379,
                                                              41.8721742,
                                                              0.0
                                                          ]
                                      }
                     },
                     {
                         "type":  "Feature",
                         "properties":  {
                                            "Name":  "#5786",
                                            "description":  "\u003cdiv dir=\u0027rtl\u0027 style=\u0027font-family:Arial;\u0027\u003e\u003cb\u003eשם:\u003c/b\u003e אינה לוין\u003cbr/\u003e\u003cb\u003eאתר:\u003c/b\u003e צ\u0027אנג ראי,\u003cbr/\u003e\u003cb\u003eתאריך:\u003c/b\u003e 01-10-2025\u003cbr/\u003e\u003cb\u003eID:\u003c/b\u003e 2116\u003cbr/\u003e\u003cb\u003eFB:\u003c/b\u003e \u003ca href=\u0027https://www.facebook.com/groups/beshvil.yael/posts/3766174637008993\u0027\u003ehttps://www.facebook.com/groups/beshvil.yael/posts/3766174637008993\u003c/a\u003e\u003cbr/\u003e\u003cbr/\u003e\u003cimg src=\u0027https://drive.google.com/uc?export=view\u0026amp;id=1DLtzPtVkZMxDUXcOztYuxex6_ksoekmQ\u0027 width=\u0027450\u0027/\u003e\u003cbr/\u003e\u003c/div\u003e",
                                            "tessellate":  -1,
                                            "extrude":  0,
                                            "visibility":  -1
                                        },
                         "geometry":  {
                                          "type":  "Point",
                                          "coordinates":  [
                                                              99.83182,
                                                              19.9137,
                                                              0.0
                                                          ]
                                      }
                     },
                     {
                         "type":  "Feature",
                         "properties":  {
                                            "Name":  "#5786",
                                            "description":  "\u003cdiv dir=\u0027rtl\u0027 style=\u0027font-family:Arial;\u0027\u003e\u003cb\u003eשם:\u003c/b\u003e אינה לוין\u003cbr/\u003e\u003cb\u003eאתר:\u003c/b\u003e \u003cbr/\u003e\u003cb\u003eתאריך:\u003c/b\u003e 11-10-2025\u003cbr/\u003e\u003cb\u003eID:\u003c/b\u003e 2339\u003cbr/\u003e\u003cb\u003eFB:\u003c/b\u003e \u003ca href=\u0027https://www.facebook.com/groups/beshvil.yael/posts/3776868585939598\u0027\u003ehttps://www.facebook.com/groups/beshvil.yael/posts/3776868585939598\u003c/a\u003e\u003cbr/\u003e\u003cbr/\u003e\u003cimg src=\u0027https://drive.google.com/uc?export=view\u0026amp;id=1xVSwy6v-MA6Msl7cvqT_pyNqqkRIhync\u0027 width=\u0027450\u0027/\u003e\u003cbr/\u003e\u003c/div\u003e",
                                            "tessellate":  -1,
                                            "extrude":  0,
                                            "visibility":  -1
                                        },
                         "geometry":  {
                                          "type":  "Point",
                                          "coordinates":  [
                                                              99.27371,
                                                              18.37488,
                                                              0.0
                                                          ]
                                      }
                     },
                     {
                         "type":  "Feature",
                         "properties":  {
                                            "Name":  "#5786",
                                            "description":  "\u003cdiv dir=\u0027rtl\u0027 style=\u0027font-family:Arial;\u0027\u003e\u003cb\u003eשם:\u003c/b\u003e אינה לוין\u003cbr/\u003e\u003cb\u003eאתר:\u003c/b\u003e Don Sak\u003cbr/\u003e\u003cb\u003eתאריך:\u003c/b\u003e 13-10-2025\u003cbr/\u003e\u003cb\u003eID:\u003c/b\u003e 2368\u003cbr/\u003e\u003cb\u003eFB:\u003c/b\u003e \u003ca href=\u0027https://www.facebook.com/groups/beshvil.yael/posts/3778465579113232\u0027\u003ehttps://www.facebook.com/groups/beshvil.yael/posts/3778465579113232\u003c/a\u003e\u003cbr/\u003e\u003cbr/\u003e\u003cimg src=\u0027https://drive.google.com/uc?export=view\u0026amp;id=1pVkal9AbvneLhkQK4xIelTviW1Oq6PTi\u0027 width=\u0027450\u0027/\u003e\u003cbr/\u003e\u003c/div\u003e",
                                            "tessellate":  -1,
                                            "extrude":  0,
                                            "visibility":  -1
                                        },
                         "geometry":  {
                                          "type":  "Point",
                                          "coordinates":  [
                                                              99.7095,
                                                              9.30654,
                                                              0.0
                                                          ]
                                      }
                     },
                     {
                         "type":  "Feature",
                         "properties":  {
                                            "Name":  "#5786",
                                            "description":  "\u003cdiv dir=\u0027rtl\u0027 style=\u0027font-family:Arial;\u0027\u003e\u003cb\u003eשם:\u003c/b\u003e אינה לוין\u003cbr/\u003e\u003cb\u003eאתר:\u003c/b\u003e קו סמוי\u003cbr/\u003e\u003cb\u003eתאריך:\u003c/b\u003e 19-10-2025\u003cbr/\u003e\u003cb\u003eID:\u003c/b\u003e 2447\u003cbr/\u003e\u003cb\u003eFB:\u003c/b\u003e \u003ca href=\u0027https://www.facebook.com/groups/beshvil.yael/posts/3783715901921533\u0027\u003ehttps://www.facebook.com/groups/beshvil.yael/posts/3783715901921533\u003c/a\u003e\u003cbr/\u003e\u003cbr/\u003e\u003cimg src=\u0027https://drive.google.com/uc?export=view\u0026amp;id=1nx4Xk-xcpXkgi7dCwaFyHH7-Ib6Q8T1e\u0027 width=\u0027450\u0027/\u003e\u003cbr/\u003e\u003c/div\u003e",
                                            "tessellate":  -1,
                                            "extrude":  0,
                                            "visibility":  -1
                                        },
                         "geometry":  {
                                          "type":  "Point",
                                          "coordinates":  [
                                                              100.00191,
                                                              9.51811,
                                                              0.0
                                                          ]
                                      }
                     },
                     {
                         "type":  "Feature",
                         "properties":  {
                                            "Name":  "#5786",
                                            "description":  "\u003cdiv dir=\u0027rtl\u0027 style=\u0027font-family:Arial;\u0027\u003e\u003cb\u003eשם:\u003c/b\u003e אינה לוין\u003cbr/\u003e\u003cb\u003eאתר:\u003c/b\u003e לרנקה\u003cbr/\u003e\u003cb\u003eתאריך:\u003c/b\u003e 05-12-2025\u003cbr/\u003e\u003cb\u003eID:\u003c/b\u003e 2964\u003cbr/\u003e\u003cb\u003eFB:\u003c/b\u003e \u003ca href=\u0027https://www.facebook.com/groups/beshvil.yael/posts/3827706994189090/\u0027\u003ehttps://www.facebook.com/groups/beshvil.yael/posts/3827706994189090/\u003c/a\u003e\u003cbr/\u003e\u003cbr/\u003e\u003cimg src=\u0027https://drive.google.com/uc?export=view\u0026amp;id=1O5RG5XUSOEFGhsiaXx2EgYlCJPSSuc74\u0027 width=\u0027450\u0027/\u003e\u003cbr/\u003e\u003c/div\u003e",
                                            "tessellate":  -1,
                                            "extrude":  0,
                                            "visibility":  -1
                                        },
                         "geometry":  {
                                          "type":  "Point",
                                          "coordinates":  [
                                                              33.62727,
                                                              34.92075,
                                                              0.0
                                                          ]
                                      }
                     },
                     {
                         "type":  "Feature",
                         "properties":  {
                                            "Name":  "#5806",
                                            "description":  "\u003cdiv dir=\u0027rtl\u0027 style=\u0027font-family:Arial;\u0027\u003e\u003cb\u003eשם:\u003c/b\u003e מירי טרוסטינצקי\u003cbr/\u003e\u003cb\u003eאתר:\u003c/b\u003e מרטון\u003cbr/\u003e\u003cb\u003eתאריך:\u003c/b\u003e 12-10-2025\u003cbr/\u003e\u003cb\u003eID:\u003c/b\u003e 2363\u003cbr/\u003e\u003cb\u003eFB:\u003c/b\u003e \u003ca href=\u0027https://www.facebook.com/groups/beshvil.yael/posts/3778052962487827\u0027\u003ehttps://www.facebook.com/groups/beshvil.yael/posts/3778052962487827\u003c/a\u003e\u003cbr/\u003e\u003cbr/\u003e\u003cimg src=\u0027https://drive.google.com/uc?export=view\u0026amp;id=1_cU0QOiI9Tr39b9H5NbAipS8yHO7l8Cj\u0027 width=\u0027450\u0027/\u003e\u003cbr/\u003e\u003c/div\u003e",
                                            "tessellate":  -1,
                                            "extrude":  0,
                                            "visibility":  -1
                                        },
                         "geometry":  {
                                          "type":  "Point",
                                          "coordinates":  [
                                                              18.98667,
                                                              47.50255,
                                                              0.0
                                                          ]
                                      }
                     },
                     {
                         "type":  "Feature",
                         "properties":  {
                                            "Name":  "#5831",
                                            "description":  "\u003cdiv dir=\u0027rtl\u0027 style=\u0027font-family:Arial;\u0027\u003e\u003cb\u003eשם:\u003c/b\u003e תמר רוטמן\u003cbr/\u003e\u003cb\u003eאתר:\u003c/b\u003e \u003cbr/\u003e\u003cb\u003eתאריך:\u003c/b\u003e 05-10-2025\u003cbr/\u003e\u003cb\u003eID:\u003c/b\u003e 2175\u003cbr/\u003e\u003cb\u003eFB:\u003c/b\u003e \u003ca href=\u0027https://www.facebook.com/groups/beshvil.yael/posts/3770016683291455\u0027\u003ehttps://www.facebook.com/groups/beshvil.yael/posts/3770016683291455\u003c/a\u003e\u003cbr/\u003e\u003cbr/\u003e\u003cimg src=\u0027https://drive.google.com/uc?export=view\u0026amp;id=1qhQTASRS4LN7fnxHgcIbEhsRa1dhYMvP\u0027 width=\u0027450\u0027/\u003e\u003cbr/\u003e\u003c/div\u003e",
                                            "tessellate":  -1,
                                            "extrude":  0,
                                            "visibility":  -1
                                        },
                         "geometry":  {
                                          "type":  "Point",
                                          "coordinates":  [
                                                              22.34691,
                                                              40.09228,
                                                              0.0
                                                          ]
                                      }
                     },
                     {
                         "type":  "Feature",
                         "properties":  {
                                            "Name":  "#5845",
                                            "description":  "\u003cdiv dir=\u0027rtl\u0027 style=\u0027font-family:Arial;\u0027\u003e\u003cb\u003eשם:\u003c/b\u003e גלי וויס\u003cbr/\u003e\u003cb\u003eאתר:\u003c/b\u003e Erding\u003cbr/\u003e\u003cb\u003eתאריך:\u003c/b\u003e 11-06-2025\u003cbr/\u003e\u003cb\u003eID:\u003c/b\u003e 987\u003cbr/\u003e\u003cb\u003eFB:\u003c/b\u003e \u003ca href=\u0027https://www.facebook.com/groups/beshvil.yael/posts/3664911897135268/\u0027\u003ehttps://www.facebook.com/groups/beshvil.yael/posts/3664911897135268/\u003c/a\u003e\u003cbr/\u003e\u003cbr/\u003e\u003cimg src=\u0027https://drive.google.com/uc?export=view\u0026amp;id=1cViwcwIem1F9nb03qX1elmnS-a1Ec_f0\u0027 width=\u0027450\u0027/\u003e\u003cbr/\u003e\u003c/div\u003e",
                                            "tessellate":  -1,
                                            "extrude":  0,
                                            "visibility":  -1
                                        },
                         "geometry":  {
                                          "type":  "Point",
                                          "coordinates":  [
                                                              11.8835351,
                                                              48.2964758,
                                                              0.0
                                                          ]
                                      }
                     },
                     {
                         "type":  "Feature",
                         "properties":  {
                                            "Name":  "#5845",
                                            "description":  "\u003cdiv dir=\u0027rtl\u0027 style=\u0027font-family:Arial;\u0027\u003e\u003cb\u003eשם:\u003c/b\u003e גלי וויס\u003cbr/\u003e\u003cb\u003eאתר:\u003c/b\u003e Zugspitze\u003cbr/\u003e\u003cb\u003eתאריך:\u003c/b\u003e 12-06-2025\u003cbr/\u003e\u003cb\u003eID:\u003c/b\u003e 1002\u003cbr/\u003e\u003cb\u003eFB:\u003c/b\u003e \u003ca href=\u0027https://www.facebook.com/groups/beshvil.yael/posts/3666132753679849/\u0027\u003ehttps://www.facebook.com/groups/beshvil.yael/posts/3666132753679849/\u003c/a\u003e\u003cbr/\u003e\u003cbr/\u003e\u003cimg src=\u0027https://drive.google.com/uc?export=view\u0026amp;id=1o15KK7mowLNClF21iVpPez9J7mMUasIt\u0027 width=\u0027450\u0027/\u003e\u003cbr/\u003e\u003c/div\u003e",
                                            "tessellate":  -1,
                                            "extrude":  0,
                                            "visibility":  -1
                                        },
                         "geometry":  {
                                          "type":  "Point",
                                          "coordinates":  [
                                                              10.9853652,
                                                              47.421066,
                                                              0.0
                                                          ]
                                      }
                     },
                     {
                         "type":  "Feature",
                         "properties":  {
                                            "Name":  "#5845",
                                            "description":  "\u003cdiv dir=\u0027rtl\u0027 style=\u0027font-family:Arial;\u0027\u003e\u003cb\u003eשם:\u003c/b\u003e גלי וויס\u003cbr/\u003e\u003cb\u003eאתר:\u003c/b\u003e Top Mountain Crosspoint\u003cbr/\u003e\u003cb\u003eתאריך:\u003c/b\u003e 07-10-2025\u003cbr/\u003e\u003cb\u003eID:\u003c/b\u003e 2223\u003cbr/\u003e\u003cb\u003eFB:\u003c/b\u003e \u003ca href=\u0027https://www.facebook.com/groups/beshvil.yael/posts/3772016283091495/\u0027\u003ehttps://www.facebook.com/groups/beshvil.yael/posts/3772016283091495/\u003c/a\u003e\u003cbr/\u003e\u003cbr/\u003e\u003cimg src=\u0027https://drive.google.com/uc?export=view\u0026amp;id=1_WEKm9KKWc3sCGD_oOoZs4iRMUlKlRf-\u0027 width=\u0027450\u0027/\u003e\u003cbr/\u003e\u003c/div\u003e",
                                            "tessellate":  -1,
                                            "extrude":  0,
                                            "visibility":  -1
                                        },
                         "geometry":  {
                                          "type":  "Point",
                                          "coordinates":  [
                                                              11.05286,
                                                              46.90965,
                                                              0.0
                                                          ]
                                      }
                     },
                     {
                         "type":  "Feature",
                         "properties":  {
                                            "Name":  "#5879",
                                            "description":  "\u003cdiv dir=\u0027rtl\u0027 style=\u0027font-family:Arial;\u0027\u003e\u003cb\u003eשם:\u003c/b\u003e זיוי הראל\u003cbr/\u003e\u003cb\u003eאתר:\u003c/b\u003e \u003cbr/\u003e\u003cb\u003eתאריך:\u003c/b\u003e 19-07-2025\u003cbr/\u003e\u003cb\u003eID:\u003c/b\u003e 1248\u003cbr/\u003e\u003cb\u003eFB:\u003c/b\u003e \u003ca href=\u0027https://www.facebook.com/groups/beshvil.yael/posts/3698347387125052/\u0027\u003ehttps://www.facebook.com/groups/beshvil.yael/posts/3698347387125052/\u003c/a\u003e\u003cbr/\u003e\u003cbr/\u003e\u003cimg src=\u0027https://drive.google.com/uc?export=view\u0026amp;id=1hFYTNVK6tCGAt7vmXpU_4vrCFIb7t8Qk\u0027 width=\u0027450\u0027/\u003e\u003cbr/\u003e\u003c/div\u003e",
                                            "tessellate":  -1,
                                            "extrude":  0,
                                            "visibility":  -1
                                        },
                         "geometry":  {
                                          "type":  "Point",
                                          "coordinates":  [
                                                              22.35056,
                                                              40.08323,
                                                              0.0
                                                          ]
                                      }
                     },
                     {
                         "type":  "Feature",
                         "properties":  {
                                            "Name":  "#5975",
                                            "description":  "\u003cdiv dir=\u0027rtl\u0027 style=\u0027font-family:Arial;\u0027\u003e\u003cb\u003eשם:\u003c/b\u003e ערן שרון\u003cbr/\u003e\u003cb\u003eאתר:\u003c/b\u003e ג\u0027אבל אום שומר\u003cbr/\u003e\u003cb\u003eתאריך:\u003c/b\u003e 09-04-2026\u003cbr/\u003e\u003cb\u003eID:\u003c/b\u003e 4084\u003cbr/\u003e\u003cb\u003eFB:\u003c/b\u003e \u003ca href=\u0027https://www.facebook.com/groups/beshvil.yael/posts/3939034763056312\u0027\u003ehttps://www.facebook.com/groups/beshvil.yael/posts/3939034763056312\u003c/a\u003e\u003cbr/\u003e\u003cbr/\u003e\u003cimg src=\u0027https://drive.google.com/uc?export=view\u0026amp;id=1GDa6zfI4eC6FKEMyGdPPETal1WYkoHNI\u0027 width=\u0027450\u0027/\u003e\u003cbr/\u003e\u003c/div\u003e",
                                            "tessellate":  -1,
                                            "extrude":  0,
                                            "visibility":  -1
                                        },
                         "geometry":  {
                                          "type":  "Point",
                                          "coordinates":  [
                                                              33.91654,
                                                              28.37035,
                                                              0.0
                                                          ]
                                      }
                     }
                 ]
}