{
    "type":  "FeatureCollection",
    "name":  "4500-5999",
    "crs":  {
                "type":  "name",
                "properties":  {
                                   "name":  "urn:ogc:def:crs:OGC:1.3:CRS84"
                               }
            },
    "features":  [
                     {
                         "type":  "Feature",
                         "properties":  {
                                            "Name":  "#4580",
                                            "description":  "\u003cdiv dir=\u0027rtl\u0027 style=\u0027font-family:Arial;\u0027\u003e\u003cb\u003eשם:\u003c/b\u003e אביבית דולב\u003cbr/\u003e\u003cb\u003eאתר:\u003c/b\u003e עין פיק\u003cbr/\u003e\u003cb\u003eתאריך:\u003c/b\u003e 29-08-2025\u003cbr/\u003e\u003cb\u003eID:\u003c/b\u003e 1689\u003cbr/\u003e\u003cb\u003eFB:\u003c/b\u003e \u003ca href=\u0027https://www.facebook.com/groups/beshvil.yael/posts/3735399416753182\u0027\u003ehttps://www.facebook.com/groups/beshvil.yael/posts/3735399416753182\u003c/a\u003e\u003cbr/\u003e\u003cbr/\u003e\u003cimg src=\u0027https://drive.google.com/uc?export=view\u0026amp;id=1AMKoYH42b95fcvBdDi8ztGldPrR8tOAm\u0027 width=\u0027450\u0027/\u003e\u003cbr/\u003e\u003c/div\u003e",
                                            "tessellate":  -1,
                                            "extrude":  0,
                                            "visibility":  -1
                                        },
                         "geometry":  {
                                          "type":  "Point",
                                          "coordinates":  [
                                                              35.7008162,
                                                              32.7754651,
                                                              0.0
                                                          ]
                                      }
                     },
                     {
                         "type":  "Feature",
                         "properties":  {
                                            "Name":  "#4600",
                                            "description":  "\u003cdiv dir=\u0027rtl\u0027 style=\u0027font-family:Arial;\u0027\u003e\u003cb\u003eשם:\u003c/b\u003e קרן מינצקר\u003cbr/\u003e\u003cb\u003eאתר:\u003c/b\u003e שדה בוקר\u003cbr/\u003e\u003cb\u003eתאריך:\u003c/b\u003e 30-05-2025\u003cbr/\u003e\u003cb\u003eID:\u003c/b\u003e 821\u003cbr/\u003e\u003cb\u003eFB:\u003c/b\u003e \u003ca href=\u0027https://www.facebook.com/groups/3235176716775457/posts/3654839038142554/\u0027\u003ehttps://www.facebook.com/groups/3235176716775457/posts/3654839038142554/\u003c/a\u003e\u003cbr/\u003e\u003cbr/\u003e\u003cimg src=\u0027https://drive.google.com/uc?export=view\u0026amp;id=1SKrerS6pK2qo2Iy7NRprRER7w3W1n3Rv\u0027 width=\u0027450\u0027/\u003e\u003cbr/\u003e\u003c/div\u003e",
                                            "tessellate":  -1,
                                            "extrude":  0,
                                            "visibility":  -1
                                        },
                         "geometry":  {
                                          "type":  "Point",
                                          "coordinates":  [
                                                              34.7987723,
                                                              30.866093,
                                                              0.0
                                                          ]
                                      }
                     },
                     {
                         "type":  "Feature",
                         "properties":  {
                                            "Name":  "#4600",
                                            "description":  "\u003cdiv dir=\u0027rtl\u0027 style=\u0027font-family:Arial;\u0027\u003e\u003cb\u003eשם:\u003c/b\u003e קרן מינצקר\u003cbr/\u003e\u003cb\u003eאתר:\u003c/b\u003e מדבר יהודה\u003cbr/\u003e\u003cb\u003eתאריך:\u003c/b\u003e 07-11-2025\u003cbr/\u003e\u003cb\u003eID:\u003c/b\u003e 2638\u003cbr/\u003e\u003cb\u003eFB:\u003c/b\u003e \u003ca href=\u0027https://www.facebook.com/groups/beshvil.yael/posts/3802784053348051/\u0027\u003ehttps://www.facebook.com/groups/beshvil.yael/posts/3802784053348051/\u003c/a\u003e\u003cbr/\u003e\u003cbr/\u003e\u003cimg src=\u0027https://drive.google.com/uc?export=view\u0026amp;id=1H-82P5Q7alP1UnLfTyWZcI8ZPVwbBv2R\u0027 width=\u0027450\u0027/\u003e\u003cbr/\u003e\u003c/div\u003e",
                                            "tessellate":  -1,
                                            "extrude":  0,
                                            "visibility":  -1
                                        },
                         "geometry":  {
                                          "type":  "Point",
                                          "coordinates":  [
                                                              35.38022,
                                                              31.64505,
                                                              0.0
                                                          ]
                                      }
                     },
                     {
                         "type":  "Feature",
                         "properties":  {
                                            "Name":  "#4600",
                                            "description":  "\u003cdiv dir=\u0027rtl\u0027 style=\u0027font-family:Arial;\u0027\u003e\u003cb\u003eשם:\u003c/b\u003e מיה מינצקר\u003cbr/\u003e\u003cb\u003eאתר:\u003c/b\u003e מצפה / מכתש רמון\u003cbr/\u003e\u003cb\u003eתאריך:\u003c/b\u003e 07-02-2026\u003cbr/\u003e\u003cb\u003eID:\u003c/b\u003e 3609\u003cbr/\u003e\u003cb\u003eFB:\u003c/b\u003e \u003ca href=\u0027https://www.facebook.com/groups/beshvil.yael/posts/3883213341971788/\u0027\u003ehttps://www.facebook.com/groups/beshvil.yael/posts/3883213341971788/\u003c/a\u003e\u003cbr/\u003e\u003cbr/\u003e\u003cimg src=\u0027https://drive.google.com/uc?export=view\u0026amp;id=1cFPKrYi6llhLBzITEdasQ1zPWp5YmL0M\u0027 width=\u0027450\u0027/\u003e\u003cbr/\u003e\u003c/div\u003e",
                                            "tessellate":  -1,
                                            "extrude":  0,
                                            "visibility":  -1
                                        },
                         "geometry":  {
                                          "type":  "Point",
                                          "coordinates":  [
                                                              34.90766,
                                                              30.61587,
                                                              0.0
                                                          ]
                                      }
                     },
                     {
                         "type":  "Feature",
                         "properties":  {
                                            "Name":  "#4646",
                                            "description":  "\u003cdiv dir=\u0027rtl\u0027 style=\u0027font-family:Arial;\u0027\u003e\u003cb\u003eשם:\u003c/b\u003e ניסים כהן\u003cbr/\u003e\u003cb\u003eאתר:\u003c/b\u003e נחל צין\u003cbr/\u003e\u003cb\u003eתאריך:\u003c/b\u003e 16-01-2026\u003cbr/\u003e\u003cb\u003eID:\u003c/b\u003e 3353\u003cbr/\u003e\u003cb\u003eFB:\u003c/b\u003e \u003ca href=\u0027https://www.facebook.com/groups/beshvil.yael/posts/3862812507345205/\u0027\u003ehttps://www.facebook.com/groups/beshvil.yael/posts/3862812507345205/\u003c/a\u003e\u003cbr/\u003e\u003cbr/\u003e\u003cimg src=\u0027https://drive.google.com/uc?export=view\u0026amp;id=1uIUNwcmeZ_nK5Nw-Xywrq6PkRgJFy0DC\u0027 width=\u0027450\u0027/\u003e\u003cbr/\u003e\u003c/div\u003e",
                                            "tessellate":  -1,
                                            "extrude":  0,
                                            "visibility":  -1
                                        },
                         "geometry":  {
                                          "type":  "Point",
                                          "coordinates":  [
                                                              35.05764,
                                                              30.84468,
                                                              0.0
                                                          ]
                                      }
                     },
                     {
                         "type":  "Feature",
                         "properties":  {
                                            "Name":  "#4658",
                                            "description":  "\u003cdiv dir=\u0027rtl\u0027 style=\u0027font-family:Arial;\u0027\u003e\u003cb\u003eשם:\u003c/b\u003e ליאת לוי\u003cbr/\u003e\u003cb\u003eאתר:\u003c/b\u003e גן לאומי מגדל צדק\u003cbr/\u003e\u003cb\u003eתאריך:\u003c/b\u003e 25-04-2026\u003cbr/\u003e\u003cb\u003eID:\u003c/b\u003e 4250\u003cbr/\u003e\u003cb\u003eFB:\u003c/b\u003e \u003ca href=\u0027https://www.facebook.com/groups/beshvil.yael/posts/3953830374910084\u0027\u003ehttps://www.facebook.com/groups/beshvil.yael/posts/3953830374910084\u003c/a\u003e\u003cbr/\u003e\u003cbr/\u003e\u003cimg src=\u0027https://drive.google.com/uc?export=view\u0026amp;id=1rnmDjHTF0jApTu-Xru_ldqkCWxFcLiXE\u0027 width=\u0027450\u0027/\u003e\u003cbr/\u003e\u003c/div\u003e",
                                            "tessellate":  -1,
                                            "extrude":  0,
                                            "visibility":  -1
                                        },
                         "geometry":  {
                                          "type":  "Point",
                                          "coordinates":  [
                                                              34.95701,
                                                              32.08111,
                                                              0.0
                                                          ]
                                      }
                     },
                     {
                         "type":  "Feature",
                         "properties":  {
                                            "Name":  "#4659",
                                            "description":  "\u003cdiv dir=\u0027rtl\u0027 style=\u0027font-family:Arial;\u0027\u003e\u003cb\u003eשם:\u003c/b\u003e אסתי מיכאל\u003cbr/\u003e\u003cb\u003eאתר:\u003c/b\u003e אלון הגליל\u003cbr/\u003e\u003cb\u003eתאריך:\u003c/b\u003e 25-09-2025\u003cbr/\u003e\u003cb\u003eID:\u003c/b\u003e 2038\u003cbr/\u003e\u003cb\u003eFB:\u003c/b\u003e \u003ca href=\u0027https://www.facebook.com/groups/beshvil.yael/posts/3760078750951915\u0027\u003ehttps://www.facebook.com/groups/beshvil.yael/posts/3760078750951915\u003c/a\u003e\u003cbr/\u003e\u003cbr/\u003e\u003cimg src=\u0027https://drive.google.com/uc?export=view\u0026amp;id=191zNTIyVQoE4eLOEKftN8ZdTOSu0nL2z\u0027 width=\u0027450\u0027/\u003e\u003cbr/\u003e\u003c/div\u003e",
                                            "tessellate":  -1,
                                            "extrude":  0,
                                            "visibility":  -1
                                        },
                         "geometry":  {
                                          "type":  "Point",
                                          "coordinates":  [
                                                              35.20184,
                                                              32.76048,
                                                              0.0
                                                          ]
                                      }
                     },
                     {
                         "type":  "Feature",
                         "properties":  {
                                            "Name":  "#4659",
                                            "description":  "\u003cdiv dir=\u0027rtl\u0027 style=\u0027font-family:Arial;\u0027\u003e\u003cb\u003eשם:\u003c/b\u003e אסתי מיכאל\u003cbr/\u003e\u003cb\u003eאתר:\u003c/b\u003e אלון הגליל\u003cbr/\u003e\u003cb\u003eתאריך:\u003c/b\u003e 07-10-2025\u003cbr/\u003e\u003cb\u003eID:\u003c/b\u003e 2219\u003cbr/\u003e\u003cb\u003eFB:\u003c/b\u003e \u003ca href=\u0027https://www.facebook.com/groups/beshvil.yael/posts/3771979769761813/\u0027\u003ehttps://www.facebook.com/groups/beshvil.yael/posts/3771979769761813/\u003c/a\u003e\u003cbr/\u003e\u003cbr/\u003e\u003cimg src=\u0027https://drive.google.com/uc?export=view\u0026amp;id=17S1cbJCj8sjJDcpFeo0TTA85hnTJUr_f\u0027 width=\u0027450\u0027/\u003e\u003cbr/\u003e\u003c/div\u003e",
                                            "tessellate":  -1,
                                            "extrude":  0,
                                            "visibility":  -1
                                        },
                         "geometry":  {
                                          "type":  "Point",
                                          "coordinates":  [
                                                              35.21707,
                                                              32.75326,
                                                              0.0
                                                          ]
                                      }
                     },
                     {
                         "type":  "Feature",
                         "properties":  {
                                            "Name":  "#4659",
                                            "description":  "\u003cdiv dir=\u0027rtl\u0027 style=\u0027font-family:Arial;\u0027\u003e\u003cb\u003eשם:\u003c/b\u003e אסתי מיכאל\u003cbr/\u003e\u003cb\u003eאתר:\u003c/b\u003e הר הלל\u003cbr/\u003e\u003cb\u003eתאריך:\u003c/b\u003e 02-05-2026\u003cbr/\u003e\u003cb\u003eID:\u003c/b\u003e 4317\u003cbr/\u003e\u003cb\u003eFB:\u003c/b\u003e \u003ca href=\u0027https://www.facebook.com/groups/beshvil.yael/posts/3960329097593545\u0027\u003ehttps://www.facebook.com/groups/beshvil.yael/posts/3960329097593545\u003c/a\u003e\u003cbr/\u003e\u003cbr/\u003e\u003cimg src=\u0027https://drive.google.com/uc?export=view\u0026amp;id=1_oUlJ5ExRDfKjgdo09XNHjw517A2K2aG\u0027 width=\u0027450\u0027/\u003e\u003cbr/\u003e\u003c/div\u003e",
                                            "tessellate":  -1,
                                            "extrude":  0,
                                            "visibility":  -1
                                        },
                         "geometry":  {
                                          "type":  "Point",
                                          "coordinates":  [
                                                              35.41525,
                                                              32.96086,
                                                              0.0
                                                          ]
                                      }
                     },
                     {
                         "type":  "Feature",
                         "properties":  {
                                            "Name":  "#4660",
                                            "description":  "\u003cdiv dir=\u0027rtl\u0027 style=\u0027font-family:Arial;\u0027\u003e\u003cb\u003eשם:\u003c/b\u003e \u003cbr/\u003e\u003cb\u003eאתר:\u003c/b\u003e אלון הגליל\u003cbr/\u003e\u003cb\u003eתאריך:\u003c/b\u003e 25-09-2025\u003cbr/\u003e\u003cb\u003eID:\u003c/b\u003e 2038\u003cbr/\u003e\u003cb\u003eFB:\u003c/b\u003e \u003ca href=\u0027https://www.facebook.com/groups/beshvil.yael/posts/3760078750951915\u0027\u003ehttps://www.facebook.com/groups/beshvil.yael/posts/3760078750951915\u003c/a\u003e\u003cbr/\u003e\u003cbr/\u003e\u003cimg src=\u0027https://drive.google.com/uc?export=view\u0026amp;id=191zNTIyVQoE4eLOEKftN8ZdTOSu0nL2z\u0027 width=\u0027450\u0027/\u003e\u003cbr/\u003e\u003c/div\u003e",
                                            "tessellate":  -1,
                                            "extrude":  0,
                                            "visibility":  -1
                                        },
                         "geometry":  {
                                          "type":  "Point",
                                          "coordinates":  [
                                                              35.20184,
                                                              32.76075,
                                                              0.0
                                                          ]
                                      }
                     },
                     {
                         "type":  "Feature",
                         "properties":  {
                                            "Name":  "#4660",
                                            "description":  "\u003cdiv dir=\u0027rtl\u0027 style=\u0027font-family:Arial;\u0027\u003e\u003cb\u003eשם:\u003c/b\u003e \u003cbr/\u003e\u003cb\u003eאתר:\u003c/b\u003e אלון הגליל\u003cbr/\u003e\u003cb\u003eתאריך:\u003c/b\u003e 07-10-2025\u003cbr/\u003e\u003cb\u003eID:\u003c/b\u003e 2219\u003cbr/\u003e\u003cb\u003eFB:\u003c/b\u003e \u003ca href=\u0027https://www.facebook.com/groups/beshvil.yael/posts/3771979769761813/\u0027\u003ehttps://www.facebook.com/groups/beshvil.yael/posts/3771979769761813/\u003c/a\u003e\u003cbr/\u003e\u003cbr/\u003e\u003cimg src=\u0027https://drive.google.com/uc?export=view\u0026amp;id=17S1cbJCj8sjJDcpFeo0TTA85hnTJUr_f\u0027 width=\u0027450\u0027/\u003e\u003cbr/\u003e\u003c/div\u003e",
                                            "tessellate":  -1,
                                            "extrude":  0,
                                            "visibility":  -1
                                        },
                         "geometry":  {
                                          "type":  "Point",
                                          "coordinates":  [
                                                              35.21707,
                                                              32.75353,
                                                              0.0
                                                          ]
                                      }
                     },
                     {
                         "type":  "Feature",
                         "properties":  {
                                            "Name":  "#4660",
                                            "description":  "\u003cdiv dir=\u0027rtl\u0027 style=\u0027font-family:Arial;\u0027\u003e\u003cb\u003eשם:\u003c/b\u003e \u003cbr/\u003e\u003cb\u003eאתר:\u003c/b\u003e הר הלל\u003cbr/\u003e\u003cb\u003eתאריך:\u003c/b\u003e 02-05-2026\u003cbr/\u003e\u003cb\u003eID:\u003c/b\u003e 4317\u003cbr/\u003e\u003cb\u003eFB:\u003c/b\u003e \u003ca href=\u0027https://www.facebook.com/groups/beshvil.yael/posts/3960329097593545\u0027\u003ehttps://www.facebook.com/groups/beshvil.yael/posts/3960329097593545\u003c/a\u003e\u003cbr/\u003e\u003cbr/\u003e\u003cimg src=\u0027https://drive.google.com/uc?export=view\u0026amp;id=1_oUlJ5ExRDfKjgdo09XNHjw517A2K2aG\u0027 width=\u0027450\u0027/\u003e\u003cbr/\u003e\u003c/div\u003e",
                                            "tessellate":  -1,
                                            "extrude":  0,
                                            "visibility":  -1
                                        },
                         "geometry":  {
                                          "type":  "Point",
                                          "coordinates":  [
                                                              35.41525,
                                                              32.96113,
                                                              0.0
                                                          ]
                                      }
                     },
                     {
                         "type":  "Feature",
                         "properties":  {
                                            "Name":  "#4663",
                                            "description":  "\u003cdiv dir=\u0027rtl\u0027 style=\u0027font-family:Arial;\u0027\u003e\u003cb\u003eשם:\u003c/b\u003e ערן נגבי\u003cbr/\u003e\u003cb\u003eאתר:\u003c/b\u003e רבדים\u003cbr/\u003e\u003cb\u003eתאריך:\u003c/b\u003e 24-05-2025\u003cbr/\u003e\u003cb\u003eID:\u003c/b\u003e 761\u003cbr/\u003e\u003cb\u003eFB:\u003c/b\u003e \u003ca href=\u0027https://www.facebook.com/groups/3235176716775457/posts/3649962138630244/\u0027\u003ehttps://www.facebook.com/groups/3235176716775457/posts/3649962138630244/\u003c/a\u003e\u003cbr/\u003e\u003cbr/\u003e\u003cimg src=\u0027https://drive.google.com/uc?export=view\u0026amp;id=1HiQpF03Uh0jmm8imsRF_aypkHo7PqGJ1\u0027 width=\u0027450\u0027/\u003e\u003cbr/\u003e\u003c/div\u003e",
                                            "tessellate":  -1,
                                            "extrude":  0,
                                            "visibility":  -1
                                        },
                         "geometry":  {
                                          "type":  "Point",
                                          "coordinates":  [
                                                              34.81161,
                                                              31.77193,
                                                              0.0
                                                          ]
                                      }
                     },
                     {
                         "type":  "Feature",
                         "properties":  {
                                            "Name":  "#4663",
                                            "description":  "\u003cdiv dir=\u0027rtl\u0027 style=\u0027font-family:Arial;\u0027\u003e\u003cb\u003eשם:\u003c/b\u003e ערן נגבי\u003cbr/\u003e\u003cb\u003eאתר:\u003c/b\u003e פקיעין\u003cbr/\u003e\u003cb\u003eתאריך:\u003c/b\u003e 30-05-2025\u003cbr/\u003e\u003cb\u003eID:\u003c/b\u003e 825\u003cbr/\u003e\u003cb\u003eFB:\u003c/b\u003e \u003ca href=\u0027https://www.facebook.com/groups/3235176716775457/posts/3654967914796333/\u0027\u003ehttps://www.facebook.com/groups/3235176716775457/posts/3654967914796333/\u003c/a\u003e\u003cbr/\u003e\u003cbr/\u003e\u003cimg src=\u0027https://drive.google.com/uc?export=view\u0026amp;id=1SdmdT2tqPOZw3kjQ8EV-FmmvC82etgUs\u0027 width=\u0027450\u0027/\u003e\u003cbr/\u003e\u003c/div\u003e",
                                            "tessellate":  -1,
                                            "extrude":  0,
                                            "visibility":  -1
                                        },
                         "geometry":  {
                                          "type":  "Point",
                                          "coordinates":  [
                                                              35.3352011,
                                                              32.9776003,
                                                              0.0
                                                          ]
                                      }
                     },
                     {
                         "type":  "Feature",
                         "properties":  {
                                            "Name":  "#4663",
                                            "description":  "\u003cdiv dir=\u0027rtl\u0027 style=\u0027font-family:Arial;\u0027\u003e\u003cb\u003eשם:\u003c/b\u003e ערן נגבי\u003cbr/\u003e\u003cb\u003eאתר:\u003c/b\u003e עין טייסים\u003cbr/\u003e\u003cb\u003eתאריך:\u003c/b\u003e 03-08-2025\u003cbr/\u003e\u003cb\u003eID:\u003c/b\u003e 1380\u003cbr/\u003e\u003cb\u003eFB:\u003c/b\u003e \u003ca href=\u0027https://www.facebook.com/groups/beshvil.yael/posts/3711312879161836\u0027\u003ehttps://www.facebook.com/groups/beshvil.yael/posts/3711312879161836\u003c/a\u003e\u003cbr/\u003e\u003cbr/\u003e\u003cimg src=\u0027https://drive.google.com/uc?export=view\u0026amp;id=1vzNBIAQC0ebeLyA1mpBjW78RdH7yuMPi\u0027 width=\u0027450\u0027/\u003e\u003cbr/\u003e\u003c/div\u003e",
                                            "tessellate":  -1,
                                            "extrude":  0,
                                            "visibility":  -1
                                        },
                         "geometry":  {
                                          "type":  "Point",
                                          "coordinates":  [
                                                              35.0953728,
                                                              31.7727709,
                                                              0.0
                                                          ]
                                      }
                     },
                     {
                         "type":  "Feature",
                         "properties":  {
                                            "Name":  "#4663",
                                            "description":  "\u003cdiv dir=\u0027rtl\u0027 style=\u0027font-family:Arial;\u0027\u003e\u003cb\u003eשם:\u003c/b\u003e ערן נגבי\u003cbr/\u003e\u003cb\u003eאתר:\u003c/b\u003e אביחיל\u003cbr/\u003e\u003cb\u003eתאריך:\u003c/b\u003e 20-08-2025\u003cbr/\u003e\u003cb\u003eID:\u003c/b\u003e 1601\u003cbr/\u003e\u003cb\u003eFB:\u003c/b\u003e \u003ca href=\u0027https://www.facebook.com/groups/beshvil.yael/posts/3726889310937526\u0027\u003ehttps://www.facebook.com/groups/beshvil.yael/posts/3726889310937526\u003c/a\u003e\u003cbr/\u003e\u003cbr/\u003e\u003cimg src=\u0027https://drive.google.com/uc?export=view\u0026amp;id=1amsAkdNnnMyfqi4wVE8Ixhi03NFncjzY\u0027 width=\u0027450\u0027/\u003e\u003cbr/\u003e\u003c/div\u003e",
                                            "tessellate":  -1,
                                            "extrude":  0,
                                            "visibility":  -1
                                        },
                         "geometry":  {
                                          "type":  "Point",
                                          "coordinates":  [
                                                              34.8736323,
                                                              32.3481501,
                                                              0.0
                                                          ]
                                      }
                     },
                     {
                         "type":  "Feature",
                         "properties":  {
                                            "Name":  "#4663",
                                            "description":  "\u003cdiv dir=\u0027rtl\u0027 style=\u0027font-family:Arial;\u0027\u003e\u003cb\u003eשם:\u003c/b\u003e ערן נגבי\u003cbr/\u003e\u003cb\u003eאתר:\u003c/b\u003e שביל הפסלים\u003cbr/\u003e\u003cb\u003eתאריך:\u003c/b\u003e 04-10-2025\u003cbr/\u003e\u003cb\u003eID:\u003c/b\u003e 2158\u003cbr/\u003e\u003cb\u003eFB:\u003c/b\u003e \u003ca href=\u0027https://www.facebook.com/groups/beshvil.yael/posts/3769294913363632\u0027\u003ehttps://www.facebook.com/groups/beshvil.yael/posts/3769294913363632\u003c/a\u003e\u003cbr/\u003e\u003cbr/\u003e\u003cimg src=\u0027https://drive.google.com/uc?export=view\u0026amp;id=16ZSR4NVgdxJRhMfpX355v_bRTjzideYF\u0027 width=\u0027450\u0027/\u003e\u003cbr/\u003e\u003c/div\u003e",
                                            "tessellate":  -1,
                                            "extrude":  0,
                                            "visibility":  -1
                                        },
                         "geometry":  {
                                          "type":  "Point",
                                          "coordinates":  [
                                                              35.31032,
                                                              32.97258,
                                                              0.0
                                                          ]
                                      }
                     },
                     {
                         "type":  "Feature",
                         "properties":  {
                                            "Name":  "#4663",
                                            "description":  "\u003cdiv dir=\u0027rtl\u0027 style=\u0027font-family:Arial;\u0027\u003e\u003cb\u003eשם:\u003c/b\u003e ערן נגבי\u003cbr/\u003e\u003cb\u003eאתר:\u003c/b\u003e מגדל צדק\u003cbr/\u003e\u003cb\u003eתאריך:\u003c/b\u003e 09-10-2025\u003cbr/\u003e\u003cb\u003eID:\u003c/b\u003e 2289\u003cbr/\u003e\u003cb\u003eFB:\u003c/b\u003e \u003ca href=\u0027https://www.facebook.com/groups/beshvil.yael/posts/3774301769529613\u0027\u003ehttps://www.facebook.com/groups/beshvil.yael/posts/3774301769529613\u003c/a\u003e\u003cbr/\u003e\u003cbr/\u003e\u003cimg src=\u0027https://drive.google.com/uc?export=view\u0026amp;id=1qqnBzqfOTTJMYHwOVrgSyL0ITlSouQjk\u0027 width=\u0027450\u0027/\u003e\u003cbr/\u003e\u003c/div\u003e",
                                            "tessellate":  -1,
                                            "extrude":  0,
                                            "visibility":  -1
                                        },
                         "geometry":  {
                                          "type":  "Point",
                                          "coordinates":  [
                                                              34.95685,
                                                              32.08099,
                                                              0.0
                                                          ]
                                      }
                     },
                     {
                         "type":  "Feature",
                         "properties":  {
                                            "Name":  "#4663",
                                            "description":  "\u003cdiv dir=\u0027rtl\u0027 style=\u0027font-family:Arial;\u0027\u003e\u003cb\u003eשם:\u003c/b\u003e ערן נגבי\u003cbr/\u003e\u003cb\u003eאתר:\u003c/b\u003e מצפור טייסת העמק\u003cbr/\u003e\u003cb\u003eתאריך:\u003c/b\u003e 13-12-2025\u003cbr/\u003e\u003cb\u003eID:\u003c/b\u003e 3045\u003cbr/\u003e\u003cb\u003eFB:\u003c/b\u003e \u003ca href=\u0027https://www.facebook.com/groups/beshvil.yael/posts/3834599036833219\u0027\u003ehttps://www.facebook.com/groups/beshvil.yael/posts/3834599036833219\u003c/a\u003e\u003cbr/\u003e\u003cbr/\u003e\u003cimg src=\u0027https://drive.google.com/uc?export=view\u0026amp;id=1XPdVfzfGDaQNtrtpY68-Qshwv_TLU13D\u0027 width=\u0027450\u0027/\u003e\u003cbr/\u003e\u003c/div\u003e",
                                            "tessellate":  -1,
                                            "extrude":  0,
                                            "visibility":  -1
                                        },
                         "geometry":  {
                                          "type":  "Point",
                                          "coordinates":  [
                                                              35.08819,
                                                              32.68353,
                                                              0.0
                                                          ]
                                      }
                     },
                     {
                         "type":  "Feature",
                         "properties":  {
                                            "Name":  "#4663",
                                            "description":  "\u003cdiv dir=\u0027rtl\u0027 style=\u0027font-family:Arial;\u0027\u003e\u003cb\u003eשם:\u003c/b\u003e ערן נגבי\u003cbr/\u003e\u003cb\u003eאתר:\u003c/b\u003e גבעת המורה\u003cbr/\u003e\u003cb\u003eתאריך:\u003c/b\u003e 17-01-2026\u003cbr/\u003e\u003cb\u003eID:\u003c/b\u003e 3377\u003cbr/\u003e\u003cb\u003eFB:\u003c/b\u003e \u003ca href=\u0027https://www.facebook.com/groups/beshvil.yael/posts/3863930633900059/\u0027\u003ehttps://www.facebook.com/groups/beshvil.yael/posts/3863930633900059/\u003c/a\u003e\u003cbr/\u003e\u003cbr/\u003e\u003cimg src=\u0027https://drive.google.com/uc?export=view\u0026amp;id=1ctP-h3gBHwwFCW8HAm08Z2nvaBsjlO3D\u0027 width=\u0027450\u0027/\u003e\u003cbr/\u003e\u003c/div\u003e",
                                            "tessellate":  -1,
                                            "extrude":  0,
                                            "visibility":  -1
                                        },
                         "geometry":  {
                                          "type":  "Point",
                                          "coordinates":  [
                                                              35.32935,
                                                              32.62576,
                                                              0.0
                                                          ]
                                      }
                     },
                     {
                         "type":  "Feature",
                         "properties":  {
                                            "Name":  "#4664",
                                            "description":  "\u003cdiv dir=\u0027rtl\u0027 style=\u0027font-family:Arial;\u0027\u003e\u003cb\u003eשם:\u003c/b\u003e כוכי עובדיה\u003cbr/\u003e\u003cb\u003eאתר:\u003c/b\u003e רבדים\u003cbr/\u003e\u003cb\u003eתאריך:\u003c/b\u003e 24-05-2025\u003cbr/\u003e\u003cb\u003eID:\u003c/b\u003e 760\u003cbr/\u003e\u003cb\u003eFB:\u003c/b\u003e \u003ca href=\u0027https://www.facebook.com/groups/3235176716775457/posts/3649961158630342/\u0027\u003ehttps://www.facebook.com/groups/3235176716775457/posts/3649961158630342/\u003c/a\u003e\u003cbr/\u003e\u003cbr/\u003e\u003cimg src=\u0027https://drive.google.com/uc?export=view\u0026amp;id=1Hblnkwc9DLyHwTHZugDQNxjFw9Ws7OE9\u0027 width=\u0027450\u0027/\u003e\u003cbr/\u003e\u003c/div\u003e",
                                            "tessellate":  -1,
                                            "extrude":  0,
                                            "visibility":  -1
                                        },
                         "geometry":  {
                                          "type":  "Point",
                                          "coordinates":  [
                                                              34.8108,
                                                              31.7719,
                                                              0.0
                                                          ]
                                      }
                     },
                     {
                         "type":  "Feature",
                         "properties":  {
                                            "Name":  "#4664",
                                            "description":  "\u003cdiv dir=\u0027rtl\u0027 style=\u0027font-family:Arial;\u0027\u003e\u003cb\u003eשם:\u003c/b\u003e כוכי עובדיה\u003cbr/\u003e\u003cb\u003eאתר:\u003c/b\u003e פקיעין\u003cbr/\u003e\u003cb\u003eתאריך:\u003c/b\u003e 30-05-2025\u003cbr/\u003e\u003cb\u003eID:\u003c/b\u003e 825\u003cbr/\u003e\u003cb\u003eFB:\u003c/b\u003e \u003ca href=\u0027https://www.facebook.com/groups/3235176716775457/posts/3654967914796333/\u0027\u003ehttps://www.facebook.com/groups/3235176716775457/posts/3654967914796333/\u003c/a\u003e\u003cbr/\u003e\u003cbr/\u003e\u003cimg src=\u0027https://drive.google.com/uc?export=view\u0026amp;id=1SdmdT2tqPOZw3kjQ8EV-FmmvC82etgUs\u0027 width=\u0027450\u0027/\u003e\u003cbr/\u003e\u003c/div\u003e",
                                            "tessellate":  -1,
                                            "extrude":  0,
                                            "visibility":  -1
                                        },
                         "geometry":  {
                                          "type":  "Point",
                                          "coordinates":  [
                                                              35.3352011,
                                                              32.9778703,
                                                              0.0
                                                          ]
                                      }
                     },
                     {
                         "type":  "Feature",
                         "properties":  {
                                            "Name":  "#4664",
                                            "description":  "\u003cdiv dir=\u0027rtl\u0027 style=\u0027font-family:Arial;\u0027\u003e\u003cb\u003eשם:\u003c/b\u003e כוכי עובדיה\u003cbr/\u003e\u003cb\u003eאתר:\u003c/b\u003e עין טייסים\u003cbr/\u003e\u003cb\u003eתאריך:\u003c/b\u003e 03-08-2025\u003cbr/\u003e\u003cb\u003eID:\u003c/b\u003e 1380\u003cbr/\u003e\u003cb\u003eFB:\u003c/b\u003e \u003ca href=\u0027https://www.facebook.com/groups/beshvil.yael/posts/3711312879161836\u0027\u003ehttps://www.facebook.com/groups/beshvil.yael/posts/3711312879161836\u003c/a\u003e\u003cbr/\u003e\u003cbr/\u003e\u003cimg src=\u0027https://drive.google.com/uc?export=view\u0026amp;id=1vzNBIAQC0ebeLyA1mpBjW78RdH7yuMPi\u0027 width=\u0027450\u0027/\u003e\u003cbr/\u003e\u003c/div\u003e",
                                            "tessellate":  -1,
                                            "extrude":  0,
                                            "visibility":  -1
                                        },
                         "geometry":  {
                                          "type":  "Point",
                                          "coordinates":  [
                                                              35.0953728,
                                                              31.7730409,
                                                              0.0
                                                          ]
                                      }
                     },
                     {
                         "type":  "Feature",
                         "properties":  {
                                            "Name":  "#4664",
                                            "description":  "\u003cdiv dir=\u0027rtl\u0027 style=\u0027font-family:Arial;\u0027\u003e\u003cb\u003eשם:\u003c/b\u003e כוכי עובדיה\u003cbr/\u003e\u003cb\u003eאתר:\u003c/b\u003e אביחיל\u003cbr/\u003e\u003cb\u003eתאריך:\u003c/b\u003e 20-08-2025\u003cbr/\u003e\u003cb\u003eID:\u003c/b\u003e 1601\u003cbr/\u003e\u003cb\u003eFB:\u003c/b\u003e \u003ca href=\u0027https://www.facebook.com/groups/beshvil.yael/posts/3726889310937526\u0027\u003ehttps://www.facebook.com/groups/beshvil.yael/posts/3726889310937526\u003c/a\u003e\u003cbr/\u003e\u003cbr/\u003e\u003cimg src=\u0027https://drive.google.com/uc?export=view\u0026amp;id=1amsAkdNnnMyfqi4wVE8Ixhi03NFncjzY\u0027 width=\u0027450\u0027/\u003e\u003cbr/\u003e\u003c/div\u003e",
                                            "tessellate":  -1,
                                            "extrude":  0,
                                            "visibility":  -1
                                        },
                         "geometry":  {
                                          "type":  "Point",
                                          "coordinates":  [
                                                              34.8736323,
                                                              32.3478801,
                                                              0.0
                                                          ]
                                      }
                     },
                     {
                         "type":  "Feature",
                         "properties":  {
                                            "Name":  "#4664",
                                            "description":  "\u003cdiv dir=\u0027rtl\u0027 style=\u0027font-family:Arial;\u0027\u003e\u003cb\u003eשם:\u003c/b\u003e כוכי עובדיה\u003cbr/\u003e\u003cb\u003eאתר:\u003c/b\u003e שביל הפסלים\u003cbr/\u003e\u003cb\u003eתאריך:\u003c/b\u003e 04-10-2025\u003cbr/\u003e\u003cb\u003eID:\u003c/b\u003e 2158\u003cbr/\u003e\u003cb\u003eFB:\u003c/b\u003e \u003ca href=\u0027https://www.facebook.com/groups/beshvil.yael/posts/3769294913363632\u0027\u003ehttps://www.facebook.com/groups/beshvil.yael/posts/3769294913363632\u003c/a\u003e\u003cbr/\u003e\u003cbr/\u003e\u003cimg src=\u0027https://drive.google.com/uc?export=view\u0026amp;id=16ZSR4NVgdxJRhMfpX355v_bRTjzideYF\u0027 width=\u0027450\u0027/\u003e\u003cbr/\u003e\u003c/div\u003e",
                                            "tessellate":  -1,
                                            "extrude":  0,
                                            "visibility":  -1
                                        },
                         "geometry":  {
                                          "type":  "Point",
                                          "coordinates":  [
                                                              35.31032,
                                                              32.97285,
                                                              0.0
                                                          ]
                                      }
                     },
                     {
                         "type":  "Feature",
                         "properties":  {
                                            "Name":  "#4664",
                                            "description":  "\u003cdiv dir=\u0027rtl\u0027 style=\u0027font-family:Arial;\u0027\u003e\u003cb\u003eשם:\u003c/b\u003e כוכי עובדיה\u003cbr/\u003e\u003cb\u003eאתר:\u003c/b\u003e מצפור טייסת העמק\u003cbr/\u003e\u003cb\u003eתאריך:\u003c/b\u003e 13-12-2025\u003cbr/\u003e\u003cb\u003eID:\u003c/b\u003e 3045\u003cbr/\u003e\u003cb\u003eFB:\u003c/b\u003e \u003ca href=\u0027https://www.facebook.com/groups/beshvil.yael/posts/3834599036833219\u0027\u003ehttps://www.facebook.com/groups/beshvil.yael/posts/3834599036833219\u003c/a\u003e\u003cbr/\u003e\u003cbr/\u003e\u003cimg src=\u0027https://drive.google.com/uc?export=view\u0026amp;id=1XPdVfzfGDaQNtrtpY68-Qshwv_TLU13D\u0027 width=\u0027450\u0027/\u003e\u003cbr/\u003e\u003c/div\u003e",
                                            "tessellate":  -1,
                                            "extrude":  0,
                                            "visibility":  -1
                                        },
                         "geometry":  {
                                          "type":  "Point",
                                          "coordinates":  [
                                                              35.08819,
                                                              32.68326,
                                                              0.0
                                                          ]
                                      }
                     },
                     {
                         "type":  "Feature",
                         "properties":  {
                                            "Name":  "#4664",
                                            "description":  "\u003cdiv dir=\u0027rtl\u0027 style=\u0027font-family:Arial;\u0027\u003e\u003cb\u003eשם:\u003c/b\u003e כוכי עובדיה\u003cbr/\u003e\u003cb\u003eאתר:\u003c/b\u003e גבעת המורה\u003cbr/\u003e\u003cb\u003eתאריך:\u003c/b\u003e 17-01-2026\u003cbr/\u003e\u003cb\u003eID:\u003c/b\u003e 3377\u003cbr/\u003e\u003cb\u003eFB:\u003c/b\u003e \u003ca href=\u0027https://www.facebook.com/groups/beshvil.yael/posts/3863930633900059/\u0027\u003ehttps://www.facebook.com/groups/beshvil.yael/posts/3863930633900059/\u003c/a\u003e\u003cbr/\u003e\u003cbr/\u003e\u003cimg src=\u0027https://drive.google.com/uc?export=view\u0026amp;id=1ctP-h3gBHwwFCW8HAm08Z2nvaBsjlO3D\u0027 width=\u0027450\u0027/\u003e\u003cbr/\u003e\u003c/div\u003e",
                                            "tessellate":  -1,
                                            "extrude":  0,
                                            "visibility":  -1
                                        },
                         "geometry":  {
                                          "type":  "Point",
                                          "coordinates":  [
                                                              35.32935,
                                                              32.62549,
                                                              0.0
                                                          ]
                                      }
                     },
                     {
                         "type":  "Feature",
                         "properties":  {
                                            "Name":  "#4664",
                                            "description":  "\u003cdiv dir=\u0027rtl\u0027 style=\u0027font-family:Arial;\u0027\u003e\u003cb\u003eשם:\u003c/b\u003e כוכי עובדיה\u003cbr/\u003e\u003cb\u003eאתר:\u003c/b\u003e בקעת נזירים\u003cbr/\u003e\u003cb\u003eתאריך:\u003c/b\u003e 24-01-2026\u003cbr/\u003e\u003cb\u003eID:\u003c/b\u003e 3450\u003cbr/\u003e\u003cb\u003eFB:\u003c/b\u003e \u003ca href=\u0027https://www.facebook.com/groups/beshvil.yael/posts/3870111529948636/\u0027\u003ehttps://www.facebook.com/groups/beshvil.yael/posts/3870111529948636/\u003c/a\u003e\u003cbr/\u003e\u003cbr/\u003e\u003cimg src=\u0027https://drive.google.com/uc?export=view\u0026amp;id=1Op8sqDMgB0RPn3EY4yXyTH4Cc1rprNJi\u0027 width=\u0027450\u0027/\u003e\u003cbr/\u003e\u003c/div\u003e",
                                            "tessellate":  -1,
                                            "extrude":  0,
                                            "visibility":  -1
                                        },
                         "geometry":  {
                                          "type":  "Point",
                                          "coordinates":  [
                                                              34.97308,
                                                              31.92806,
                                                              0.0
                                                          ]
                                      }
                     },
                     {
                         "type":  "Feature",
                         "properties":  {
                                            "Name":  "#4664",
                                            "description":  "\u003cdiv dir=\u0027rtl\u0027 style=\u0027font-family:Arial;\u0027\u003e\u003cb\u003eשם:\u003c/b\u003e כוכי עובדיה\u003cbr/\u003e\u003cb\u003eאתר:\u003c/b\u003e תל גזר\u003cbr/\u003e\u003cb\u003eתאריך:\u003c/b\u003e 11-04-2026\u003cbr/\u003e\u003cb\u003eID:\u003c/b\u003e 4106\u003cbr/\u003e\u003cb\u003eFB:\u003c/b\u003e \u003ca href=\u0027https://www.facebook.com/groups/beshvil.yael/posts/3941349882824800/\u0027\u003ehttps://www.facebook.com/groups/beshvil.yael/posts/3941349882824800/\u003c/a\u003e\u003cbr/\u003e\u003cbr/\u003e\u003cimg src=\u0027https://drive.google.com/uc?export=view\u0026amp;id=1qF-TJ6t_IRySCdj5fWLG0l3fHAvtphtt\u0027 width=\u0027450\u0027/\u003e\u003cbr/\u003e\u003c/div\u003e",
                                            "tessellate":  -1,
                                            "extrude":  0,
                                            "visibility":  -1
                                        },
                         "geometry":  {
                                          "type":  "Point",
                                          "coordinates":  [
                                                              34.91962,
                                                              31.85974,
                                                              0.0
                                                          ]
                                      }
                     },
                     {
                         "type":  "Feature",
                         "properties":  {
                                            "Name":  "#4664",
                                            "description":  "\u003cdiv dir=\u0027rtl\u0027 style=\u0027font-family:Arial;\u0027\u003e\u003cb\u003eשם:\u003c/b\u003e כוכי עובדיה\u003cbr/\u003e\u003cb\u003eאתר:\u003c/b\u003e גבעת הרדאר\u003cbr/\u003e\u003cb\u003eתאריך:\u003c/b\u003e 25-04-2026\u003cbr/\u003e\u003cb\u003eID:\u003c/b\u003e 4251\u003cbr/\u003e\u003cb\u003eFB:\u003c/b\u003e \u003ca href=\u0027https://www.facebook.com/groups/beshvil.yael/posts/3953872428239212/\u0027\u003ehttps://www.facebook.com/groups/beshvil.yael/posts/3953872428239212/\u003c/a\u003e\u003cbr/\u003e\u003cbr/\u003e\u003cimg src=\u0027https://drive.google.com/uc?export=view\u0026amp;id=148J9Fyf2iW7g7xC1qkEY3WjnRi7jQNGB\u0027 width=\u0027450\u0027/\u003e\u003cbr/\u003e\u003c/div\u003e",
                                            "tessellate":  -1,
                                            "extrude":  0,
                                            "visibility":  -1
                                        },
                         "geometry":  {
                                          "type":  "Point",
                                          "coordinates":  [
                                                              35.12965,
                                                              31.82349,
                                                              0.0
                                                          ]
                                      }
                     },
                     {
                         "type":  "Feature",
                         "properties":  {
                                            "Name":  "#4671",
                                            "description":  "\u003cdiv dir=\u0027rtl\u0027 style=\u0027font-family:Arial;\u0027\u003e\u003cb\u003eשם:\u003c/b\u003e רז פלג\u003cbr/\u003e\u003cb\u003eאתר:\u003c/b\u003e נחל שניר\u003cbr/\u003e\u003cb\u003eתאריך:\u003c/b\u003e 08-08-2025\u003cbr/\u003e\u003cb\u003eID:\u003c/b\u003e 1452\u003cbr/\u003e\u003cb\u003eFB:\u003c/b\u003e \u003ca href=\u0027https://www.facebook.com/groups/beshvil.yael/posts/3716053528687771/\u0027\u003ehttps://www.facebook.com/groups/beshvil.yael/posts/3716053528687771/\u003c/a\u003e\u003cbr/\u003e\u003cbr/\u003e\u003cimg src=\u0027https://drive.google.com/uc?export=view\u0026amp;id=1V5h6y2v2c-jPw597AoDd3qYLb1Y1MbaR\u0027 width=\u0027450\u0027/\u003e\u003cbr/\u003e\u003c/div\u003e",
                                            "tessellate":  -1,
                                            "extrude":  0,
                                            "visibility":  -1
                                        },
                         "geometry":  {
                                          "type":  "Point",
                                          "coordinates":  [
                                                              35.6213682,
                                                              33.2279668,
                                                              0.0
                                                          ]
                                      }
                     },
                     {
                         "type":  "Feature",
                         "properties":  {
                                            "Name":  "#4671",
                                            "description":  "\u003cdiv dir=\u0027rtl\u0027 style=\u0027font-family:Arial;\u0027\u003e\u003cb\u003eשם:\u003c/b\u003e רז פלג\u003cbr/\u003e\u003cb\u003eאתר:\u003c/b\u003e מפל ג\u0027ילבון.\u003cbr/\u003e\u003cb\u003eתאריך:\u003c/b\u003e 12-09-2025\u003cbr/\u003e\u003cb\u003eID:\u003c/b\u003e 1853\u003cbr/\u003e\u003cb\u003eFB:\u003c/b\u003e \u003ca href=\u0027https://www.facebook.com/groups/beshvil.yael/posts/3748169152142875/\u0027\u003ehttps://www.facebook.com/groups/beshvil.yael/posts/3748169152142875/\u003c/a\u003e\u003cbr/\u003e\u003cbr/\u003e\u003cimg src=\u0027https://drive.google.com/uc?export=view\u0026amp;id=1tP1jH8Z4qTfqW5o7nIujMXs9VH6mV-zS\u0027 width=\u0027450\u0027/\u003e\u003cbr/\u003e\u003c/div\u003e",
                                            "tessellate":  -1,
                                            "extrude":  0,
                                            "visibility":  -1
                                        },
                         "geometry":  {
                                          "type":  "Point",
                                          "coordinates":  [
                                                              35.66157,
                                                              33.04055,
                                                              0.0
                                                          ]
                                      }
                     },
                     {
                         "type":  "Feature",
                         "properties":  {
                                            "Name":  "#4671",
                                            "description":  "\u003cdiv dir=\u0027rtl\u0027 style=\u0027font-family:Arial;\u0027\u003e\u003cb\u003eשם:\u003c/b\u003e רז פלג\u003cbr/\u003e\u003cb\u003eאתר:\u003c/b\u003e הסנפיר הקטן\u003cbr/\u003e\u003cb\u003eתאריך:\u003c/b\u003e 26-12-2025\u003cbr/\u003e\u003cb\u003eID:\u003c/b\u003e 3180\u003cbr/\u003e\u003cb\u003eFB:\u003c/b\u003e \u003ca href=\u0027https://www.facebook.com/groups/beshvil.yael/posts/3845654745727648/\u0027\u003ehttps://www.facebook.com/groups/beshvil.yael/posts/3845654745727648/\u003c/a\u003e\u003cbr/\u003e\u003cbr/\u003e\u003cimg src=\u0027https://drive.google.com/uc?export=view\u0026amp;id=1yDaOToZBcmhAMIMq2jxZ7B-8WwBnaIcE\u0027 width=\u0027450\u0027/\u003e\u003cbr/\u003e\u003c/div\u003e",
                                            "tessellate":  -1,
                                            "extrude":  0,
                                            "visibility":  -1
                                        },
                         "geometry":  {
                                          "type":  "Point",
                                          "coordinates":  [
                                                              35.09406,
                                                              31.32261,
                                                              0.0
                                                          ]
                                      }
                     },
                     {
                         "type":  "Feature",
                         "properties":  {
                                            "Name":  "#4671",
                                            "description":  "\u003cdiv dir=\u0027rtl\u0027 style=\u0027font-family:Arial;\u0027\u003e\u003cb\u003eשם:\u003c/b\u003e רז פלג\u003cbr/\u003e\u003cb\u003eאתר:\u003c/b\u003e נחל בוסתן.\u003cbr/\u003e\u003cb\u003eתאריך:\u003c/b\u003e 16-01-2026\u003cbr/\u003e\u003cb\u003eID:\u003c/b\u003e 3358\u003cbr/\u003e\u003cb\u003eFB:\u003c/b\u003e \u003ca href=\u0027https://www.facebook.com/groups/beshvil.yael/posts/3863063250653464\u0027\u003ehttps://www.facebook.com/groups/beshvil.yael/posts/3863063250653464\u003c/a\u003e\u003cbr/\u003e\u003cbr/\u003e\u003cimg src=\u0027https://drive.google.com/uc?export=view\u0026amp;id=1xXPbDVUDgysQbE_r36Vcw8n_nXKVweWX\u0027 width=\u0027450\u0027/\u003e\u003cbr/\u003e\u003c/div\u003e",
                                            "tessellate":  -1,
                                            "extrude":  0,
                                            "visibility":  -1
                                        },
                         "geometry":  {
                                          "type":  "Point",
                                          "coordinates":  [
                                                              34.97599,
                                                              32.71034,
                                                              0.0
                                                          ]
                                      }
                     },
                     {
                         "type":  "Feature",
                         "properties":  {
                                            "Name":  "#4671",
                                            "description":  "\u003cdiv dir=\u0027rtl\u0027 style=\u0027font-family:Arial;\u0027\u003e\u003cb\u003eשם:\u003c/b\u003e רז פלג\u003cbr/\u003e\u003cb\u003eאתר:\u003c/b\u003e נחל תבור\u003cbr/\u003e\u003cb\u003eתאריך:\u003c/b\u003e 23-01-2026\u003cbr/\u003e\u003cb\u003eID:\u003c/b\u003e 3437\u003cbr/\u003e\u003cb\u003eFB:\u003c/b\u003e \u003ca href=\u0027https://www.facebook.com/groups/beshvil.yael/posts/3869526616673794\u0027\u003ehttps://www.facebook.com/groups/beshvil.yael/posts/3869526616673794\u003c/a\u003e\u003cbr/\u003e\u003cbr/\u003e\u003cimg src=\u0027https://drive.google.com/uc?export=view\u0026amp;id=1G_P0qpdlCuobOkH_WQPaADnNcyr5FWvy\u0027 width=\u0027450\u0027/\u003e\u003cbr/\u003e\u003c/div\u003e",
                                            "tessellate":  -1,
                                            "extrude":  0,
                                            "visibility":  -1
                                        },
                         "geometry":  {
                                          "type":  "Point",
                                          "coordinates":  [
                                                              35.4698575,
                                                              32.6450341,
                                                              0.0
                                                          ]
                                      }
                     },
                     {
                         "type":  "Feature",
                         "properties":  {
                                            "Name":  "#4671",
                                            "description":  "\u003cdiv dir=\u0027rtl\u0027 style=\u0027font-family:Arial;\u0027\u003e\u003cb\u003eשם:\u003c/b\u003e רז פלג\u003cbr/\u003e\u003cb\u003eאתר:\u003c/b\u003e עמק השלום\u003cbr/\u003e\u003cb\u003eתאריך:\u003c/b\u003e 30-01-2026\u003cbr/\u003e\u003cb\u003eID:\u003c/b\u003e 3515\u003cbr/\u003e\u003cb\u003eFB:\u003c/b\u003e \u003ca href=\u0027https://www.facebook.com/groups/beshvil.yael/posts/3876106516015804/\u0027\u003ehttps://www.facebook.com/groups/beshvil.yael/posts/3876106516015804/\u003c/a\u003e\u003cbr/\u003e\u003cbr/\u003e\u003cimg src=\u0027https://drive.google.com/uc?export=view\u0026amp;id=1br3aizgl9z7iP7N-BaSLCK0QIP9obzEy\u0027 width=\u0027450\u0027/\u003e\u003cbr/\u003e\u003c/div\u003e",
                                            "tessellate":  -1,
                                            "extrude":  0,
                                            "visibility":  -1
                                        },
                         "geometry":  {
                                          "type":  "Point",
                                          "coordinates":  [
                                                              35.0952,
                                                              32.63768,
                                                              0.0
                                                          ]
                                      }
                     },
                     {
                         "type":  "Feature",
                         "properties":  {
                                            "Name":  "#4671",
                                            "description":  "\u003cdiv dir=\u0027rtl\u0027 style=\u0027font-family:Arial;\u0027\u003e\u003cb\u003eשם:\u003c/b\u003e רז פלג\u003cbr/\u003e\u003cb\u003eאתר:\u003c/b\u003e בת שלמה\u003cbr/\u003e\u003cb\u003eתאריך:\u003c/b\u003e 31-01-2026\u003cbr/\u003e\u003cb\u003eID:\u003c/b\u003e 3537\u003cbr/\u003e\u003cb\u003eFB:\u003c/b\u003e \u003ca href=\u0027https://www.facebook.com/groups/beshvil.yael/posts/3877021749257614\u0027\u003ehttps://www.facebook.com/groups/beshvil.yael/posts/3877021749257614\u003c/a\u003e\u003cbr/\u003e\u003cbr/\u003e\u003cimg src=\u0027https://drive.google.com/uc?export=view\u0026amp;id=1TpAMIKGaon-TEVo9tTRb9oZLewo_ZaOJ\u0027 width=\u0027450\u0027/\u003e\u003cbr/\u003e\u003c/div\u003e",
                                            "tessellate":  -1,
                                            "extrude":  0,
                                            "visibility":  -1
                                        },
                         "geometry":  {
                                          "type":  "Point",
                                          "coordinates":  [
                                                              35.00864,
                                                              32.59773,
                                                              0.0
                                                          ]
                                      }
                     },
                     {
                         "type":  "Feature",
                         "properties":  {
                                            "Name":  "#4671",
                                            "description":  "\u003cdiv dir=\u0027rtl\u0027 style=\u0027font-family:Arial;\u0027\u003e\u003cb\u003eשם:\u003c/b\u003e רז פלג\u003cbr/\u003e\u003cb\u003eאתר:\u003c/b\u003e נחל צפית\u003cbr/\u003e\u003cb\u003eתאריך:\u003c/b\u003e 20-02-2026\u003cbr/\u003e\u003cb\u003eID:\u003c/b\u003e 3786\u003cbr/\u003e\u003cb\u003eFB:\u003c/b\u003e \u003ca href=\u0027https://www.facebook.com/groups/beshvil.yael/posts/3896126034013852/\u0027\u003ehttps://www.facebook.com/groups/beshvil.yael/posts/3896126034013852/\u003c/a\u003e\u003cbr/\u003e\u003cbr/\u003e\u003cimg src=\u0027https://drive.google.com/uc?export=view\u0026amp;id=1MLLay9OP1KLv62RQ3rPn1i9OZwVDVOwY\u0027 width=\u0027450\u0027/\u003e\u003cbr/\u003e\u003c/div\u003e",
                                            "tessellate":  -1,
                                            "extrude":  0,
                                            "visibility":  -1
                                        },
                         "geometry":  {
                                          "type":  "Point",
                                          "coordinates":  [
                                                              35.2731,
                                                              30.98023,
                                                              0.0
                                                          ]
                                      }
                     },
                     {
                         "type":  "Feature",
                         "properties":  {
                                            "Name":  "#4687",
                                            "description":  "\u003cdiv dir=\u0027rtl\u0027 style=\u0027font-family:Arial;\u0027\u003e\u003cb\u003eשם:\u003c/b\u003e רוית שניידר\u003cbr/\u003e\u003cb\u003eאתר:\u003c/b\u003e מעלה עקרבים\u003cbr/\u003e\u003cb\u003eתאריך:\u003c/b\u003e 18-01-2026\u003cbr/\u003e\u003cb\u003eID:\u003c/b\u003e 3395\u003cbr/\u003e\u003cb\u003eFB:\u003c/b\u003e \u003ca href=\u0027https://www.facebook.com/groups/beshvil.yael/posts/3864290777197378\u0027\u003ehttps://www.facebook.com/groups/beshvil.yael/posts/3864290777197378\u003c/a\u003e\u003cbr/\u003e\u003cbr/\u003e\u003cimg src=\u0027https://drive.google.com/uc?export=view\u0026amp;id=1IncwuPOoh8MrWD5ix9k0qU7YufcHiwlc\u0027 width=\u0027450\u0027/\u003e\u003cbr/\u003e\u003c/div\u003e",
                                            "tessellate":  -1,
                                            "extrude":  0,
                                            "visibility":  -1
                                        },
                         "geometry":  {
                                          "type":  "Point",
                                          "coordinates":  [
                                                              35.13132,
                                                              30.9069,
                                                              0.0
                                                          ]
                                      }
                     },
                     {
                         "type":  "Feature",
                         "properties":  {
                                            "Name":  "#4687",
                                            "description":  "\u003cdiv dir=\u0027rtl\u0027 style=\u0027font-family:Arial;\u0027\u003e\u003cb\u003eשם:\u003c/b\u003e רוית שניידר\u003cbr/\u003e\u003cb\u003eאתר:\u003c/b\u003e כפר גלעדי\u003cbr/\u003e\u003cb\u003eתאריך:\u003c/b\u003e 24-02-2026\u003cbr/\u003e\u003cb\u003eID:\u003c/b\u003e 3848\u003cbr/\u003e\u003cb\u003eFB:\u003c/b\u003e \u003ca href=\u0027https://www.facebook.com/groups/beshvil.yael/posts/3899581450334977\u0027\u003ehttps://www.facebook.com/groups/beshvil.yael/posts/3899581450334977\u003c/a\u003e\u003cbr/\u003e\u003cbr/\u003e\u003cimg src=\u0027https://drive.google.com/uc?export=view\u0026amp;id=1crG_qJULONV9BZlx8MidONrRw09N6iza\u0027 width=\u0027450\u0027/\u003e\u003cbr/\u003e\u003c/div\u003e",
                                            "tessellate":  -1,
                                            "extrude":  0,
                                            "visibility":  -1
                                        },
                         "geometry":  {
                                          "type":  "Point",
                                          "coordinates":  [
                                                              35.57639,
                                                              33.23886,
                                                              0.0
                                                          ]
                                      }
                     },
                     {
                         "type":  "Feature",
                         "properties":  {
                                            "Name":  "#4723",
                                            "description":  "\u003cdiv dir=\u0027rtl\u0027 style=\u0027font-family:Arial;\u0027\u003e\u003cb\u003eשם:\u003c/b\u003e רוי הרשנזון\u003cbr/\u003e\u003cb\u003eאתר:\u003c/b\u003e נחל דן\u003cbr/\u003e\u003cb\u003eתאריך:\u003c/b\u003e 06-06-2025\u003cbr/\u003e\u003cb\u003eID:\u003c/b\u003e 932\u003cbr/\u003e\u003cb\u003eFB:\u003c/b\u003e \u003ca href=\u0027https://www.facebook.com/groups/3235176716775457/posts/3660699154223209/\u0027\u003ehttps://www.facebook.com/groups/3235176716775457/posts/3660699154223209/\u003c/a\u003e\u003cbr/\u003e\u003cbr/\u003e\u003cimg src=\u0027https://drive.google.com/uc?export=view\u0026amp;id=1CGqwJZ35at5ssf-E6j5ldtGJCGG1VV5B\u0027 width=\u0027450\u0027/\u003e\u003cbr/\u003e\u003c/div\u003e",
                                            "tessellate":  -1,
                                            "extrude":  0,
                                            "visibility":  -1
                                        },
                         "geometry":  {
                                          "type":  "Point",
                                          "coordinates":  [
                                                              35.6385561,
                                                              33.2242797,
                                                              0.0
                                                          ]
                                      }
                     },
                     {
                         "type":  "Feature",
                         "properties":  {
                                            "Name":  "#4728",
                                            "description":  "\u003cdiv dir=\u0027rtl\u0027 style=\u0027font-family:Arial;\u0027\u003e\u003cb\u003eשם:\u003c/b\u003e אורי חננאל אהרון\u003cbr/\u003e\u003cb\u003eאתר:\u003c/b\u003e אנדרטת התצפיתניות\u003cbr/\u003e\u003cb\u003eתאריך:\u003c/b\u003e 29-08-2025\u003cbr/\u003e\u003cb\u003eID:\u003c/b\u003e 1682\u003cbr/\u003e\u003cb\u003eFB:\u003c/b\u003e \u003ca href=\u0027https://www.facebook.com/groups/beshvil.yael/posts/3735110806782043/\u0027\u003ehttps://www.facebook.com/groups/beshvil.yael/posts/3735110806782043/\u003c/a\u003e\u003cbr/\u003e\u003cbr/\u003e\u003cimg src=\u0027https://drive.google.com/uc?export=view\u0026amp;id=1LCDn-meXt6TWm36lUD9QK23VIZdwMlPI\u0027 width=\u0027450\u0027/\u003e\u003cbr/\u003e\u003c/div\u003e",
                                            "tessellate":  -1,
                                            "extrude":  0,
                                            "visibility":  -1
                                        },
                         "geometry":  {
                                          "type":  "Point",
                                          "coordinates":  [
                                                              34.5131558,
                                                              31.4608876,
                                                              0.0
                                                          ]
                                      }
                     },
                     {
                         "type":  "Feature",
                         "properties":  {
                                            "Name":  "#4737",
                                            "description":  "\u003cdiv dir=\u0027rtl\u0027 style=\u0027font-family:Arial;\u0027\u003e\u003cb\u003eשם:\u003c/b\u003e עפרה בר-און - רוטמן\u003cbr/\u003e\u003cb\u003eאתר:\u003c/b\u003e בית מעצר מעפילים,\u003cbr/\u003e\u003cb\u003eתאריך:\u003c/b\u003e 14-11-2025\u003cbr/\u003e\u003cb\u003eID:\u003c/b\u003e 2729\u003cbr/\u003e\u003cb\u003eFB:\u003c/b\u003e \u003ca href=\u0027https://www.facebook.com/groups/beshvil.yael/posts/3809548102671646\u0027\u003ehttps://www.facebook.com/groups/beshvil.yael/posts/3809548102671646\u003c/a\u003e\u003cbr/\u003e\u003cbr/\u003e\u003cimg src=\u0027https://drive.google.com/uc?export=view\u0026amp;id=1zfmI1Rn0v8GgVM-L9GTWvVb5WoBfu8PD\u0027 width=\u0027450\u0027/\u003e\u003cbr/\u003e\u003c/div\u003e",
                                            "tessellate":  -1,
                                            "extrude":  0,
                                            "visibility":  -1
                                        },
                         "geometry":  {
                                          "type":  "Point",
                                          "coordinates":  [
                                                              34.94783,
                                                              32.71343,
                                                              0.0
                                                          ]
                                      }
                     },
                     {
                         "type":  "Feature",
                         "properties":  {
                                            "Name":  "#4737",
                                            "description":  "\u003cdiv dir=\u0027rtl\u0027 style=\u0027font-family:Arial;\u0027\u003e\u003cb\u003eשם:\u003c/b\u003e עפרה בר-און - רוטמן\u003cbr/\u003e\u003cb\u003eאתר:\u003c/b\u003e הכפר ג\u0027ייוס\u003cbr/\u003e\u003cb\u003eתאריך:\u003c/b\u003e 14-11-2025\u003cbr/\u003e\u003cb\u003eID:\u003c/b\u003e 2730\u003cbr/\u003e\u003cb\u003eFB:\u003c/b\u003e \u003ca href=\u0027https://www.facebook.com/groups/beshvil.yael/posts/3809551492671307\u0027\u003ehttps://www.facebook.com/groups/beshvil.yael/posts/3809551492671307\u003c/a\u003e\u003cbr/\u003e\u003cbr/\u003e\u003cimg src=\u0027https://drive.google.com/uc?export=view\u0026amp;id=110AcVdleN4a3WxjHRsCJJ2l3Hsjyym0n\u0027 width=\u0027450\u0027/\u003e\u003cbr/\u003e\u003c/div\u003e",
                                            "tessellate":  -1,
                                            "extrude":  0,
                                            "visibility":  -1
                                        },
                         "geometry":  {
                                          "type":  "Point",
                                          "coordinates":  [
                                                              35.03158,
                                                              32.20485,
                                                              0.0
                                                          ]
                                      }
                     },
                     {
                         "type":  "Feature",
                         "properties":  {
                                            "Name":  "#4737",
                                            "description":  "\u003cdiv dir=\u0027rtl\u0027 style=\u0027font-family:Arial;\u0027\u003e\u003cb\u003eשם:\u003c/b\u003e עפרה בר-און - רוטמן\u003cbr/\u003e\u003cb\u003eאתר:\u003c/b\u003e אנדרטת התצפיתניות\u003cbr/\u003e\u003cb\u003eתאריך:\u003c/b\u003e 28-11-2025\u003cbr/\u003e\u003cb\u003eID:\u003c/b\u003e 2888\u003cbr/\u003e\u003cb\u003eFB:\u003c/b\u003e \u003ca href=\u0027https://www.facebook.com/groups/beshvil.yael/posts/3821766361449820/\u0027\u003ehttps://www.facebook.com/groups/beshvil.yael/posts/3821766361449820/\u003c/a\u003e\u003cbr/\u003e\u003cbr/\u003e\u003cimg src=\u0027https://drive.google.com/uc?export=view\u0026amp;id=1v_XTFzkH0r9pVCIqDOI3TVybbFzSSkQV\u0027 width=\u0027450\u0027/\u003e\u003cbr/\u003e\u003c/div\u003e",
                                            "tessellate":  -1,
                                            "extrude":  0,
                                            "visibility":  -1
                                        },
                         "geometry":  {
                                          "type":  "Point",
                                          "coordinates":  [
                                                              34.52438,
                                                              31.46343,
                                                              0.0
                                                          ]
                                      }
                     },
                     {
                         "type":  "Feature",
                         "properties":  {
                                            "Name":  "#4844",
                                            "description":  "\u003cdiv dir=\u0027rtl\u0027 style=\u0027font-family:Arial;\u0027\u003e\u003cb\u003eשם:\u003c/b\u003e נטלי מסיקה\u003cbr/\u003e\u003cb\u003eאתר:\u003c/b\u003e בקעת תמנע\u003cbr/\u003e\u003cb\u003eתאריך:\u003c/b\u003e 07-06-2025\u003cbr/\u003e\u003cb\u003eID:\u003c/b\u003e 938\u003cbr/\u003e\u003cb\u003eFB:\u003c/b\u003e \u003ca href=\u0027https://www.facebook.com/groups/3235176716775457/posts/3661375957488862/\u0027\u003ehttps://www.facebook.com/groups/3235176716775457/posts/3661375957488862/\u003c/a\u003e\u003cbr/\u003e\u003cbr/\u003e\u003cimg src=\u0027https://drive.google.com/uc?export=view\u0026amp;id=1jSytkxDk4C4Yhuoj16hUU0qKemHFeNoU\u0027 width=\u0027450\u0027/\u003e\u003cbr/\u003e\u003c/div\u003e",
                                            "tessellate":  -1,
                                            "extrude":  0,
                                            "visibility":  -1
                                        },
                         "geometry":  {
                                          "type":  "Point",
                                          "coordinates":  [
                                                              34.9887129,
                                                              29.7878263,
                                                              0.0
                                                          ]
                                      }
                     },
                     {
                         "type":  "Feature",
                         "properties":  {
                                            "Name":  "#4844",
                                            "description":  "\u003cdiv dir=\u0027rtl\u0027 style=\u0027font-family:Arial;\u0027\u003e\u003cb\u003eשם:\u003c/b\u003e נטלי מסיקה\u003cbr/\u003e\u003cb\u003eאתר:\u003c/b\u003e נחל עץ\u003cbr/\u003e\u003cb\u003eתאריך:\u003c/b\u003e 31-01-2026\u003cbr/\u003e\u003cb\u003eID:\u003c/b\u003e 3543\u003cbr/\u003e\u003cb\u003eFB:\u003c/b\u003e \u003ca href=\u0027https://www.facebook.com/groups/beshvil.yael/posts/3877101695916286\u0027\u003ehttps://www.facebook.com/groups/beshvil.yael/posts/3877101695916286\u003c/a\u003e\u003cbr/\u003e\u003cbr/\u003e\u003cimg src=\u0027https://drive.google.com/uc?export=view\u0026amp;id=1_-8EHUN4IlE4OMlM6mPOabdITk61g-21\u0027 width=\u0027450\u0027/\u003e\u003cbr/\u003e\u003c/div\u003e",
                                            "tessellate":  -1,
                                            "extrude":  0,
                                            "visibility":  -1
                                        },
                         "geometry":  {
                                          "type":  "Point",
                                          "coordinates":  [
                                                              34.80659,
                                                              30.89348,
                                                              0.0
                                                          ]
                                      }
                     },
                     {
                         "type":  "Feature",
                         "properties":  {
                                            "Name":  "#4846",
                                            "description":  "\u003cdiv dir=\u0027rtl\u0027 style=\u0027font-family:Arial;\u0027\u003e\u003cb\u003eשם:\u003c/b\u003e נדב אלמליח\u003cbr/\u003e\u003cb\u003eאתר:\u003c/b\u003e הר כרמילה\u003cbr/\u003e\u003cb\u003eתאריך:\u003c/b\u003e 23-02-2020\u003cbr/\u003e\u003cb\u003eID:\u003c/b\u003e 3845\u003cbr/\u003e\u003cb\u003eFB:\u003c/b\u003e \u003ca href=\u0027https://www.facebook.com/groups/beshvil.yael/posts/3899099473716508/\u0027\u003ehttps://www.facebook.com/groups/beshvil.yael/posts/3899099473716508/\u003c/a\u003e\u003cbr/\u003e\u003cbr/\u003e\u003cimg src=\u0027https://drive.google.com/uc?export=view\u0026amp;id=1bphvwbW7zbGcdiMC4wuVCbwNMLr5mE9Z\u0027 width=\u0027450\u0027/\u003e\u003cbr/\u003e\u003c/div\u003e",
                                            "tessellate":  -1,
                                            "extrude":  0,
                                            "visibility":  -1
                                        },
                         "geometry":  {
                                          "type":  "Point",
                                          "coordinates":  [
                                                              35.03416,
                                                              31.78472,
                                                              0.0
                                                          ]
                                      }
                     },
                     {
                         "type":  "Feature",
                         "properties":  {
                                            "Name":  "#4846",
                                            "description":  "\u003cdiv dir=\u0027rtl\u0027 style=\u0027font-family:Arial;\u0027\u003e\u003cb\u003eשם:\u003c/b\u003e נדב אלמליח\u003cbr/\u003e\u003cb\u003eאתר:\u003c/b\u003e גבעת התיתורה\u003cbr/\u003e\u003cb\u003eתאריך:\u003c/b\u003e 13-12-2025\u003cbr/\u003e\u003cb\u003eID:\u003c/b\u003e 3036\u003cbr/\u003e\u003cb\u003eFB:\u003c/b\u003e \u003ca href=\u0027https://www.facebook.com/groups/beshvil.yael/posts/3834431923516597/\u0027\u003ehttps://www.facebook.com/groups/beshvil.yael/posts/3834431923516597/\u003c/a\u003e\u003cbr/\u003e\u003cbr/\u003e\u003cimg src=\u0027https://drive.google.com/uc?export=view\u0026amp;id=1C61rmUd3iarqNP5nyn4Oh6sI0CO63mBk\u0027 width=\u0027450\u0027/\u003e\u003cbr/\u003e\u003c/div\u003e",
                                            "tessellate":  -1,
                                            "extrude":  0,
                                            "visibility":  -1
                                        },
                         "geometry":  {
                                          "type":  "Point",
                                          "coordinates":  [
                                                              35.01818,
                                                              31.90247,
                                                              0.0
                                                          ]
                                      }
                     },
                     {
                         "type":  "Feature",
                         "properties":  {
                                            "Name":  "#4846",
                                            "description":  "\u003cdiv dir=\u0027rtl\u0027 style=\u0027font-family:Arial;\u0027\u003e\u003cb\u003eשם:\u003c/b\u003e נדב אלמליח\u003cbr/\u003e\u003cb\u003eאתר:\u003c/b\u003e נחל אוג\u003cbr/\u003e\u003cb\u003eתאריך:\u003c/b\u003e 16-01-2026\u003cbr/\u003e\u003cb\u003eID:\u003c/b\u003e 3361\u003cbr/\u003e\u003cb\u003eFB:\u003c/b\u003e \u003ca href=\u0027https://www.facebook.com/groups/beshvil.yael/posts/3863094313983691\u0027\u003ehttps://www.facebook.com/groups/beshvil.yael/posts/3863094313983691\u003c/a\u003e\u003cbr/\u003e\u003cbr/\u003e\u003cimg src=\u0027https://drive.google.com/uc?export=view\u0026amp;id=1m9f6bu4whpuRNWNT5yHJ82-VRaa_1IWj\u0027 width=\u0027450\u0027/\u003e\u003cbr/\u003e\u003c/div\u003e",
                                            "tessellate":  -1,
                                            "extrude":  0,
                                            "visibility":  -1
                                        },
                         "geometry":  {
                                          "type":  "Point",
                                          "coordinates":  [
                                                              35.3714,
                                                              31.78797,
                                                              0.0
                                                          ]
                                      }
                     },
                     {
                         "type":  "Feature",
                         "properties":  {
                                            "Name":  "#4846",
                                            "description":  "\u003cdiv dir=\u0027rtl\u0027 style=\u0027font-family:Arial;\u0027\u003e\u003cb\u003eשם:\u003c/b\u003e נדב אלמליח\u003cbr/\u003e\u003cb\u003eאתר:\u003c/b\u003e ראש העין יער\u003cbr/\u003e\u003cb\u003eתאריך:\u003c/b\u003e 25-01-2026\u003cbr/\u003e\u003cb\u003eID:\u003c/b\u003e 3467\u003cbr/\u003e\u003cb\u003eFB:\u003c/b\u003e \u003ca href=\u0027https://www.facebook.com/groups/beshvil.yael/posts/3870592016567254\u0027\u003ehttps://www.facebook.com/groups/beshvil.yael/posts/3870592016567254\u003c/a\u003e\u003cbr/\u003e\u003cbr/\u003e\u003cimg src=\u0027https://drive.google.com/uc?export=view\u0026amp;id=1Ne-SLfAyeNwp7womPndLtAhyMuKJOx6e\u0027 width=\u0027450\u0027/\u003e\u003cbr/\u003e\u003c/div\u003e",
                                            "tessellate":  -1,
                                            "extrude":  0,
                                            "visibility":  -1
                                        },
                         "geometry":  {
                                          "type":  "Point",
                                          "coordinates":  [
                                                              34.98177,
                                                              32.09869,
                                                              0.0
                                                          ]
                                      }
                     },
                     {
                         "type":  "Feature",
                         "properties":  {
                                            "Name":  "#4849",
                                            "description":  "\u003cdiv dir=\u0027rtl\u0027 style=\u0027font-family:Arial;\u0027\u003e\u003cb\u003eשם:\u003c/b\u003e אורה עמוס\u003cbr/\u003e\u003cb\u003eאתר:\u003c/b\u003e אודם\u003cbr/\u003e\u003cb\u003eתאריך:\u003c/b\u003e 31-05-2025\u003cbr/\u003e\u003cb\u003eID:\u003c/b\u003e 840\u003cbr/\u003e\u003cb\u003eFB:\u003c/b\u003e \u003ca href=\u0027https://www.facebook.com/groups/3235176716775457/posts/3655580394735085/\u0027\u003ehttps://www.facebook.com/groups/3235176716775457/posts/3655580394735085/\u003c/a\u003e\u003cbr/\u003e\u003cbr/\u003e\u003cimg src=\u0027https://drive.google.com/uc?export=view\u0026amp;id=1GR3jV4URUgykFViuyVoQYXWyPOopqkll\u0027 width=\u0027450\u0027/\u003e\u003cbr/\u003e\u003c/div\u003e",
                                            "tessellate":  -1,
                                            "extrude":  0,
                                            "visibility":  -1
                                        },
                         "geometry":  {
                                          "type":  "Point",
                                          "coordinates":  [
                                                              35.7501704,
                                                              33.1935698,
                                                              0.0
                                                          ]
                                      }
                     },
                     {
                         "type":  "Feature",
                         "properties":  {
                                            "Name":  "#4849",
                                            "description":  "\u003cdiv dir=\u0027rtl\u0027 style=\u0027font-family:Arial;\u0027\u003e\u003cb\u003eשם:\u003c/b\u003e אורה עמוס\u003cbr/\u003e\u003cb\u003eאתר:\u003c/b\u003e בניאס\u003cbr/\u003e\u003cb\u003eתאריך:\u003c/b\u003e 24-01-2026\u003cbr/\u003e\u003cb\u003eID:\u003c/b\u003e 3444\u003cbr/\u003e\u003cb\u003eFB:\u003c/b\u003e \u003ca href=\u0027https://www.facebook.com/groups/beshvil.yael/posts/3870053346621121/\u0027\u003ehttps://www.facebook.com/groups/beshvil.yael/posts/3870053346621121/\u003c/a\u003e\u003cbr/\u003e\u003cbr/\u003e\u003cimg src=\u0027https://drive.google.com/uc?export=view\u0026amp;id=1XMUi3q3TiF9A-KvBSuVVBGGHAw9Dw9OC\u0027 width=\u0027450\u0027/\u003e\u003cbr/\u003e\u003c/div\u003e",
                                            "tessellate":  -1,
                                            "extrude":  0,
                                            "visibility":  -1
                                        },
                         "geometry":  {
                                          "type":  "Point",
                                          "coordinates":  [
                                                              35.62932,
                                                              33.19301,
                                                              0.0
                                                          ]
                                      }
                     },
                     {
                         "type":  "Feature",
                         "properties":  {
                                            "Name":  "#4850",
                                            "description":  "\u003cdiv dir=\u0027rtl\u0027 style=\u0027font-family:Arial;\u0027\u003e\u003cb\u003eשם:\u003c/b\u003e אביבית דולב\u003cbr/\u003e\u003cb\u003eאתר:\u003c/b\u003e חוף אכזיב\u003cbr/\u003e\u003cb\u003eתאריך:\u003c/b\u003e 01-06-2025\u003cbr/\u003e\u003cb\u003eID:\u003c/b\u003e 861\u003cbr/\u003e\u003cb\u003eFB:\u003c/b\u003e \u003ca href=\u0027https://www.facebook.com/groups/3235176716775457/posts/3656419304651194/\u0027\u003ehttps://www.facebook.com/groups/3235176716775457/posts/3656419304651194/\u003c/a\u003e\u003cbr/\u003e\u003cbr/\u003e\u003cimg src=\u0027https://drive.google.com/uc?export=view\u0026amp;id=1g2K1PuThXZKo1NKedys4U7zSbkeirNn9\u0027 width=\u0027450\u0027/\u003e\u003cbr/\u003e\u003c/div\u003e",
                                            "tessellate":  -1,
                                            "extrude":  0,
                                            "visibility":  -1
                                        },
                         "geometry":  {
                                          "type":  "Point",
                                          "coordinates":  [
                                                              35.1002183,
                                                              33.0435834,
                                                              0.0
                                                          ]
                                      }
                     },
                     {
                         "type":  "Feature",
                         "properties":  {
                                            "Name":  "#4887",
                                            "description":  "\u003cdiv dir=\u0027rtl\u0027 style=\u0027font-family:Arial;\u0027\u003e\u003cb\u003eשם:\u003c/b\u003e אירית מאני מיטב\u003cbr/\u003e\u003cb\u003eאתר:\u003c/b\u003e רכס בוקר\u003cbr/\u003e\u003cb\u003eתאריך:\u003c/b\u003e 31-10-2025\u003cbr/\u003e\u003cb\u003eID:\u003c/b\u003e 2567\u003cbr/\u003e\u003cb\u003eFB:\u003c/b\u003e \u003ca href=\u0027https://www.facebook.com/groups/beshvil.yael/posts/3796194470673676/\u0027\u003ehttps://www.facebook.com/groups/beshvil.yael/posts/3796194470673676/\u003c/a\u003e\u003cbr/\u003e\u003cbr/\u003e\u003cimg src=\u0027https://drive.google.com/uc?export=view\u0026amp;id=1mJmp1KFTu8qZzjXnCqD9P4ymLhgcEvOT\u0027 width=\u0027450\u0027/\u003e\u003cbr/\u003e\u003c/div\u003e",
                                            "tessellate":  -1,
                                            "extrude":  0,
                                            "visibility":  -1
                                        },
                         "geometry":  {
                                          "type":  "Point",
                                          "coordinates":  [
                                                              34.75715,
                                                              30.91494,
                                                              0.0
                                                          ]
                                      }
                     },
                     {
                         "type":  "Feature",
                         "properties":  {
                                            "Name":  "#4887",
                                            "description":  "\u003cdiv dir=\u0027rtl\u0027 style=\u0027font-family:Arial;\u0027\u003e\u003cb\u003eשם:\u003c/b\u003e אירית מאני מיטב\u003cbr/\u003e\u003cb\u003eאתר:\u003c/b\u003e המכתש הגדול\u003cbr/\u003e\u003cb\u003eתאריך:\u003c/b\u003e 01-11-2025\u003cbr/\u003e\u003cb\u003eID:\u003c/b\u003e 2581\u003cbr/\u003e\u003cb\u003eFB:\u003c/b\u003e \u003ca href=\u0027https://www.facebook.com/groups/beshvil.yael/posts/3797161783910278/\u0027\u003ehttps://www.facebook.com/groups/beshvil.yael/posts/3797161783910278/\u003c/a\u003e\u003cbr/\u003e\u003cbr/\u003e\u003cimg src=\u0027https://drive.google.com/uc?export=view\u0026amp;id=1nJ_KWeHGUr6xhCq_uIFLnrz7qfSYkSqw\u0027 width=\u0027450\u0027/\u003e\u003cbr/\u003e\u003c/div\u003e",
                                            "tessellate":  -1,
                                            "extrude":  0,
                                            "visibility":  -1
                                        },
                         "geometry":  {
                                          "type":  "Point",
                                          "coordinates":  [
                                                              34.98373,
                                                              30.93699,
                                                              0.0
                                                          ]
                                      }
                     },
                     {
                         "type":  "Feature",
                         "properties":  {
                                            "Name":  "#4887",
                                            "description":  "\u003cdiv dir=\u0027rtl\u0027 style=\u0027font-family:Arial;\u0027\u003e\u003cb\u003eשם:\u003c/b\u003e אירית מאני מיטב\u003cbr/\u003e\u003cb\u003eאתר:\u003c/b\u003e מדבר יהודה\u003cbr/\u003e\u003cb\u003eתאריך:\u003c/b\u003e 06-12-2025\u003cbr/\u003e\u003cb\u003eID:\u003c/b\u003e 2984\u003cbr/\u003e\u003cb\u003eFB:\u003c/b\u003e \u003ca href=\u0027https://www.facebook.com/groups/beshvil.yael/posts/3828554654104324/\u0027\u003ehttps://www.facebook.com/groups/beshvil.yael/posts/3828554654104324/\u003c/a\u003e\u003cbr/\u003e\u003cbr/\u003e\u003cimg src=\u0027https://drive.google.com/uc?export=view\u0026amp;id=1NdBsSQLNH_IumwrKJO7niHFZg7evnaWk\u0027 width=\u0027450\u0027/\u003e\u003cbr/\u003e\u003c/div\u003e",
                                            "tessellate":  -1,
                                            "extrude":  0,
                                            "visibility":  -1
                                        },
                         "geometry":  {
                                          "type":  "Point",
                                          "coordinates":  [
                                                              35.34952,
                                                              31.64776,
                                                              0.0
                                                          ]
                                      }
                     },
                     {
                         "type":  "Feature",
                         "properties":  {
                                            "Name":  "#4887",
                                            "description":  "\u003cdiv dir=\u0027rtl\u0027 style=\u0027font-family:Arial;\u0027\u003e\u003cb\u003eשם:\u003c/b\u003e אירית מאני מיטב\u003cbr/\u003e\u003cb\u003eאתר:\u003c/b\u003e נחל קינה\u003cbr/\u003e\u003cb\u003eתאריך:\u003c/b\u003e 10-01-2026\u003cbr/\u003e\u003cb\u003eID:\u003c/b\u003e 3311\u003cbr/\u003e\u003cb\u003eFB:\u003c/b\u003e \u003ca href=\u0027https://www.facebook.com/groups/beshvil.yael/posts/3858055967820859\u0027\u003ehttps://www.facebook.com/groups/beshvil.yael/posts/3858055967820859\u003c/a\u003e\u003cbr/\u003e\u003cbr/\u003e\u003cimg src=\u0027https://drive.google.com/uc?export=view\u0026amp;id=170s3qBACFlADVpBSAXNnOBKc8g-aIOy_\u0027 width=\u0027450\u0027/\u003e\u003cbr/\u003e\u003c/div\u003e",
                                            "tessellate":  -1,
                                            "extrude":  0,
                                            "visibility":  -1
                                        },
                         "geometry":  {
                                          "type":  "Point",
                                          "coordinates":  [
                                                              35.17748,
                                                              31.19133,
                                                              0.0
                                                          ]
                                      }
                     },
                     {
                         "type":  "Feature",
                         "properties":  {
                                            "Name":  "#4887",
                                            "description":  "\u003cdiv dir=\u0027rtl\u0027 style=\u0027font-family:Arial;\u0027\u003e\u003cb\u003eשם:\u003c/b\u003e אירית מאני מיטב\u003cbr/\u003e\u003cb\u003eאתר:\u003c/b\u003e מרכז להצלת צבי הים\u003cbr/\u003e\u003cb\u003eתאריך:\u003c/b\u003e 16-01-2026\u003cbr/\u003e\u003cb\u003eID:\u003c/b\u003e 3356\u003cbr/\u003e\u003cb\u003eFB:\u003c/b\u003e \u003ca href=\u0027https://www.facebook.com/groups/beshvil.yael/posts/3862906250669164\u0027\u003ehttps://www.facebook.com/groups/beshvil.yael/posts/3862906250669164\u003c/a\u003e\u003cbr/\u003e\u003cbr/\u003e\u003cimg src=\u0027https://drive.google.com/uc?export=view\u0026amp;id=1LfjwuSzn1H1QzLm8TBVr83SryxfrD-xi\u0027 width=\u0027450\u0027/\u003e\u003cbr/\u003e\u003c/div\u003e",
                                            "tessellate":  -1,
                                            "extrude":  0,
                                            "visibility":  -1
                                        },
                         "geometry":  {
                                          "type":  "Point",
                                          "coordinates":  [
                                                              34.86811,
                                                              32.3961,
                                                              0.0
                                                          ]
                                      }
                     },
                     {
                         "type":  "Feature",
                         "properties":  {
                                            "Name":  "#4925",
                                            "description":  "\u003cdiv dir=\u0027rtl\u0027 style=\u0027font-family:Arial;\u0027\u003e\u003cb\u003eשם:\u003c/b\u003e עידן מוסלי\u003cbr/\u003e\u003cb\u003eאתר:\u003c/b\u003e מצפה / מכתש רמון\u003cbr/\u003e\u003cb\u003eתאריך:\u003c/b\u003e 09-01-2026\u003cbr/\u003e\u003cb\u003eID:\u003c/b\u003e 3307\u003cbr/\u003e\u003cb\u003eFB:\u003c/b\u003e \u003ca href=\u0027https://www.facebook.com/groups/beshvil.yael/posts/3857476071212182\u0027\u003ehttps://www.facebook.com/groups/beshvil.yael/posts/3857476071212182\u003c/a\u003e\u003cbr/\u003e\u003cbr/\u003e\u003cimg src=\u0027https://drive.google.com/uc?export=view\u0026amp;id=1fhiZQYioCwxt3RYE-JpGl0UCl3I44NLJ\u0027 width=\u0027450\u0027/\u003e\u003cbr/\u003e\u003c/div\u003e",
                                            "tessellate":  -1,
                                            "extrude":  0,
                                            "visibility":  -1
                                        },
                         "geometry":  {
                                          "type":  "Point",
                                          "coordinates":  [
                                                              34.75127,
                                                              30.57567,
                                                              0.0
                                                          ]
                                      }
                     },
                     {
                         "type":  "Feature",
                         "properties":  {
                                            "Name":  "#4928",
                                            "description":  "\u003cdiv dir=\u0027rtl\u0027 style=\u0027font-family:Arial;\u0027\u003e\u003cb\u003eשם:\u003c/b\u003e איריסים בר-שלטון וייס\u003cbr/\u003e\u003cb\u003eאתר:\u003c/b\u003e מושב חמד\u003cbr/\u003e\u003cb\u003eתאריך:\u003c/b\u003e 04-07-2025\u003cbr/\u003e\u003cb\u003eID:\u003c/b\u003e 1094\u003cbr/\u003e\u003cb\u003eFB:\u003c/b\u003e \u003ca href=\u0027https://www.facebook.com/groups/beshvil.yael/posts/3685154005111057/\u0027\u003ehttps://www.facebook.com/groups/beshvil.yael/posts/3685154005111057/\u003c/a\u003e\u003cbr/\u003e\u003cbr/\u003e\u003cimg src=\u0027https://drive.google.com/uc?export=view\u0026amp;id=1H5nz64YE2TkJIvvCIjM3KjA9wEDuV8_-\u0027 width=\u0027450\u0027/\u003e\u003cbr/\u003e\u003c/div\u003e",
                                            "tessellate":  -1,
                                            "extrude":  0,
                                            "visibility":  -1
                                        },
                         "geometry":  {
                                          "type":  "Point",
                                          "coordinates":  [
                                                              34.8393445,
                                                              32.0164728,
                                                              0.0
                                                          ]
                                      }
                     },
                     {
                         "type":  "Feature",
                         "properties":  {
                                            "Name":  "#4935",
                                            "description":  "\u003cdiv dir=\u0027rtl\u0027 style=\u0027font-family:Arial;\u0027\u003e\u003cb\u003eשם:\u003c/b\u003e נועה רבונא\u003cbr/\u003e\u003cb\u003eאתר:\u003c/b\u003e יער הסוללים\u003cbr/\u003e\u003cb\u003eתאריך:\u003c/b\u003e 14-08-2025\u003cbr/\u003e\u003cb\u003eID:\u003c/b\u003e 1526\u003cbr/\u003e\u003cb\u003eFB:\u003c/b\u003e \u003ca href=\u0027https://www.facebook.com/groups/beshvil.yael/posts/3721056004854190/\u0027\u003ehttps://www.facebook.com/groups/beshvil.yael/posts/3721056004854190/\u003c/a\u003e\u003cbr/\u003e\u003cbr/\u003e\u003cimg src=\u0027https://drive.google.com/uc?export=view\u0026amp;id=1CPjT_UJwuDskkPM-vdwnfFxEZ3X_NHf-\u0027 width=\u0027450\u0027/\u003e\u003cbr/\u003e\u003c/div\u003e",
                                            "tessellate":  -1,
                                            "extrude":  0,
                                            "visibility":  -1
                                        },
                         "geometry":  {
                                          "type":  "Point",
                                          "coordinates":  [
                                                              35.2646334,
                                                              32.7647938,
                                                              0.0
                                                          ]
                                      }
                     },
                     {
                         "type":  "Feature",
                         "properties":  {
                                            "Name":  "#4935",
                                            "description":  "\u003cdiv dir=\u0027rtl\u0027 style=\u0027font-family:Arial;\u0027\u003e\u003cb\u003eשם:\u003c/b\u003e נועה רבונא\u003cbr/\u003e\u003cb\u003eאתר:\u003c/b\u003e נחל השופט\u003cbr/\u003e\u003cb\u003eתאריך:\u003c/b\u003e 01-11-2025\u003cbr/\u003e\u003cb\u003eID:\u003c/b\u003e 2597\u003cbr/\u003e\u003cb\u003eFB:\u003c/b\u003e \u003ca href=\u0027https://www.facebook.com/groups/beshvil.yael/posts/3798062330486890\u0027\u003ehttps://www.facebook.com/groups/beshvil.yael/posts/3798062330486890\u003c/a\u003e\u003cbr/\u003e\u003cbr/\u003e\u003cimg src=\u0027https://drive.google.com/uc?export=view\u0026amp;id=1xo-ruR9_2h3uLmJTPh2hq3PimMTgGFUT\u0027 width=\u0027450\u0027/\u003e\u003cbr/\u003e\u003c/div\u003e",
                                            "tessellate":  -1,
                                            "extrude":  0,
                                            "visibility":  -1
                                        },
                         "geometry":  {
                                          "type":  "Point",
                                          "coordinates":  [
                                                              35.10571,
                                                              32.62876,
                                                              0.0
                                                          ]
                                      }
                     },
                     {
                         "type":  "Feature",
                         "properties":  {
                                            "Name":  "#4935",
                                            "description":  "\u003cdiv dir=\u0027rtl\u0027 style=\u0027font-family:Arial;\u0027\u003e\u003cb\u003eשם:\u003c/b\u003e נועה רבונא\u003cbr/\u003e\u003cb\u003eאתר:\u003c/b\u003e עין בוקק\u003cbr/\u003e\u003cb\u003eתאריך:\u003c/b\u003e 22-11-2025\u003cbr/\u003e\u003cb\u003eID:\u003c/b\u003e 2832\u003cbr/\u003e\u003cb\u003eFB:\u003c/b\u003e \u003ca href=\u0027https://www.facebook.com/groups/beshvil.yael/posts/3816694625290327/\u0027\u003ehttps://www.facebook.com/groups/beshvil.yael/posts/3816694625290327/\u003c/a\u003e\u003cbr/\u003e\u003cbr/\u003e\u003cimg src=\u0027https://drive.google.com/uc?export=view\u0026amp;id=18BgH5-45ZYtFa-tQqTCgFU4fvKkR9Ph2\u0027 width=\u0027450\u0027/\u003e\u003cbr/\u003e\u003c/div\u003e",
                                            "tessellate":  -1,
                                            "extrude":  0,
                                            "visibility":  -1
                                        },
                         "geometry":  {
                                          "type":  "Point",
                                          "coordinates":  [
                                                              35.34966,
                                                              31.19896,
                                                              0.0
                                                          ]
                                      }
                     },
                     {
                         "type":  "Feature",
                         "properties":  {
                                            "Name":  "#4940",
                                            "description":  "\u003cdiv dir=\u0027rtl\u0027 style=\u0027font-family:Arial;\u0027\u003e\u003cb\u003eשם:\u003c/b\u003e נועם שומרון\u003cbr/\u003e\u003cb\u003eאתר:\u003c/b\u003e אילת\u003cbr/\u003e\u003cb\u003eתאריך:\u003c/b\u003e 26-02-2026\u003cbr/\u003e\u003cb\u003eID:\u003c/b\u003e 3867\u003cbr/\u003e\u003cb\u003eFB:\u003c/b\u003e \u003ca href=\u0027https://www.facebook.com/groups/beshvil.yael/posts/3901698166789972/\u0027\u003ehttps://www.facebook.com/groups/beshvil.yael/posts/3901698166789972/\u003c/a\u003e\u003cbr/\u003e\u003cbr/\u003e\u003cimg src=\u0027https://drive.google.com/uc?export=view\u0026amp;id=1gHO_Io0kIjTx5EGLXDxBwfO2pI8kmoTQ\u0027 width=\u0027450\u0027/\u003e\u003cbr/\u003e\u003c/div\u003e",
                                            "tessellate":  -1,
                                            "extrude":  0,
                                            "visibility":  -1
                                        },
                         "geometry":  {
                                          "type":  "Point",
                                          "coordinates":  [
                                                              34.96771,
                                                              29.54868,
                                                              0.0
                                                          ]
                                      }
                     },
                     {
                         "type":  "Feature",
                         "properties":  {
                                            "Name":  "#5000",
                                            "description":  "\u003cdiv dir=\u0027rtl\u0027 style=\u0027font-family:Arial;\u0027\u003e\u003cb\u003eשם:\u003c/b\u003e הדר סגיב\u003cbr/\u003e\u003cb\u003eאתר:\u003c/b\u003e מצפה / מכתש רמון\u003cbr/\u003e\u003cb\u003eתאריך:\u003c/b\u003e 06-06-2025\u003cbr/\u003e\u003cb\u003eID:\u003c/b\u003e 934\u003cbr/\u003e\u003cb\u003eFB:\u003c/b\u003e \u003ca href=\u0027https://www.facebook.com/groups/3235176716775457/posts/3660937930865998/\u0027\u003ehttps://www.facebook.com/groups/3235176716775457/posts/3660937930865998/\u003c/a\u003e\u003cbr/\u003e\u003cbr/\u003e\u003cimg src=\u0027https://drive.google.com/uc?export=view\u0026amp;id=1sI1CQmhcYA1tpYszdqcQVSlAexw1dptX\u0027 width=\u0027450\u0027/\u003e\u003cbr/\u003e\u003c/div\u003e",
                                            "tessellate":  -1,
                                            "extrude":  0,
                                            "visibility":  -1
                                        },
                         "geometry":  {
                                          "type":  "Point",
                                          "coordinates":  [
                                                              34.8025202,
                                                              30.6036912,
                                                              0.0
                                                          ]
                                      }
                     },
                     {
                         "type":  "Feature",
                         "properties":  {
                                            "Name":  "#5000",
                                            "description":  "\u003cdiv dir=\u0027rtl\u0027 style=\u0027font-family:Arial;\u0027\u003e\u003cb\u003eשם:\u003c/b\u003e ‏חגית איגרמן פלד‏\u003cbr/\u003e\u003cb\u003eאתר:\u003c/b\u003e צעדת התצפיתניות\u003cbr/\u003e\u003cb\u003eתאריך:\u003c/b\u003e 27-02-2026\u003cbr/\u003e\u003cb\u003eID:\u003c/b\u003e 3876\u003cbr/\u003e\u003cb\u003eFB:\u003c/b\u003e \u003ca href=\u0027https://www.facebook.com/groups/beshvil.yael/posts/3902502826709506/\u0027\u003ehttps://www.facebook.com/groups/beshvil.yael/posts/3902502826709506/\u003c/a\u003e\u003cbr/\u003e\u003cbr/\u003e\u003cimg src=\u0027https://drive.google.com/uc?export=view\u0026amp;id=1e7-XaNvQwdnABebRQSk3AaCpF2gG9nza\u0027 width=\u0027450\u0027/\u003e\u003cbr/\u003e\u003c/div\u003e",
                                            "tessellate":  -1,
                                            "extrude":  0,
                                            "visibility":  -1
                                        },
                         "geometry":  {
                                          "type":  "Point",
                                          "coordinates":  [
                                                              34.52274,
                                                              31.46495,
                                                              0.0
                                                          ]
                                      }
                     },
                     {
                         "type":  "Feature",
                         "properties":  {
                                            "Name":  "#5015",
                                            "description":  "\u003cdiv dir=\u0027rtl\u0027 style=\u0027font-family:Arial;\u0027\u003e\u003cb\u003eשם:\u003c/b\u003e יוסי מוצפי\u003cbr/\u003e\u003cb\u003eאתר:\u003c/b\u003e חוף געש\u003cbr/\u003e\u003cb\u003eתאריך:\u003c/b\u003e 06-04-2026\u003cbr/\u003e\u003cb\u003eID:\u003c/b\u003e 4061\u003cbr/\u003e\u003cb\u003eFB:\u003c/b\u003e \u003ca href=\u0027https://www.secure.facebook.com/groups/beshvil.yael/posts/3936957083264080/\u0027\u003ehttps://www.secure.facebook.com/groups/beshvil.yael/posts/3936957083264080/\u003c/a\u003e\u003cbr/\u003e\u003cbr/\u003e\u003cimg src=\u0027https://drive.google.com/uc?export=view\u0026amp;id=1lzsWBVakqaqDOFtQMOeXt4_a3Md9FObC\u0027 width=\u0027450\u0027/\u003e\u003cbr/\u003e\u003c/div\u003e",
                                            "tessellate":  -1,
                                            "extrude":  0,
                                            "visibility":  -1
                                        },
                         "geometry":  {
                                          "type":  "Point",
                                          "coordinates":  [
                                                              34.81747,
                                                              32.22367,
                                                              0.0
                                                          ]
                                      }
                     },
                     {
                         "type":  "Feature",
                         "properties":  {
                                            "Name":  "#5016",
                                            "description":  "\u003cdiv dir=\u0027rtl\u0027 style=\u0027font-family:Arial;\u0027\u003e\u003cb\u003eשם:\u003c/b\u003e יוסי מוצפי\u003cbr/\u003e\u003cb\u003eאתר:\u003c/b\u003e קירית אונו\u003cbr/\u003e\u003cb\u003eתאריך:\u003c/b\u003e 21-06-2025\u003cbr/\u003e\u003cb\u003eID:\u003c/b\u003e 1050\u003cbr/\u003e\u003cb\u003eFB:\u003c/b\u003e \u003ca href=\u0027https://www.facebook.com/groups/beshvil.yael/posts/3673929022900222/\u0027\u003ehttps://www.facebook.com/groups/beshvil.yael/posts/3673929022900222/\u003c/a\u003e\u003cbr/\u003e\u003cbr/\u003e\u003cimg src=\u0027https://drive.google.com/uc?export=view\u0026amp;id=1Ntnn6osZtTiuu_Vqqk2lPnpC6XbIl8Wz\u0027 width=\u0027450\u0027/\u003e\u003cbr/\u003e\u003c/div\u003e",
                                            "tessellate":  -1,
                                            "extrude":  0,
                                            "visibility":  -1
                                        },
                         "geometry":  {
                                          "type":  "Point",
                                          "coordinates":  [
                                                              34.8531055,
                                                              32.0608378,
                                                              0.0
                                                          ]
                                      }
                     },
                     {
                         "type":  "Feature",
                         "properties":  {
                                            "Name":  "#5016",
                                            "description":  "\u003cdiv dir=\u0027rtl\u0027 style=\u0027font-family:Arial;\u0027\u003e\u003cb\u003eשם:\u003c/b\u003e יוסי מוצפי\u003cbr/\u003e\u003cb\u003eאתר:\u003c/b\u003e חוף הים\u003cbr/\u003e\u003cb\u003eתאריך:\u003c/b\u003e 20-03-2026\u003cbr/\u003e\u003cb\u003eID:\u003c/b\u003e 3977\u003cbr/\u003e\u003cb\u003eFB:\u003c/b\u003e \u003ca href=\u0027https://www.facebook.com/groups/beshvil.yael/posts/3921205511505904/\u0027\u003ehttps://www.facebook.com/groups/beshvil.yael/posts/3921205511505904/\u003c/a\u003e\u003cbr/\u003e\u003cbr/\u003e\u003cimg src=\u0027https://drive.google.com/uc?export=view\u0026amp;id=1UOvpiTLqSQeysn4ZQkwoXYCNxW7-GAHD\u0027 width=\u0027450\u0027/\u003e\u003cbr/\u003e\u003c/div\u003e",
                                            "tessellate":  -1,
                                            "extrude":  0,
                                            "visibility":  -1
                                        },
                         "geometry":  {
                                          "type":  "Point",
                                          "coordinates":  [
                                                              34.92865,
                                                              32.66945,
                                                              0.0
                                                          ]
                                      }
                     },
                     {
                         "type":  "Feature",
                         "properties":  {
                                            "Name":  "#5017",
                                            "description":  "\u003cdiv dir=\u0027rtl\u0027 style=\u0027font-family:Arial;\u0027\u003e\u003cb\u003eשם:\u003c/b\u003e \u003cbr/\u003e\u003cb\u003eאתר:\u003c/b\u003e עין בוקק\u003cbr/\u003e\u003cb\u003eתאריך:\u003c/b\u003e 01-06-2025\u003cbr/\u003e\u003cb\u003eID:\u003c/b\u003e 867\u003cbr/\u003e\u003cb\u003eFB:\u003c/b\u003e \u003ca href=\u0027https://www.facebook.com/groups/3235176716775457/posts/3656588291300962/\u0027\u003ehttps://www.facebook.com/groups/3235176716775457/posts/3656588291300962/\u003c/a\u003e\u003cbr/\u003e\u003cbr/\u003e\u003cimg src=\u0027https://drive.google.com/uc?export=view\u0026amp;id=1ttZv6bLc08fz-EWK1iCJ5TojIRvY38An\u0027 width=\u0027450\u0027/\u003e\u003cbr/\u003e\u003c/div\u003e",
                                            "tessellate":  -1,
                                            "extrude":  0,
                                            "visibility":  -1
                                        },
                         "geometry":  {
                                          "type":  "Point",
                                          "coordinates":  [
                                                              35.3607375,
                                                              31.1996177,
                                                              0.0
                                                          ]
                                      }
                     },
                     {
                         "type":  "Feature",
                         "properties":  {
                                            "Name":  "#5018",
                                            "description":  "\u003cdiv dir=\u0027rtl\u0027 style=\u0027font-family:Arial;\u0027\u003e\u003cb\u003eשם:\u003c/b\u003e \u003cbr/\u003e\u003cb\u003eאתר:\u003c/b\u003e עין בוקק\u003cbr/\u003e\u003cb\u003eתאריך:\u003c/b\u003e 01-06-2025\u003cbr/\u003e\u003cb\u003eID:\u003c/b\u003e 867\u003cbr/\u003e\u003cb\u003eFB:\u003c/b\u003e \u003ca href=\u0027https://www.facebook.com/groups/3235176716775457/posts/3656588291300962/\u0027\u003ehttps://www.facebook.com/groups/3235176716775457/posts/3656588291300962/\u003c/a\u003e\u003cbr/\u003e\u003cbr/\u003e\u003cimg src=\u0027https://drive.google.com/uc?export=view\u0026amp;id=1ttZv6bLc08fz-EWK1iCJ5TojIRvY38An\u0027 width=\u0027450\u0027/\u003e\u003cbr/\u003e\u003c/div\u003e",
                                            "tessellate":  -1,
                                            "extrude":  0,
                                            "visibility":  -1
                                        },
                         "geometry":  {
                                          "type":  "Point",
                                          "coordinates":  [
                                                              35.3607375,
                                                              31.1998877,
                                                              0.0
                                                          ]
                                      }
                     },
                     {
                         "type":  "Feature",
                         "properties":  {
                                            "Name":  "#5019",
                                            "description":  "\u003cdiv dir=\u0027rtl\u0027 style=\u0027font-family:Arial;\u0027\u003e\u003cb\u003eשם:\u003c/b\u003e \u003cbr/\u003e\u003cb\u003eאתר:\u003c/b\u003e עין בוקק\u003cbr/\u003e\u003cb\u003eתאריך:\u003c/b\u003e 01-06-2025\u003cbr/\u003e\u003cb\u003eID:\u003c/b\u003e 867\u003cbr/\u003e\u003cb\u003eFB:\u003c/b\u003e \u003ca href=\u0027https://www.facebook.com/groups/3235176716775457/posts/3656588291300962/\u0027\u003ehttps://www.facebook.com/groups/3235176716775457/posts/3656588291300962/\u003c/a\u003e\u003cbr/\u003e\u003cbr/\u003e\u003cimg src=\u0027https://drive.google.com/uc?export=view\u0026amp;id=1ttZv6bLc08fz-EWK1iCJ5TojIRvY38An\u0027 width=\u0027450\u0027/\u003e\u003cbr/\u003e\u003c/div\u003e",
                                            "tessellate":  -1,
                                            "extrude":  0,
                                            "visibility":  -1
                                        },
                         "geometry":  {
                                          "type":  "Point",
                                          "coordinates":  [
                                                              35.3607375,
                                                              31.2001577,
                                                              0.0
                                                          ]
                                      }
                     },
                     {
                         "type":  "Feature",
                         "properties":  {
                                            "Name":  "#5020",
                                            "description":  "\u003cdiv dir=\u0027rtl\u0027 style=\u0027font-family:Arial;\u0027\u003e\u003cb\u003eשם:\u003c/b\u003e \u003cbr/\u003e\u003cb\u003eאתר:\u003c/b\u003e עין בוקק\u003cbr/\u003e\u003cb\u003eתאריך:\u003c/b\u003e 01-06-2025\u003cbr/\u003e\u003cb\u003eID:\u003c/b\u003e 867\u003cbr/\u003e\u003cb\u003eFB:\u003c/b\u003e \u003ca href=\u0027https://www.facebook.com/groups/3235176716775457/posts/3656588291300962/\u0027\u003ehttps://www.facebook.com/groups/3235176716775457/posts/3656588291300962/\u003c/a\u003e\u003cbr/\u003e\u003cbr/\u003e\u003cimg src=\u0027https://drive.google.com/uc?export=view\u0026amp;id=1ttZv6bLc08fz-EWK1iCJ5TojIRvY38An\u0027 width=\u0027450\u0027/\u003e\u003cbr/\u003e\u003c/div\u003e",
                                            "tessellate":  -1,
                                            "extrude":  0,
                                            "visibility":  -1
                                        },
                         "geometry":  {
                                          "type":  "Point",
                                          "coordinates":  [
                                                              35.3607375,
                                                              31.2004277,
                                                              0.0
                                                          ]
                                      }
                     },
                     {
                         "type":  "Feature",
                         "properties":  {
                                            "Name":  "#5048",
                                            "description":  "\u003cdiv dir=\u0027rtl\u0027 style=\u0027font-family:Arial;\u0027\u003e\u003cb\u003eשם:\u003c/b\u003e טאניה אורן צ\u0027יפמן\u003cbr/\u003e\u003cb\u003eאתר:\u003c/b\u003e נחל ערוגות\u003cbr/\u003e\u003cb\u003eתאריך:\u003c/b\u003e 11-01-2026\u003cbr/\u003e\u003cb\u003eID:\u003c/b\u003e 3325\u003cbr/\u003e\u003cb\u003eFB:\u003c/b\u003e \u003ca href=\u0027https://www.facebook.com/groups/beshvil.yael/posts/3858581707768285\u0027\u003ehttps://www.facebook.com/groups/beshvil.yael/posts/3858581707768285\u003c/a\u003e\u003cbr/\u003e\u003cbr/\u003e\u003cimg src=\u0027https://drive.google.com/uc?export=view\u0026amp;id=1RCro_VoLsjLYhiX4svg3T_8IEmaLtvWH\u0027 width=\u0027450\u0027/\u003e\u003cbr/\u003e\u003c/div\u003e",
                                            "tessellate":  -1,
                                            "extrude":  0,
                                            "visibility":  -1
                                        },
                         "geometry":  {
                                          "type":  "Point",
                                          "coordinates":  [
                                                              35.28834,
                                                              31.49062,
                                                              0.0
                                                          ]
                                      }
                     },
                     {
                         "type":  "Feature",
                         "properties":  {
                                            "Name":  "#5048",
                                            "description":  "\u003cdiv dir=\u0027rtl\u0027 style=\u0027font-family:Arial;\u0027\u003e\u003cb\u003eשם:\u003c/b\u003e טאניה אורן צ\u0027יפמן\u003cbr/\u003e\u003cb\u003eאתר:\u003c/b\u003e שמורת פורה\u003cbr/\u003e\u003cb\u003eתאריך:\u003c/b\u003e 03-02-2026\u003cbr/\u003e\u003cb\u003eID:\u003c/b\u003e 3568\u003cbr/\u003e\u003cb\u003eFB:\u003c/b\u003e \u003ca href=\u0027https://www.facebook.com/groups/beshvil.yael/posts/3878972252395897/\u0027\u003ehttps://www.facebook.com/groups/beshvil.yael/posts/3878972252395897/\u003c/a\u003e\u003cbr/\u003e\u003cbr/\u003e\u003cimg src=\u0027https://drive.google.com/uc?export=view\u0026amp;id=1uFZsC4knLKBCQ3kQMT5ZHUDs_5QyXthu\u0027 width=\u0027450\u0027/\u003e\u003cbr/\u003e\u003c/div\u003e",
                                            "tessellate":  -1,
                                            "extrude":  0,
                                            "visibility":  -1
                                        },
                         "geometry":  {
                                          "type":  "Point",
                                          "coordinates":  [
                                                              34.77697,
                                                              31.49622,
                                                              0.0
                                                          ]
                                      }
                     },
                     {
                         "type":  "Feature",
                         "properties":  {
                                            "Name":  "#5075",
                                            "description":  "\u003cdiv dir=\u0027rtl\u0027 style=\u0027font-family:Arial;\u0027\u003e\u003cb\u003eשם:\u003c/b\u003e תרצה מרגולין\u003cbr/\u003e\u003cb\u003eאתר:\u003c/b\u003e מיצב משל החמ\u0026quot;ל\u003cbr/\u003e\u003cb\u003eתאריך:\u003c/b\u003e 06-05-2026\u003cbr/\u003e\u003cb\u003eID:\u003c/b\u003e 4362\u003cbr/\u003e\u003cb\u003eFB:\u003c/b\u003e \u003ca href=\u0027https://www.facebook.com/groups/beshvil.yael/posts/3963861400573648\u0027\u003ehttps://www.facebook.com/groups/beshvil.yael/posts/3963861400573648\u003c/a\u003e\u003cbr/\u003e\u003cbr/\u003e\u003cimg src=\u0027https://drive.google.com/uc?export=view\u0026amp;id=1ERJ9SlKUjvv81xSTlQbL9suxdu81AN81\u0027 width=\u0027450\u0027/\u003e\u003cbr/\u003e\u003c/div\u003e",
                                            "tessellate":  -1,
                                            "extrude":  0,
                                            "visibility":  -1
                                        },
                         "geometry":  {
                                          "type":  "Point",
                                          "coordinates":  [
                                                              34.78615,
                                                              32.07758,
                                                              0.0
                                                          ]
                                      }
                     },
                     {
                         "type":  "Feature",
                         "properties":  {
                                            "Name":  "#5105",
                                            "description":  "\u003cdiv dir=\u0027rtl\u0027 style=\u0027font-family:Arial;\u0027\u003e\u003cb\u003eשם:\u003c/b\u003e ליהי בן עטיה\u003cbr/\u003e\u003cb\u003eאתר:\u003c/b\u003e מצפה / מכתש רמון\u003cbr/\u003e\u003cb\u003eתאריך:\u003c/b\u003e 06-09-2025\u003cbr/\u003e\u003cb\u003eID:\u003c/b\u003e 1776\u003cbr/\u003e\u003cb\u003eFB:\u003c/b\u003e \u003ca href=\u0027https://www.facebook.com/groups/beshvil.yael/posts/3742286529397804/\u0027\u003ehttps://www.facebook.com/groups/beshvil.yael/posts/3742286529397804/\u003c/a\u003e\u003cbr/\u003e\u003cbr/\u003e\u003cimg src=\u0027https://drive.google.com/uc?export=view\u0026amp;id=1RaTaFU35oR7JkCw5G3eUz5QDpz2jvdCq\u0027 width=\u0027450\u0027/\u003e\u003cbr/\u003e\u003c/div\u003e",
                                            "tessellate":  -1,
                                            "extrude":  0,
                                            "visibility":  -1
                                        },
                         "geometry":  {
                                          "type":  "Point",
                                          "coordinates":  [
                                                              34.82418,
                                                              30.60943,
                                                              0.0
                                                          ]
                                      }
                     },
                     {
                         "type":  "Feature",
                         "properties":  {
                                            "Name":  "#5105",
                                            "description":  "\u003cdiv dir=\u0027rtl\u0027 style=\u0027font-family:Arial;\u0027\u003e\u003cb\u003eשם:\u003c/b\u003e ליהי בן עטיה\u003cbr/\u003e\u003cb\u003eאתר:\u003c/b\u003e מצפה / מכתש רמון\u003cbr/\u003e\u003cb\u003eתאריך:\u003c/b\u003e 06-10-2025\u003cbr/\u003e\u003cb\u003eID:\u003c/b\u003e 2205\u003cbr/\u003e\u003cb\u003eFB:\u003c/b\u003e \u003ca href=\u0027https://www.facebook.com/groups/beshvil.yael/posts/3771550133138110\u0027\u003ehttps://www.facebook.com/groups/beshvil.yael/posts/3771550133138110\u003c/a\u003e\u003cbr/\u003e\u003cbr/\u003e\u003cimg src=\u0027https://drive.google.com/uc?export=view\u0026amp;id=1BVy8jeK4Dx5dO2wIZF1H3LPCiXZfBVYv\u0027 width=\u0027450\u0027/\u003e\u003cbr/\u003e\u003c/div\u003e",
                                            "tessellate":  -1,
                                            "extrude":  0,
                                            "visibility":  -1
                                        },
                         "geometry":  {
                                          "type":  "Point",
                                          "coordinates":  [
                                                              34.80117,
                                                              30.6094,
                                                              0.0
                                                          ]
                                      }
                     },
                     {
                         "type":  "Feature",
                         "properties":  {
                                            "Name":  "#5105",
                                            "description":  "\u003cdiv dir=\u0027rtl\u0027 style=\u0027font-family:Arial;\u0027\u003e\u003cb\u003eשם:\u003c/b\u003e ליהי בן עטיה\u003cbr/\u003e\u003cb\u003eאתר:\u003c/b\u003e מצפה / מכתש רמון\u003cbr/\u003e\u003cb\u003eתאריך:\u003c/b\u003e 09-10-2025\u003cbr/\u003e\u003cb\u003eID:\u003c/b\u003e 2285\u003cbr/\u003e\u003cb\u003eFB:\u003c/b\u003e \u003ca href=\u0027https://www.facebook.com/groups/beshvil.yael/posts/3774169962876127/\u0027\u003ehttps://www.facebook.com/groups/beshvil.yael/posts/3774169962876127/\u003c/a\u003e\u003cbr/\u003e\u003cbr/\u003e\u003cimg src=\u0027https://drive.google.com/uc?export=view\u0026amp;id=1OAmRxTLsZWJUVD5nUBTGwkrnhjjjBKTe\u0027 width=\u0027450\u0027/\u003e\u003cbr/\u003e\u003c/div\u003e",
                                            "tessellate":  -1,
                                            "extrude":  0,
                                            "visibility":  -1
                                        },
                         "geometry":  {
                                          "type":  "Point",
                                          "coordinates":  [
                                                              34.78744,
                                                              30.61546,
                                                              0.0
                                                          ]
                                      }
                     },
                     {
                         "type":  "Feature",
                         "properties":  {
                                            "Name":  "#5105",
                                            "description":  "\u003cdiv dir=\u0027rtl\u0027 style=\u0027font-family:Arial;\u0027\u003e\u003cb\u003eשם:\u003c/b\u003e ליהי בן עטיה\u003cbr/\u003e\u003cb\u003eאתר:\u003c/b\u003e גבעת התורמוסים\u003cbr/\u003e\u003cb\u003eתאריך:\u003c/b\u003e 20-02-2026\u003cbr/\u003e\u003cb\u003eID:\u003c/b\u003e 3774\u003cbr/\u003e\u003cb\u003eFB:\u003c/b\u003e \u003ca href=\u0027https://www.facebook.com/groups/beshvil.yael/posts/3895700627389726/\u0027\u003ehttps://www.facebook.com/groups/beshvil.yael/posts/3895700627389726/\u003c/a\u003e\u003cbr/\u003e\u003cbr/\u003e\u003cimg src=\u0027https://drive.google.com/uc?export=view\u0026amp;id=1xvEWiv50eWZPDvjvWDIxri5k0weEGi3o\u0027 width=\u0027450\u0027/\u003e\u003cbr/\u003e\u003c/div\u003e",
                                            "tessellate":  -1,
                                            "extrude":  0,
                                            "visibility":  -1
                                        },
                         "geometry":  {
                                          "type":  "Point",
                                          "coordinates":  [
                                                              34.9703028,
                                                              31.6847467,
                                                              0.0
                                                          ]
                                      }
                     },
                     {
                         "type":  "Feature",
                         "properties":  {
                                            "Name":  "#5105",
                                            "description":  "\u003cdiv dir=\u0027rtl\u0027 style=\u0027font-family:Arial;\u0027\u003e\u003cb\u003eשם:\u003c/b\u003e ליהי בן עטיה\u003cbr/\u003e\u003cb\u003eאתר:\u003c/b\u003e מצפה / מכתש רמון\u003cbr/\u003e\u003cb\u003eתאריך:\u003c/b\u003e 11-03-2026\u003cbr/\u003e\u003cb\u003eID:\u003c/b\u003e 3943\u003cbr/\u003e\u003cb\u003eFB:\u003c/b\u003e \u003ca href=\u0027https://www.facebook.com/groups/beshvil.yael/posts/3913155838977538\u0027\u003ehttps://www.facebook.com/groups/beshvil.yael/posts/3913155838977538\u003c/a\u003e\u003cbr/\u003e\u003cbr/\u003e\u003cimg src=\u0027https://drive.google.com/uc?export=view\u0026amp;id=1CVyjQQUDveApUTuWNaS20Q6miiPAaTE3\u0027 width=\u0027450\u0027/\u003e\u003cbr/\u003e\u003c/div\u003e",
                                            "tessellate":  -1,
                                            "extrude":  0,
                                            "visibility":  -1
                                        },
                         "geometry":  {
                                          "type":  "Point",
                                          "coordinates":  [
                                                              34.79465,
                                                              30.60844,
                                                              0.0
                                                          ]
                                      }
                     },
                     {
                         "type":  "Feature",
                         "properties":  {
                                            "Name":  "#5105",
                                            "description":  "\u003cdiv dir=\u0027rtl\u0027 style=\u0027font-family:Arial;\u0027\u003e\u003cb\u003eשם:\u003c/b\u003e ליהי בן עטיה\u003cbr/\u003e\u003cb\u003eאתר:\u003c/b\u003e מצפה / מכתש רמון\u003cbr/\u003e\u003cb\u003eתאריך:\u003c/b\u003e 02-04-2026\u003cbr/\u003e\u003cb\u003eID:\u003c/b\u003e 4026\u003cbr/\u003e\u003cb\u003eFB:\u003c/b\u003e \u003ca href=\u0027https://www.secure.facebook.com/groups/beshvil.yael/posts/3933547500271705/\u0027\u003ehttps://www.secure.facebook.com/groups/beshvil.yael/posts/3933547500271705/\u003c/a\u003e\u003cbr/\u003e\u003cbr/\u003e\u003cimg src=\u0027https://drive.google.com/uc?export=view\u0026amp;id=1Xp6PmSC8sXxn3xwi2fPHXoQ3Iic41KtN\u0027 width=\u0027450\u0027/\u003e\u003cbr/\u003e\u003c/div\u003e",
                                            "tessellate":  -1,
                                            "extrude":  0,
                                            "visibility":  -1
                                        },
                         "geometry":  {
                                          "type":  "Point",
                                          "coordinates":  [
                                                              34.77645,
                                                              30.60527,
                                                              0.0
                                                          ]
                                      }
                     },
                     {
                         "type":  "Feature",
                         "properties":  {
                                            "Name":  "#5107",
                                            "description":  "\u003cdiv dir=\u0027rtl\u0027 style=\u0027font-family:Arial;\u0027\u003e\u003cb\u003eשם:\u003c/b\u003e לימור סביון שדה\u003cbr/\u003e\u003cb\u003eאתר:\u003c/b\u003e יער הקהילתי מודיעין\u003cbr/\u003e\u003cb\u003eתאריך:\u003c/b\u003e 28-10-2025\u003cbr/\u003e\u003cb\u003eID:\u003c/b\u003e 2546\u003cbr/\u003e\u003cb\u003eFB:\u003c/b\u003e \u003ca href=\u0027https://www.facebook.com/groups/beshvil.yael/posts/3793219577637832\u0027\u003ehttps://www.facebook.com/groups/beshvil.yael/posts/3793219577637832\u003c/a\u003e\u003cbr/\u003e\u003cbr/\u003e\u003cimg src=\u0027https://drive.google.com/uc?export=view\u0026amp;id=1Dh7f2oKpQaQVyswyvAeS6ECx9VPaGKbL\u0027 width=\u0027450\u0027/\u003e\u003cbr/\u003e\u003c/div\u003e",
                                            "tessellate":  -1,
                                            "extrude":  0,
                                            "visibility":  -1
                                        },
                         "geometry":  {
                                          "type":  "Point",
                                          "coordinates":  [
                                                              34.96404,
                                                              31.90265,
                                                              0.0
                                                          ]
                                      }
                     },
                     {
                         "type":  "Feature",
                         "properties":  {
                                            "Name":  "#5144",
                                            "description":  "\u003cdiv dir=\u0027rtl\u0027 style=\u0027font-family:Arial;\u0027\u003e\u003cb\u003eשם:\u003c/b\u003e יפה ביינה\u003cbr/\u003e\u003cb\u003eאתר:\u003c/b\u003e מערת המכפלה\u003cbr/\u003e\u003cb\u003eתאריך:\u003c/b\u003e 29-05-2025\u003cbr/\u003e\u003cb\u003eID:\u003c/b\u003e 817\u003cbr/\u003e\u003cb\u003eFB:\u003c/b\u003e \u003ca href=\u0027https://www.facebook.com/groups/3235176716775457/posts/3654102124882912\u0027\u003ehttps://www.facebook.com/groups/3235176716775457/posts/3654102124882912\u003c/a\u003e\u003cbr/\u003e\u003cbr/\u003e\u003cimg src=\u0027https://drive.google.com/uc?export=view\u0026amp;id=1Q2Psf_2uGdMt89ZgQqDFFoRiaw4vSYmr\u0027 width=\u0027450\u0027/\u003e\u003cbr/\u003e\u003c/div\u003e",
                                            "tessellate":  -1,
                                            "extrude":  0,
                                            "visibility":  -1
                                        },
                         "geometry":  {
                                          "type":  "Point",
                                          "coordinates":  [
                                                              35.110719,
                                                              31.5247051,
                                                              0.0
                                                          ]
                                      }
                     },
                     {
                         "type":  "Feature",
                         "properties":  {
                                            "Name":  "#5144",
                                            "description":  "\u003cdiv dir=\u0027rtl\u0027 style=\u0027font-family:Arial;\u0027\u003e\u003cb\u003eשם:\u003c/b\u003e יפה ביינה\u003cbr/\u003e\u003cb\u003eאתר:\u003c/b\u003e תל חי\u003cbr/\u003e\u003cb\u003eתאריך:\u003c/b\u003e 17-11-2025\u003cbr/\u003e\u003cb\u003eID:\u003c/b\u003e 2769\u003cbr/\u003e\u003cb\u003eFB:\u003c/b\u003e \u003ca href=\u0027https://www.facebook.com/groups/beshvil.yael/posts/3812410535718736/\u0027\u003ehttps://www.facebook.com/groups/beshvil.yael/posts/3812410535718736/\u003c/a\u003e\u003cbr/\u003e\u003cbr/\u003e\u003cimg src=\u0027https://drive.google.com/uc?export=view\u0026amp;id=1WjVmuE3ydpuo5lJk661APJ-5wXWMSf6T\u0027 width=\u0027450\u0027/\u003e\u003cbr/\u003e\u003c/div\u003e",
                                            "tessellate":  -1,
                                            "extrude":  0,
                                            "visibility":  -1
                                        },
                         "geometry":  {
                                          "type":  "Point",
                                          "coordinates":  [
                                                              35.57629,
                                                              33.23558,
                                                              0.0
                                                          ]
                                      }
                     },
                     {
                         "type":  "Feature",
                         "properties":  {
                                            "Name":  "#5144",
                                            "description":  "\u003cdiv dir=\u0027rtl\u0027 style=\u0027font-family:Arial;\u0027\u003e\u003cb\u003eשם:\u003c/b\u003e יפה ביינה\u003cbr/\u003e\u003cb\u003eאתר:\u003c/b\u003e הר קנאים\u003cbr/\u003e\u003cb\u003eתאריך:\u003c/b\u003e 08-12-2025\u003cbr/\u003e\u003cb\u003eID:\u003c/b\u003e 3006\u003cbr/\u003e\u003cb\u003eFB:\u003c/b\u003e \u003ca href=\u0027https://www.facebook.com/groups/beshvil.yael/posts/3830477217245401\u0027\u003ehttps://www.facebook.com/groups/beshvil.yael/posts/3830477217245401\u003c/a\u003e\u003cbr/\u003e\u003cbr/\u003e\u003cimg src=\u0027https://drive.google.com/uc?export=view\u0026amp;id=1s_1is3KUtCM4QJMUkgT8a9WKwQZsOCQ1\u0027 width=\u0027450\u0027/\u003e\u003cbr/\u003e\u003c/div\u003e",
                                            "tessellate":  -1,
                                            "extrude":  0,
                                            "visibility":  -1
                                        },
                         "geometry":  {
                                          "type":  "Point",
                                          "coordinates":  [
                                                              35.29752,
                                                              31.30512,
                                                              0.0
                                                          ]
                                      }
                     },
                     {
                         "type":  "Feature",
                         "properties":  {
                                            "Name":  "#5144",
                                            "description":  "\u003cdiv dir=\u0027rtl\u0027 style=\u0027font-family:Arial;\u0027\u003e\u003cb\u003eשם:\u003c/b\u003e יפה ביינה\u003cbr/\u003e\u003cb\u003eאתר:\u003c/b\u003e נחל קרקש\u003cbr/\u003e\u003cb\u003eתאריך:\u003c/b\u003e 16-02-2026\u003cbr/\u003e\u003cb\u003eID:\u003c/b\u003e 3737\u003cbr/\u003e\u003cb\u003eFB:\u003c/b\u003e \u003ca href=\u0027https://www.facebook.com/groups/beshvil.yael/posts/3892205554405900/\u0027\u003ehttps://www.facebook.com/groups/beshvil.yael/posts/3892205554405900/\u003c/a\u003e\u003cbr/\u003e\u003cbr/\u003e\u003cimg src=\u0027https://drive.google.com/uc?export=view\u0026amp;id=1Wg0kIa9w6QmsuTyba2MfpjyKB71wN4k3\u0027 width=\u0027450\u0027/\u003e\u003cbr/\u003e\u003c/div\u003e",
                                            "tessellate":  -1,
                                            "extrude":  0,
                                            "visibility":  -1
                                        },
                         "geometry":  {
                                          "type":  "Point",
                                          "coordinates":  [
                                                              34.76188,
                                                              30.84386,
                                                              0.0
                                                          ]
                                      }
                     },
                     {
                         "type":  "Feature",
                         "properties":  {
                                            "Name":  "#5144",
                                            "description":  "\u003cdiv dir=\u0027rtl\u0027 style=\u0027font-family:Arial;\u0027\u003e\u003cb\u003eשם:\u003c/b\u003e יפה ביינה\u003cbr/\u003e\u003cb\u003eאתר:\u003c/b\u003e עין עבדת\u003cbr/\u003e\u003cb\u003eתאריך:\u003c/b\u003e 16-02-2026\u003cbr/\u003e\u003cb\u003eID:\u003c/b\u003e 3740\u003cbr/\u003e\u003cb\u003eFB:\u003c/b\u003e \u003ca href=\u0027https://www.facebook.com/groups/beshvil.yael/posts/3892235197736269/\u0027\u003ehttps://www.facebook.com/groups/beshvil.yael/posts/3892235197736269/\u003c/a\u003e\u003cbr/\u003e\u003cbr/\u003e\u003cimg src=\u0027https://drive.google.com/uc?export=view\u0026amp;id=1nrrOc8Yi6NdTXPQVeK8tfyB9e6y-M6i_\u0027 width=\u0027450\u0027/\u003e\u003cbr/\u003e\u003c/div\u003e",
                                            "tessellate":  -1,
                                            "extrude":  0,
                                            "visibility":  -1
                                        },
                         "geometry":  {
                                          "type":  "Point",
                                          "coordinates":  [
                                                              34.76252,
                                                              30.82629,
                                                              0.0
                                                          ]
                                      }
                     },
                     {
                         "type":  "Feature",
                         "properties":  {
                                            "Name":  "#5166",
                                            "description":  "\u003cdiv dir=\u0027rtl\u0027 style=\u0027font-family:Arial;\u0027\u003e\u003cb\u003eשם:\u003c/b\u003e זהבה אברהם\u003cbr/\u003e\u003cb\u003eאתר:\u003c/b\u003e נחל הירקון\u003cbr/\u003e\u003cb\u003eתאריך:\u003c/b\u003e 07-06-2025\u003cbr/\u003e\u003cb\u003eID:\u003c/b\u003e 941\u003cbr/\u003e\u003cb\u003eFB:\u003c/b\u003e \u003ca href=\u0027https://www.facebook.com/groups/3235176716775457/posts/3661417660818025\u0027\u003ehttps://www.facebook.com/groups/3235176716775457/posts/3661417660818025\u003c/a\u003e\u003cbr/\u003e\u003cbr/\u003e\u003cimg src=\u0027https://drive.google.com/uc?export=view\u0026amp;id=1Wfl6c15F_aBmJQmaWkrIvBJ0GyHcF6eI\u0027 width=\u0027450\u0027/\u003e\u003cbr/\u003e\u003c/div\u003e",
                                            "tessellate":  -1,
                                            "extrude":  0,
                                            "visibility":  -1
                                        },
                         "geometry":  {
                                          "type":  "Point",
                                          "coordinates":  [
                                                              34.8803394,
                                                              32.1275521,
                                                              0.0
                                                          ]
                                      }
                     },
                     {
                         "type":  "Feature",
                         "properties":  {
                                            "Name":  "#5166",
                                            "description":  "\u003cdiv dir=\u0027rtl\u0027 style=\u0027font-family:Arial;\u0027\u003e\u003cb\u003eשם:\u003c/b\u003e זהבה אברהם\u003cbr/\u003e\u003cb\u003eאתר:\u003c/b\u003e נחל פרת\u003cbr/\u003e\u003cb\u003eתאריך:\u003c/b\u003e 05-07-2025\u003cbr/\u003e\u003cb\u003eID:\u003c/b\u003e 1109\u003cbr/\u003e\u003cb\u003eFB:\u003c/b\u003e \u003ca href=\u0027https://www.facebook.com/groups/beshvil.yael/posts/3686092588350532/\u0027\u003ehttps://www.facebook.com/groups/beshvil.yael/posts/3686092588350532/\u003c/a\u003e\u003cbr/\u003e\u003cbr/\u003e\u003cimg src=\u0027https://drive.google.com/uc?export=view\u0026amp;id=1hkWVqEeiiD7RAenzmJyE5l7cpPU_2PZG\u0027 width=\u0027450\u0027/\u003e\u003cbr/\u003e\u003c/div\u003e",
                                            "tessellate":  -1,
                                            "extrude":  0,
                                            "visibility":  -1
                                        },
                         "geometry":  {
                                          "type":  "Point",
                                          "coordinates":  [
                                                              35.3880454,
                                                              31.8331721,
                                                              0.0
                                                          ]
                                      }
                     },
                     {
                         "type":  "Feature",
                         "properties":  {
                                            "Name":  "#5166",
                                            "description":  "\u003cdiv dir=\u0027rtl\u0027 style=\u0027font-family:Arial;\u0027\u003e\u003cb\u003eשם:\u003c/b\u003e זהבה אברהם\u003cbr/\u003e\u003cb\u003eאתר:\u003c/b\u003e נחל עמוד\u003cbr/\u003e\u003cb\u003eתאריך:\u003c/b\u003e 02-08-2025\u003cbr/\u003e\u003cb\u003eID:\u003c/b\u003e 1367\u003cbr/\u003e\u003cb\u003eFB:\u003c/b\u003e \u003ca href=\u0027https://www.facebook.com/groups/beshvil.yael/posts/3710294055930385/\u0027\u003ehttps://www.facebook.com/groups/beshvil.yael/posts/3710294055930385/\u003c/a\u003e\u003cbr/\u003e\u003cbr/\u003e\u003cimg src=\u0027https://drive.google.com/uc?export=view\u0026amp;id=1mugrlQOX4cImtGcf8E7wTgcAgHL9k2iK\u0027 width=\u0027450\u0027/\u003e\u003cbr/\u003e\u003c/div\u003e",
                                            "tessellate":  -1,
                                            "extrude":  0,
                                            "visibility":  -1
                                        },
                         "geometry":  {
                                          "type":  "Point",
                                          "coordinates":  [
                                                              35.501613,
                                                              32.8739352,
                                                              0.0
                                                          ]
                                      }
                     },
                     {
                         "type":  "Feature",
                         "properties":  {
                                            "Name":  "#5166",
                                            "description":  "\u003cdiv dir=\u0027rtl\u0027 style=\u0027font-family:Arial;\u0027\u003e\u003cb\u003eשם:\u003c/b\u003e זהבה אברהם\u003cbr/\u003e\u003cb\u003eאתר:\u003c/b\u003e נחל שניר\u003cbr/\u003e\u003cb\u003eתאריך:\u003c/b\u003e 05-09-2025\u003cbr/\u003e\u003cb\u003eID:\u003c/b\u003e 1755\u003cbr/\u003e\u003cb\u003eFB:\u003c/b\u003e \u003ca href=\u0027https://www.facebook.com/groups/beshvil.yael/posts/3736144673345323/\u0027\u003ehttps://www.facebook.com/groups/beshvil.yael/posts/3736144673345323/\u003c/a\u003e\u003cbr/\u003e\u003cbr/\u003e\u003cimg src=\u0027https://drive.google.com/uc?export=view\u0026amp;id=152RhnmGYvpcJCzvVVRI7znfy-XxeGWJ_\u0027 width=\u0027450\u0027/\u003e\u003cbr/\u003e\u003c/div\u003e",
                                            "tessellate":  -1,
                                            "extrude":  0,
                                            "visibility":  -1
                                        },
                         "geometry":  {
                                          "type":  "Point",
                                          "coordinates":  [
                                                              35.6197803,
                                                              33.2325258,
                                                              0.0
                                                          ]
                                      }
                     },
                     {
                         "type":  "Feature",
                         "properties":  {
                                            "Name":  "#5166",
                                            "description":  "\u003cdiv dir=\u0027rtl\u0027 style=\u0027font-family:Arial;\u0027\u003e\u003cb\u003eשם:\u003c/b\u003e זהבה אברהם\u003cbr/\u003e\u003cb\u003eאתר:\u003c/b\u003e מבצר יחיעם\u003cbr/\u003e\u003cb\u003eתאריך:\u003c/b\u003e 04-10-2025\u003cbr/\u003e\u003cb\u003eID:\u003c/b\u003e 2150\u003cbr/\u003e\u003cb\u003eFB:\u003c/b\u003e \u003ca href=\u0027https://www.facebook.com/groups/beshvil.yael/posts/3769122550047535\u0027\u003ehttps://www.facebook.com/groups/beshvil.yael/posts/3769122550047535\u003c/a\u003e\u003cbr/\u003e\u003cbr/\u003e\u003cimg src=\u0027https://drive.google.com/uc?export=view\u0026amp;id=1rolgG29CNx2Xn-WIj2BgIZANH7kBc6wl\u0027 width=\u0027450\u0027/\u003e\u003cbr/\u003e\u003c/div\u003e",
                                            "tessellate":  -1,
                                            "extrude":  0,
                                            "visibility":  -1
                                        },
                         "geometry":  {
                                          "type":  "Point",
                                          "coordinates":  [
                                                              35.22133,
                                                              32.99473,
                                                              0.0
                                                          ]
                                      }
                     },
                     {
                         "type":  "Feature",
                         "properties":  {
                                            "Name":  "#5166",
                                            "description":  "\u003cdiv dir=\u0027rtl\u0027 style=\u0027font-family:Arial;\u0027\u003e\u003cb\u003eשם:\u003c/b\u003e זהבה אברהם\u003cbr/\u003e\u003cb\u003eאתר:\u003c/b\u003e הר תבור\u003cbr/\u003e\u003cb\u003eתאריך:\u003c/b\u003e 03-01-2026\u003cbr/\u003e\u003cb\u003eID:\u003c/b\u003e 3261\u003cbr/\u003e\u003cb\u003eFB:\u003c/b\u003e \u003ca href=\u0027https://www.facebook.com/groups/beshvil.yael/posts/3852359351723854/\u0027\u003ehttps://www.facebook.com/groups/beshvil.yael/posts/3852359351723854/\u003c/a\u003e\u003cbr/\u003e\u003cbr/\u003e\u003cimg src=\u0027https://drive.google.com/uc?export=view\u0026amp;id=1BaXn3s72PNYKYQYRtnQLefkuuFRsdTND\u0027 width=\u0027450\u0027/\u003e\u003cbr/\u003e\u003c/div\u003e",
                                            "tessellate":  -1,
                                            "extrude":  0,
                                            "visibility":  -1
                                        },
                         "geometry":  {
                                          "type":  "Point",
                                          "coordinates":  [
                                                              35.38936,
                                                              32.68531,
                                                              0.0
                                                          ]
                                      }
                     },
                     {
                         "type":  "Feature",
                         "properties":  {
                                            "Name":  "#5166",
                                            "description":  "\u003cdiv dir=\u0027rtl\u0027 style=\u0027font-family:Arial;\u0027\u003e\u003cb\u003eשם:\u003c/b\u003e זהבה אברהם\u003cbr/\u003e\u003cb\u003eאתר:\u003c/b\u003e שביל הגולן\u003cbr/\u003e\u003cb\u003eתאריך:\u003c/b\u003e 21-02-2026\u003cbr/\u003e\u003cb\u003eID:\u003c/b\u003e 3811\u003cbr/\u003e\u003cb\u003eFB:\u003c/b\u003e \u003ca href=\u0027https://www.facebook.com/groups/beshvil.yael/posts/3897085447251244/\u0027\u003ehttps://www.facebook.com/groups/beshvil.yael/posts/3897085447251244/\u003c/a\u003e\u003cbr/\u003e\u003cbr/\u003e\u003cimg src=\u0027https://drive.google.com/uc?export=view\u0026amp;id=1w50Qn2qTsgiH33uXxhqj0ga5Oyjrs-Ub\u0027 width=\u0027450\u0027/\u003e\u003cbr/\u003e\u003c/div\u003e",
                                            "tessellate":  -1,
                                            "extrude":  0,
                                            "visibility":  -1
                                        },
                         "geometry":  {
                                          "type":  "Point",
                                          "coordinates":  [
                                                              35.76806,
                                                              33.16453,
                                                              0.0
                                                          ]
                                      }
                     },
                     {
                         "type":  "Feature",
                         "properties":  {
                                            "Name":  "#5166",
                                            "description":  "\u003cdiv dir=\u0027rtl\u0027 style=\u0027font-family:Arial;\u0027\u003e\u003cb\u003eשם:\u003c/b\u003e זהבה אברהם\u003cbr/\u003e\u003cb\u003eאתר:\u003c/b\u003e הר שאול\u003cbr/\u003e\u003cb\u003eתאריך:\u003c/b\u003e 04-04-2026\u003cbr/\u003e\u003cb\u003eID:\u003c/b\u003e 4040\u003cbr/\u003e\u003cb\u003eFB:\u003c/b\u003e \u003ca href=\u0027https://www.secure.facebook.com/groups/beshvil.yael/posts/3935036430122812/\u0027\u003ehttps://www.secure.facebook.com/groups/beshvil.yael/posts/3935036430122812/\u003c/a\u003e\u003cbr/\u003e\u003cbr/\u003e\u003cimg src=\u0027https://drive.google.com/uc?export=view\u0026amp;id=1wYYVpZ6Hr1RU1SDf-cqNl-aaoBgc8Orv\u0027 width=\u0027450\u0027/\u003e\u003cbr/\u003e\u003c/div\u003e",
                                            "tessellate":  -1,
                                            "extrude":  0,
                                            "visibility":  -1
                                        },
                         "geometry":  {
                                          "type":  "Point",
                                          "coordinates":  [
                                                              35.37549,
                                                              32.53613,
                                                              0.0
                                                          ]
                                      }
                     },
                     {
                         "type":  "Feature",
                         "properties":  {
                                            "Name":  "#5167",
                                            "description":  "\u003cdiv dir=\u0027rtl\u0027 style=\u0027font-family:Arial;\u0027\u003e\u003cb\u003eשם:\u003c/b\u003e \u003cbr/\u003e\u003cb\u003eאתר:\u003c/b\u003e נחל הירקון\u003cbr/\u003e\u003cb\u003eתאריך:\u003c/b\u003e 07-06-2025\u003cbr/\u003e\u003cb\u003eID:\u003c/b\u003e 941\u003cbr/\u003e\u003cb\u003eFB:\u003c/b\u003e \u003ca href=\u0027https://www.facebook.com/groups/3235176716775457/posts/3661417660818025\u0027\u003ehttps://www.facebook.com/groups/3235176716775457/posts/3661417660818025\u003c/a\u003e\u003cbr/\u003e\u003cbr/\u003e\u003cimg src=\u0027https://drive.google.com/uc?export=view\u0026amp;id=1Wfl6c15F_aBmJQmaWkrIvBJ0GyHcF6eI\u0027 width=\u0027450\u0027/\u003e\u003cbr/\u003e\u003c/div\u003e",
                                            "tessellate":  -1,
                                            "extrude":  0,
                                            "visibility":  -1
                                        },
                         "geometry":  {
                                          "type":  "Point",
                                          "coordinates":  [
                                                              34.8803394,
                                                              32.1278221,
                                                              0.0
                                                          ]
                                      }
                     },
                     {
                         "type":  "Feature",
                         "properties":  {
                                            "Name":  "#5167",
                                            "description":  "\u003cdiv dir=\u0027rtl\u0027 style=\u0027font-family:Arial;\u0027\u003e\u003cb\u003eשם:\u003c/b\u003e \u003cbr/\u003e\u003cb\u003eאתר:\u003c/b\u003e נחל עמוד\u003cbr/\u003e\u003cb\u003eתאריך:\u003c/b\u003e 02-08-2025\u003cbr/\u003e\u003cb\u003eID:\u003c/b\u003e 1367\u003cbr/\u003e\u003cb\u003eFB:\u003c/b\u003e \u003ca href=\u0027https://www.facebook.com/groups/beshvil.yael/posts/3710294055930385/\u0027\u003ehttps://www.facebook.com/groups/beshvil.yael/posts/3710294055930385/\u003c/a\u003e\u003cbr/\u003e\u003cbr/\u003e\u003cimg src=\u0027https://drive.google.com/uc?export=view\u0026amp;id=1mugrlQOX4cImtGcf8E7wTgcAgHL9k2iK\u0027 width=\u0027450\u0027/\u003e\u003cbr/\u003e\u003c/div\u003e",
                                            "tessellate":  -1,
                                            "extrude":  0,
                                            "visibility":  -1
                                        },
                         "geometry":  {
                                          "type":  "Point",
                                          "coordinates":  [
                                                              35.501613,
                                                              32.8742052,
                                                              0.0
                                                          ]
                                      }
                     },
                     {
                         "type":  "Feature",
                         "properties":  {
                                            "Name":  "#5187",
                                            "description":  "\u003cdiv dir=\u0027rtl\u0027 style=\u0027font-family:Arial;\u0027\u003e\u003cb\u003eשם:\u003c/b\u003e ויקי פרל\u003cbr/\u003e\u003cb\u003eאתר:\u003c/b\u003e שביל הגולן\u003cbr/\u003e\u003cb\u003eתאריך:\u003c/b\u003e 24-04-2026\u003cbr/\u003e\u003cb\u003eID:\u003c/b\u003e 4229\u003cbr/\u003e\u003cb\u003eFB:\u003c/b\u003e \u003ca href=\u0027https://www.facebook.com/groups/beshvil.yael/posts/3952900708336384/\u0027\u003ehttps://www.facebook.com/groups/beshvil.yael/posts/3952900708336384/\u003c/a\u003e\u003cbr/\u003e\u003cbr/\u003e\u003cimg src=\u0027https://drive.google.com/uc?export=view\u0026amp;id=1TWjxIyK1XDJnqW5R57nu-g4SJ21BZvJD\u0027 width=\u0027450\u0027/\u003e\u003cbr/\u003e\u003c/div\u003e",
                                            "tessellate":  -1,
                                            "extrude":  0,
                                            "visibility":  -1
                                        },
                         "geometry":  {
                                          "type":  "Point",
                                          "coordinates":  [
                                                              35.77174,
                                                              33.30653,
                                                              0.0
                                                          ]
                                      }
                     },
                     {
                         "type":  "Feature",
                         "properties":  {
                                            "Name":  "#5281",
                                            "description":  "\u003cdiv dir=\u0027rtl\u0027 style=\u0027font-family:Arial;\u0027\u003e\u003cb\u003eשם:\u003c/b\u003e ענת מוסקוביץ\u0027\u003cbr/\u003e\u003cb\u003eאתר:\u003c/b\u003e אמת המים בגליל המערבי.\u003cbr/\u003e\u003cb\u003eתאריך:\u003c/b\u003e 17-07-2025\u003cbr/\u003e\u003cb\u003eID:\u003c/b\u003e 1217\u003cbr/\u003e\u003cb\u003eFB:\u003c/b\u003e \u003ca href=\u0027https://www.facebook.com/groups/beshvil.yael/posts/3696444060648718/\u0027\u003ehttps://www.facebook.com/groups/beshvil.yael/posts/3696444060648718/\u003c/a\u003e\u003cbr/\u003e\u003cbr/\u003e\u003cimg src=\u0027https://drive.google.com/uc?export=view\u0026amp;id=1l4gSAiWIi_5ZQJZysxJhlcXuhiFLwdkl\u0027 width=\u0027450\u0027/\u003e\u003cbr/\u003e\u003c/div\u003e",
                                            "tessellate":  -1,
                                            "extrude":  0,
                                            "visibility":  -1
                                        },
                         "geometry":  {
                                          "type":  "Point",
                                          "coordinates":  [
                                                              35.0963218,
                                                              32.97566,
                                                              0.0
                                                          ]
                                      }
                     },
                     {
                         "type":  "Feature",
                         "properties":  {
                                            "Name":  "#5281",
                                            "description":  "\u003cdiv dir=\u0027rtl\u0027 style=\u0027font-family:Arial;\u0027\u003e\u003cb\u003eשם:\u003c/b\u003e ענת מוסקוביץ\u0027\u003cbr/\u003e\u003cb\u003eאתר:\u003c/b\u003e נחל נעמן\u003cbr/\u003e\u003cb\u003eתאריך:\u003c/b\u003e 06-09-2025\u003cbr/\u003e\u003cb\u003eID:\u003c/b\u003e 1773\u003cbr/\u003e\u003cb\u003eFB:\u003c/b\u003e \u003ca href=\u0027https://www.facebook.com/groups/beshvil.yael/posts/3742238756069248/\u0027\u003ehttps://www.facebook.com/groups/beshvil.yael/posts/3742238756069248/\u003c/a\u003e\u003cbr/\u003e\u003cbr/\u003e\u003cimg src=\u0027https://drive.google.com/uc?export=view\u0026amp;id=1AXoKtXTQ76x7Ly57Av5xm3zpzC5dvrfU\u0027 width=\u0027450\u0027/\u003e\u003cbr/\u003e\u003c/div\u003e",
                                            "tessellate":  -1,
                                            "extrude":  0,
                                            "visibility":  -1
                                        },
                         "geometry":  {
                                          "type":  "Point",
                                          "coordinates":  [
                                                              35.1055097,
                                                              32.8908216,
                                                              0.0
                                                          ]
                                      }
                     },
                     {
                         "type":  "Feature",
                         "properties":  {
                                            "Name":  "#5281",
                                            "description":  "\u003cdiv dir=\u0027rtl\u0027 style=\u0027font-family:Arial;\u0027\u003e\u003cb\u003eשם:\u003c/b\u003e ענת מוסקוביץ\u0027\u003cbr/\u003e\u003cb\u003eאתר:\u003c/b\u003e נחלנעמן\u003cbr/\u003e\u003cb\u003eתאריך:\u003c/b\u003e 07-10-2025\u003cbr/\u003e\u003cb\u003eID:\u003c/b\u003e 2222\u003cbr/\u003e\u003cb\u003eFB:\u003c/b\u003e \u003ca href=\u0027https://www.facebook.com/groups/beshvil.yael/posts/3772004793092644\u0027\u003ehttps://www.facebook.com/groups/beshvil.yael/posts/3772004793092644\u003c/a\u003e\u003cbr/\u003e\u003cbr/\u003e\u003cimg src=\u0027https://drive.google.com/uc?export=view\u0026amp;id=1QprWoGPYiKaQfzSl65ApcemZnDMq79MU\u0027 width=\u0027450\u0027/\u003e\u003cbr/\u003e\u003c/div\u003e",
                                            "tessellate":  -1,
                                            "extrude":  0,
                                            "visibility":  -1
                                        },
                         "geometry":  {
                                          "type":  "Point",
                                          "coordinates":  [
                                                              35.09084,
                                                              33.01242,
                                                              0.0
                                                          ]
                                      }
                     },
                     {
                         "type":  "Feature",
                         "properties":  {
                                            "Name":  "#5281",
                                            "description":  "\u003cdiv dir=\u0027rtl\u0027 style=\u0027font-family:Arial;\u0027\u003e\u003cb\u003eשם:\u003c/b\u003e ענת מוסקוביץ\u0027\u003cbr/\u003e\u003cb\u003eאתר:\u003c/b\u003e ירכא\u003cbr/\u003e\u003cb\u003eתאריך:\u003c/b\u003e 04-11-2025\u003cbr/\u003e\u003cb\u003eID:\u003c/b\u003e 2614\u003cbr/\u003e\u003cb\u003eFB:\u003c/b\u003e \u003ca href=\u0027https://www.facebook.com/groups/beshvil.yael/posts/3800242003602256\u0027\u003ehttps://www.facebook.com/groups/beshvil.yael/posts/3800242003602256\u003c/a\u003e\u003cbr/\u003e\u003cbr/\u003e\u003cimg src=\u0027https://drive.google.com/uc?export=view\u0026amp;id=1bhDCpEpmcWEnCKFtU0ObCr_ECdxygK8Z\u0027 width=\u0027450\u0027/\u003e\u003cbr/\u003e\u003c/div\u003e",
                                            "tessellate":  -1,
                                            "extrude":  0,
                                            "visibility":  -1
                                        },
                         "geometry":  {
                                          "type":  "Point",
                                          "coordinates":  [
                                                              35.21078,
                                                              32.95514,
                                                              0.0
                                                          ]
                                      }
                     },
                     {
                         "type":  "Feature",
                         "properties":  {
                                            "Name":  "#5281",
                                            "description":  "\u003cdiv dir=\u0027rtl\u0027 style=\u0027font-family:Arial;\u0027\u003e\u003cb\u003eשם:\u003c/b\u003e ענת מוסקוביץ\u0027\u003cbr/\u003e\u003cb\u003eאתר:\u003c/b\u003e עין המפרץ\u003cbr/\u003e\u003cb\u003eתאריך:\u003c/b\u003e 15-05-2026\u003cbr/\u003e\u003cb\u003eID:\u003c/b\u003e 4442\u003cbr/\u003e\u003cb\u003eFB:\u003c/b\u003e \u003ca href=\u0027https://www.facebook.com/groups/beshvil.yael/posts/3972375796388875\u0027\u003ehttps://www.facebook.com/groups/beshvil.yael/posts/3972375796388875\u003c/a\u003e\u003cbr/\u003e\u003cbr/\u003e\u003cimg src=\u0027https://drive.google.com/uc?export=view\u0026amp;id=1dMtwYHI1TjXMMDZODBrnv2XGNUGBLstz\u0027 width=\u0027450\u0027/\u003e\u003cbr/\u003e\u003c/div\u003e",
                                            "tessellate":  -1,
                                            "extrude":  0,
                                            "visibility":  -1
                                        },
                         "geometry":  {
                                          "type":  "Point",
                                          "coordinates":  [
                                                              35.08617,
                                                              32.90632,
                                                              0.0
                                                          ]
                                      }
                     },
                     {
                         "type":  "Feature",
                         "properties":  {
                                            "Name":  "#5287",
                                            "description":  "\u003cdiv dir=\u0027rtl\u0027 style=\u0027font-family:Arial;\u0027\u003e\u003cb\u003eשם:\u003c/b\u003e ירון עובדיה\u003cbr/\u003e\u003cb\u003eאתר:\u003c/b\u003e נחל חזורי\u003cbr/\u003e\u003cb\u003eתאריך:\u003c/b\u003e 08-07-2025\u003cbr/\u003e\u003cb\u003eID:\u003c/b\u003e 1128\u003cbr/\u003e\u003cb\u003eFB:\u003c/b\u003e \u003ca href=\u0027https://www.facebook.com/groups/beshvil.yael/posts/3688367728123018/\u0027\u003ehttps://www.facebook.com/groups/beshvil.yael/posts/3688367728123018/\u003c/a\u003e\u003cbr/\u003e\u003cbr/\u003e\u003cimg src=\u0027https://drive.google.com/uc?export=view\u0026amp;id=1A0nEQx_21_IDQb7UF8fzC9i169oLgmbn\u0027 width=\u0027450\u0027/\u003e\u003cbr/\u003e\u003c/div\u003e",
                                            "tessellate":  -1,
                                            "extrude":  0,
                                            "visibility":  -1
                                        },
                         "geometry":  {
                                          "type":  "Point",
                                          "coordinates":  [
                                                              35.7511799,
                                                              33.2561369,
                                                              0.0
                                                          ]
                                      }
                     },
                     {
                         "type":  "Feature",
                         "properties":  {
                                            "Name":  "#5304",
                                            "description":  "\u003cdiv dir=\u0027rtl\u0027 style=\u0027font-family:Arial;\u0027\u003e\u003cb\u003eשם:\u003c/b\u003e אהובה לבור\u003cbr/\u003e\u003cb\u003eאתר:\u003c/b\u003e כל הצפון\u003cbr/\u003e\u003cb\u003eתאריך:\u003c/b\u003e 31-08-2025\u003cbr/\u003e\u003cb\u003eID:\u003c/b\u003e 1704\u003cbr/\u003e\u003cb\u003eFB:\u003c/b\u003e \u003ca href=\u0027https://www.facebook.com/groups/beshvil.yael/posts/3736863559940101/\u0027\u003ehttps://www.facebook.com/groups/beshvil.yael/posts/3736863559940101/\u003c/a\u003e\u003cbr/\u003e\u003cbr/\u003e\u003cimg src=\u0027https://drive.google.com/uc?export=view\u0026amp;id=1aibfgHfUDBhb0pNN4RtHLjewyqeDFgGu\u0027 width=\u0027450\u0027/\u003e\u003cbr/\u003e\u003c/div\u003e",
                                            "tessellate":  -1,
                                            "extrude":  0,
                                            "visibility":  -1
                                        },
                         "geometry":  {
                                          "type":  "Point",
                                          "coordinates":  [
                                                              35.5476836,
                                                              33.2439829,
                                                              0.0
                                                          ]
                                      }
                     },
                     {
                         "type":  "Feature",
                         "properties":  {
                                            "Name":  "#5307",
                                            "description":  "\u003cdiv dir=\u0027rtl\u0027 style=\u0027font-family:Arial;\u0027\u003e\u003cb\u003eשם:\u003c/b\u003e אהובה לבור\u003cbr/\u003e\u003cb\u003eאתר:\u003c/b\u003e ירושלים\u003cbr/\u003e\u003cb\u003eתאריך:\u003c/b\u003e 19-10-2025\u003cbr/\u003e\u003cb\u003eID:\u003c/b\u003e 2444\u003cbr/\u003e\u003cb\u003eFB:\u003c/b\u003e \u003ca href=\u0027https://www.facebook.com/groups/beshvil.yael/posts/3784247171868406/\u0027\u003ehttps://www.facebook.com/groups/beshvil.yael/posts/3784247171868406/\u003c/a\u003e\u003cbr/\u003e\u003cbr/\u003e\u003cimg src=\u0027https://drive.google.com/uc?export=view\u0026amp;id=1wZyLzEDPjXMo6yP1mBBc9aCRT_UjIu7n\u0027 width=\u0027450\u0027/\u003e\u003cbr/\u003e\u003c/div\u003e",
                                            "tessellate":  -1,
                                            "extrude":  0,
                                            "visibility":  -1
                                        },
                         "geometry":  {
                                          "type":  "Point",
                                          "coordinates":  [
                                                              35.22821,
                                                              31.78081,
                                                              0.0
                                                          ]
                                      }
                     },
                     {
                         "type":  "Feature",
                         "properties":  {
                                            "Name":  "#5308",
                                            "description":  "\u003cdiv dir=\u0027rtl\u0027 style=\u0027font-family:Arial;\u0027\u003e\u003cb\u003eשם:\u003c/b\u003e זנב-סנונית\u003cbr/\u003e\u003cb\u003eאתר:\u003c/b\u003e עין בוקק\u003cbr/\u003e\u003cb\u003eתאריך:\u003c/b\u003e 29-05-2025\u003cbr/\u003e\u003cb\u003eID:\u003c/b\u003e 816\u003cbr/\u003e\u003cb\u003eFB:\u003c/b\u003e \u003ca href=\u0027https://www.facebook.com/groups/3235176716775457/posts/3654098108216647/\u0027\u003ehttps://www.facebook.com/groups/3235176716775457/posts/3654098108216647/\u003c/a\u003e\u003cbr/\u003e\u003cbr/\u003e\u003cimg src=\u0027https://drive.google.com/uc?export=view\u0026amp;id=1PytgR1xQNjkPZeesAAlqspms5yTaaM1_\u0027 width=\u0027450\u0027/\u003e\u003cbr/\u003e\u003c/div\u003e",
                                            "tessellate":  -1,
                                            "extrude":  0,
                                            "visibility":  -1
                                        },
                         "geometry":  {
                                          "type":  "Point",
                                          "coordinates":  [
                                                              35.362522,
                                                              31.200156,
                                                              0.0
                                                          ]
                                      }
                     },
                     {
                         "type":  "Feature",
                         "properties":  {
                                            "Name":  "#5309",
                                            "description":  "\u003cdiv dir=\u0027rtl\u0027 style=\u0027font-family:Arial;\u0027\u003e\u003cb\u003eשם:\u003c/b\u003e \u003cbr/\u003e\u003cb\u003eאתר:\u003c/b\u003e עין בוקק\u003cbr/\u003e\u003cb\u003eתאריך:\u003c/b\u003e 29-05-2025\u003cbr/\u003e\u003cb\u003eID:\u003c/b\u003e 816\u003cbr/\u003e\u003cb\u003eFB:\u003c/b\u003e \u003ca href=\u0027https://www.facebook.com/groups/3235176716775457/posts/3654098108216647/\u0027\u003ehttps://www.facebook.com/groups/3235176716775457/posts/3654098108216647/\u003c/a\u003e\u003cbr/\u003e\u003cbr/\u003e\u003cimg src=\u0027https://drive.google.com/uc?export=view\u0026amp;id=1PytgR1xQNjkPZeesAAlqspms5yTaaM1_\u0027 width=\u0027450\u0027/\u003e\u003cbr/\u003e\u003c/div\u003e",
                                            "tessellate":  -1,
                                            "extrude":  0,
                                            "visibility":  -1
                                        },
                         "geometry":  {
                                          "type":  "Point",
                                          "coordinates":  [
                                                              35.362522,
                                                              31.200426,
                                                              0.0
                                                          ]
                                      }
                     },
                     {
                         "type":  "Feature",
                         "properties":  {
                                            "Name":  "#5311",
                                            "description":  "\u003cdiv dir=\u0027rtl\u0027 style=\u0027font-family:Arial;\u0027\u003e\u003cb\u003eשם:\u003c/b\u003e דניאל קארו-עטר\u003cbr/\u003e\u003cb\u003eאתר:\u003c/b\u003e נחל חמר\u003cbr/\u003e\u003cb\u003eתאריך:\u003c/b\u003e 24-12-2025\u003cbr/\u003e\u003cb\u003eID:\u003c/b\u003e 3153\u003cbr/\u003e\u003cb\u003eFB:\u003c/b\u003e \u003ca href=\u0027https://www.facebook.com/groups/beshvil.yael/posts/3843881445904978/\u0027\u003ehttps://www.facebook.com/groups/beshvil.yael/posts/3843881445904978/\u003c/a\u003e\u003cbr/\u003e\u003cbr/\u003e\u003cimg src=\u0027https://drive.google.com/uc?export=view\u0026amp;id=19JSGBgu31hCebxIQg1WQfc9yZE9OE2Ht\u0027 width=\u0027450\u0027/\u003e\u003cbr/\u003e\u003c/div\u003e",
                                            "tessellate":  -1,
                                            "extrude":  0,
                                            "visibility":  -1
                                        },
                         "geometry":  {
                                          "type":  "Point",
                                          "coordinates":  [
                                                              35.21655,
                                                              31.14798,
                                                              0.0
                                                          ]
                                      }
                     },
                     {
                         "type":  "Feature",
                         "properties":  {
                                            "Name":  "#5311",
                                            "description":  "\u003cdiv dir=\u0027rtl\u0027 style=\u0027font-family:Arial;\u0027\u003e\u003cb\u003eשם:\u003c/b\u003e דניאל קארו-עטר\u003cbr/\u003e\u003cb\u003eאתר:\u003c/b\u003e נחל רחף\u003cbr/\u003e\u003cb\u003eתאריך:\u003c/b\u003e 04-04-2026\u003cbr/\u003e\u003cb\u003eID:\u003c/b\u003e 4035\u003cbr/\u003e\u003cb\u003eFB:\u003c/b\u003e \u003ca href=\u0027https://www.secure.facebook.com/groups/beshvil.yael/posts/3934915520134903\u0027\u003ehttps://www.secure.facebook.com/groups/beshvil.yael/posts/3934915520134903\u003c/a\u003e\u003cbr/\u003e\u003cbr/\u003e\u003cimg src=\u0027https://drive.google.com/uc?export=view\u0026amp;id=1r-ZQuahQDvyUVZAqEib5hiPFaqwWAtAF\u0027 width=\u0027450\u0027/\u003e\u003cbr/\u003e\u003c/div\u003e",
                                            "tessellate":  -1,
                                            "extrude":  0,
                                            "visibility":  -1
                                        },
                         "geometry":  {
                                          "type":  "Point",
                                          "coordinates":  [
                                                              35.35731,
                                                              31.27875,
                                                              0.0
                                                          ]
                                      }
                     },
                     {
                         "type":  "Feature",
                         "properties":  {
                                            "Name":  "#5332",
                                            "description":  "\u003cdiv dir=\u0027rtl\u0027 style=\u0027font-family:Arial;\u0027\u003e\u003cb\u003eשם:\u003c/b\u003e \u003cbr/\u003e\u003cb\u003eאתר:\u003c/b\u003e מערת סומק\u003cbr/\u003e\u003cb\u003eתאריך:\u003c/b\u003e 03-01-2026\u003cbr/\u003e\u003cb\u003eID:\u003c/b\u003e 3254\u003cbr/\u003e\u003cb\u003eFB:\u003c/b\u003e \u003ca href=\u0027https://www.facebook.com/groups/beshvil.yael/posts/3852136231746166\u0027\u003ehttps://www.facebook.com/groups/beshvil.yael/posts/3852136231746166\u003c/a\u003e\u003cbr/\u003e\u003cbr/\u003e\u003cimg src=\u0027https://drive.google.com/uc?export=view\u0026amp;id=1cZ6pIC4-a2m4YKuc4E6oSpzAy5U7OL8h\u0027 width=\u0027450\u0027/\u003e\u003cbr/\u003e\u003c/div\u003e",
                                            "tessellate":  -1,
                                            "extrude":  0,
                                            "visibility":  -1
                                        },
                         "geometry":  {
                                          "type":  "Point",
                                          "coordinates":  [
                                                              35.03995,
                                                              32.67202,
                                                              0.0
                                                          ]
                                      }
                     },
                     {
                         "type":  "Feature",
                         "properties":  {
                                            "Name":  "#5343",
                                            "description":  "\u003cdiv dir=\u0027rtl\u0027 style=\u0027font-family:Arial;\u0027\u003e\u003cb\u003eשם:\u003c/b\u003e רמי פז-הר\u003cbr/\u003e\u003cb\u003eאתר:\u003c/b\u003e נחל דן\u003cbr/\u003e\u003cb\u003eתאריך:\u003c/b\u003e 31-05-2025\u003cbr/\u003e\u003cb\u003eID:\u003c/b\u003e 851\u003cbr/\u003e\u003cb\u003eFB:\u003c/b\u003e \u003ca href=\u0027https://www.facebook.com/groups/3235176716775457/posts/3655795591380232/\u0027\u003ehttps://www.facebook.com/groups/3235176716775457/posts/3655795591380232/\u003c/a\u003e\u003cbr/\u003e\u003cbr/\u003e\u003cimg src=\u0027https://drive.google.com/uc?export=view\u0026amp;id=1He7UonVxASpXhP2lj5mrYKjTlS30gNzH\u0027 width=\u0027450\u0027/\u003e\u003cbr/\u003e\u003c/div\u003e",
                                            "tessellate":  -1,
                                            "extrude":  0,
                                            "visibility":  -1
                                        },
                         "geometry":  {
                                          "type":  "Point",
                                          "coordinates":  [
                                                              35.649083,
                                                              33.2458733,
                                                              0.0
                                                          ]
                                      }
                     },
                     {
                         "type":  "Feature",
                         "properties":  {
                                            "Name":  "#5368",
                                            "description":  "\u003cdiv dir=\u0027rtl\u0027 style=\u0027font-family:Arial;\u0027\u003e\u003cb\u003eשם:\u003c/b\u003e דפני כגן\u003cbr/\u003e\u003cb\u003eאתר:\u003c/b\u003e מואה, נווה מדבר\u003cbr/\u003e\u003cb\u003eתאריך:\u003c/b\u003e 12-06-2025\u003cbr/\u003e\u003cb\u003eID:\u003c/b\u003e 999\u003cbr/\u003e\u003cb\u003eFB:\u003c/b\u003e \u003ca href=\u0027https://www.facebook.com/groups/beshvil.yael/posts/3665688720390919/\u0027\u003ehttps://www.facebook.com/groups/beshvil.yael/posts/3665688720390919/\u003c/a\u003e\u003cbr/\u003e\u003cbr/\u003e\u003cimg src=\u0027https://drive.google.com/uc?export=view\u0026amp;id=19f3MG75jzbD8uR-gPDOMfuDghzDf4Ca7\u0027 width=\u0027450\u0027/\u003e\u003cbr/\u003e\u003c/div\u003e",
                                            "tessellate":  -1,
                                            "extrude":  0,
                                            "visibility":  -1
                                        },
                         "geometry":  {
                                          "type":  "Point",
                                          "coordinates":  [
                                                              35.1654391,
                                                              30.5524099,
                                                              0.0
                                                          ]
                                      }
                     },
                     {
                         "type":  "Feature",
                         "properties":  {
                                            "Name":  "#5369",
                                            "description":  "\u003cdiv dir=\u0027rtl\u0027 style=\u0027font-family:Arial;\u0027\u003e\u003cb\u003eשם:\u003c/b\u003e גילה רון סעדה\u003cbr/\u003e\u003cb\u003eאתר:\u003c/b\u003e עיו איוב\u003cbr/\u003e\u003cb\u003eתאריך:\u003c/b\u003e 10-08-2025\u003cbr/\u003e\u003cb\u003eID:\u003c/b\u003e 1478\u003cbr/\u003e\u003cb\u003eFB:\u003c/b\u003e \u003ca href=\u0027https://www.facebook.com/groups/beshvil.yael/posts/3717476591878798\u0027\u003ehttps://www.facebook.com/groups/beshvil.yael/posts/3717476591878798\u003c/a\u003e\u003cbr/\u003e\u003cbr/\u003e\u003cimg src=\u0027https://drive.google.com/uc?export=view\u0026amp;id=1IddszQdpJqQzvaJtjwrxhid9Dqz2DByH\u0027 width=\u0027450\u0027/\u003e\u003cbr/\u003e\u003c/div\u003e",
                                            "tessellate":  -1,
                                            "extrude":  0,
                                            "visibility":  -1
                                        },
                         "geometry":  {
                                          "type":  "Point",
                                          "coordinates":  [
                                                              35.552059,
                                                              32.8721138,
                                                              0.0
                                                          ]
                                      }
                     },
                     {
                         "type":  "Feature",
                         "properties":  {
                                            "Name":  "#5396",
                                            "description":  "\u003cdiv dir=\u0027rtl\u0027 style=\u0027font-family:Arial;\u0027\u003e\u003cb\u003eשם:\u003c/b\u003e דפני כגן\u003cbr/\u003e\u003cb\u003eאתר:\u003c/b\u003e עין עבדת\u003cbr/\u003e\u003cb\u003eתאריך:\u003c/b\u003e 26-02-0202\u003cbr/\u003e\u003cb\u003eID:\u003c/b\u003e 3861\u003cbr/\u003e\u003cb\u003eFB:\u003c/b\u003e \u003ca href=\u0027https://www.facebook.com/groups/beshvil.yael/posts/3901400726819716/\u0027\u003ehttps://www.facebook.com/groups/beshvil.yael/posts/3901400726819716/\u003c/a\u003e\u003cbr/\u003e\u003cbr/\u003e\u003cimg src=\u0027https://drive.google.com/uc?export=view\u0026amp;id=19j1ISlRkvoy-C6SzyzcYce2EsSjrV-xs\u0027 width=\u0027450\u0027/\u003e\u003cbr/\u003e\u003c/div\u003e",
                                            "tessellate":  -1,
                                            "extrude":  0,
                                            "visibility":  -1
                                        },
                         "geometry":  {
                                          "type":  "Point",
                                          "coordinates":  [
                                                              34.76231,
                                                              30.82596,
                                                              0.0
                                                          ]
                                      }
                     },
                     {
                         "type":  "Feature",
                         "properties":  {
                                            "Name":  "#5396",
                                            "description":  "\u003cdiv dir=\u0027rtl\u0027 style=\u0027font-family:Arial;\u0027\u003e\u003cb\u003eשם:\u003c/b\u003e דפני כגן\u003cbr/\u003e\u003cb\u003eאתר:\u003c/b\u003e מצפה / מכתש רמון\u003cbr/\u003e\u003cb\u003eתאריך:\u003c/b\u003e 13-11-2025\u003cbr/\u003e\u003cb\u003eID:\u003c/b\u003e 2710\u003cbr/\u003e\u003cb\u003eFB:\u003c/b\u003e \u003ca href=\u0027https://www.facebook.com/groups/3235176716775457/user/1501543943\u0027\u003ehttps://www.facebook.com/groups/3235176716775457/user/1501543943\u003c/a\u003e\u003cbr/\u003e\u003cbr/\u003e\u003cimg src=\u0027https://drive.google.com/uc?export=view\u0026amp;id=1srNM1hNHH998Ah8_5EPsUn_XdYycS_Q0\u0027 width=\u0027450\u0027/\u003e\u003cbr/\u003e\u003c/div\u003e",
                                            "tessellate":  -1,
                                            "extrude":  0,
                                            "visibility":  -1
                                        },
                         "geometry":  {
                                          "type":  "Point",
                                          "coordinates":  [
                                                              34.79298,
                                                              30.60921,
                                                              0.0
                                                          ]
                                      }
                     },
                     {
                         "type":  "Feature",
                         "properties":  {
                                            "Name":  "#5396",
                                            "description":  "\u003cdiv dir=\u0027rtl\u0027 style=\u0027font-family:Arial;\u0027\u003e\u003cb\u003eשם:\u003c/b\u003e דפני כגן\u003cbr/\u003e\u003cb\u003eאתר:\u003c/b\u003e פארק הצפרות\u003cbr/\u003e\u003cb\u003eתאריך:\u003c/b\u003e 14-11-2025\u003cbr/\u003e\u003cb\u003eID:\u003c/b\u003e 2727\u003cbr/\u003e\u003cb\u003eFB:\u003c/b\u003e \u003ca href=\u0027https://www.facebook.com/groups/beshvil.yael/posts/3809352899357833\u0027\u003ehttps://www.facebook.com/groups/beshvil.yael/posts/3809352899357833\u003c/a\u003e\u003cbr/\u003e\u003cbr/\u003e\u003cimg src=\u0027https://drive.google.com/uc?export=view\u0026amp;id=1dNl18ZpClnGi0YN9UYSNveiRniojMtqM\u0027 width=\u0027450\u0027/\u003e\u003cbr/\u003e\u003c/div\u003e",
                                            "tessellate":  -1,
                                            "extrude":  0,
                                            "visibility":  -1
                                        },
                         "geometry":  {
                                          "type":  "Point",
                                          "coordinates":  [
                                                              34.97197,
                                                              29.57265,
                                                              0.0
                                                          ]
                                      }
                     },
                     {
                         "type":  "Feature",
                         "properties":  {
                                            "Name":  "#5396",
                                            "description":  "\u003cdiv dir=\u0027rtl\u0027 style=\u0027font-family:Arial;\u0027\u003e\u003cb\u003eשם:\u003c/b\u003e דפני כגן\u003cbr/\u003e\u003cb\u003eאתר:\u003c/b\u003e אילת השחר\u003cbr/\u003e\u003cb\u003eתאריך:\u003c/b\u003e 29-11-2025\u003cbr/\u003e\u003cb\u003eID:\u003c/b\u003e 2896\u003cbr/\u003e\u003cb\u003eFB:\u003c/b\u003e \u003ca href=\u0027https://www.facebook.com/groups/beshvil.yael/posts/3822404471386009\u0027\u003ehttps://www.facebook.com/groups/beshvil.yael/posts/3822404471386009\u003c/a\u003e\u003cbr/\u003e\u003cbr/\u003e\u003cimg src=\u0027https://drive.google.com/uc?export=view\u0026amp;id=1Qh_-lBG6nD-dZ4cj_JQ3bpQSO1znd6VZ\u0027 width=\u0027450\u0027/\u003e\u003cbr/\u003e\u003c/div\u003e",
                                            "tessellate":  -1,
                                            "extrude":  0,
                                            "visibility":  -1
                                        },
                         "geometry":  {
                                          "type":  "Point",
                                          "coordinates":  [
                                                              35.57982,
                                                              33.02399,
                                                              0.0
                                                          ]
                                      }
                     },
                     {
                         "type":  "Feature",
                         "properties":  {
                                            "Name":  "#5396",
                                            "description":  "\u003cdiv dir=\u0027rtl\u0027 style=\u0027font-family:Arial;\u0027\u003e\u003cb\u003eשם:\u003c/b\u003e דפני כגן\u003cbr/\u003e\u003cb\u003eאתר:\u003c/b\u003e הג\u0027ובה הגדולה\u003cbr/\u003e\u003cb\u003eתאריך:\u003c/b\u003e 26-12-2025\u003cbr/\u003e\u003cb\u003eID:\u003c/b\u003e 3166\u003cbr/\u003e\u003cb\u003eFB:\u003c/b\u003e \u003ca href=\u0027https://www.facebook.com/groups/beshvil.yael/posts/3845241682435621\u0027\u003ehttps://www.facebook.com/groups/beshvil.yael/posts/3845241682435621\u003c/a\u003e\u003cbr/\u003e\u003cbr/\u003e\u003cimg src=\u0027https://drive.google.com/uc?export=view\u0026amp;id=1SKLQk0coXglxXLiLfYbzCTEDioDiLLXY\u0027 width=\u0027450\u0027/\u003e\u003cbr/\u003e\u003c/div\u003e",
                                            "tessellate":  -1,
                                            "extrude":  0,
                                            "visibility":  -1
                                        },
                         "geometry":  {
                                          "type":  "Point",
                                          "coordinates":  [
                                                              35.73375,
                                                              33.20887,
                                                              0.0
                                                          ]
                                      }
                     },
                     {
                         "type":  "Feature",
                         "properties":  {
                                            "Name":  "#5396",
                                            "description":  "\u003cdiv dir=\u0027rtl\u0027 style=\u0027font-family:Arial;\u0027\u003e\u003cb\u003eשם:\u003c/b\u003e דפני כגן\u003cbr/\u003e\u003cb\u003eאתר:\u003c/b\u003e אבן יהודה\u003cbr/\u003e\u003cb\u003eתאריך:\u003c/b\u003e 21-02-2026\u003cbr/\u003e\u003cb\u003eID:\u003c/b\u003e 3791\u003cbr/\u003e\u003cb\u003eFB:\u003c/b\u003e \u003ca href=\u0027https://www.facebook.com/groups/beshvil.yael/posts/3896693903957065/\u0027\u003ehttps://www.facebook.com/groups/beshvil.yael/posts/3896693903957065/\u003c/a\u003e\u003cbr/\u003e\u003cbr/\u003e\u003cimg src=\u0027https://drive.google.com/uc?export=view\u0026amp;id=1dzsVU0HdDSoq_ABKWa85lC7OWl82ptpF\u0027 width=\u0027450\u0027/\u003e\u003cbr/\u003e\u003c/div\u003e",
                                            "tessellate":  -1,
                                            "extrude":  0,
                                            "visibility":  -1
                                        },
                         "geometry":  {
                                          "type":  "Point",
                                          "coordinates":  [
                                                              34.87456,
                                                              32.26877,
                                                              0.0
                                                          ]
                                      }
                     },
                     {
                         "type":  "Feature",
                         "properties":  {
                                            "Name":  "#5399",
                                            "description":  "\u003cdiv dir=\u0027rtl\u0027 style=\u0027font-family:Arial;\u0027\u003e\u003cb\u003eשם:\u003c/b\u003e אורלי רוט\u003cbr/\u003e\u003cb\u003eאתר:\u003c/b\u003e ירושלים\u003cbr/\u003e\u003cb\u003eתאריך:\u003c/b\u003e 02-07-2025\u003cbr/\u003e\u003cb\u003eID:\u003c/b\u003e 1079\u003cbr/\u003e\u003cb\u003eFB:\u003c/b\u003e \u003ca href=\u0027https://www.facebook.com/groups/beshvil.yael/posts/3683281185298339\u0027\u003ehttps://www.facebook.com/groups/beshvil.yael/posts/3683281185298339\u003c/a\u003e\u003cbr/\u003e\u003cbr/\u003e\u003cimg src=\u0027https://drive.google.com/uc?export=view\u0026amp;id=1ggsqOt9ZXvwkUFs39aPkscl3KEy9TJ-M\u0027 width=\u0027450\u0027/\u003e\u003cbr/\u003e\u003c/div\u003e",
                                            "tessellate":  -1,
                                            "extrude":  0,
                                            "visibility":  -1
                                        },
                         "geometry":  {
                                          "type":  "Point",
                                          "coordinates":  [
                                                              35.2016822,
                                                              31.7753013,
                                                              0.0
                                                          ]
                                      }
                     },
                     {
                         "type":  "Feature",
                         "properties":  {
                                            "Name":  "#5399",
                                            "description":  "\u003cdiv dir=\u0027rtl\u0027 style=\u0027font-family:Arial;\u0027\u003e\u003cb\u003eשם:\u003c/b\u003e אורלי רוט\u003cbr/\u003e\u003cb\u003eאתר:\u003c/b\u003e טבריה\u003cbr/\u003e\u003cb\u003eתאריך:\u003c/b\u003e 13-07-2025\u003cbr/\u003e\u003cb\u003eID:\u003c/b\u003e 1177\u003cbr/\u003e\u003cb\u003eFB:\u003c/b\u003e \u003ca href=\u0027https://www.facebook.com/groups/beshvil.yael/posts/3692895957670195/\u0027\u003ehttps://www.facebook.com/groups/beshvil.yael/posts/3692895957670195/\u003c/a\u003e\u003cbr/\u003e\u003cbr/\u003e\u003cimg src=\u0027https://drive.google.com/uc?export=view\u0026amp;id=1iFbM3Q6VXrlldZyCuuPhNPjtSHV8Zja0\u0027 width=\u0027450\u0027/\u003e\u003cbr/\u003e\u003c/div\u003e",
                                            "tessellate":  -1,
                                            "extrude":  0,
                                            "visibility":  -1
                                        },
                         "geometry":  {
                                          "type":  "Point",
                                          "coordinates":  [
                                                              35.546251,
                                                              32.7846032,
                                                              0.0
                                                          ]
                                      }
                     },
                     {
                         "type":  "Feature",
                         "properties":  {
                                            "Name":  "#5402",
                                            "description":  "\u003cdiv dir=\u0027rtl\u0027 style=\u0027font-family:Arial;\u0027\u003e\u003cb\u003eשם:\u003c/b\u003e יעקב עזרא\u003cbr/\u003e\u003cb\u003eאתר:\u003c/b\u003e עמק המעיונות\u003cbr/\u003e\u003cb\u003eתאריך:\u003c/b\u003e 31-05-2025\u003cbr/\u003e\u003cb\u003eID:\u003c/b\u003e 842\u003cbr/\u003e\u003cb\u003eFB:\u003c/b\u003e \u003ca href=\u0027https://www.facebook.com/groups/3235176716775457/posts/3655599811399810/\u0027\u003ehttps://www.facebook.com/groups/3235176716775457/posts/3655599811399810/\u003c/a\u003e\u003cbr/\u003e\u003cbr/\u003e\u003cimg src=\u0027https://drive.google.com/uc?export=view\u0026amp;id=1GdDgSSPeYaRQS7PmOB8ZwbduoxmV2KM3\u0027 width=\u0027450\u0027/\u003e\u003cbr/\u003e\u003c/div\u003e",
                                            "tessellate":  -1,
                                            "extrude":  0,
                                            "visibility":  -1
                                        },
                         "geometry":  {
                                          "type":  "Point",
                                          "coordinates":  [
                                                              35.5000999,
                                                              32.4583073,
                                                              0.0
                                                          ]
                                      }
                     },
                     {
                         "type":  "Feature",
                         "properties":  {
                                            "Name":  "#5402",
                                            "description":  "\u003cdiv dir=\u0027rtl\u0027 style=\u0027font-family:Arial;\u0027\u003e\u003cb\u003eשם:\u003c/b\u003e יעקב עזרא\u003cbr/\u003e\u003cb\u003eאתר:\u003c/b\u003e כתף שאול, הר הגלבוע\u003cbr/\u003e\u003cb\u003eתאריך:\u003c/b\u003e 02-06-2025\u003cbr/\u003e\u003cb\u003eID:\u003c/b\u003e 882\u003cbr/\u003e\u003cb\u003eFB:\u003c/b\u003e \u003ca href=\u0027https://www.facebook.com/groups/3235176716775457/posts/3657312067895251/\u0027\u003ehttps://www.facebook.com/groups/3235176716775457/posts/3657312067895251/\u003c/a\u003e\u003cbr/\u003e\u003cbr/\u003e\u003cimg src=\u0027https://drive.google.com/uc?export=view\u0026amp;id=18TSV5gQ-jeRf89C1LmTz-quBXUKvAVkT\u0027 width=\u0027450\u0027/\u003e\u003cbr/\u003e\u003c/div\u003e",
                                            "tessellate":  -1,
                                            "extrude":  0,
                                            "visibility":  -1
                                        },
                         "geometry":  {
                                          "type":  "Point",
                                          "coordinates":  [
                                                              35.3739124,
                                                              32.5270266,
                                                              0.0
                                                          ]
                                      }
                     },
                     {
                         "type":  "Feature",
                         "properties":  {
                                            "Name":  "#5402",
                                            "description":  "\u003cdiv dir=\u0027rtl\u0027 style=\u0027font-family:Arial;\u0027\u003e\u003cb\u003eשם:\u003c/b\u003e יעקב עזרא\u003cbr/\u003e\u003cb\u003eאתר:\u003c/b\u003e האסי הקטן\u003cbr/\u003e\u003cb\u003eתאריך:\u003c/b\u003e 07-06-2025\u003cbr/\u003e\u003cb\u003eID:\u003c/b\u003e 944\u003cbr/\u003e\u003cb\u003eFB:\u003c/b\u003e \u003ca href=\u0027https://www.facebook.com/groups/3235176716775457/posts/3661543237472134/\u0027\u003ehttps://www.facebook.com/groups/3235176716775457/posts/3661543237472134/\u003c/a\u003e\u003cbr/\u003e\u003cbr/\u003e\u003cimg src=\u0027https://drive.google.com/uc?export=view\u0026amp;id=1tgHuSaZ1GRDQ4X-EEEagU9Rr-EyDJweM\u0027 width=\u0027450\u0027/\u003e\u003cbr/\u003e\u003c/div\u003e",
                                            "tessellate":  -1,
                                            "extrude":  0,
                                            "visibility":  -1
                                        },
                         "geometry":  {
                                          "type":  "Point",
                                          "coordinates":  [
                                                              35.506307,
                                                              32.4525144,
                                                              0.0
                                                          ]
                                      }
                     },
                     {
                         "type":  "Feature",
                         "properties":  {
                                            "Name":  "#5402",
                                            "description":  "\u003cdiv dir=\u0027rtl\u0027 style=\u0027font-family:Arial;\u0027\u003e\u003cb\u003eשם:\u003c/b\u003e יעקב עזרא\u003cbr/\u003e\u003cb\u003eאתר:\u003c/b\u003e גשר הקנטרה\u003cbr/\u003e\u003cb\u003eתאריך:\u003c/b\u003e 08-06-2025\u003cbr/\u003e\u003cb\u003eID:\u003c/b\u003e 949\u003cbr/\u003e\u003cb\u003eFB:\u003c/b\u003e \u003ca href=\u0027https://www.facebook.com/groups/3235176716775457/posts/3662272570732534\u0027\u003ehttps://www.facebook.com/groups/3235176716775457/posts/3662272570732534\u003c/a\u003e\u003cbr/\u003e\u003cbr/\u003e\u003cimg src=\u0027https://drive.google.com/uc?export=view\u0026amp;id=1cBb3ktbmhDK-I7pyVHjnO_cA1j9Bs21i\u0027 width=\u0027450\u0027/\u003e\u003cbr/\u003e\u003c/div\u003e",
                                            "tessellate":  -1,
                                            "extrude":  0,
                                            "visibility":  -1
                                        },
                         "geometry":  {
                                          "type":  "Point",
                                          "coordinates":  [
                                                              35.4753,
                                                              32.5094,
                                                              0.0
                                                          ]
                                      }
                     },
                     {
                         "type":  "Feature",
                         "properties":  {
                                            "Name":  "#5402",
                                            "description":  "\u003cdiv dir=\u0027rtl\u0027 style=\u0027font-family:Arial;\u0027\u003e\u003cb\u003eשם:\u003c/b\u003e יעקב עזרא\u003cbr/\u003e\u003cb\u003eאתר:\u003c/b\u003e עין מגדל\u003cbr/\u003e\u003cb\u003eתאריך:\u003c/b\u003e 15-06-2025\u003cbr/\u003e\u003cb\u003eID:\u003c/b\u003e 1019\u003cbr/\u003e\u003cb\u003eFB:\u003c/b\u003e \u003ca href=\u0027https://www.facebook.com/groups/beshvil.yael/posts/3668446123448512/\u0027\u003ehttps://www.facebook.com/groups/beshvil.yael/posts/3668446123448512/\u003c/a\u003e\u003cbr/\u003e\u003cbr/\u003e\u003cimg src=\u0027https://drive.google.com/uc?export=view\u0026amp;id=1DkNqqJfxqCS31kQ7Y5X4xxDDM71B8OfF\u0027 width=\u0027450\u0027/\u003e\u003cbr/\u003e\u003c/div\u003e",
                                            "tessellate":  -1,
                                            "extrude":  0,
                                            "visibility":  -1
                                        },
                         "geometry":  {
                                          "type":  "Point",
                                          "coordinates":  [
                                                              35.4494444,
                                                              32.5030556,
                                                              0.0
                                                          ]
                                      }
                     },
                     {
                         "type":  "Feature",
                         "properties":  {
                                            "Name":  "#5402",
                                            "description":  "\u003cdiv dir=\u0027rtl\u0027 style=\u0027font-family:Arial;\u0027\u003e\u003cb\u003eשם:\u003c/b\u003e יעקב עזרא\u003cbr/\u003e\u003cb\u003eאתר:\u003c/b\u003e עין יזרעאל\u003cbr/\u003e\u003cb\u003eתאריך:\u003c/b\u003e 16-06-2025\u003cbr/\u003e\u003cb\u003eID:\u003c/b\u003e 1021\u003cbr/\u003e\u003cb\u003eFB:\u003c/b\u003e \u003ca href=\u0027https://www.facebook.com/groups/beshvil.yael/posts/3669331606693297/\u0027\u003ehttps://www.facebook.com/groups/beshvil.yael/posts/3669331606693297/\u003c/a\u003e\u003cbr/\u003e\u003cbr/\u003e\u003cimg src=\u0027https://drive.google.com/uc?export=view\u0026amp;id=1FOPmvJNv-L65mr_XHUg7UmixvDt4w_m2\u0027 width=\u0027450\u0027/\u003e\u003cbr/\u003e\u003c/div\u003e",
                                            "tessellate":  -1,
                                            "extrude":  0,
                                            "visibility":  -1
                                        },
                         "geometry":  {
                                          "type":  "Point",
                                          "coordinates":  [
                                                              35.3347096,
                                                              32.5608021,
                                                              0.0
                                                          ]
                                      }
                     },
                     {
                         "type":  "Feature",
                         "properties":  {
                                            "Name":  "#5402",
                                            "description":  "\u003cdiv dir=\u0027rtl\u0027 style=\u0027font-family:Arial;\u0027\u003e\u003cb\u003eשם:\u003c/b\u003e יעקב עזרא\u003cbr/\u003e\u003cb\u003eאתר:\u003c/b\u003e עיו מודע\u003cbr/\u003e\u003cb\u003eתאריך:\u003c/b\u003e 18-06-2025\u003cbr/\u003e\u003cb\u003eID:\u003c/b\u003e 1030\u003cbr/\u003e\u003cb\u003eFB:\u003c/b\u003e \u003ca href=\u0027https://www.facebook.com/groups/beshvil.yael/posts/3670910669868724/\u0027\u003ehttps://www.facebook.com/groups/beshvil.yael/posts/3670910669868724/\u003c/a\u003e\u003cbr/\u003e\u003cbr/\u003e\u003cimg src=\u0027https://drive.google.com/uc?export=view\u0026amp;id=1yivJbhyApdsUaN8LAndzNWSgnEUBvLQe\u0027 width=\u0027450\u0027/\u003e\u003cbr/\u003e\u003c/div\u003e",
                                            "tessellate":  -1,
                                            "extrude":  0,
                                            "visibility":  -1
                                        },
                         "geometry":  {
                                          "type":  "Point",
                                          "coordinates":  [
                                                              35.4617136,
                                                              32.4837057,
                                                              0.0
                                                          ]
                                      }
                     },
                     {
                         "type":  "Feature",
                         "properties":  {
                                            "Name":  "#5402",
                                            "description":  "\u003cdiv dir=\u0027rtl\u0027 style=\u0027font-family:Arial;\u0027\u003e\u003cb\u003eשם:\u003c/b\u003e יעקב עזרא\u003cbr/\u003e\u003cb\u003eאתר:\u003c/b\u003e עין גדעון\u003cbr/\u003e\u003cb\u003eתאריך:\u003c/b\u003e 21-06-2025\u003cbr/\u003e\u003cb\u003eID:\u003c/b\u003e 1047\u003cbr/\u003e\u003cb\u003eFB:\u003c/b\u003e \u003ca href=\u0027https://www.facebook.com/groups/beshvil.yael/posts/3673485469611244/\u0027\u003ehttps://www.facebook.com/groups/beshvil.yael/posts/3673485469611244/\u003c/a\u003e\u003cbr/\u003e\u003cbr/\u003e\u003cimg src=\u0027https://drive.google.com/uc?export=view\u0026amp;id=18KwJrz_ZjIcs9pLEW_wF1OvaXz-DifmH\u0027 width=\u0027450\u0027/\u003e\u003cbr/\u003e\u003c/div\u003e",
                                            "tessellate":  -1,
                                            "extrude":  0,
                                            "visibility":  -1
                                        },
                         "geometry":  {
                                          "type":  "Point",
                                          "coordinates":  [
                                                              35.3650718,
                                                              32.5505809,
                                                              0.0
                                                          ]
                                      }
                     },
                     {
                         "type":  "Feature",
                         "properties":  {
                                            "Name":  "#5402",
                                            "description":  "\u003cdiv dir=\u0027rtl\u0027 style=\u0027font-family:Arial;\u0027\u003e\u003cb\u003eשם:\u003c/b\u003e יעקב עזרא\u003cbr/\u003e\u003cb\u003eאתר:\u003c/b\u003e תל יוסף הישנה\u003cbr/\u003e\u003cb\u003eתאריך:\u003c/b\u003e 23-06-2025\u003cbr/\u003e\u003cb\u003eID:\u003c/b\u003e 1054\u003cbr/\u003e\u003cb\u003eFB:\u003c/b\u003e \u003ca href=\u0027https://www.facebook.com/groups/beshvil.yael/posts/3675124352780689/\u0027\u003ehttps://www.facebook.com/groups/beshvil.yael/posts/3675124352780689/\u003c/a\u003e\u003cbr/\u003e\u003cbr/\u003e\u003cimg src=\u0027https://drive.google.com/uc?export=view\u0026amp;id=1nnHST7CDnrs3BIYMpBEjGtqjK-pFuPyx\u0027 width=\u0027450\u0027/\u003e\u003cbr/\u003e\u003c/div\u003e",
                                            "tessellate":  -1,
                                            "extrude":  0,
                                            "visibility":  -1
                                        },
                         "geometry":  {
                                          "type":  "Point",
                                          "coordinates":  [
                                                              35.4032466,
                                                              32.529961,
                                                              0.0
                                                          ]
                                      }
                     },
                     {
                         "type":  "Feature",
                         "properties":  {
                                            "Name":  "#5402",
                                            "description":  "\u003cdiv dir=\u0027rtl\u0027 style=\u0027font-family:Arial;\u0027\u003e\u003cb\u003eשם:\u003c/b\u003e יעקב עזרא\u003cbr/\u003e\u003cb\u003eאתר:\u003c/b\u003e מצפור יוקי\u003cbr/\u003e\u003cb\u003eתאריך:\u003c/b\u003e 28-06-2025\u003cbr/\u003e\u003cb\u003eID:\u003c/b\u003e 1067\u003cbr/\u003e\u003cb\u003eFB:\u003c/b\u003e \u003ca href=\u0027https://www.facebook.com/groups/beshvil.yael/posts/3679654632327661\u0027\u003ehttps://www.facebook.com/groups/beshvil.yael/posts/3679654632327661\u003c/a\u003e\u003cbr/\u003e\u003cbr/\u003e\u003cimg src=\u0027https://drive.google.com/uc?export=view\u0026amp;id=1uvvUB01Z0eG7YubUleLh2GsuipucQ1Ce\u0027 width=\u0027450\u0027/\u003e\u003cbr/\u003e\u003c/div\u003e",
                                            "tessellate":  -1,
                                            "extrude":  0,
                                            "visibility":  -1
                                        },
                         "geometry":  {
                                          "type":  "Point",
                                          "coordinates":  [
                                                              35.5686,
                                                              32.4872,
                                                              0.0
                                                          ]
                                      }
                     },
                     {
                         "type":  "Feature",
                         "properties":  {
                                            "Name":  "#5402",
                                            "description":  "\u003cdiv dir=\u0027rtl\u0027 style=\u0027font-family:Arial;\u0027\u003e\u003cb\u003eשם:\u003c/b\u003e יעקב עזרא\u003cbr/\u003e\u003cb\u003eאתר:\u003c/b\u003e נחל חרוד - קניון בזלת\u003cbr/\u003e\u003cb\u003eתאריך:\u003c/b\u003e 05-07-2025\u003cbr/\u003e\u003cb\u003eID:\u003c/b\u003e 1102\u003cbr/\u003e\u003cb\u003eFB:\u003c/b\u003e \u003ca href=\u0027https://www.facebook.com/groups/beshvil.yael/posts/3685812665045191/\u0027\u003ehttps://www.facebook.com/groups/beshvil.yael/posts/3685812665045191/\u003c/a\u003e\u003cbr/\u003e\u003cbr/\u003e\u003cimg src=\u0027https://drive.google.com/uc?export=view\u0026amp;id=1YEO9XFmSUIqOuRWj3mcaaGJV0IF0lluB\u0027 width=\u0027450\u0027/\u003e\u003cbr/\u003e\u003c/div\u003e",
                                            "tessellate":  -1,
                                            "extrude":  0,
                                            "visibility":  -1
                                        },
                         "geometry":  {
                                          "type":  "Point",
                                          "coordinates":  [
                                                              35.5204459,
                                                              32.5064179,
                                                              0.0
                                                          ]
                                      }
                     },
                     {
                         "type":  "Feature",
                         "properties":  {
                                            "Name":  "#5402",
                                            "description":  "\u003cdiv dir=\u0027rtl\u0027 style=\u0027font-family:Arial;\u0027\u003e\u003cb\u003eשם:\u003c/b\u003e יעקב עזרא\u003cbr/\u003e\u003cb\u003eאתר:\u003c/b\u003e הסחנה\u003cbr/\u003e\u003cb\u003eתאריך:\u003c/b\u003e 11-07-2025\u003cbr/\u003e\u003cb\u003eID:\u003c/b\u003e 1156\u003cbr/\u003e\u003cb\u003eFB:\u003c/b\u003e \u003ca href=\u0027https://www.facebook.com/groups/beshvil.yael/posts/3691001257859665/\u0027\u003ehttps://www.facebook.com/groups/beshvil.yael/posts/3691001257859665/\u003c/a\u003e\u003cbr/\u003e\u003cbr/\u003e\u003cimg src=\u0027https://drive.google.com/uc?export=view\u0026amp;id=1cs9JqjjIgBnn27tUMn6YeF0vLxE-VJ7u\u0027 width=\u0027450\u0027/\u003e\u003cbr/\u003e\u003c/div\u003e",
                                            "tessellate":  -1,
                                            "extrude":  0,
                                            "visibility":  -1
                                        },
                         "geometry":  {
                                          "type":  "Point",
                                          "coordinates":  [
                                                              35.4453663,
                                                              32.5067119,
                                                              0.0
                                                          ]
                                      }
                     },
                     {
                         "type":  "Feature",
                         "properties":  {
                                            "Name":  "#5402",
                                            "description":  "\u003cdiv dir=\u0027rtl\u0027 style=\u0027font-family:Arial;\u0027\u003e\u003cb\u003eשם:\u003c/b\u003e יעקב עזרא\u003cbr/\u003e\u003cb\u003eאתר:\u003c/b\u003e עין נזם\u003cbr/\u003e\u003cb\u003eתאריך:\u003c/b\u003e 12-07-2025\u003cbr/\u003e\u003cb\u003eID:\u003c/b\u003e 1166\u003cbr/\u003e\u003cb\u003eFB:\u003c/b\u003e \u003ca href=\u0027https://www.facebook.com/groups/beshvil.yael/posts/3691842584442199\u0027\u003ehttps://www.facebook.com/groups/beshvil.yael/posts/3691842584442199\u003c/a\u003e\u003cbr/\u003e\u003cbr/\u003e\u003cimg src=\u0027https://drive.google.com/uc?export=view\u0026amp;id=1sU9H_sscuxeYWIjWaIoBdT7pnrMln9dD\u0027 width=\u0027450\u0027/\u003e\u003cbr/\u003e\u003c/div\u003e",
                                            "tessellate":  -1,
                                            "extrude":  0,
                                            "visibility":  -1
                                        },
                         "geometry":  {
                                          "type":  "Point",
                                          "coordinates":  [
                                                              35.5105438,
                                                              32.4324757,
                                                              0.0
                                                          ]
                                      }
                     },
                     {
                         "type":  "Feature",
                         "properties":  {
                                            "Name":  "#5402",
                                            "description":  "\u003cdiv dir=\u0027rtl\u0027 style=\u0027font-family:Arial;\u0027\u003e\u003cb\u003eשם:\u003c/b\u003e יעקב עזרא\u003cbr/\u003e\u003cb\u003eאתר:\u003c/b\u003e שדה אליהו\u003cbr/\u003e\u003cb\u003eתאריך:\u003c/b\u003e 19-07-2025\u003cbr/\u003e\u003cb\u003eID:\u003c/b\u003e 1239\u003cbr/\u003e\u003cb\u003eFB:\u003c/b\u003e \u003ca href=\u0027https://www.facebook.com/groups/beshvil.yael/posts/3697993343827123/\u0027\u003ehttps://www.facebook.com/groups/beshvil.yael/posts/3697993343827123/\u003c/a\u003e\u003cbr/\u003e\u003cbr/\u003e\u003cimg src=\u0027https://drive.google.com/uc?export=view\u0026amp;id=1iDbrRX9P0s_A2QEfZp-iEmG90ZdqO2ft\u0027 width=\u0027450\u0027/\u003e\u003cbr/\u003e\u003c/div\u003e",
                                            "tessellate":  -1,
                                            "extrude":  0,
                                            "visibility":  -1
                                        },
                         "geometry":  {
                                          "type":  "Point",
                                          "coordinates":  [
                                                              35.5138,
                                                              32.44188,
                                                              0.0
                                                          ]
                                      }
                     },
                     {
                         "type":  "Feature",
                         "properties":  {
                                            "Name":  "#5402",
                                            "description":  "\u003cdiv dir=\u0027rtl\u0027 style=\u0027font-family:Arial;\u0027\u003e\u003cb\u003eשם:\u003c/b\u003e יעקב עזרא\u003cbr/\u003e\u003cb\u003eאתר:\u003c/b\u003e טירת צבי\u003cbr/\u003e\u003cb\u003eתאריך:\u003c/b\u003e 26-07-2025\u003cbr/\u003e\u003cb\u003eID:\u003c/b\u003e 1305\u003cbr/\u003e\u003cb\u003eFB:\u003c/b\u003e \u003ca href=\u0027https://www.facebook.com/groups/beshvil.yael/posts/3703975036562287/\u0027\u003ehttps://www.facebook.com/groups/beshvil.yael/posts/3703975036562287/\u003c/a\u003e\u003cbr/\u003e\u003cbr/\u003e\u003cimg src=\u0027https://drive.google.com/uc?export=view\u0026amp;id=1WlZaPS8SJ3r2I3kDtjeEAO0b65dtgrhw\u0027 width=\u0027450\u0027/\u003e\u003cbr/\u003e\u003c/div\u003e",
                                            "tessellate":  -1,
                                            "extrude":  0,
                                            "visibility":  -1
                                        },
                         "geometry":  {
                                          "type":  "Point",
                                          "coordinates":  [
                                                              35.5319,
                                                              32.42031,
                                                              0.0
                                                          ]
                                      }
                     },
                     {
                         "type":  "Feature",
                         "properties":  {
                                            "Name":  "#5402",
                                            "description":  "\u003cdiv dir=\u0027rtl\u0027 style=\u0027font-family:Arial;\u0027\u003e\u003cb\u003eשם:\u003c/b\u003e יעקב עזרא\u003cbr/\u003e\u003cb\u003eאתר:\u003c/b\u003e תל כרפס\u003cbr/\u003e\u003cb\u003eתאריך:\u003c/b\u003e 02-08-2025\u003cbr/\u003e\u003cb\u003eID:\u003c/b\u003e 1368\u003cbr/\u003e\u003cb\u003eFB:\u003c/b\u003e \u003ca href=\u0027https://www.facebook.com/groups/beshvil.yael/posts/3710312879261836/\u0027\u003ehttps://www.facebook.com/groups/beshvil.yael/posts/3710312879261836/\u003c/a\u003e\u003cbr/\u003e\u003cbr/\u003e\u003cimg src=\u0027https://drive.google.com/uc?export=view\u0026amp;id=1DPpLfZcmvRY8ftxvTV7m-fHYrFVdJEOW\u0027 width=\u0027450\u0027/\u003e\u003cbr/\u003e\u003c/div\u003e",
                                            "tessellate":  -1,
                                            "extrude":  0,
                                            "visibility":  -1
                                        },
                         "geometry":  {
                                          "type":  "Point",
                                          "coordinates":  [
                                                              35.5581056,
                                                              32.4654045,
                                                              0.0
                                                          ]
                                      }
                     },
                     {
                         "type":  "Feature",
                         "properties":  {
                                            "Name":  "#5402",
                                            "description":  "\u003cdiv dir=\u0027rtl\u0027 style=\u0027font-family:Arial;\u0027\u003e\u003cb\u003eשם:\u003c/b\u003e יעקב עזרא\u003cbr/\u003e\u003cb\u003eאתר:\u003c/b\u003e ינין משה\u003cbr/\u003e\u003cb\u003eתאריך:\u003c/b\u003e 09-08-2025\u003cbr/\u003e\u003cb\u003eID:\u003c/b\u003e 1457\u003cbr/\u003e\u003cb\u003eFB:\u003c/b\u003e \u003ca href=\u0027https://www.facebook.com/groups/beshvil.yael/posts/3716637495296041/\u0027\u003ehttps://www.facebook.com/groups/beshvil.yael/posts/3716637495296041/\u003c/a\u003e\u003cbr/\u003e\u003cbr/\u003e\u003cimg src=\u0027https://drive.google.com/uc?export=view\u0026amp;id=1VWOZEhfFAR365bs2KnLPvbRAfMEVIBHh\u0027 width=\u0027450\u0027/\u003e\u003cbr/\u003e\u003c/div\u003e",
                                            "tessellate":  -1,
                                            "extrude":  0,
                                            "visibility":  -1
                                        },
                         "geometry":  {
                                          "type":  "Point",
                                          "coordinates":  [
                                                              35.2246452,
                                                              31.7710713,
                                                              0.0
                                                          ]
                                      }
                     },
                     {
                         "type":  "Feature",
                         "properties":  {
                                            "Name":  "#5402",
                                            "description":  "\u003cdiv dir=\u0027rtl\u0027 style=\u0027font-family:Arial;\u0027\u003e\u003cb\u003eשם:\u003c/b\u003e יעקב עזרא\u003cbr/\u003e\u003cb\u003eאתר:\u003c/b\u003e \u003cbr/\u003e\u003cb\u003eתאריך:\u003c/b\u003e 09-08-2025\u003cbr/\u003e\u003cb\u003eID:\u003c/b\u003e 1463\u003cbr/\u003e\u003cb\u003eFB:\u003c/b\u003e \u003ca href=\u0027https://www.facebook.com/groups/beshvil.yael/posts/3716872738605850/\u0027\u003ehttps://www.facebook.com/groups/beshvil.yael/posts/3716872738605850/\u003c/a\u003e\u003cbr/\u003e\u003cbr/\u003e\u003cimg src=\u0027https://drive.google.com/uc?export=view\u0026amp;id=1QlS90RuHmgoY_EtwIt9xKprdxodLv6A4\u0027 width=\u0027450\u0027/\u003e\u003cbr/\u003e\u003c/div\u003e",
                                            "tessellate":  -1,
                                            "extrude":  0,
                                            "visibility":  -1
                                        },
                         "geometry":  {
                                          "type":  "Point",
                                          "coordinates":  [
                                                              35.0204766,
                                                              31.8103123,
                                                              0.0
                                                          ]
                                      }
                     },
                     {
                         "type":  "Feature",
                         "properties":  {
                                            "Name":  "#5402",
                                            "description":  "\u003cdiv dir=\u0027rtl\u0027 style=\u0027font-family:Arial;\u0027\u003e\u003cb\u003eשם:\u003c/b\u003e יעקב עזרא\u003cbr/\u003e\u003cb\u003eאתר:\u003c/b\u003e עיו עדעד\u003cbr/\u003e\u003cb\u003eתאריך:\u003c/b\u003e 09-09-2025\u003cbr/\u003e\u003cb\u003eID:\u003c/b\u003e 1812\u003cbr/\u003e\u003cb\u003eFB:\u003c/b\u003e \u003ca href=\u0027https://www.facebook.com/groups/beshvil.yael/posts/3744992249127232/\u0027\u003ehttps://www.facebook.com/groups/beshvil.yael/posts/3744992249127232/\u003c/a\u003e\u003cbr/\u003e\u003cbr/\u003e\u003cimg src=\u0027https://drive.google.com/uc?export=view\u0026amp;id=1-f9YB37sIrlnUNhUALWoMy0uPFDp6Jbu\u0027 width=\u0027450\u0027/\u003e\u003cbr/\u003e\u003c/div\u003e",
                                            "tessellate":  -1,
                                            "extrude":  0,
                                            "visibility":  -1
                                        },
                         "geometry":  {
                                          "type":  "Point",
                                          "coordinates":  [
                                                              35.2168385,
                                                              32.6087766,
                                                              0.0
                                                          ]
                                      }
                     },
                     {
                         "type":  "Feature",
                         "properties":  {
                                            "Name":  "#5402",
                                            "description":  "\u003cdiv dir=\u0027rtl\u0027 style=\u0027font-family:Arial;\u0027\u003e\u003cb\u003eשם:\u003c/b\u003e יעקב עזרא\u003cbr/\u003e\u003cb\u003eאתר:\u003c/b\u003e כפר יחזקאל\u003cbr/\u003e\u003cb\u003eתאריך:\u003c/b\u003e 11-09-2025\u003cbr/\u003e\u003cb\u003eID:\u003c/b\u003e 1836\u003cbr/\u003e\u003cb\u003eFB:\u003c/b\u003e \u003ca href=\u0027https://www.facebook.com/groups/beshvil.yael/posts/3746854175607706/\u0027\u003ehttps://www.facebook.com/groups/beshvil.yael/posts/3746854175607706/\u003c/a\u003e\u003cbr/\u003e\u003cbr/\u003e\u003cimg src=\u0027https://drive.google.com/uc?export=view\u0026amp;id=1o6E1B6OUADgt-INMZjHge1Z4xDV0ahxw\u0027 width=\u0027450\u0027/\u003e\u003cbr/\u003e\u003c/div\u003e",
                                            "tessellate":  -1,
                                            "extrude":  0,
                                            "visibility":  -1
                                        },
                         "geometry":  {
                                          "type":  "Point",
                                          "coordinates":  [
                                                              35.36346,
                                                              32.56492,
                                                              0.0
                                                          ]
                                      }
                     },
                     {
                         "type":  "Feature",
                         "properties":  {
                                            "Name":  "#5402",
                                            "description":  "\u003cdiv dir=\u0027rtl\u0027 style=\u0027font-family:Arial;\u0027\u003e\u003cb\u003eשם:\u003c/b\u003e יעקב עזרא\u003cbr/\u003e\u003cb\u003eאתר:\u003c/b\u003e תל צמד\u003cbr/\u003e\u003cb\u003eתאריך:\u003c/b\u003e 13-09-2025\u003cbr/\u003e\u003cb\u003eID:\u003c/b\u003e 1859\u003cbr/\u003e\u003cb\u003eFB:\u003c/b\u003e \u003ca href=\u0027https://www.facebook.com/groups/beshvil.yael/posts/3748814658744991/\u0027\u003ehttps://www.facebook.com/groups/beshvil.yael/posts/3748814658744991/\u003c/a\u003e\u003cbr/\u003e\u003cbr/\u003e\u003cimg src=\u0027https://drive.google.com/uc?export=view\u0026amp;id=1LtSHYQ31IMj43vkRaSaGPqSl52E3Nrkl\u0027 width=\u0027450\u0027/\u003e\u003cbr/\u003e\u003c/div\u003e",
                                            "tessellate":  -1,
                                            "extrude":  0,
                                            "visibility":  -1
                                        },
                         "geometry":  {
                                          "type":  "Point",
                                          "coordinates":  [
                                                              35.52506,
                                                              32.4779,
                                                              0.0
                                                          ]
                                      }
                     },
                     {
                         "type":  "Feature",
                         "properties":  {
                                            "Name":  "#5402",
                                            "description":  "\u003cdiv dir=\u0027rtl\u0027 style=\u0027font-family:Arial;\u0027\u003e\u003cb\u003eשם:\u003c/b\u003e יעקב עזרא\u003cbr/\u003e\u003cb\u003eאתר:\u003c/b\u003e שביל ההפקרה\u003cbr/\u003e\u003cb\u003eתאריך:\u003c/b\u003e 07-10-2025\u003cbr/\u003e\u003cb\u003eID:\u003c/b\u003e 2244\u003cbr/\u003e\u003cb\u003eFB:\u003c/b\u003e \u003ca href=\u0027https://www.facebook.com/groups/beshvil.yael/posts/3772287366397720/\u0027\u003ehttps://www.facebook.com/groups/beshvil.yael/posts/3772287366397720/\u003c/a\u003e\u003cbr/\u003e\u003cbr/\u003e\u003cimg src=\u0027https://drive.google.com/uc?export=view\u0026amp;id=1tvfFUzW5ebu10DluybxLJEqs4CnMK4nt\u0027 width=\u0027450\u0027/\u003e\u003cbr/\u003e\u003c/div\u003e",
                                            "tessellate":  -1,
                                            "extrude":  0,
                                            "visibility":  -1
                                        },
                         "geometry":  {
                                          "type":  "Point",
                                          "coordinates":  [
                                                              34.50378,
                                                              31.41865,
                                                              0.0
                                                          ]
                                      }
                     },
                     {
                         "type":  "Feature",
                         "properties":  {
                                            "Name":  "#5402",
                                            "description":  "\u003cdiv dir=\u0027rtl\u0027 style=\u0027font-family:Arial;\u0027\u003e\u003cb\u003eשם:\u003c/b\u003e יעקב עזרא\u003cbr/\u003e\u003cb\u003eאתר:\u003c/b\u003e נחל חרוד\u003cbr/\u003e\u003cb\u003eתאריך:\u003c/b\u003e 14-10-2025\u003cbr/\u003e\u003cb\u003eID:\u003c/b\u003e 2376\u003cbr/\u003e\u003cb\u003eFB:\u003c/b\u003e \u003ca href=\u0027https://www.facebook.com/groups/beshvil.yael/posts/3779442925682164/\u0027\u003ehttps://www.facebook.com/groups/beshvil.yael/posts/3779442925682164/\u003c/a\u003e\u003cbr/\u003e\u003cbr/\u003e\u003cimg src=\u0027https://drive.google.com/uc?export=view\u0026amp;id=12e-mDSxXL18jqRjSwD1GSycD123rJp3t\u0027 width=\u0027450\u0027/\u003e\u003cbr/\u003e\u003c/div\u003e",
                                            "tessellate":  -1,
                                            "extrude":  0,
                                            "visibility":  -1
                                        },
                         "geometry":  {
                                          "type":  "Point",
                                          "coordinates":  [
                                                              35.38984,
                                                              32.54189,
                                                              0.0
                                                          ]
                                      }
                     },
                     {
                         "type":  "Feature",
                         "properties":  {
                                            "Name":  "#5402",
                                            "description":  "\u003cdiv dir=\u0027rtl\u0027 style=\u0027font-family:Arial;\u0027\u003e\u003cb\u003eשם:\u003c/b\u003e יעקב עזרא\u003cbr/\u003e\u003cb\u003eאתר:\u003c/b\u003e כנרת\u003cbr/\u003e\u003cb\u003eתאריך:\u003c/b\u003e 01-11-2025\u003cbr/\u003e\u003cb\u003eID:\u003c/b\u003e 2574\u003cbr/\u003e\u003cb\u003eFB:\u003c/b\u003e \u003ca href=\u0027https://www.facebook.com/groups/beshvil.yael/posts/3796960827263707\u0027\u003ehttps://www.facebook.com/groups/beshvil.yael/posts/3796960827263707\u003c/a\u003e\u003cbr/\u003e\u003cbr/\u003e\u003cimg src=\u0027https://drive.google.com/uc?export=view\u0026amp;id=17k5ISBIYnQljX3eUp7WZ6ZGQEHARVvnj\u0027 width=\u0027450\u0027/\u003e\u003cbr/\u003e\u003c/div\u003e",
                                            "tessellate":  -1,
                                            "extrude":  0,
                                            "visibility":  -1
                                        },
                         "geometry":  {
                                          "type":  "Point",
                                          "coordinates":  [
                                                              35.63856,
                                                              32.75386,
                                                              0.0
                                                          ]
                                      }
                     },
                     {
                         "type":  "Feature",
                         "properties":  {
                                            "Name":  "#5402",
                                            "description":  "\u003cdiv dir=\u0027rtl\u0027 style=\u0027font-family:Arial;\u0027\u003e\u003cb\u003eשם:\u003c/b\u003e יעקב עזרא\u003cbr/\u003e\u003cb\u003eאתר:\u003c/b\u003e נחל אלון\u003cbr/\u003e\u003cb\u003eתאריך:\u003c/b\u003e 22-12-2025\u003cbr/\u003e\u003cb\u003eID:\u003c/b\u003e 3143\u003cbr/\u003e\u003cb\u003eFB:\u003c/b\u003e \u003ca href=\u0027https://www.facebook.com/groups/beshvil.yael/posts/3841956822764107/\u0027\u003ehttps://www.facebook.com/groups/beshvil.yael/posts/3841956822764107/\u003c/a\u003e\u003cbr/\u003e\u003cbr/\u003e\u003cimg src=\u0027https://drive.google.com/uc?export=view\u0026amp;id=1NDT3M6GlKUdnM0FDAoEwIAjo0bHeC7Ol\u0027 width=\u0027450\u0027/\u003e\u003cbr/\u003e\u003c/div\u003e",
                                            "tessellate":  -1,
                                            "extrude":  0,
                                            "visibility":  -1
                                        },
                         "geometry":  {
                                          "type":  "Point",
                                          "coordinates":  [
                                                              35.03444,
                                                              32.72618,
                                                              0.0
                                                          ]
                                      }
                     },
                     {
                         "type":  "Feature",
                         "properties":  {
                                            "Name":  "#5402",
                                            "description":  "\u003cdiv dir=\u0027rtl\u0027 style=\u0027font-family:Arial;\u0027\u003e\u003cb\u003eשם:\u003c/b\u003e יעקב עזרא\u003cbr/\u003e\u003cb\u003eאתר:\u003c/b\u003e סכר אלומות\u003cbr/\u003e\u003cb\u003eתאריך:\u003c/b\u003e 24-01-2026\u003cbr/\u003e\u003cb\u003eID:\u003c/b\u003e 3445\u003cbr/\u003e\u003cb\u003eFB:\u003c/b\u003e \u003ca href=\u0027https://www.facebook.com/groups/beshvil.yael/posts/3870074683285654/\u0027\u003ehttps://www.facebook.com/groups/beshvil.yael/posts/3870074683285654/\u003c/a\u003e\u003cbr/\u003e\u003cbr/\u003e\u003cimg src=\u0027https://drive.google.com/uc?export=view\u0026amp;id=1nVCvNWcRxK2EdzzjsuD69s_71cHMj6aN\u0027 width=\u0027450\u0027/\u003e\u003cbr/\u003e\u003c/div\u003e",
                                            "tessellate":  -1,
                                            "extrude":  0,
                                            "visibility":  -1
                                        },
                         "geometry":  {
                                          "type":  "Point",
                                          "coordinates":  [
                                                              35.56511,
                                                              32.70112,
                                                              0.0
                                                          ]
                                      }
                     },
                     {
                         "type":  "Feature",
                         "properties":  {
                                            "Name":  "#5402",
                                            "description":  "\u003cdiv dir=\u0027rtl\u0027 style=\u0027font-family:Arial;\u0027\u003e\u003cb\u003eשם:\u003c/b\u003e יעקב עזרא\u003cbr/\u003e\u003cb\u003eאתר:\u003c/b\u003e בוסתן הגליל\u003cbr/\u003e\u003cb\u003eתאריך:\u003c/b\u003e 01-02-2026\u003cbr/\u003e\u003cb\u003eID:\u003c/b\u003e 3556\u003cbr/\u003e\u003cb\u003eFB:\u003c/b\u003e \u003ca href=\u0027https://www.facebook.com/groups/beshvil.yael/posts/3877737502519372\u0027\u003ehttps://www.facebook.com/groups/beshvil.yael/posts/3877737502519372\u003c/a\u003e\u003cbr/\u003e\u003cbr/\u003e\u003cimg src=\u0027https://drive.google.com/uc?export=view\u0026amp;id=1Ktyrt1LDz8wXfbESR8VVOVjMjhQloiWi\u0027 width=\u0027450\u0027/\u003e\u003cbr/\u003e\u003c/div\u003e",
                                            "tessellate":  -1,
                                            "extrude":  0,
                                            "visibility":  -1
                                        },
                         "geometry":  {
                                          "type":  "Point",
                                          "coordinates":  [
                                                              35.07708,
                                                              32.95735,
                                                              0.0
                                                          ]
                                      }
                     },
                     {
                         "type":  "Feature",
                         "properties":  {
                                            "Name":  "#5402",
                                            "description":  "\u003cdiv dir=\u0027rtl\u0027 style=\u0027font-family:Arial;\u0027\u003e\u003cb\u003eשם:\u003c/b\u003e יעקב עזרא\u003cbr/\u003e\u003cb\u003eאתר:\u003c/b\u003e תל שלם\u003cbr/\u003e\u003cb\u003eתאריך:\u003c/b\u003e 07-02-2026\u003cbr/\u003e\u003cb\u003eID:\u003c/b\u003e 3616\u003cbr/\u003e\u003cb\u003eFB:\u003c/b\u003e \u003ca href=\u0027https://www.facebook.com/groups/beshvil.yael/posts/3883386685287787/\u0027\u003ehttps://www.facebook.com/groups/beshvil.yael/posts/3883386685287787/\u003c/a\u003e\u003cbr/\u003e\u003cbr/\u003e\u003cimg src=\u0027https://drive.google.com/uc?export=view\u0026amp;id=1FJvaOzy9o9rTA68BHWzo0ADcjX61T0d0\u0027 width=\u0027450\u0027/\u003e\u003cbr/\u003e\u003c/div\u003e",
                                            "tessellate":  -1,
                                            "extrude":  0,
                                            "visibility":  -1
                                        },
                         "geometry":  {
                                          "type":  "Point",
                                          "coordinates":  [
                                                              35.52647,
                                                              32.39902,
                                                              0.0
                                                          ]
                                      }
                     },
                     {
                         "type":  "Feature",
                         "properties":  {
                                            "Name":  "#5402",
                                            "description":  "\u003cdiv dir=\u0027rtl\u0027 style=\u0027font-family:Arial;\u0027\u003e\u003cb\u003eשם:\u003c/b\u003e יעקב עזרא\u003cbr/\u003e\u003cb\u003eאתר:\u003c/b\u003e רמות מנשה\u003cbr/\u003e\u003cb\u003eתאריך:\u003c/b\u003e 21-02-2026\u003cbr/\u003e\u003cb\u003eID:\u003c/b\u003e 3795\u003cbr/\u003e\u003cb\u003eFB:\u003c/b\u003e \u003ca href=\u0027https://www.facebook.com/groups/beshvil.yael/posts/3896820033944452/\u0027\u003ehttps://www.facebook.com/groups/beshvil.yael/posts/3896820033944452/\u003c/a\u003e\u003cbr/\u003e\u003cbr/\u003e\u003cimg src=\u0027https://drive.google.com/uc?export=view\u0026amp;id=1Nu5orcwhKt-nhcRXZaGSzAyENEC7FH-L\u0027 width=\u0027450\u0027/\u003e\u003cbr/\u003e\u003c/div\u003e",
                                            "tessellate":  -1,
                                            "extrude":  0,
                                            "visibility":  -1
                                        },
                         "geometry":  {
                                          "type":  "Point",
                                          "coordinates":  [
                                                              35.0582,
                                                              32.5808,
                                                              0.0
                                                          ]
                                      }
                     },
                     {
                         "type":  "Feature",
                         "properties":  {
                                            "Name":  "#5402",
                                            "description":  "\u003cdiv dir=\u0027rtl\u0027 style=\u0027font-family:Arial;\u0027\u003e\u003cb\u003eשם:\u003c/b\u003e יעקב עזרא\u003cbr/\u003e\u003cb\u003eאתר:\u003c/b\u003e הגלבוע\u003cbr/\u003e\u003cb\u003eתאריך:\u003c/b\u003e 24-02-2026\u003cbr/\u003e\u003cb\u003eID:\u003c/b\u003e 3849\u003cbr/\u003e\u003cb\u003eFB:\u003c/b\u003e \u003ca href=\u0027https://www.facebook.com/groups/beshvil.yael/posts/3899683320324790/\u0027\u003ehttps://www.facebook.com/groups/beshvil.yael/posts/3899683320324790/\u003c/a\u003e\u003cbr/\u003e\u003cbr/\u003e\u003cimg src=\u0027https://drive.google.com/uc?export=view\u0026amp;id=1IUtsZwIXcTT1W83Sa0dmMIwmwY_kBItk\u0027 width=\u0027450\u0027/\u003e\u003cbr/\u003e\u003c/div\u003e",
                                            "tessellate":  -1,
                                            "extrude":  0,
                                            "visibility":  -1
                                        },
                         "geometry":  {
                                          "type":  "Point",
                                          "coordinates":  [
                                                              35.42532,
                                                              32.47097,
                                                              0.0
                                                          ]
                                      }
                     },
                     {
                         "type":  "Feature",
                         "properties":  {
                                            "Name":  "#5402",
                                            "description":  "\u003cdiv dir=\u0027rtl\u0027 style=\u0027font-family:Arial;\u0027\u003e\u003cb\u003eשם:\u003c/b\u003e יעקב עזרא\u003cbr/\u003e\u003cb\u003eאתר:\u003c/b\u003e רשפים\u003cbr/\u003e\u003cb\u003eתאריך:\u003c/b\u003e 14-03-2026\u003cbr/\u003e\u003cb\u003eID:\u003c/b\u003e 3953\u003cbr/\u003e\u003cb\u003eFB:\u003c/b\u003e \u003ca href=\u0027https://www.facebook.com/groups/beshvil.yael/posts/3915675992058856/\u0027\u003ehttps://www.facebook.com/groups/beshvil.yael/posts/3915675992058856/\u003c/a\u003e\u003cbr/\u003e\u003cbr/\u003e\u003cimg src=\u0027https://drive.google.com/uc?export=view\u0026amp;id=1ZHwuiez4o174kPj-cUnIUa3yPoJzwlr5\u0027 width=\u0027450\u0027/\u003e\u003cbr/\u003e\u003c/div\u003e",
                                            "tessellate":  -1,
                                            "extrude":  0,
                                            "visibility":  -1
                                        },
                         "geometry":  {
                                          "type":  "Point",
                                          "coordinates":  [
                                                              35.24719,
                                                              32.70933,
                                                              0.0
                                                          ]
                                      }
                     },
                     {
                         "type":  "Feature",
                         "properties":  {
                                            "Name":  "#5402",
                                            "description":  "\u003cdiv dir=\u0027rtl\u0027 style=\u0027font-family:Arial;\u0027\u003e\u003cb\u003eשם:\u003c/b\u003e יעקב עזרא\u003cbr/\u003e\u003cb\u003eאתר:\u003c/b\u003e דרך נוף רמות יששכר\u003cbr/\u003e\u003cb\u003eתאריך:\u003c/b\u003e 25-04-2026\u003cbr/\u003e\u003cb\u003eID:\u003c/b\u003e 4246\u003cbr/\u003e\u003cb\u003eFB:\u003c/b\u003e \u003ca href=\u0027https://www.facebook.com/groups/beshvil.yael/posts/3953699751589813\u0027\u003ehttps://www.facebook.com/groups/beshvil.yael/posts/3953699751589813\u003c/a\u003e\u003cbr/\u003e\u003cbr/\u003e\u003cimg src=\u0027https://drive.google.com/uc?export=view\u0026amp;id=1tLi1BFOSaN_GYXbX5vzLmHNtOm5Q3rSL\u0027 width=\u0027450\u0027/\u003e\u003cbr/\u003e\u003c/div\u003e",
                                            "tessellate":  -1,
                                            "extrude":  0,
                                            "visibility":  -1
                                        },
                         "geometry":  {
                                          "type":  "Point",
                                          "coordinates":  [
                                                              35.46305,
                                                              32.59555,
                                                              0.0
                                                          ]
                                      }
                     },
                     {
                         "type":  "Feature",
                         "properties":  {
                                            "Name":  "#5402",
                                            "description":  "\u003cdiv dir=\u0027rtl\u0027 style=\u0027font-family:Arial;\u0027\u003e\u003cb\u003eשם:\u003c/b\u003e יעקב עזרא\u003cbr/\u003e\u003cb\u003eאתר:\u003c/b\u003e גבעת התחמושת\u003cbr/\u003e\u003cb\u003eתאריך:\u003c/b\u003e 05-05-2026\u003cbr/\u003e\u003cb\u003eID:\u003c/b\u003e 4352\u003cbr/\u003e\u003cb\u003eFB:\u003c/b\u003e \u003ca href=\u0027https://www.facebook.com/groups/beshvil.yael/posts/3963105917315863\u0027\u003ehttps://www.facebook.com/groups/beshvil.yael/posts/3963105917315863\u003c/a\u003e\u003cbr/\u003e\u003cbr/\u003e\u003cimg src=\u0027https://drive.google.com/uc?export=view\u0026amp;id=1xNrxazNRCLqqKmAfvttZH8rw5tDeoC5C\u0027 width=\u0027450\u0027/\u003e\u003cbr/\u003e\u003c/div\u003e",
                                            "tessellate":  -1,
                                            "extrude":  0,
                                            "visibility":  -1
                                        },
                         "geometry":  {
                                          "type":  "Point",
                                          "coordinates":  [
                                                              35.22796,
                                                              31.79834,
                                                              0.0
                                                          ]
                                      }
                     },
                     {
                         "type":  "Feature",
                         "properties":  {
                                            "Name":  "#5402",
                                            "description":  "\u003cdiv dir=\u0027rtl\u0027 style=\u0027font-family:Arial;\u0027\u003e\u003cb\u003eשם:\u003c/b\u003e יעקב עזרא\u003cbr/\u003e\u003cb\u003eאתר:\u003c/b\u003e סובב כפר כמא\u003cbr/\u003e\u003cb\u003eתאריך:\u003c/b\u003e 09-05-2026\u003cbr/\u003e\u003cb\u003eID:\u003c/b\u003e 4392\u003cbr/\u003e\u003cb\u003eFB:\u003c/b\u003e \u003ca href=\u0027https://www.facebook.com/groups/beshvil.yael/posts/3966801210279667\u0027\u003ehttps://www.facebook.com/groups/beshvil.yael/posts/3966801210279667\u003c/a\u003e\u003cbr/\u003e\u003cbr/\u003e\u003cimg src=\u0027https://drive.google.com/uc?export=view\u0026amp;id=1BqltCFmIC-NCHGlXBrg4M6gbkgNMtvLN\u0027 width=\u0027450\u0027/\u003e\u003cbr/\u003e\u003c/div\u003e",
                                            "tessellate":  -1,
                                            "extrude":  0,
                                            "visibility":  -1
                                        },
                         "geometry":  {
                                          "type":  "Point",
                                          "coordinates":  [
                                                              35.43105,
                                                              32.72724,
                                                              0.0
                                                          ]
                                      }
                     },
                     {
                         "type":  "Feature",
                         "properties":  {
                                            "Name":  "#5403",
                                            "description":  "\u003cdiv dir=\u0027rtl\u0027 style=\u0027font-family:Arial;\u0027\u003e\u003cb\u003eשם:\u003c/b\u003e שלום לוי\u003cbr/\u003e\u003cb\u003eאתר:\u003c/b\u003e הר אדר\u003cbr/\u003e\u003cb\u003eתאריך:\u003c/b\u003e 19-10-2025\u003cbr/\u003e\u003cb\u003eID:\u003c/b\u003e 2442\u003cbr/\u003e\u003cb\u003eFB:\u003c/b\u003e \u003ca href=\u0027https://www.facebook.com/groups/beshvil.yael/posts/3784243558535434\u0027\u003ehttps://www.facebook.com/groups/beshvil.yael/posts/3784243558535434\u003c/a\u003e\u003cbr/\u003e\u003cbr/\u003e\u003cimg src=\u0027https://drive.google.com/uc?export=view\u0026amp;id=1_ISiD4xmMgrtJF-VJkT8bhDZI73t74_v\u0027 width=\u0027450\u0027/\u003e\u003cbr/\u003e\u003c/div\u003e",
                                            "tessellate":  -1,
                                            "extrude":  0,
                                            "visibility":  -1
                                        },
                         "geometry":  {
                                          "type":  "Point",
                                          "coordinates":  [
                                                              35.12815,
                                                              31.82278,
                                                              0.0
                                                          ]
                                      }
                     },
                     {
                         "type":  "Feature",
                         "properties":  {
                                            "Name":  "#5403",
                                            "description":  "\u003cdiv dir=\u0027rtl\u0027 style=\u0027font-family:Arial;\u0027\u003e\u003cb\u003eשם:\u003c/b\u003e שלום לוי\u003cbr/\u003e\u003cb\u003eאתר:\u003c/b\u003e הר הרוח\u003cbr/\u003e\u003cb\u003eתאריך:\u003c/b\u003e 19-10-2025\u003cbr/\u003e\u003cb\u003eID:\u003c/b\u003e 2443\u003cbr/\u003e\u003cb\u003eFB:\u003c/b\u003e \u003ca href=\u0027https://www.facebook.com/groups/beshvil.yael/posts/3784245038535286/\u0027\u003ehttps://www.facebook.com/groups/beshvil.yael/posts/3784245038535286/\u003c/a\u003e\u003cbr/\u003e\u003cbr/\u003e\u003cimg src=\u0027https://drive.google.com/uc?export=view\u0026amp;id=1t32GHhjuuXrrUMdmz9gE6scx69UzO8L6\u0027 width=\u0027450\u0027/\u003e\u003cbr/\u003e\u003c/div\u003e",
                                            "tessellate":  -1,
                                            "extrude":  0,
                                            "visibility":  -1
                                        },
                         "geometry":  {
                                          "type":  "Point",
                                          "coordinates":  [
                                                              35.08906,
                                                              31.82375,
                                                              0.0
                                                          ]
                                      }
                     },
                     {
                         "type":  "Feature",
                         "properties":  {
                                            "Name":  "#5403",
                                            "description":  "\u003cdiv dir=\u0027rtl\u0027 style=\u0027font-family:Arial;\u0027\u003e\u003cb\u003eשם:\u003c/b\u003e שלום לוי\u003cbr/\u003e\u003cb\u003eאתר:\u003c/b\u003e עין אלון\u003cbr/\u003e\u003cb\u003eתאריך:\u003c/b\u003e 09-11-2025\u003cbr/\u003e\u003cb\u003eID:\u003c/b\u003e 2664\u003cbr/\u003e\u003cb\u003eFB:\u003c/b\u003e \u003ca href=\u0027https://www.facebook.com/groups/beshvil.yael/posts/3804804883145968\u0027\u003ehttps://www.facebook.com/groups/beshvil.yael/posts/3804804883145968\u003c/a\u003e\u003cbr/\u003e\u003cbr/\u003e\u003cimg src=\u0027https://drive.google.com/uc?export=view\u0026amp;id=1fD_8Xd8vRdGNd3CGB8OXxycOsjzUEJSf\u0027 width=\u0027450\u0027/\u003e\u003cbr/\u003e\u003c/div\u003e",
                                            "tessellate":  -1,
                                            "extrude":  0,
                                            "visibility":  -1
                                        },
                         "geometry":  {
                                          "type":  "Point",
                                          "coordinates":  [
                                                              35.02436,
                                                              32.72824,
                                                              0.0
                                                          ]
                                      }
                     },
                     {
                         "type":  "Feature",
                         "properties":  {
                                            "Name":  "#5403",
                                            "description":  "\u003cdiv dir=\u0027rtl\u0027 style=\u0027font-family:Arial;\u0027\u003e\u003cb\u003eשם:\u003c/b\u003e שלום לוי\u003cbr/\u003e\u003cb\u003eאתר:\u003c/b\u003e נחל אלון\u003cbr/\u003e\u003cb\u003eתאריך:\u003c/b\u003e 22-12-2025\u003cbr/\u003e\u003cb\u003eID:\u003c/b\u003e 3143\u003cbr/\u003e\u003cb\u003eFB:\u003c/b\u003e \u003ca href=\u0027https://www.facebook.com/groups/beshvil.yael/posts/3841956822764107/\u0027\u003ehttps://www.facebook.com/groups/beshvil.yael/posts/3841956822764107/\u003c/a\u003e\u003cbr/\u003e\u003cbr/\u003e\u003cimg src=\u0027https://drive.google.com/uc?export=view\u0026amp;id=1NDT3M6GlKUdnM0FDAoEwIAjo0bHeC7Ol\u0027 width=\u0027450\u0027/\u003e\u003cbr/\u003e\u003c/div\u003e",
                                            "tessellate":  -1,
                                            "extrude":  0,
                                            "visibility":  -1
                                        },
                         "geometry":  {
                                          "type":  "Point",
                                          "coordinates":  [
                                                              35.03444,
                                                              32.72645,
                                                              0.0
                                                          ]
                                      }
                     },
                     {
                         "type":  "Feature",
                         "properties":  {
                                            "Name":  "#5403",
                                            "description":  "\u003cdiv dir=\u0027rtl\u0027 style=\u0027font-family:Arial;\u0027\u003e\u003cb\u003eשם:\u003c/b\u003e שלום לוי\u003cbr/\u003e\u003cb\u003eאתר:\u003c/b\u003e מעלה ימין\u003cbr/\u003e\u003cb\u003eתאריך:\u003c/b\u003e 25-04-2026\u003cbr/\u003e\u003cb\u003eID:\u003c/b\u003e 4263\u003cbr/\u003e\u003cb\u003eFB:\u003c/b\u003e \u003ca href=\u0027https://www.facebook.com/groups/beshvil.yael/posts/3953938168232638\u0027\u003ehttps://www.facebook.com/groups/beshvil.yael/posts/3953938168232638\u003c/a\u003e\u003cbr/\u003e\u003cbr/\u003e\u003cimg src=\u0027https://drive.google.com/uc?export=view\u0026amp;id=1BF0ODBeRoATBY04WO7dk4xft-LWBZh6V\u0027 width=\u0027450\u0027/\u003e\u003cbr/\u003e\u003c/div\u003e",
                                            "tessellate":  -1,
                                            "extrude":  0,
                                            "visibility":  -1
                                        },
                         "geometry":  {
                                          "type":  "Point",
                                          "coordinates":  [
                                                              35.06934,
                                                              30.95079,
                                                              0.0
                                                          ]
                                      }
                     },
                     {
                         "type":  "Feature",
                         "properties":  {
                                            "Name":  "#5403",
                                            "description":  "\u003cdiv dir=\u0027rtl\u0027 style=\u0027font-family:Arial;\u0027\u003e\u003cb\u003eשם:\u003c/b\u003e שלום לוי\u003cbr/\u003e\u003cb\u003eאתר:\u003c/b\u003e גבעת התחמושת\u003cbr/\u003e\u003cb\u003eתאריך:\u003c/b\u003e 05-05-2026\u003cbr/\u003e\u003cb\u003eID:\u003c/b\u003e 4352\u003cbr/\u003e\u003cb\u003eFB:\u003c/b\u003e \u003ca href=\u0027https://www.facebook.com/groups/beshvil.yael/posts/3963105917315863\u0027\u003ehttps://www.facebook.com/groups/beshvil.yael/posts/3963105917315863\u003c/a\u003e\u003cbr/\u003e\u003cbr/\u003e\u003cimg src=\u0027https://drive.google.com/uc?export=view\u0026amp;id=1xNrxazNRCLqqKmAfvttZH8rw5tDeoC5C\u0027 width=\u0027450\u0027/\u003e\u003cbr/\u003e\u003c/div\u003e",
                                            "tessellate":  -1,
                                            "extrude":  0,
                                            "visibility":  -1
                                        },
                         "geometry":  {
                                          "type":  "Point",
                                          "coordinates":  [
                                                              35.22796,
                                                              31.79861,
                                                              0.0
                                                          ]
                                      }
                     },
                     {
                         "type":  "Feature",
                         "properties":  {
                                            "Name":  "#5404",
                                            "description":  "\u003cdiv dir=\u0027rtl\u0027 style=\u0027font-family:Arial;\u0027\u003e\u003cb\u003eשם:\u003c/b\u003e רותי טל-ג\u0027ספר\u003cbr/\u003e\u003cb\u003eאתר:\u003c/b\u003e חוף אכזיב\u003cbr/\u003e\u003cb\u003eתאריך:\u003c/b\u003e 02-06-2025\u003cbr/\u003e\u003cb\u003eID:\u003c/b\u003e 885\u003cbr/\u003e\u003cb\u003eFB:\u003c/b\u003e \u003ca href=\u0027https://www.facebook.com/groups/3235176716775457/posts/3657523154540809/\u0027\u003ehttps://www.facebook.com/groups/3235176716775457/posts/3657523154540809/\u003c/a\u003e\u003cbr/\u003e\u003cbr/\u003e\u003cimg src=\u0027https://drive.google.com/uc?export=view\u0026amp;id=1InZM0I4l_0iSCFcWYuN91he4_9x2SRXt\u0027 width=\u0027450\u0027/\u003e\u003cbr/\u003e\u003c/div\u003e",
                                            "tessellate":  -1,
                                            "extrude":  0,
                                            "visibility":  -1
                                        },
                         "geometry":  {
                                          "type":  "Point",
                                          "coordinates":  [
                                                              35.1019633,
                                                              33.0497198,
                                                              0.0
                                                          ]
                                      }
                     },
                     {
                         "type":  "Feature",
                         "properties":  {
                                            "Name":  "#5421",
                                            "description":  "\u003cdiv dir=\u0027rtl\u0027 style=\u0027font-family:Arial;\u0027\u003e\u003cb\u003eשם:\u003c/b\u003e נדב ברקאי\u003cbr/\u003e\u003cb\u003eאתר:\u003c/b\u003e עין הוד\u003cbr/\u003e\u003cb\u003eתאריך:\u003c/b\u003e 02-08-2025\u003cbr/\u003e\u003cb\u003eID:\u003c/b\u003e 1373\u003cbr/\u003e\u003cb\u003eFB:\u003c/b\u003e \u003ca href=\u0027https://www.facebook.com/groups/beshvil.yael/posts/3710470652579392\u0027\u003ehttps://www.facebook.com/groups/beshvil.yael/posts/3710470652579392\u003c/a\u003e\u003cbr/\u003e\u003cbr/\u003e\u003cimg src=\u0027https://drive.google.com/uc?export=view\u0026amp;id=1Tel4SCOD-1asWxO16vlCH7--bsW95J3T\u0027 width=\u0027450\u0027/\u003e\u003cbr/\u003e\u003c/div\u003e",
                                            "tessellate":  -1,
                                            "extrude":  0,
                                            "visibility":  -1
                                        },
                         "geometry":  {
                                          "type":  "Point",
                                          "coordinates":  [
                                                              34.9804415,
                                                              32.6984863,
                                                              0.0
                                                          ]
                                      }
                     },
                     {
                         "type":  "Feature",
                         "properties":  {
                                            "Name":  "#5428",
                                            "description":  "\u003cdiv dir=\u0027rtl\u0027 style=\u0027font-family:Arial;\u0027\u003e\u003cb\u003eשם:\u003c/b\u003e עליזה מימון\u003cbr/\u003e\u003cb\u003eאתר:\u003c/b\u003e נחל כסלון\u003cbr/\u003e\u003cb\u003eתאריך:\u003c/b\u003e 31-12-2025\u003cbr/\u003e\u003cb\u003eID:\u003c/b\u003e 3217\u003cbr/\u003e\u003cb\u003eFB:\u003c/b\u003e \u003ca href=\u0027https://www.facebook.com/groups/beshvil.yael/posts/3849504492009340/\u0027\u003ehttps://www.facebook.com/groups/beshvil.yael/posts/3849504492009340/\u003c/a\u003e\u003cbr/\u003e\u003cbr/\u003e\u003cimg src=\u0027https://drive.google.com/uc?export=view\u0026amp;id=1lyzr3nMTdpgb1PPJD0P-zYBkzMV32J-m\u0027 width=\u0027450\u0027/\u003e\u003cbr/\u003e\u003c/div\u003e",
                                            "tessellate":  -1,
                                            "extrude":  0,
                                            "visibility":  -1
                                        },
                         "geometry":  {
                                          "type":  "Point",
                                          "coordinates":  [
                                                              35.06112,
                                                              31.78444,
                                                              0.0
                                                          ]
                                      }
                     },
                     {
                         "type":  "Feature",
                         "properties":  {
                                            "Name":  "#5458",
                                            "description":  "\u003cdiv dir=\u0027rtl\u0027 style=\u0027font-family:Arial;\u0027\u003e\u003cb\u003eשם:\u003c/b\u003e יאיר ליכטרמן\u003cbr/\u003e\u003cb\u003eאתר:\u003c/b\u003e ים לים\u003cbr/\u003e\u003cb\u003eתאריך:\u003c/b\u003e 25-08-2025\u003cbr/\u003e\u003cb\u003eID:\u003c/b\u003e 1651\u003cbr/\u003e\u003cb\u003eFB:\u003c/b\u003e \u003ca href=\u0027https://www.facebook.com/groups/beshvil.yael/posts/3731670270459430/\u0027\u003ehttps://www.facebook.com/groups/beshvil.yael/posts/3731670270459430/\u003c/a\u003e\u003cbr/\u003e\u003cbr/\u003e\u003cimg src=\u0027https://drive.google.com/uc?export=view\u0026amp;id=1t3NYy5zBlHrdBk-4u-UEYVvyUkCxrUbC\u0027 width=\u0027450\u0027/\u003e\u003cbr/\u003e\u003c/div\u003e",
                                            "tessellate":  -1,
                                            "extrude":  0,
                                            "visibility":  -1
                                        },
                         "geometry":  {
                                          "type":  "Point",
                                          "coordinates":  [
                                                              35.1058689,
                                                              33.0716818,
                                                              0.0
                                                          ]
                                      }
                     },
                     {
                         "type":  "Feature",
                         "properties":  {
                                            "Name":  "#5465",
                                            "description":  "\u003cdiv dir=\u0027rtl\u0027 style=\u0027font-family:Arial;\u0027\u003e\u003cb\u003eשם:\u003c/b\u003e אבא של נגה קרן\u003cbr/\u003e\u003cb\u003eאתר:\u003c/b\u003e נחל תמר\u003cbr/\u003e\u003cb\u003eתאריך:\u003c/b\u003e 06-10-2025\u003cbr/\u003e\u003cb\u003eID:\u003c/b\u003e 2204\u003cbr/\u003e\u003cb\u003eFB:\u003c/b\u003e \u003ca href=\u0027https://www.facebook.com/groups/beshvil.yael/posts/3771437559816034\u0027\u003ehttps://www.facebook.com/groups/beshvil.yael/posts/3771437559816034\u003c/a\u003e\u003cbr/\u003e\u003cbr/\u003e\u003cimg src=\u0027https://drive.google.com/uc?export=view\u0026amp;id=1NEJ3TKz09JHypjmKsJuIsPD9CRUWTMar\u0027 width=\u0027450\u0027/\u003e\u003cbr/\u003e\u003c/div\u003e",
                                            "tessellate":  -1,
                                            "extrude":  0,
                                            "visibility":  -1
                                        },
                         "geometry":  {
                                          "type":  "Point",
                                          "coordinates":  [
                                                              35.29482,
                                                              30.98795,
                                                              0.0
                                                          ]
                                      }
                     },
                     {
                         "type":  "Feature",
                         "properties":  {
                                            "Name":  "#5465",
                                            "description":  "\u003cdiv dir=\u0027rtl\u0027 style=\u0027font-family:Arial;\u0027\u003e\u003cb\u003eשם:\u003c/b\u003e אבא של נגה קרן\u003cbr/\u003e\u003cb\u003eאתר:\u003c/b\u003e נחל משמר\u003cbr/\u003e\u003cb\u003eתאריך:\u003c/b\u003e 17-01-2026\u003cbr/\u003e\u003cb\u003eID:\u003c/b\u003e 3379\u003cbr/\u003e\u003cb\u003eFB:\u003c/b\u003e \u003ca href=\u0027https://www.facebook.com/groups/beshvil.yael/posts/3863974230562366\u0027\u003ehttps://www.facebook.com/groups/beshvil.yael/posts/3863974230562366\u003c/a\u003e\u003cbr/\u003e\u003cbr/\u003e\u003cimg src=\u0027https://drive.google.com/uc?export=view\u0026amp;id=1P7klWC_14JFDgLmm5KZAhnf7OwBSU1D0\u0027 width=\u0027450\u0027/\u003e\u003cbr/\u003e\u003c/div\u003e",
                                            "tessellate":  -1,
                                            "extrude":  0,
                                            "visibility":  -1
                                        },
                         "geometry":  {
                                          "type":  "Point",
                                          "coordinates":  [
                                                              35.3471,
                                                              31.38978,
                                                              0.0
                                                          ]
                                      }
                     },
                     {
                         "type":  "Feature",
                         "properties":  {
                                            "Name":  "#5467",
                                            "description":  "\u003cdiv dir=\u0027rtl\u0027 style=\u0027font-family:Arial;\u0027\u003e\u003cb\u003eשם:\u003c/b\u003e רון ישראלי\u003cbr/\u003e\u003cb\u003eאתר:\u003c/b\u003e הר כיפון\u003cbr/\u003e\u003cb\u003eתאריך:\u003c/b\u003e 21-11-2025\u003cbr/\u003e\u003cb\u003eID:\u003c/b\u003e 2808\u003cbr/\u003e\u003cb\u003eFB:\u003c/b\u003e \u003ca href=\u0027https://www.facebook.com/groups/beshvil.yael/posts/3815567805403009\u0027\u003ehttps://www.facebook.com/groups/beshvil.yael/posts/3815567805403009\u003c/a\u003e\u003cbr/\u003e\u003cbr/\u003e\u003cimg src=\u0027https://drive.google.com/uc?export=view\u0026amp;id=1lIaH6VSXtgRLQRZedMR65aaHt1ciI0A2\u0027 width=\u0027450\u0027/\u003e\u003cbr/\u003e\u003c/div\u003e",
                                            "tessellate":  -1,
                                            "extrude":  0,
                                            "visibility":  -1
                                        },
                         "geometry":  {
                                          "type":  "Point",
                                          "coordinates":  [
                                                              35.20388,
                                                              31.18556,
                                                              0.0
                                                          ]
                                      }
                     },
                     {
                         "type":  "Feature",
                         "properties":  {
                                            "Name":  "#5467",
                                            "description":  "\u003cdiv dir=\u0027rtl\u0027 style=\u0027font-family:Arial;\u0027\u003e\u003cb\u003eשם:\u003c/b\u003e רון ישראלי\u003cbr/\u003e\u003cb\u003eאתר:\u003c/b\u003e הכרבולת\u003cbr/\u003e\u003cb\u003eתאריך:\u003c/b\u003e 22-11-2025\u003cbr/\u003e\u003cb\u003eID:\u003c/b\u003e 2831\u003cbr/\u003e\u003cb\u003eFB:\u003c/b\u003e \u003ca href=\u0027https://www.facebook.com/groups/beshvil.yael/posts/3816641871962269\u0027\u003ehttps://www.facebook.com/groups/beshvil.yael/posts/3816641871962269\u003c/a\u003e\u003cbr/\u003e\u003cbr/\u003e\u003cimg src=\u0027https://drive.google.com/uc?export=view\u0026amp;id=13RTqL74jALhXspCSXXXDmF6r0LGkxZYX\u0027 width=\u0027450\u0027/\u003e\u003cbr/\u003e\u003c/div\u003e",
                                            "tessellate":  -1,
                                            "extrude":  0,
                                            "visibility":  -1
                                        },
                         "geometry":  {
                                          "type":  "Point",
                                          "coordinates":  [
                                                              34.93281,
                                                              30.94655,
                                                              0.0
                                                          ]
                                      }
                     },
                     {
                         "type":  "Feature",
                         "properties":  {
                                            "Name":  "#5467",
                                            "description":  "\u003cdiv dir=\u0027rtl\u0027 style=\u0027font-family:Arial;\u0027\u003e\u003cb\u003eשם:\u003c/b\u003e רון ישראלי\u003cbr/\u003e\u003cb\u003eאתר:\u003c/b\u003e נחל חמר\u003cbr/\u003e\u003cb\u003eתאריך:\u003c/b\u003e 12-12-2025\u003cbr/\u003e\u003cb\u003eID:\u003c/b\u003e 3021\u003cbr/\u003e\u003cb\u003eFB:\u003c/b\u003e \u003ca href=\u0027https://www.facebook.com/groups/beshvil.yael/posts/3833428240283632\u0027\u003ehttps://www.facebook.com/groups/beshvil.yael/posts/3833428240283632\u003c/a\u003e\u003cbr/\u003e\u003cbr/\u003e\u003cimg src=\u0027https://drive.google.com/uc?export=view\u0026amp;id=1lKCbW8aEVO_lpVHCEBpShuR29K_HMxkR\u0027 width=\u0027450\u0027/\u003e\u003cbr/\u003e\u003c/div\u003e",
                                            "tessellate":  -1,
                                            "extrude":  0,
                                            "visibility":  -1
                                        },
                         "geometry":  {
                                          "type":  "Point",
                                          "coordinates":  [
                                                              35.36862,
                                                              31.14031,
                                                              0.0
                                                          ]
                                      }
                     },
                     {
                         "type":  "Feature",
                         "properties":  {
                                            "Name":  "#5467",
                                            "description":  "\u003cdiv dir=\u0027rtl\u0027 style=\u0027font-family:Arial;\u0027\u003e\u003cb\u003eשם:\u003c/b\u003e רון ישראלי\u003cbr/\u003e\u003cb\u003eאתר:\u003c/b\u003e הרכס הדרומי\u003cbr/\u003e\u003cb\u003eתאריך:\u003c/b\u003e 08-01-2026\u003cbr/\u003e\u003cb\u003eID:\u003c/b\u003e 3301\u003cbr/\u003e\u003cb\u003eFB:\u003c/b\u003e \u003ca href=\u0027https://www.facebook.com/groups/beshvil.yael/posts/3856626801297109\u0027\u003ehttps://www.facebook.com/groups/beshvil.yael/posts/3856626801297109\u003c/a\u003e\u003cbr/\u003e\u003cbr/\u003e\u003cimg src=\u0027https://drive.google.com/uc?export=view\u0026amp;id=12y96dOSNnd40h-0wGhjp-IhSms49sSru\u0027 width=\u0027450\u0027/\u003e\u003cbr/\u003e\u003c/div\u003e",
                                            "tessellate":  -1,
                                            "extrude":  0,
                                            "visibility":  -1
                                        },
                         "geometry":  {
                                          "type":  "Point",
                                          "coordinates":  [
                                                              34.81,
                                                              30.55222,
                                                              0.0
                                                          ]
                                      }
                     },
                     {
                         "type":  "Feature",
                         "properties":  {
                                            "Name":  "#5467",
                                            "description":  "\u003cdiv dir=\u0027rtl\u0027 style=\u0027font-family:Arial;\u0027\u003e\u003cb\u003eשם:\u003c/b\u003e רון ישראלי\u003cbr/\u003e\u003cb\u003eאתר:\u003c/b\u003e מכתש חצירה\u003cbr/\u003e\u003cb\u003eתאריך:\u003c/b\u003e 31-01-2026\u003cbr/\u003e\u003cb\u003eID:\u003c/b\u003e 3551\u003cbr/\u003e\u003cb\u003eFB:\u003c/b\u003e \u003ca href=\u0027https://www.facebook.com/groups/beshvil.yael/posts/3877254535901002\u0027\u003ehttps://www.facebook.com/groups/beshvil.yael/posts/3877254535901002\u003c/a\u003e\u003cbr/\u003e\u003cbr/\u003e\u003cimg src=\u0027https://drive.google.com/uc?export=view\u0026amp;id=12AfBh8yE8_UxhfYx-A3lk0MCzY2XvE09\u0027 width=\u0027450\u0027/\u003e\u003cbr/\u003e\u003c/div\u003e",
                                            "tessellate":  -1,
                                            "extrude":  0,
                                            "visibility":  -1
                                        },
                         "geometry":  {
                                          "type":  "Point",
                                          "coordinates":  [
                                                              35.2116692,
                                                              30.9653173,
                                                              0.0
                                                          ]
                                      }
                     },
                     {
                         "type":  "Feature",
                         "properties":  {
                                            "Name":  "#5467",
                                            "description":  "\u003cdiv dir=\u0027rtl\u0027 style=\u0027font-family:Arial;\u0027\u003e\u003cb\u003eשם:\u003c/b\u003e רון ישראלי\u003cbr/\u003e\u003cb\u003eאתר:\u003c/b\u003e אמת המים בקסריה\u003cbr/\u003e\u003cb\u003eתאריך:\u003c/b\u003e 09-05-2026\u003cbr/\u003e\u003cb\u003eID:\u003c/b\u003e 4382\u003cbr/\u003e\u003cb\u003eFB:\u003c/b\u003e \u003ca href=\u0027https://www.facebook.com/groups/beshvil.yael/posts/3966556766970778\u0027\u003ehttps://www.facebook.com/groups/beshvil.yael/posts/3966556766970778\u003c/a\u003e\u003cbr/\u003e\u003cbr/\u003e\u003cimg src=\u0027https://drive.google.com/uc?export=view\u0026amp;id=1Bm-4W_me-3KXAgW91lBkWD0Dfe0u24mI\u0027 width=\u0027450\u0027/\u003e\u003cbr/\u003e\u003c/div\u003e",
                                            "tessellate":  -1,
                                            "extrude":  0,
                                            "visibility":  -1
                                        },
                         "geometry":  {
                                          "type":  "Point",
                                          "coordinates":  [
                                                              34.89923,
                                                              32.52251,
                                                              0.0
                                                          ]
                                      }
                     },
                     {
                         "type":  "Feature",
                         "properties":  {
                                            "Name":  "#5468",
                                            "description":  "\u003cdiv dir=\u0027rtl\u0027 style=\u0027font-family:Arial;\u0027\u003e\u003cb\u003eשם:\u003c/b\u003e לימור שגב\u003cbr/\u003e\u003cb\u003eאתר:\u003c/b\u003e נחל ערוגות\u003cbr/\u003e\u003cb\u003eתאריך:\u003c/b\u003e 06-10-2025\u003cbr/\u003e\u003cb\u003eID:\u003c/b\u003e 2202\u003cbr/\u003e\u003cb\u003eFB:\u003c/b\u003e \u003ca href=\u0027https://www.facebook.com/groups/beshvil.yael/posts/3771374333155690\u0027\u003ehttps://www.facebook.com/groups/beshvil.yael/posts/3771374333155690\u003c/a\u003e\u003cbr/\u003e\u003cbr/\u003e\u003cimg src=\u0027https://drive.google.com/uc?export=view\u0026amp;id=1DUtskCLjeLrHGKtwigqIU7BH2qInpTNI\u0027 width=\u0027450\u0027/\u003e\u003cbr/\u003e\u003c/div\u003e",
                                            "tessellate":  -1,
                                            "extrude":  0,
                                            "visibility":  -1
                                        },
                         "geometry":  {
                                          "type":  "Point",
                                          "coordinates":  [
                                                              35.28611,
                                                              31.51609,
                                                              0.0
                                                          ]
                                      }
                     },
                     {
                         "type":  "Feature",
                         "properties":  {
                                            "Name":  "#5471",
                                            "description":  "\u003cdiv dir=\u0027rtl\u0027 style=\u0027font-family:Arial;\u0027\u003e\u003cb\u003eשם:\u003c/b\u003e אוריין הרץ\u003cbr/\u003e\u003cb\u003eאתר:\u003c/b\u003e נחל נטפים\u003cbr/\u003e\u003cb\u003eתאריך:\u003c/b\u003e 30-09-2025\u003cbr/\u003e\u003cb\u003eID:\u003c/b\u003e 2104\u003cbr/\u003e\u003cb\u003eFB:\u003c/b\u003e \u003ca href=\u0027https://www.facebook.com/groups/beshvil.yael/posts/3765162480443542\u0027\u003ehttps://www.facebook.com/groups/beshvil.yael/posts/3765162480443542\u003c/a\u003e\u003cbr/\u003e\u003cbr/\u003e\u003cimg src=\u0027https://drive.google.com/uc?export=view\u0026amp;id=1gBMy68XEOwEQH-d-qW2pI13mPTDylScJ\u0027 width=\u0027450\u0027/\u003e\u003cbr/\u003e\u003c/div\u003e",
                                            "tessellate":  -1,
                                            "extrude":  0,
                                            "visibility":  -1
                                        },
                         "geometry":  {
                                          "type":  "Point",
                                          "coordinates":  [
                                                              34.91498,
                                                              29.5911,
                                                              0.0
                                                          ]
                                      }
                     },
                     {
                         "type":  "Feature",
                         "properties":  {
                                            "Name":  "#5471",
                                            "description":  "\u003cdiv dir=\u0027rtl\u0027 style=\u0027font-family:Arial;\u0027\u003e\u003cb\u003eשם:\u003c/b\u003e אוריין הרץ\u003cbr/\u003e\u003cb\u003eאתר:\u003c/b\u003e פארק תמנע\u003cbr/\u003e\u003cb\u003eתאריך:\u003c/b\u003e 14-10-2025\u003cbr/\u003e\u003cb\u003eID:\u003c/b\u003e 2388\u003cbr/\u003e\u003cb\u003eFB:\u003c/b\u003e \u003ca href=\u0027https://www.facebook.com/groups/beshvil.yael/posts/3779977082295415\u0027\u003ehttps://www.facebook.com/groups/beshvil.yael/posts/3779977082295415\u003c/a\u003e\u003cbr/\u003e\u003cbr/\u003e\u003cimg src=\u0027https://drive.google.com/uc?export=view\u0026amp;id=1f6-6FD9JGkn4-fXUteeNWlL3P_N3fEDp\u0027 width=\u0027450\u0027/\u003e\u003cbr/\u003e\u003c/div\u003e",
                                            "tessellate":  -1,
                                            "extrude":  0,
                                            "visibility":  -1
                                        },
                         "geometry":  {
                                          "type":  "Point",
                                          "coordinates":  [
                                                              34.98954,
                                                              29.78694,
                                                              0.0
                                                          ]
                                      }
                     },
                     {
                         "type":  "Feature",
                         "properties":  {
                                            "Name":  "#5471",
                                            "description":  "\u003cdiv dir=\u0027rtl\u0027 style=\u0027font-family:Arial;\u0027\u003e\u003cb\u003eשם:\u003c/b\u003e אוריין הרץ\u003cbr/\u003e\u003cb\u003eאתר:\u003c/b\u003e נחל נטפים\u003cbr/\u003e\u003cb\u003eתאריך:\u003c/b\u003e 23-11-2025\u003cbr/\u003e\u003cb\u003eID:\u003c/b\u003e 2846\u003cbr/\u003e\u003cb\u003eFB:\u003c/b\u003e \u003ca href=\u0027https://www.facebook.com/groups/beshvil.yael/posts/3817241625235627\u0027\u003ehttps://www.facebook.com/groups/beshvil.yael/posts/3817241625235627\u003c/a\u003e\u003cbr/\u003e\u003cbr/\u003e\u003cimg src=\u0027https://drive.google.com/uc?export=view\u0026amp;id=1i1TbE5GYcN1hKJqJwtv8EUY4ZeahDdp0\u0027 width=\u0027450\u0027/\u003e\u003cbr/\u003e\u003c/div\u003e",
                                            "tessellate":  -1,
                                            "extrude":  0,
                                            "visibility":  -1
                                        },
                         "geometry":  {
                                          "type":  "Point",
                                          "coordinates":  [
                                                              34.91509,
                                                              29.58833,
                                                              0.0
                                                          ]
                                      }
                     },
                     {
                         "type":  "Feature",
                         "properties":  {
                                            "Name":  "#5471",
                                            "description":  "\u003cdiv dir=\u0027rtl\u0027 style=\u0027font-family:Arial;\u0027\u003e\u003cb\u003eשם:\u003c/b\u003e אוריין הרץ\u003cbr/\u003e\u003cb\u003eאתר:\u003c/b\u003e נחל נטפים\u003cbr/\u003e\u003cb\u003eתאריך:\u003c/b\u003e 24-12-2025\u003cbr/\u003e\u003cb\u003eID:\u003c/b\u003e 3150\u003cbr/\u003e\u003cb\u003eFB:\u003c/b\u003e \u003ca href=\u0027https://www.facebook.com/groups/beshvil.yael/posts/3843692465923876/\u0027\u003ehttps://www.facebook.com/groups/beshvil.yael/posts/3843692465923876/\u003c/a\u003e\u003cbr/\u003e\u003cbr/\u003e\u003cimg src=\u0027https://drive.google.com/uc?export=view\u0026amp;id=1jA2uB_DktH6v-bK-xl5sWstKyddkkyRH\u0027 width=\u0027450\u0027/\u003e\u003cbr/\u003e\u003c/div\u003e",
                                            "tessellate":  -1,
                                            "extrude":  0,
                                            "visibility":  -1
                                        },
                         "geometry":  {
                                          "type":  "Point",
                                          "coordinates":  [
                                                              34.91365,
                                                              29.58746,
                                                              0.0
                                                          ]
                                      }
                     },
                     {
                         "type":  "Feature",
                         "properties":  {
                                            "Name":  "#5472",
                                            "description":  "\u003cdiv dir=\u0027rtl\u0027 style=\u0027font-family:Arial;\u0027\u003e\u003cb\u003eשם:\u003c/b\u003e אלה אבס\u003cbr/\u003e\u003cb\u003eאתר:\u003c/b\u003e \u003cbr/\u003e\u003cb\u003eתאריך:\u003c/b\u003e 22-11-2025\u003cbr/\u003e\u003cb\u003eID:\u003c/b\u003e 2834\u003cbr/\u003e\u003cb\u003eFB:\u003c/b\u003e \u003ca href=\u0027https://www.facebook.com/groups/beshvil.yael/posts/3816716481954808/\u0027\u003ehttps://www.facebook.com/groups/beshvil.yael/posts/3816716481954808/\u003c/a\u003e\u003cbr/\u003e\u003cbr/\u003e\u003cimg src=\u0027https://drive.google.com/uc?export=view\u0026amp;id=1-Eo0TcyGKj9YxbjEzztpaeSfjs5nHvCN\u0027 width=\u0027450\u0027/\u003e\u003cbr/\u003e\u003c/div\u003e",
                                            "tessellate":  -1,
                                            "extrude":  0,
                                            "visibility":  -1
                                        },
                         "geometry":  {
                                          "type":  "Point",
                                          "coordinates":  [
                                                              34.923,
                                                              29.57765,
                                                              0.0
                                                          ]
                                      }
                     },
                     {
                         "type":  "Feature",
                         "properties":  {
                                            "Name":  "#5472",
                                            "description":  "\u003cdiv dir=\u0027rtl\u0027 style=\u0027font-family:Arial;\u0027\u003e\u003cb\u003eשם:\u003c/b\u003e אלה אבס\u003cbr/\u003e\u003cb\u003eאתר:\u003c/b\u003e נחל נטפים\u003cbr/\u003e\u003cb\u003eתאריך:\u003c/b\u003e 23-11-2025\u003cbr/\u003e\u003cb\u003eID:\u003c/b\u003e 2846\u003cbr/\u003e\u003cb\u003eFB:\u003c/b\u003e \u003ca href=\u0027https://www.facebook.com/groups/beshvil.yael/posts/3817241625235627\u0027\u003ehttps://www.facebook.com/groups/beshvil.yael/posts/3817241625235627\u003c/a\u003e\u003cbr/\u003e\u003cbr/\u003e\u003cimg src=\u0027https://drive.google.com/uc?export=view\u0026amp;id=1i1TbE5GYcN1hKJqJwtv8EUY4ZeahDdp0\u0027 width=\u0027450\u0027/\u003e\u003cbr/\u003e\u003c/div\u003e",
                                            "tessellate":  -1,
                                            "extrude":  0,
                                            "visibility":  -1
                                        },
                         "geometry":  {
                                          "type":  "Point",
                                          "coordinates":  [
                                                              34.91509,
                                                              29.5886,
                                                              0.0
                                                          ]
                                      }
                     },
                     {
                         "type":  "Feature",
                         "properties":  {
                                            "Name":  "#5472",
                                            "description":  "\u003cdiv dir=\u0027rtl\u0027 style=\u0027font-family:Arial;\u0027\u003e\u003cb\u003eשם:\u003c/b\u003e אלה אבס\u003cbr/\u003e\u003cb\u003eאתר:\u003c/b\u003e מצפה / מכתש רמון\u003cbr/\u003e\u003cb\u003eתאריך:\u003c/b\u003e 01-05-2026\u003cbr/\u003e\u003cb\u003eID:\u003c/b\u003e 4301\u003cbr/\u003e\u003cb\u003eFB:\u003c/b\u003e \u003ca href=\u0027https://www.facebook.com/groups/beshvil.yael/posts/3959584147668040\u0027\u003ehttps://www.facebook.com/groups/beshvil.yael/posts/3959584147668040\u003c/a\u003e\u003cbr/\u003e\u003cbr/\u003e\u003cimg src=\u0027https://drive.google.com/uc?export=view\u0026amp;id=1c9K5ko2lN2Wg-DoQgl4Nkp3eK8sHcJEe\u0027 width=\u0027450\u0027/\u003e\u003cbr/\u003e\u003c/div\u003e",
                                            "tessellate":  -1,
                                            "extrude":  0,
                                            "visibility":  -1
                                        },
                         "geometry":  {
                                          "type":  "Point",
                                          "coordinates":  [
                                                              34.77508,
                                                              30.60615,
                                                              0.0
                                                          ]
                                      }
                     },
                     {
                         "type":  "Feature",
                         "properties":  {
                                            "Name":  "#5483",
                                            "description":  "\u003cdiv dir=\u0027rtl\u0027 style=\u0027font-family:Arial;\u0027\u003e\u003cb\u003eשם:\u003c/b\u003e נדב טסלר\u003cbr/\u003e\u003cb\u003eאתר:\u003c/b\u003e מצדה\u003cbr/\u003e\u003cb\u003eתאריך:\u003c/b\u003e 01-11-2025\u003cbr/\u003e\u003cb\u003eID:\u003c/b\u003e 2586\u003cbr/\u003e\u003cb\u003eFB:\u003c/b\u003e \u003ca href=\u0027https://www.facebook.com/groups/beshvil.yael/posts/3797334287226361\u0027\u003ehttps://www.facebook.com/groups/beshvil.yael/posts/3797334287226361\u003c/a\u003e\u003cbr/\u003e\u003cbr/\u003e\u003cimg src=\u0027https://drive.google.com/uc?export=view\u0026amp;id=1JEsLq53Xy8tvVtyMHV9ZOUelvBPSIo8k\u0027 width=\u0027450\u0027/\u003e\u003cbr/\u003e\u003c/div\u003e",
                                            "tessellate":  -1,
                                            "extrude":  0,
                                            "visibility":  -1
                                        },
                         "geometry":  {
                                          "type":  "Point",
                                          "coordinates":  [
                                                              35.36214,
                                                              31.31176,
                                                              0.0
                                                          ]
                                      }
                     },
                     {
                         "type":  "Feature",
                         "properties":  {
                                            "Name":  "#5497",
                                            "description":  "\u003cdiv dir=\u0027rtl\u0027 style=\u0027font-family:Arial;\u0027\u003e\u003cb\u003eשם:\u003c/b\u003e יוסף תירוש\u003cbr/\u003e\u003cb\u003eאתר:\u003c/b\u003e מצפה / מכתש רמון\u003cbr/\u003e\u003cb\u003eתאריך:\u003c/b\u003e 21-09-2025\u003cbr/\u003e\u003cb\u003eID:\u003c/b\u003e 1979\u003cbr/\u003e\u003cb\u003eFB:\u003c/b\u003e \u003ca href=\u0027https://www.facebook.com/groups/beshvil.yael/posts/3756539484639175/\u0027\u003ehttps://www.facebook.com/groups/beshvil.yael/posts/3756539484639175/\u003c/a\u003e\u003cbr/\u003e\u003cbr/\u003e\u003cimg src=\u0027https://drive.google.com/uc?export=view\u0026amp;id=1oz19_7WFpT4sIiLjvdh3lZGY-Hm4IXO3\u0027 width=\u0027450\u0027/\u003e\u003cbr/\u003e\u003c/div\u003e",
                                            "tessellate":  -1,
                                            "extrude":  0,
                                            "visibility":  -1
                                        },
                         "geometry":  {
                                          "type":  "Point",
                                          "coordinates":  [
                                                              34.80598,
                                                              30.5998,
                                                              0.0
                                                          ]
                                      }
                     },
                     {
                         "type":  "Feature",
                         "properties":  {
                                            "Name":  "#5515",
                                            "description":  "\u003cdiv dir=\u0027rtl\u0027 style=\u0027font-family:Arial;\u0027\u003e\u003cb\u003eשם:\u003c/b\u003e דרור שוורץ\u003cbr/\u003e\u003cb\u003eאתר:\u003c/b\u003e יד קנדי\u003cbr/\u003e\u003cb\u003eתאריך:\u003c/b\u003e 03-10-2025\u003cbr/\u003e\u003cb\u003eID:\u003c/b\u003e 2129\u003cbr/\u003e\u003cb\u003eFB:\u003c/b\u003e \u003ca href=\u0027https://www.facebook.com/groups/beshvil.yael/posts/3768215066804950\u0027\u003ehttps://www.facebook.com/groups/beshvil.yael/posts/3768215066804950\u003c/a\u003e\u003cbr/\u003e\u003cbr/\u003e\u003cimg src=\u0027https://drive.google.com/uc?export=view\u0026amp;id=1xPgVYaP06Lq7AG8HlVkbb4lOSXs8jsbl\u0027 width=\u0027450\u0027/\u003e\u003cbr/\u003e\u003c/div\u003e",
                                            "tessellate":  -1,
                                            "extrude":  0,
                                            "visibility":  -1
                                        },
                         "geometry":  {
                                          "type":  "Point",
                                          "coordinates":  [
                                                              35.13454,
                                                              31.74937,
                                                              0.0
                                                          ]
                                      }
                     },
                     {
                         "type":  "Feature",
                         "properties":  {
                                            "Name":  "#5515",
                                            "description":  "\u003cdiv dir=\u0027rtl\u0027 style=\u0027font-family:Arial;\u0027\u003e\u003cb\u003eשם:\u003c/b\u003e דרור שוורץ\u003cbr/\u003e\u003cb\u003eאתר:\u003c/b\u003e עמק המצלבה\u003cbr/\u003e\u003cb\u003eתאריך:\u003c/b\u003e 06-10-2025\u003cbr/\u003e\u003cb\u003eID:\u003c/b\u003e 2198\u003cbr/\u003e\u003cb\u003eFB:\u003c/b\u003e \u003ca href=\u0027https://www.facebook.com/groups/beshvil.yael/posts/3771160686510388\u0027\u003ehttps://www.facebook.com/groups/beshvil.yael/posts/3771160686510388\u003c/a\u003e\u003cbr/\u003e\u003cbr/\u003e\u003cimg src=\u0027https://drive.google.com/uc?export=view\u0026amp;id=1jC8FHanxclsOJ5wYG-lrpQ0qph2OgTBw\u0027 width=\u0027450\u0027/\u003e\u003cbr/\u003e\u003c/div\u003e",
                                            "tessellate":  -1,
                                            "extrude":  0,
                                            "visibility":  -1
                                        },
                         "geometry":  {
                                          "type":  "Point",
                                          "coordinates":  [
                                                              35.20666,
                                                              31.77347,
                                                              0.0
                                                          ]
                                      }
                     },
                     {
                         "type":  "Feature",
                         "properties":  {
                                            "Name":  "#5515",
                                            "description":  "\u003cdiv dir=\u0027rtl\u0027 style=\u0027font-family:Arial;\u0027\u003e\u003cb\u003eשם:\u003c/b\u003e דרור שוורץ\u003cbr/\u003e\u003cb\u003eאתר:\u003c/b\u003e יד קנדי\u003cbr/\u003e\u003cb\u003eתאריך:\u003c/b\u003e 16-11-2025\u003cbr/\u003e\u003cb\u003eID:\u003c/b\u003e 2749\u003cbr/\u003e\u003cb\u003eFB:\u003c/b\u003e \u003ca href=\u0027https://www.facebook.com/groups/beshvil.yael/posts/3811169545842835\u0027\u003ehttps://www.facebook.com/groups/beshvil.yael/posts/3811169545842835\u003c/a\u003e\u003cbr/\u003e\u003cbr/\u003e\u003cimg src=\u0027https://drive.google.com/uc?export=view\u0026amp;id=1899lu0sXvCNegMMvaaM7xiixRgx_zWct\u0027 width=\u0027450\u0027/\u003e\u003cbr/\u003e\u003c/div\u003e",
                                            "tessellate":  -1,
                                            "extrude":  0,
                                            "visibility":  -1
                                        },
                         "geometry":  {
                                          "type":  "Point",
                                          "coordinates":  [
                                                              35.13449,
                                                              31.74943,
                                                              0.0
                                                          ]
                                      }
                     },
                     {
                         "type":  "Feature",
                         "properties":  {
                                            "Name":  "#5515",
                                            "description":  "\u003cdiv dir=\u0027rtl\u0027 style=\u0027font-family:Arial;\u0027\u003e\u003cb\u003eשם:\u003c/b\u003e דרור שוורץ\u003cbr/\u003e\u003cb\u003eאתר:\u003c/b\u003e פארק צפרות\u003cbr/\u003e\u003cb\u003eתאריך:\u003c/b\u003e 13-12-2025\u003cbr/\u003e\u003cb\u003eID:\u003c/b\u003e 3039\u003cbr/\u003e\u003cb\u003eFB:\u003c/b\u003e \u003ca href=\u0027https://www.facebook.com/groups/beshvil.yael/posts/3834500710176385/\u0027\u003ehttps://www.facebook.com/groups/beshvil.yael/posts/3834500710176385/\u003c/a\u003e\u003cbr/\u003e\u003cbr/\u003e\u003cimg src=\u0027https://drive.google.com/uc?export=view\u0026amp;id=1fgUAxXi2dmtObuy4Zev6BbLZY5OdDk7P\u0027 width=\u0027450\u0027/\u003e\u003cbr/\u003e\u003c/div\u003e",
                                            "tessellate":  -1,
                                            "extrude":  0,
                                            "visibility":  -1
                                        },
                         "geometry":  {
                                          "type":  "Point",
                                          "coordinates":  [
                                                              34.97223,
                                                              29.57267,
                                                              0.0
                                                          ]
                                      }
                     },
                     {
                         "type":  "Feature",
                         "properties":  {
                                            "Name":  "#5515",
                                            "description":  "\u003cdiv dir=\u0027rtl\u0027 style=\u0027font-family:Arial;\u0027\u003e\u003cb\u003eשם:\u003c/b\u003e דרור שוורץ\u003cbr/\u003e\u003cb\u003eאתר:\u003c/b\u003e גב ילק\u003cbr/\u003e\u003cb\u003eתאריך:\u003c/b\u003e 14-12-2025\u003cbr/\u003e\u003cb\u003eID:\u003c/b\u003e 3055\u003cbr/\u003e\u003cb\u003eFB:\u003c/b\u003e \u003ca href=\u0027https://www.facebook.com/groups/beshvil.yael/posts/3835234340103022/\u0027\u003ehttps://www.facebook.com/groups/beshvil.yael/posts/3835234340103022/\u003c/a\u003e\u003cbr/\u003e\u003cbr/\u003e\u003cimg src=\u0027https://drive.google.com/uc?export=view\u0026amp;id=1gEwYg1S504MEr4m9n5-gxtf8Ip6ic0hi\u0027 width=\u0027450\u0027/\u003e\u003cbr/\u003e\u003c/div\u003e",
                                            "tessellate":  -1,
                                            "extrude":  0,
                                            "visibility":  -1
                                        },
                         "geometry":  {
                                          "type":  "Point",
                                          "coordinates":  [
                                                              34.91149,
                                                              30.55815,
                                                              0.0
                                                          ]
                                      }
                     },
                     {
                         "type":  "Feature",
                         "properties":  {
                                            "Name":  "#5515",
                                            "description":  "\u003cdiv dir=\u0027rtl\u0027 style=\u0027font-family:Arial;\u0027\u003e\u003cb\u003eשם:\u003c/b\u003e דרור שוורץ\u003cbr/\u003e\u003cb\u003eאתר:\u003c/b\u003e הר מונטר\u003cbr/\u003e\u003cb\u003eתאריך:\u003c/b\u003e 17-12-2025\u003cbr/\u003e\u003cb\u003eID:\u003c/b\u003e 3076\u003cbr/\u003e\u003cb\u003eFB:\u003c/b\u003e \u003ca href=\u0027https://www.facebook.com/groups/beshvil.yael/posts/3837688583190931\u0027\u003ehttps://www.facebook.com/groups/beshvil.yael/posts/3837688583190931\u003c/a\u003e\u003cbr/\u003e\u003cbr/\u003e\u003cimg src=\u0027https://drive.google.com/uc?export=view\u0026amp;id=1l8Mj60AykdR7pL07D8aMO6xUbb8wRB9J\u0027 width=\u0027450\u0027/\u003e\u003cbr/\u003e\u003c/div\u003e",
                                            "tessellate":  -1,
                                            "extrude":  0,
                                            "visibility":  -1
                                        },
                         "geometry":  {
                                          "type":  "Point",
                                          "coordinates":  [
                                                              35.32344,
                                                              31.74291,
                                                              0.0
                                                          ]
                                      }
                     },
                     {
                         "type":  "Feature",
                         "properties":  {
                                            "Name":  "#5515",
                                            "description":  "\u003cdiv dir=\u0027rtl\u0027 style=\u0027font-family:Arial;\u0027\u003e\u003cb\u003eשם:\u003c/b\u003e דרור שוורץ\u003cbr/\u003e\u003cb\u003eאתר:\u003c/b\u003e תל חצור\u003cbr/\u003e\u003cb\u003eתאריך:\u003c/b\u003e 15-01-2026\u003cbr/\u003e\u003cb\u003eID:\u003c/b\u003e 3344\u003cbr/\u003e\u003cb\u003eFB:\u003c/b\u003e \u003ca href=\u0027https://www.facebook.com/groups/beshvil.yael/posts/3862063244086798\u0027\u003ehttps://www.facebook.com/groups/beshvil.yael/posts/3862063244086798\u003c/a\u003e\u003cbr/\u003e\u003cbr/\u003e\u003cimg src=\u0027https://drive.google.com/uc?export=view\u0026amp;id=10JGgErA2L81TuB6mo6hQFbjFIlHlBXdI\u0027 width=\u0027450\u0027/\u003e\u003cbr/\u003e\u003c/div\u003e",
                                            "tessellate":  -1,
                                            "extrude":  0,
                                            "visibility":  -1
                                        },
                         "geometry":  {
                                          "type":  "Point",
                                          "coordinates":  [
                                                              35.56823,
                                                              33.01756,
                                                              0.0
                                                          ]
                                      }
                     },
                     {
                         "type":  "Feature",
                         "properties":  {
                                            "Name":  "#5515",
                                            "description":  "\u003cdiv dir=\u0027rtl\u0027 style=\u0027font-family:Arial;\u0027\u003e\u003cb\u003eשם:\u003c/b\u003e דרור שוורץ\u003cbr/\u003e\u003cb\u003eאתר:\u003c/b\u003e חורבת עיתרי\u003cbr/\u003e\u003cb\u003eתאריך:\u003c/b\u003e 30-01-2026\u003cbr/\u003e\u003cb\u003eID:\u003c/b\u003e 3509\u003cbr/\u003e\u003cb\u003eFB:\u003c/b\u003e \u003ca href=\u0027https://www.facebook.com/groups/beshvil.yael/posts/3875902506036205\u0027\u003ehttps://www.facebook.com/groups/beshvil.yael/posts/3875902506036205\u003c/a\u003e\u003cbr/\u003e\u003cbr/\u003e\u003cimg src=\u0027https://drive.google.com/uc?export=view\u0026amp;id=1vb49Q4TDOJBPEt_4iHe8gdXxo3nu-kVi\u0027 width=\u0027450\u0027/\u003e\u003cbr/\u003e\u003c/div\u003e",
                                            "tessellate":  -1,
                                            "extrude":  0,
                                            "visibility":  -1
                                        },
                         "geometry":  {
                                          "type":  "Point",
                                          "coordinates":  [
                                                              34.96814,
                                                              31.64645,
                                                              0.0
                                                          ]
                                      }
                     },
                     {
                         "type":  "Feature",
                         "properties":  {
                                            "Name":  "#5515",
                                            "description":  "\u003cdiv dir=\u0027rtl\u0027 style=\u0027font-family:Arial;\u0027\u003e\u003cb\u003eשם:\u003c/b\u003e דרור שוורץ\u003cbr/\u003e\u003cb\u003eאתר:\u003c/b\u003e בוסתן יעל\u003cbr/\u003e\u003cb\u003eתאריך:\u003c/b\u003e 22-02-2026\u003cbr/\u003e\u003cb\u003eID:\u003c/b\u003e 3826\u003cbr/\u003e\u003cb\u003eFB:\u003c/b\u003e \u003ca href=\u0027https://www.facebook.com/groups/beshvil.yael/posts/3897699570523165/\u0027\u003ehttps://www.facebook.com/groups/beshvil.yael/posts/3897699570523165/\u003c/a\u003e\u003cbr/\u003e\u003cbr/\u003e\u003cimg src=\u0027https://drive.google.com/uc?export=view\u0026amp;id=1jI8-RHvThgrDef1zUzyUl7etLra2HGo3\u0027 width=\u0027450\u0027/\u003e\u003cbr/\u003e\u003c/div\u003e",
                                            "tessellate":  -1,
                                            "extrude":  0,
                                            "visibility":  -1
                                        },
                         "geometry":  {
                                          "type":  "Point",
                                          "coordinates":  [
                                                              34.59717,
                                                              31.63085,
                                                              0.0
                                                          ]
                                      }
                     },
                     {
                         "type":  "Feature",
                         "properties":  {
                                            "Name":  "#5515",
                                            "description":  "\u003cdiv dir=\u0027rtl\u0027 style=\u0027font-family:Arial;\u0027\u003e\u003cb\u003eשם:\u003c/b\u003e דרור שוורץ\u003cbr/\u003e\u003cb\u003eאתר:\u003c/b\u003e עמק הצבאים\u003cbr/\u003e\u003cb\u003eתאריך:\u003c/b\u003e 14-03-2026\u003cbr/\u003e\u003cb\u003eID:\u003c/b\u003e 3954\u003cbr/\u003e\u003cb\u003eFB:\u003c/b\u003e \u003ca href=\u0027https://www.facebook.com/groups/beshvil.yael/posts/3915883485371440/\u0027\u003ehttps://www.facebook.com/groups/beshvil.yael/posts/3915883485371440/\u003c/a\u003e\u003cbr/\u003e\u003cbr/\u003e\u003cimg src=\u0027https://drive.google.com/uc?export=view\u0026amp;id=1sufmM006lIjxxSwPUbLh_KuSRfpUL_iv\u0027 width=\u0027450\u0027/\u003e\u003cbr/\u003e\u003c/div\u003e",
                                            "tessellate":  -1,
                                            "extrude":  0,
                                            "visibility":  -1
                                        },
                         "geometry":  {
                                          "type":  "Point",
                                          "coordinates":  [
                                                              35.19871,
                                                              31.75906,
                                                              0.0
                                                          ]
                                      }
                     },
                     {
                         "type":  "Feature",
                         "properties":  {
                                            "Name":  "#5515",
                                            "description":  "\u003cdiv dir=\u0027rtl\u0027 style=\u0027font-family:Arial;\u0027\u003e\u003cb\u003eשם:\u003c/b\u003e דרור שוורץ\u003cbr/\u003e\u003cb\u003eאתר:\u003c/b\u003e מרתון ירושלים\u003cbr/\u003e\u003cb\u003eתאריך:\u003c/b\u003e 17-04-2026\u003cbr/\u003e\u003cb\u003eID:\u003c/b\u003e 4144\u003cbr/\u003e\u003cb\u003eFB:\u003c/b\u003e \u003ca href=\u0027https://www.facebook.com/groups/beshvil.yael/posts/3946340948992360\u0027\u003ehttps://www.facebook.com/groups/beshvil.yael/posts/3946340948992360\u003c/a\u003e\u003cbr/\u003e\u003cbr/\u003e\u003cimg src=\u0027https://drive.google.com/uc?export=view\u0026amp;id=1PqNqwLBwqvtlraJbR3ujkxuULIprcYHL\u0027 width=\u0027450\u0027/\u003e\u003cbr/\u003e\u003c/div\u003e",
                                            "tessellate":  -1,
                                            "extrude":  0,
                                            "visibility":  -1
                                        },
                         "geometry":  {
                                          "type":  "Point",
                                          "coordinates":  [
                                                              35.22754,
                                                              31.77621,
                                                              0.0
                                                          ]
                                      }
                     },
                     {
                         "type":  "Feature",
                         "properties":  {
                                            "Name":  "#5516",
                                            "description":  "\u003cdiv dir=\u0027rtl\u0027 style=\u0027font-family:Arial;\u0027\u003e\u003cb\u003eשם:\u003c/b\u003e אופיר שילה\u003cbr/\u003e\u003cb\u003eאתר:\u003c/b\u003e בקו\u0026quot;ם\u003cbr/\u003e\u003cb\u003eתאריך:\u003c/b\u003e 24-08-2025\u003cbr/\u003e\u003cb\u003eID:\u003c/b\u003e 1641\u003cbr/\u003e\u003cb\u003eFB:\u003c/b\u003e \u003ca href=\u0027https://www.facebook.com/groups/beshvil.yael/posts/3730667620559695\u0027\u003ehttps://www.facebook.com/groups/beshvil.yael/posts/3730667620559695\u003c/a\u003e\u003cbr/\u003e\u003cbr/\u003e\u003cimg src=\u0027https://drive.google.com/uc?export=view\u0026amp;id=189bTinZpwB3Ev-5-d5Nlfy8n0JydMXbT\u0027 width=\u0027450\u0027/\u003e\u003cbr/\u003e\u003c/div\u003e",
                                            "tessellate":  -1,
                                            "extrude":  0,
                                            "visibility":  -1
                                        },
                         "geometry":  {
                                          "type":  "Point",
                                          "coordinates":  [
                                                              34.8452266,
                                                              32.0385037,
                                                              0.0
                                                          ]
                                      }
                     },
                     {
                         "type":  "Feature",
                         "properties":  {
                                            "Name":  "#5568",
                                            "description":  "\u003cdiv dir=\u0027rtl\u0027 style=\u0027font-family:Arial;\u0027\u003e\u003cb\u003eשם:\u003c/b\u003e יעל גולן\u003cbr/\u003e\u003cb\u003eאתר:\u003c/b\u003e מקווה ישראל\u003cbr/\u003e\u003cb\u003eתאריך:\u003c/b\u003e 18-07-2025\u003cbr/\u003e\u003cb\u003eID:\u003c/b\u003e 1234\u003cbr/\u003e\u003cb\u003eFB:\u003c/b\u003e \u003ca href=\u0027https://www.facebook.com/groups/beshvil.yael/posts/3697510460542078/\u0027\u003ehttps://www.facebook.com/groups/beshvil.yael/posts/3697510460542078/\u003c/a\u003e\u003cbr/\u003e\u003cbr/\u003e\u003cimg src=\u0027https://drive.google.com/uc?export=view\u0026amp;id=1n58sdA3-SsjUcrUSCn_t6S65XcAtcf5i\u0027 width=\u0027450\u0027/\u003e\u003cbr/\u003e\u003c/div\u003e",
                                            "tessellate":  -1,
                                            "extrude":  0,
                                            "visibility":  -1
                                        },
                         "geometry":  {
                                          "type":  "Point",
                                          "coordinates":  [
                                                              34.777683,
                                                              32.0297093,
                                                              0.0
                                                          ]
                                      }
                     },
                     {
                         "type":  "Feature",
                         "properties":  {
                                            "Name":  "#5623",
                                            "description":  "\u003cdiv dir=\u0027rtl\u0027 style=\u0027font-family:Arial;\u0027\u003e\u003cb\u003eשם:\u003c/b\u003e \u003cbr/\u003e\u003cb\u003eאתר:\u003c/b\u003e מגילת האש\u003cbr/\u003e\u003cb\u003eתאריך:\u003c/b\u003e 01-11-2025\u003cbr/\u003e\u003cb\u003eID:\u003c/b\u003e 2571\u003cbr/\u003e\u003cb\u003eFB:\u003c/b\u003e \u003ca href=\u0027https://www.facebook.com/groups/beshvil.yael/posts/3796903717269418\u0027\u003ehttps://www.facebook.com/groups/beshvil.yael/posts/3796903717269418\u003c/a\u003e\u003cbr/\u003e\u003cbr/\u003e\u003cimg src=\u0027https://drive.google.com/uc?export=view\u0026amp;id=1vundu6V-2MdorB6WwPDgQhtHjrSI4KsK\u0027 width=\u0027450\u0027/\u003e\u003cbr/\u003e\u003c/div\u003e",
                                            "tessellate":  -1,
                                            "extrude":  0,
                                            "visibility":  -1
                                        },
                         "geometry":  {
                                          "type":  "Point",
                                          "coordinates":  [
                                                              35.0441,
                                                              31.77282,
                                                              0.0
                                                          ]
                                      }
                     },
                     {
                         "type":  "Feature",
                         "properties":  {
                                            "Name":  "#5624",
                                            "description":  "\u003cdiv dir=\u0027rtl\u0027 style=\u0027font-family:Arial;\u0027\u003e\u003cb\u003eשם:\u003c/b\u003e מאיר אסיסקוביץ\u003cbr/\u003e\u003cb\u003eאתר:\u003c/b\u003e מצפה יוסי - כסלון\u003cbr/\u003e\u003cb\u003eתאריך:\u003c/b\u003e 13-09-2025\u003cbr/\u003e\u003cb\u003eID:\u003c/b\u003e 1858\u003cbr/\u003e\u003cb\u003eFB:\u003c/b\u003e \u003ca href=\u0027https://www.facebook.com/groups/beshvil.yael/posts/3748782965414827/\u0027\u003ehttps://www.facebook.com/groups/beshvil.yael/posts/3748782965414827/\u003c/a\u003e\u003cbr/\u003e\u003cbr/\u003e\u003cimg src=\u0027https://drive.google.com/uc?export=view\u0026amp;id=1snO8FgJ38bXeuQxM1Y2l1FBTwizJHoZ5\u0027 width=\u0027450\u0027/\u003e\u003cbr/\u003e\u003c/div\u003e",
                                            "tessellate":  -1,
                                            "extrude":  0,
                                            "visibility":  -1
                                        },
                         "geometry":  {
                                          "type":  "Point",
                                          "coordinates":  [
                                                              35.0466592,
                                                              31.7724656,
                                                              0.0
                                                          ]
                                      }
                     },
                     {
                         "type":  "Feature",
                         "properties":  {
                                            "Name":  "#5624",
                                            "description":  "\u003cdiv dir=\u0027rtl\u0027 style=\u0027font-family:Arial;\u0027\u003e\u003cb\u003eשם:\u003c/b\u003e מאיר אסיסקוביץ\u003cbr/\u003e\u003cb\u003eאתר:\u003c/b\u003e יער להב\u003cbr/\u003e\u003cb\u003eתאריך:\u003c/b\u003e 20-09-2025\u003cbr/\u003e\u003cb\u003eID:\u003c/b\u003e 1956\u003cbr/\u003e\u003cb\u003eFB:\u003c/b\u003e \u003ca href=\u0027https://www.facebook.com/groups/beshvil.yael/posts/3755228338103623\u0027\u003ehttps://www.facebook.com/groups/beshvil.yael/posts/3755228338103623\u003c/a\u003e\u003cbr/\u003e\u003cbr/\u003e\u003cimg src=\u0027https://drive.google.com/uc?export=view\u0026amp;id=135Cjw-kHd6pJxfYoKStsC46EpyR4pgx0\u0027 width=\u0027450\u0027/\u003e\u003cbr/\u003e\u003c/div\u003e",
                                            "tessellate":  -1,
                                            "extrude":  0,
                                            "visibility":  -1
                                        },
                         "geometry":  {
                                          "type":  "Point",
                                          "coordinates":  [
                                                              34.8508,
                                                              31.37454,
                                                              0.0
                                                          ]
                                      }
                     },
                     {
                         "type":  "Feature",
                         "properties":  {
                                            "Name":  "#5624",
                                            "description":  "\u003cdiv dir=\u0027rtl\u0027 style=\u0027font-family:Arial;\u0027\u003e\u003cb\u003eשם:\u003c/b\u003e מאיר אסיסקוביץ\u003cbr/\u003e\u003cb\u003eאתר:\u003c/b\u003e אנדרטת התצפיתניות\u003cbr/\u003e\u003cb\u003eתאריך:\u003c/b\u003e 07-10-2025\u003cbr/\u003e\u003cb\u003eID:\u003c/b\u003e 2234\u003cbr/\u003e\u003cb\u003eFB:\u003c/b\u003e \u003ca href=\u0027https://www.facebook.com/groups/beshvil.yael/posts/3772132276413229/\u0027\u003ehttps://www.facebook.com/groups/beshvil.yael/posts/3772132276413229/\u003c/a\u003e\u003cbr/\u003e\u003cbr/\u003e\u003cimg src=\u0027https://drive.google.com/uc?export=view\u0026amp;id=1rjsMSZj6EPEwV4hmqbLRiRHkzbpQCp3i\u0027 width=\u0027450\u0027/\u003e\u003cbr/\u003e\u003c/div\u003e",
                                            "tessellate":  -1,
                                            "extrude":  0,
                                            "visibility":  -1
                                        },
                         "geometry":  {
                                          "type":  "Point",
                                          "coordinates":  [
                                                              34.52478,
                                                              31.46324,
                                                              0.0
                                                          ]
                                      }
                     },
                     {
                         "type":  "Feature",
                         "properties":  {
                                            "Name":  "#5624",
                                            "description":  "\u003cdiv dir=\u0027rtl\u0027 style=\u0027font-family:Arial;\u0027\u003e\u003cb\u003eשם:\u003c/b\u003e מאיר אסיסקוביץ\u003cbr/\u003e\u003cb\u003eאתר:\u003c/b\u003e מגילת האש\u003cbr/\u003e\u003cb\u003eתאריך:\u003c/b\u003e 01-11-2025\u003cbr/\u003e\u003cb\u003eID:\u003c/b\u003e 2571\u003cbr/\u003e\u003cb\u003eFB:\u003c/b\u003e \u003ca href=\u0027https://www.facebook.com/groups/beshvil.yael/posts/3796903717269418\u0027\u003ehttps://www.facebook.com/groups/beshvil.yael/posts/3796903717269418\u003c/a\u003e\u003cbr/\u003e\u003cbr/\u003e\u003cimg src=\u0027https://drive.google.com/uc?export=view\u0026amp;id=1vundu6V-2MdorB6WwPDgQhtHjrSI4KsK\u0027 width=\u0027450\u0027/\u003e\u003cbr/\u003e\u003c/div\u003e",
                                            "tessellate":  -1,
                                            "extrude":  0,
                                            "visibility":  -1
                                        },
                         "geometry":  {
                                          "type":  "Point",
                                          "coordinates":  [
                                                              35.0441,
                                                              31.77255,
                                                              0.0
                                                          ]
                                      }
                     },
                     {
                         "type":  "Feature",
                         "properties":  {
                                            "Name":  "#5624",
                                            "description":  "\u003cdiv dir=\u0027rtl\u0027 style=\u0027font-family:Arial;\u0027\u003e\u003cb\u003eשם:\u003c/b\u003e מאיר אסיסקוביץ\u003cbr/\u003e\u003cb\u003eאתר:\u003c/b\u003e מרתון תל אביב\u003cbr/\u003e\u003cb\u003eתאריך:\u003c/b\u003e 27-02-2026\u003cbr/\u003e\u003cb\u003eID:\u003c/b\u003e 3875\u003cbr/\u003e\u003cb\u003eFB:\u003c/b\u003e \u003ca href=\u0027https://www.facebook.com/groups/beshvil.yael/posts/3902476336712155/\u0027\u003ehttps://www.facebook.com/groups/beshvil.yael/posts/3902476336712155/\u003c/a\u003e\u003cbr/\u003e\u003cbr/\u003e\u003cimg src=\u0027https://drive.google.com/uc?export=view\u0026amp;id=1DI33lVzbAHEuOvTL5cEj0ZG85DCXe7T6\u0027 width=\u0027450\u0027/\u003e\u003cbr/\u003e\u003c/div\u003e",
                                            "tessellate":  -1,
                                            "extrude":  0,
                                            "visibility":  -1
                                        },
                         "geometry":  {
                                          "type":  "Point",
                                          "coordinates":  [
                                                              34.78056,
                                                              32.097,
                                                              0.0
                                                          ]
                                      }
                     },
                     {
                         "type":  "Feature",
                         "properties":  {
                                            "Name":  "#5625",
                                            "description":  "\u003cdiv dir=\u0027rtl\u0027 style=\u0027font-family:Arial;\u0027\u003e\u003cb\u003eשם:\u003c/b\u003e \u003cbr/\u003e\u003cb\u003eאתר:\u003c/b\u003e יער להב\u003cbr/\u003e\u003cb\u003eתאריך:\u003c/b\u003e 20-09-2025\u003cbr/\u003e\u003cb\u003eID:\u003c/b\u003e 1956\u003cbr/\u003e\u003cb\u003eFB:\u003c/b\u003e \u003ca href=\u0027https://www.facebook.com/groups/beshvil.yael/posts/3755228338103623\u0027\u003ehttps://www.facebook.com/groups/beshvil.yael/posts/3755228338103623\u003c/a\u003e\u003cbr/\u003e\u003cbr/\u003e\u003cimg src=\u0027https://drive.google.com/uc?export=view\u0026amp;id=135Cjw-kHd6pJxfYoKStsC46EpyR4pgx0\u0027 width=\u0027450\u0027/\u003e\u003cbr/\u003e\u003c/div\u003e",
                                            "tessellate":  -1,
                                            "extrude":  0,
                                            "visibility":  -1
                                        },
                         "geometry":  {
                                          "type":  "Point",
                                          "coordinates":  [
                                                              34.8508,
                                                              31.37481,
                                                              0.0
                                                          ]
                                      }
                     },
                     {
                         "type":  "Feature",
                         "properties":  {
                                            "Name":  "#5626",
                                            "description":  "\u003cdiv dir=\u0027rtl\u0027 style=\u0027font-family:Arial;\u0027\u003e\u003cb\u003eשם:\u003c/b\u003e בני גרינדלר\u003cbr/\u003e\u003cb\u003eאתר:\u003c/b\u003e רמת הנדיב\u003cbr/\u003e\u003cb\u003eתאריך:\u003c/b\u003e 20-06-2025\u003cbr/\u003e\u003cb\u003eID:\u003c/b\u003e 1038\u003cbr/\u003e\u003cb\u003eFB:\u003c/b\u003e \u003ca href=\u0027https://www.facebook.com/groups/beshvil.yael/posts/3672575046368953/\u0027\u003ehttps://www.facebook.com/groups/beshvil.yael/posts/3672575046368953/\u003c/a\u003e\u003cbr/\u003e\u003cbr/\u003e\u003cimg src=\u0027https://drive.google.com/uc?export=view\u0026amp;id=1FS8EgpG2f5ESjprz3jZD1qG9EwUk3_WR\u0027 width=\u0027450\u0027/\u003e\u003cbr/\u003e\u003c/div\u003e",
                                            "tessellate":  -1,
                                            "extrude":  0,
                                            "visibility":  -1
                                        },
                         "geometry":  {
                                          "type":  "Point",
                                          "coordinates":  [
                                                              34.9459024,
                                                              32.552957,
                                                              0.0
                                                          ]
                                      }
                     },
                     {
                         "type":  "Feature",
                         "properties":  {
                                            "Name":  "#5626",
                                            "description":  "\u003cdiv dir=\u0027rtl\u0027 style=\u0027font-family:Arial;\u0027\u003e\u003cb\u003eשם:\u003c/b\u003e בני גרינדלר\u003cbr/\u003e\u003cb\u003eאתר:\u003c/b\u003e סינגל חוף כרמל\u003cbr/\u003e\u003cb\u003eתאריך:\u003c/b\u003e 21-06-2025\u003cbr/\u003e\u003cb\u003eID:\u003c/b\u003e 1044\u003cbr/\u003e\u003cb\u003eFB:\u003c/b\u003e \u003ca href=\u0027https://www.facebook.com/groups/beshvil.yael/posts/3673458222947302/\u0027\u003ehttps://www.facebook.com/groups/beshvil.yael/posts/3673458222947302/\u003c/a\u003e\u003cbr/\u003e\u003cbr/\u003e\u003cimg src=\u0027https://drive.google.com/uc?export=view\u0026amp;id=1jf4DJ27QqNHPlxXO1ZrtulWPmHJ5Ykuh\u0027 width=\u0027450\u0027/\u003e\u003cbr/\u003e\u003c/div\u003e",
                                            "tessellate":  -1,
                                            "extrude":  0,
                                            "visibility":  -1
                                        },
                         "geometry":  {
                                          "type":  "Point",
                                          "coordinates":  [
                                                              34.9659426,
                                                              32.6625334,
                                                              0.0
                                                          ]
                                      }
                     },
                     {
                         "type":  "Feature",
                         "properties":  {
                                            "Name":  "#5626",
                                            "description":  "\u003cdiv dir=\u0027rtl\u0027 style=\u0027font-family:Arial;\u0027\u003e\u003cb\u003eשם:\u003c/b\u003e בני גרינדלר\u003cbr/\u003e\u003cb\u003eאתר:\u003c/b\u003e נחל בוסתן\u003cbr/\u003e\u003cb\u003eתאריך:\u003c/b\u003e 27-06-2025\u003cbr/\u003e\u003cb\u003eID:\u003c/b\u003e 1064\u003cbr/\u003e\u003cb\u003eFB:\u003c/b\u003e \u003ca href=\u0027https://www.facebook.com/groups/beshvil.yael/posts/3678718172421307\u0027\u003ehttps://www.facebook.com/groups/beshvil.yael/posts/3678718172421307\u003c/a\u003e\u003cbr/\u003e\u003cbr/\u003e\u003cimg src=\u0027https://drive.google.com/uc?export=view\u0026amp;id=1dR3Y1W70OJTdNkiSesx2J8v35PbpbUZK\u0027 width=\u0027450\u0027/\u003e\u003cbr/\u003e\u003c/div\u003e",
                                            "tessellate":  -1,
                                            "extrude":  0,
                                            "visibility":  -1
                                        },
                         "geometry":  {
                                          "type":  "Point",
                                          "coordinates":  [
                                                              34.9881802,
                                                              32.7062291,
                                                              0.0
                                                          ]
                                      }
                     },
                     {
                         "type":  "Feature",
                         "properties":  {
                                            "Name":  "#5626",
                                            "description":  "\u003cdiv dir=\u0027rtl\u0027 style=\u0027font-family:Arial;\u0027\u003e\u003cb\u003eשם:\u003c/b\u003e בני גרינדלר\u003cbr/\u003e\u003cb\u003eאתר:\u003c/b\u003e יער עופר\u003cbr/\u003e\u003cb\u003eתאריך:\u003c/b\u003e 11-07-2025\u003cbr/\u003e\u003cb\u003eID:\u003c/b\u003e 1155\u003cbr/\u003e\u003cb\u003eFB:\u003c/b\u003e \u003ca href=\u0027https://www.facebook.com/groups/beshvil.yael/posts/3690962494530208/\u0027\u003ehttps://www.facebook.com/groups/beshvil.yael/posts/3690962494530208/\u003c/a\u003e\u003cbr/\u003e\u003cbr/\u003e\u003cimg src=\u0027https://drive.google.com/uc?export=view\u0026amp;id=1bDhdpSTSiHclwWwW07CzwDunLOyYWG4r\u0027 width=\u0027450\u0027/\u003e\u003cbr/\u003e\u003c/div\u003e",
                                            "tessellate":  -1,
                                            "extrude":  0,
                                            "visibility":  -1
                                        },
                         "geometry":  {
                                          "type":  "Point",
                                          "coordinates":  [
                                                              34.9628446,
                                                              32.653137,
                                                              0.0
                                                          ]
                                      }
                     },
                     {
                         "type":  "Feature",
                         "properties":  {
                                            "Name":  "#5626",
                                            "description":  "\u003cdiv dir=\u0027rtl\u0027 style=\u0027font-family:Arial;\u0027\u003e\u003cb\u003eשם:\u003c/b\u003e בני גרינדלר\u003cbr/\u003e\u003cb\u003eאתר:\u003c/b\u003e נחל עירון\u003cbr/\u003e\u003cb\u003eתאריך:\u003c/b\u003e 18-07-2025\u003cbr/\u003e\u003cb\u003eID:\u003c/b\u003e 1228\u003cbr/\u003e\u003cb\u003eFB:\u003c/b\u003e \u003ca href=\u0027https://www.facebook.com/groups/beshvil.yael/posts/3696998150593309\u0027\u003ehttps://www.facebook.com/groups/beshvil.yael/posts/3696998150593309\u003c/a\u003e\u003cbr/\u003e\u003cbr/\u003e\u003cimg src=\u0027https://drive.google.com/uc?export=view\u0026amp;id=1l7eu1qmarHqJe3_vsgkqwYd3EgZAhyO4\u0027 width=\u0027450\u0027/\u003e\u003cbr/\u003e\u003c/div\u003e",
                                            "tessellate":  -1,
                                            "extrude":  0,
                                            "visibility":  -1
                                        },
                         "geometry":  {
                                          "type":  "Point",
                                          "coordinates":  [
                                                              35.0453302,
                                                              32.4775697,
                                                              0.0
                                                          ]
                                      }
                     },
                     {
                         "type":  "Feature",
                         "properties":  {
                                            "Name":  "#5626",
                                            "description":  "\u003cdiv dir=\u0027rtl\u0027 style=\u0027font-family:Arial;\u0027\u003e\u003cb\u003eשם:\u003c/b\u003e בני גרינדלר\u003cbr/\u003e\u003cb\u003eאתר:\u003c/b\u003e עין השופט\u003cbr/\u003e\u003cb\u003eתאריך:\u003c/b\u003e 05-08-2025\u003cbr/\u003e\u003cb\u003eID:\u003c/b\u003e 1410\u003cbr/\u003e\u003cb\u003eFB:\u003c/b\u003e \u003ca href=\u0027https://www.facebook.com/groups/beshvil.yael/posts/3713556502270807/\u0027\u003ehttps://www.facebook.com/groups/beshvil.yael/posts/3713556502270807/\u003c/a\u003e\u003cbr/\u003e\u003cbr/\u003e\u003cimg src=\u0027https://drive.google.com/uc?export=view\u0026amp;id=1EjT3E8CqmpURLaKHiqBo9fi52ZV_y4LY\u0027 width=\u0027450\u0027/\u003e\u003cbr/\u003e\u003c/div\u003e",
                                            "tessellate":  -1,
                                            "extrude":  0,
                                            "visibility":  -1
                                        },
                         "geometry":  {
                                          "type":  "Point",
                                          "coordinates":  [
                                                              35.107312,
                                                              32.5942076,
                                                              0.0
                                                          ]
                                      }
                     },
                     {
                         "type":  "Feature",
                         "properties":  {
                                            "Name":  "#5626",
                                            "description":  "\u003cdiv dir=\u0027rtl\u0027 style=\u0027font-family:Arial;\u0027\u003e\u003cb\u003eשם:\u003c/b\u003e בני גרינדלר\u003cbr/\u003e\u003cb\u003eאתר:\u003c/b\u003e מערת הייש\u003cbr/\u003e\u003cb\u003eתאריך:\u003c/b\u003e 23-08-2025\u003cbr/\u003e\u003cb\u003eID:\u003c/b\u003e 1624\u003cbr/\u003e\u003cb\u003eFB:\u003c/b\u003e \u003ca href=\u0027https://www.facebook.com/groups/beshvil.yael/posts/3729602283999562/\u0027\u003ehttps://www.facebook.com/groups/beshvil.yael/posts/3729602283999562/\u003c/a\u003e\u003cbr/\u003e\u003cbr/\u003e\u003cimg src=\u0027https://drive.google.com/uc?export=view\u0026amp;id=1PpAMo_wR3igynEaSIKQr5oQqg7Pd7y38\u0027 width=\u0027450\u0027/\u003e\u003cbr/\u003e\u003c/div\u003e",
                                            "tessellate":  -1,
                                            "extrude":  0,
                                            "visibility":  -1
                                        },
                         "geometry":  {
                                          "type":  "Point",
                                          "coordinates":  [
                                                              34.9542755,
                                                              32.5842346,
                                                              0.0
                                                          ]
                                      }
                     },
                     {
                         "type":  "Feature",
                         "properties":  {
                                            "Name":  "#5626",
                                            "description":  "\u003cdiv dir=\u0027rtl\u0027 style=\u0027font-family:Arial;\u0027\u003e\u003cb\u003eשם:\u003c/b\u003e בני גרינדלר\u003cbr/\u003e\u003cb\u003eאתר:\u003c/b\u003e סינגל חוף כרמל\u003cbr/\u003e\u003cb\u003eתאריך:\u003c/b\u003e 05-10-2025\u003cbr/\u003e\u003cb\u003eID:\u003c/b\u003e 2171\u003cbr/\u003e\u003cb\u003eFB:\u003c/b\u003e \u003ca href=\u0027https://www.facebook.com/groups/beshvil.yael/posts/3769963133296810/\u0027\u003ehttps://www.facebook.com/groups/beshvil.yael/posts/3769963133296810/\u003c/a\u003e\u003cbr/\u003e\u003cbr/\u003e\u003cimg src=\u0027https://drive.google.com/uc?export=view\u0026amp;id=1RkOQE9qNjQtjfSfXyYRIp1EimtEN89-a\u0027 width=\u0027450\u0027/\u003e\u003cbr/\u003e\u003c/div\u003e",
                                            "tessellate":  -1,
                                            "extrude":  0,
                                            "visibility":  -1
                                        },
                         "geometry":  {
                                          "type":  "Point",
                                          "coordinates":  [
                                                              34.93495,
                                                              32.71966,
                                                              0.0
                                                          ]
                                      }
                     },
                     {
                         "type":  "Feature",
                         "properties":  {
                                            "Name":  "#5626",
                                            "description":  "\u003cdiv dir=\u0027rtl\u0027 style=\u0027font-family:Arial;\u0027\u003e\u003cb\u003eשם:\u003c/b\u003e בני גרינדלר\u003cbr/\u003e\u003cb\u003eאתר:\u003c/b\u003e הרי דימונה\u003cbr/\u003e\u003cb\u003eתאריך:\u003c/b\u003e 19-11-2025\u003cbr/\u003e\u003cb\u003eID:\u003c/b\u003e 2790\u003cbr/\u003e\u003cb\u003eFB:\u003c/b\u003e \u003ca href=\u0027https://www.facebook.com/groups/beshvil.yael/posts/3813993302227126/\u0027\u003ehttps://www.facebook.com/groups/beshvil.yael/posts/3813993302227126/\u003c/a\u003e\u003cbr/\u003e\u003cbr/\u003e\u003cimg src=\u0027https://drive.google.com/uc?export=view\u0026amp;id=1uEtcjtfM5G4c9CuhmDPDA_w_uzkx4yCc\u0027 width=\u0027450\u0027/\u003e\u003cbr/\u003e\u003c/div\u003e",
                                            "tessellate":  -1,
                                            "extrude":  0,
                                            "visibility":  -1
                                        },
                         "geometry":  {
                                          "type":  "Point",
                                          "coordinates":  [
                                                              35.04194,
                                                              31.11555,
                                                              0.0
                                                          ]
                                      }
                     },
                     {
                         "type":  "Feature",
                         "properties":  {
                                            "Name":  "#5626",
                                            "description":  "\u003cdiv dir=\u0027rtl\u0027 style=\u0027font-family:Arial;\u0027\u003e\u003cb\u003eשם:\u003c/b\u003e בני גרינדלר\u003cbr/\u003e\u003cb\u003eאתר:\u003c/b\u003e מעלה שחרות\u003cbr/\u003e\u003cb\u003eתאריך:\u003c/b\u003e 21-11-2025\u003cbr/\u003e\u003cb\u003eID:\u003c/b\u003e 2817\u003cbr/\u003e\u003cb\u003eFB:\u003c/b\u003e \u003ca href=\u0027https://www.facebook.com/groups/beshvil.yael/posts/3815788545380935\u0027\u003ehttps://www.facebook.com/groups/beshvil.yael/posts/3815788545380935\u003c/a\u003e\u003cbr/\u003e\u003cbr/\u003e\u003cimg src=\u0027https://drive.google.com/uc?export=view\u0026amp;id=1doxjar4lO0H9oQvz5ZIG5vB78I8Xaz9-\u0027 width=\u0027450\u0027/\u003e\u003cbr/\u003e\u003c/div\u003e",
                                            "tessellate":  -1,
                                            "extrude":  0,
                                            "visibility":  -1
                                        },
                         "geometry":  {
                                          "type":  "Point",
                                          "coordinates":  [
                                                              35.0071,
                                                              29.91846,
                                                              0.0
                                                          ]
                                      }
                     },
                     {
                         "type":  "Feature",
                         "properties":  {
                                            "Name":  "#5628",
                                            "description":  "\u003cdiv dir=\u0027rtl\u0027 style=\u0027font-family:Arial;\u0027\u003e\u003cb\u003eשם:\u003c/b\u003e גל תמים סיקולר\u003cbr/\u003e\u003cb\u003eאתר:\u003c/b\u003e עין עבדת\u003cbr/\u003e\u003cb\u003eתאריך:\u003c/b\u003e 02-06-2025\u003cbr/\u003e\u003cb\u003eID:\u003c/b\u003e 887\u003cbr/\u003e\u003cb\u003eFB:\u003c/b\u003e \u003ca href=\u0027https://www.facebook.com/groups/3235176716775457/posts/3657564331203358/\u0027\u003ehttps://www.facebook.com/groups/3235176716775457/posts/3657564331203358/\u003c/a\u003e\u003cbr/\u003e\u003cbr/\u003e\u003cimg src=\u0027https://drive.google.com/uc?export=view\u0026amp;id=1dTgs599MsDj8KiGGjN7H0bd1esspgSZX\u0027 width=\u0027450\u0027/\u003e\u003cbr/\u003e\u003c/div\u003e",
                                            "tessellate":  -1,
                                            "extrude":  0,
                                            "visibility":  -1
                                        },
                         "geometry":  {
                                          "type":  "Point",
                                          "coordinates":  [
                                                              34.7645544,
                                                              30.8299884,
                                                              0.0
                                                          ]
                                      }
                     },
                     {
                         "type":  "Feature",
                         "properties":  {
                                            "Name":  "#5629",
                                            "description":  "\u003cdiv dir=\u0027rtl\u0027 style=\u0027font-family:Arial;\u0027\u003e\u003cb\u003eשם:\u003c/b\u003e עופר סיקולר\u003cbr/\u003e\u003cb\u003eאתר:\u003c/b\u003e יער אודם\u003cbr/\u003e\u003cb\u003eתאריך:\u003c/b\u003e 30-05-2025\u003cbr/\u003e\u003cb\u003eID:\u003c/b\u003e 827\u003cbr/\u003e\u003cb\u003eFB:\u003c/b\u003e \u003ca href=\u0027https://www.facebook.com/groups/3235176716775457/posts/3655003061459485\u0027\u003ehttps://www.facebook.com/groups/3235176716775457/posts/3655003061459485\u003c/a\u003e\u003cbr/\u003e\u003cbr/\u003e\u003cimg src=\u0027https://drive.google.com/uc?export=view\u0026amp;id=1FHNuBhVNy56otFgSgVdy7AMywxQQBFqr\u0027 width=\u0027450\u0027/\u003e\u003cbr/\u003e\u003c/div\u003e",
                                            "tessellate":  -1,
                                            "extrude":  0,
                                            "visibility":  -1
                                        },
                         "geometry":  {
                                          "type":  "Point",
                                          "coordinates":  [
                                                              35.7318124,
                                                              33.198487,
                                                              0.0
                                                          ]
                                      }
                     },
                     {
                         "type":  "Feature",
                         "properties":  {
                                            "Name":  "#5629",
                                            "description":  "\u003cdiv dir=\u0027rtl\u0027 style=\u0027font-family:Arial;\u0027\u003e\u003cb\u003eשם:\u003c/b\u003e עופר סיקולר\u003cbr/\u003e\u003cb\u003eאתר:\u003c/b\u003e עין עבדת\u003cbr/\u003e\u003cb\u003eתאריך:\u003c/b\u003e 02-06-2025\u003cbr/\u003e\u003cb\u003eID:\u003c/b\u003e 887\u003cbr/\u003e\u003cb\u003eFB:\u003c/b\u003e \u003ca href=\u0027https://www.facebook.com/groups/3235176716775457/posts/3657564331203358/\u0027\u003ehttps://www.facebook.com/groups/3235176716775457/posts/3657564331203358/\u003c/a\u003e\u003cbr/\u003e\u003cbr/\u003e\u003cimg src=\u0027https://drive.google.com/uc?export=view\u0026amp;id=1dTgs599MsDj8KiGGjN7H0bd1esspgSZX\u0027 width=\u0027450\u0027/\u003e\u003cbr/\u003e\u003c/div\u003e",
                                            "tessellate":  -1,
                                            "extrude":  0,
                                            "visibility":  -1
                                        },
                         "geometry":  {
                                          "type":  "Point",
                                          "coordinates":  [
                                                              34.7645544,
                                                              30.8302584,
                                                              0.0
                                                          ]
                                      }
                     },
                     {
                         "type":  "Feature",
                         "properties":  {
                                            "Name":  "#5641",
                                            "description":  "\u003cdiv dir=\u0027rtl\u0027 style=\u0027font-family:Arial;\u0027\u003e\u003cb\u003eשם:\u003c/b\u003e \u003cbr/\u003e\u003cb\u003eאתר:\u003c/b\u003e דליה\u003cbr/\u003e\u003cb\u003eתאריך:\u003c/b\u003e \u003cbr/\u003e\u003cb\u003eID:\u003c/b\u003e 3617\u003cbr/\u003e\u003cb\u003eFB:\u003c/b\u003e \u003ca href=\u0027https://www.facebook.com/groups/beshvil.yael/posts/3883471381945984/\u0027\u003ehttps://www.facebook.com/groups/beshvil.yael/posts/3883471381945984/\u003c/a\u003e\u003cbr/\u003e\u003cbr/\u003e\u003cimg src=\u0027https://drive.google.com/uc?export=view\u0026amp;id=1S2xtmawEqqTff04HDixE0fxRNAnb3-o1\u0027 width=\u0027450\u0027/\u003e\u003cbr/\u003e\u003c/div\u003e",
                                            "tessellate":  -1,
                                            "extrude":  0,
                                            "visibility":  -1
                                        },
                         "geometry":  {
                                          "type":  "Point",
                                          "coordinates":  [
                                                              35.07632,
                                                              32.58843,
                                                              0.0
                                                          ]
                                      }
                     },
                     {
                         "type":  "Feature",
                         "properties":  {
                                            "Name":  "#5641",
                                            "description":  "\u003cdiv dir=\u0027rtl\u0027 style=\u0027font-family:Arial;\u0027\u003e\u003cb\u003eשם:\u003c/b\u003e \u003cbr/\u003e\u003cb\u003eאתר:\u003c/b\u003e סינגל אהוד\u003cbr/\u003e\u003cb\u003eתאריך:\u003c/b\u003e 20-09-2025\u003cbr/\u003e\u003cb\u003eID:\u003c/b\u003e 1961\u003cbr/\u003e\u003cb\u003eFB:\u003c/b\u003e \u003ca href=\u0027https://www.facebook.com/groups/beshvil.yael/posts/3755437661416024\u0027\u003ehttps://www.facebook.com/groups/beshvil.yael/posts/3755437661416024\u003c/a\u003e\u003cbr/\u003e\u003cbr/\u003e\u003cimg src=\u0027https://drive.google.com/uc?export=view\u0026amp;id=1RRhvBQZch9K-VB5h4Hfy6y2v-ZlKEAau\u0027 width=\u0027450\u0027/\u003e\u003cbr/\u003e\u003c/div\u003e",
                                            "tessellate":  -1,
                                            "extrude":  0,
                                            "visibility":  -1
                                        },
                         "geometry":  {
                                          "type":  "Point",
                                          "coordinates":  [
                                                              35.0044,
                                                              32.58631,
                                                              0.0
                                                          ]
                                      }
                     },
                     {
                         "type":  "Feature",
                         "properties":  {
                                            "Name":  "#5641",
                                            "description":  "\u003cdiv dir=\u0027rtl\u0027 style=\u0027font-family:Arial;\u0027\u003e\u003cb\u003eשם:\u003c/b\u003e \u003cbr/\u003e\u003cb\u003eאתר:\u003c/b\u003e סינגל אלון הגליל\u003cbr/\u003e\u003cb\u003eתאריך:\u003c/b\u003e 24-09-2025\u003cbr/\u003e\u003cb\u003eID:\u003c/b\u003e 2017\u003cbr/\u003e\u003cb\u003eFB:\u003c/b\u003e \u003ca href=\u0027https://www.facebook.com/groups/beshvil.yael/posts/3759216764371447\u0027\u003ehttps://www.facebook.com/groups/beshvil.yael/posts/3759216764371447\u003c/a\u003e\u003cbr/\u003e\u003cbr/\u003e\u003cimg src=\u0027https://drive.google.com/uc?export=view\u0026amp;id=1NYMqU_k3DSQs6Y4MyC-7PrTC4y0roygr\u0027 width=\u0027450\u0027/\u003e\u003cbr/\u003e\u003c/div\u003e",
                                            "tessellate":  -1,
                                            "extrude":  0,
                                            "visibility":  -1
                                        },
                         "geometry":  {
                                          "type":  "Point",
                                          "coordinates":  [
                                                              35.21443,
                                                              32.75618,
                                                              0.0
                                                          ]
                                      }
                     },
                     {
                         "type":  "Feature",
                         "properties":  {
                                            "Name":  "#5641",
                                            "description":  "\u003cdiv dir=\u0027rtl\u0027 style=\u0027font-family:Arial;\u0027\u003e\u003cb\u003eשם:\u003c/b\u003e \u003cbr/\u003e\u003cb\u003eאתר:\u003c/b\u003e המכתש הגדול,\u003cbr/\u003e\u003cb\u003eתאריך:\u003c/b\u003e 14-12-2025\u003cbr/\u003e\u003cb\u003eID:\u003c/b\u003e 3059\u003cbr/\u003e\u003cb\u003eFB:\u003c/b\u003e \u003ca href=\u0027https://www.facebook.com/groups/beshvil.yael/posts/3835308316762291\u0027\u003ehttps://www.facebook.com/groups/beshvil.yael/posts/3835308316762291\u003c/a\u003e\u003cbr/\u003e\u003cbr/\u003e\u003cimg src=\u0027https://drive.google.com/uc?export=view\u0026amp;id=18tO3KVK9HAHZCbNwaXHF6wjuHycvVDo6\u0027 width=\u0027450\u0027/\u003e\u003cbr/\u003e\u003c/div\u003e",
                                            "tessellate":  -1,
                                            "extrude":  0,
                                            "visibility":  -1
                                        },
                         "geometry":  {
                                          "type":  "Point",
                                          "coordinates":  [
                                                              34.98489,
                                                              30.93642,
                                                              0.0
                                                          ]
                                      }
                     },
                     {
                         "type":  "Feature",
                         "properties":  {
                                            "Name":  "#5641",
                                            "description":  "\u003cdiv dir=\u0027rtl\u0027 style=\u0027font-family:Arial;\u0027\u003e\u003cb\u003eשם:\u003c/b\u003e \u003cbr/\u003e\u003cb\u003eאתר:\u003c/b\u003e בדרך נוף כרמל.\u003cbr/\u003e\u003cb\u003eתאריך:\u003c/b\u003e 20-12-2025\u003cbr/\u003e\u003cb\u003eID:\u003c/b\u003e 3117\u003cbr/\u003e\u003cb\u003eFB:\u003c/b\u003e \u003ca href=\u0027https://www.facebook.com/groups/beshvil.yael/posts/3840379636255159\u0027\u003ehttps://www.facebook.com/groups/beshvil.yael/posts/3840379636255159\u003c/a\u003e\u003cbr/\u003e\u003cbr/\u003e\u003cimg src=\u0027https://drive.google.com/uc?export=view\u0026amp;id=1RsiK18-f2_QiLvnENKUXukEmgMM1kGY6\u0027 width=\u0027450\u0027/\u003e\u003cbr/\u003e\u003c/div\u003e",
                                            "tessellate":  -1,
                                            "extrude":  0,
                                            "visibility":  -1
                                        },
                         "geometry":  {
                                          "type":  "Point",
                                          "coordinates":  [
                                                              35.05174,
                                                              32.75214,
                                                              0.0
                                                          ]
                                      }
                     },
                     {
                         "type":  "Feature",
                         "properties":  {
                                            "Name":  "#5641",
                                            "description":  "\u003cdiv dir=\u0027rtl\u0027 style=\u0027font-family:Arial;\u0027\u003e\u003cb\u003eשם:\u003c/b\u003e \u003cbr/\u003e\u003cb\u003eאתר:\u003c/b\u003e דרך נוף כרמל\u003cbr/\u003e\u003cb\u003eתאריך:\u003c/b\u003e 20-12-2025\u003cbr/\u003e\u003cb\u003eID:\u003c/b\u003e 3114\u003cbr/\u003e\u003cb\u003eFB:\u003c/b\u003e \u003ca href=\u0027https://www.facebook.com/groups/beshvil.yael/posts/3840379636255159/\u0027\u003ehttps://www.facebook.com/groups/beshvil.yael/posts/3840379636255159/\u003c/a\u003e\u003cbr/\u003e\u003cbr/\u003e\u003cimg src=\u0027https://drive.google.com/uc?export=view\u0026amp;id=1lZk3jxy5Q09qLamUh4FETGf7FYUNrQYL\u0027 width=\u0027450\u0027/\u003e\u003cbr/\u003e\u003c/div\u003e",
                                            "tessellate":  -1,
                                            "extrude":  0,
                                            "visibility":  -1
                                        },
                         "geometry":  {
                                          "type":  "Point",
                                          "coordinates":  [
                                                              35.04798,
                                                              32.75159,
                                                              0.0
                                                          ]
                                      }
                     },
                     {
                         "type":  "Feature",
                         "properties":  {
                                            "Name":  "#5642",
                                            "description":  "\u003cdiv dir=\u0027rtl\u0027 style=\u0027font-family:Arial;\u0027\u003e\u003cb\u003eשם:\u003c/b\u003e תמר קליירס\u003cbr/\u003e\u003cb\u003eאתר:\u003c/b\u003e דליה\u003cbr/\u003e\u003cb\u003eתאריך:\u003c/b\u003e \u003cbr/\u003e\u003cb\u003eID:\u003c/b\u003e 3617\u003cbr/\u003e\u003cb\u003eFB:\u003c/b\u003e \u003ca href=\u0027https://www.facebook.com/groups/beshvil.yael/posts/3883471381945984/\u0027\u003ehttps://www.facebook.com/groups/beshvil.yael/posts/3883471381945984/\u003c/a\u003e\u003cbr/\u003e\u003cbr/\u003e\u003cimg src=\u0027https://drive.google.com/uc?export=view\u0026amp;id=1S2xtmawEqqTff04HDixE0fxRNAnb3-o1\u0027 width=\u0027450\u0027/\u003e\u003cbr/\u003e\u003c/div\u003e",
                                            "tessellate":  -1,
                                            "extrude":  0,
                                            "visibility":  -1
                                        },
                         "geometry":  {
                                          "type":  "Point",
                                          "coordinates":  [
                                                              35.07632,
                                                              32.5887,
                                                              0.0
                                                          ]
                                      }
                     },
                     {
                         "type":  "Feature",
                         "properties":  {
                                            "Name":  "#5642",
                                            "description":  "\u003cdiv dir=\u0027rtl\u0027 style=\u0027font-family:Arial;\u0027\u003e\u003cb\u003eשם:\u003c/b\u003e תמר קליירס\u003cbr/\u003e\u003cb\u003eאתר:\u003c/b\u003e סינגל אהוד\u003cbr/\u003e\u003cb\u003eתאריך:\u003c/b\u003e 20-09-2025\u003cbr/\u003e\u003cb\u003eID:\u003c/b\u003e 1961\u003cbr/\u003e\u003cb\u003eFB:\u003c/b\u003e \u003ca href=\u0027https://www.facebook.com/groups/beshvil.yael/posts/3755437661416024\u0027\u003ehttps://www.facebook.com/groups/beshvil.yael/posts/3755437661416024\u003c/a\u003e\u003cbr/\u003e\u003cbr/\u003e\u003cimg src=\u0027https://drive.google.com/uc?export=view\u0026amp;id=1RRhvBQZch9K-VB5h4Hfy6y2v-ZlKEAau\u0027 width=\u0027450\u0027/\u003e\u003cbr/\u003e\u003c/div\u003e",
                                            "tessellate":  -1,
                                            "extrude":  0,
                                            "visibility":  -1
                                        },
                         "geometry":  {
                                          "type":  "Point",
                                          "coordinates":  [
                                                              35.0044,
                                                              32.58604,
                                                              0.0
                                                          ]
                                      }
                     },
                     {
                         "type":  "Feature",
                         "properties":  {
                                            "Name":  "#5642",
                                            "description":  "\u003cdiv dir=\u0027rtl\u0027 style=\u0027font-family:Arial;\u0027\u003e\u003cb\u003eשם:\u003c/b\u003e תמר קליירס\u003cbr/\u003e\u003cb\u003eאתר:\u003c/b\u003e סינגל אלון הגליל\u003cbr/\u003e\u003cb\u003eתאריך:\u003c/b\u003e 24-09-2025\u003cbr/\u003e\u003cb\u003eID:\u003c/b\u003e 2017\u003cbr/\u003e\u003cb\u003eFB:\u003c/b\u003e \u003ca href=\u0027https://www.facebook.com/groups/beshvil.yael/posts/3759216764371447\u0027\u003ehttps://www.facebook.com/groups/beshvil.yael/posts/3759216764371447\u003c/a\u003e\u003cbr/\u003e\u003cbr/\u003e\u003cimg src=\u0027https://drive.google.com/uc?export=view\u0026amp;id=1NYMqU_k3DSQs6Y4MyC-7PrTC4y0roygr\u0027 width=\u0027450\u0027/\u003e\u003cbr/\u003e\u003c/div\u003e",
                                            "tessellate":  -1,
                                            "extrude":  0,
                                            "visibility":  -1
                                        },
                         "geometry":  {
                                          "type":  "Point",
                                          "coordinates":  [
                                                              35.21443,
                                                              32.75645,
                                                              0.0
                                                          ]
                                      }
                     },
                     {
                         "type":  "Feature",
                         "properties":  {
                                            "Name":  "#5642",
                                            "description":  "\u003cdiv dir=\u0027rtl\u0027 style=\u0027font-family:Arial;\u0027\u003e\u003cb\u003eשם:\u003c/b\u003e תמר קליירס\u003cbr/\u003e\u003cb\u003eאתר:\u003c/b\u003e קיבוץ מנות\u003cbr/\u003e\u003cb\u003eתאריך:\u003c/b\u003e 16-11-2025\u003cbr/\u003e\u003cb\u003eID:\u003c/b\u003e 2756\u003cbr/\u003e\u003cb\u003eFB:\u003c/b\u003e \u003ca href=\u0027https://www.facebook.com/groups/beshvil.yael/posts/3811655982460858/\u0027\u003ehttps://www.facebook.com/groups/beshvil.yael/posts/3811655982460858/\u003c/a\u003e\u003cbr/\u003e\u003cbr/\u003e\u003cimg src=\u0027https://drive.google.com/uc?export=view\u0026amp;id=1yes6UfqcpLNQOpwHsxMN0RVRJRneRsph\u0027 width=\u0027450\u0027/\u003e\u003cbr/\u003e\u003c/div\u003e",
                                            "tessellate":  -1,
                                            "extrude":  0,
                                            "visibility":  -1
                                        },
                         "geometry":  {
                                          "type":  "Point",
                                          "coordinates":  [
                                                              35.19112,
                                                              33.04178,
                                                              0.0
                                                          ]
                                      }
                     },
                     {
                         "type":  "Feature",
                         "properties":  {
                                            "Name":  "#5642",
                                            "description":  "\u003cdiv dir=\u0027rtl\u0027 style=\u0027font-family:Arial;\u0027\u003e\u003cb\u003eשם:\u003c/b\u003e תמר קליירס\u003cbr/\u003e\u003cb\u003eאתר:\u003c/b\u003e דרך הטמפלרים\u003cbr/\u003e\u003cb\u003eתאריך:\u003c/b\u003e 29-11-2025\u003cbr/\u003e\u003cb\u003eID:\u003c/b\u003e 2903\u003cbr/\u003e\u003cb\u003eFB:\u003c/b\u003e \u003ca href=\u0027https://www.facebook.com/groups/beshvil.yael/posts/3822438158049307\u0027\u003ehttps://www.facebook.com/groups/beshvil.yael/posts/3822438158049307\u003c/a\u003e\u003cbr/\u003e\u003cbr/\u003e\u003cimg src=\u0027https://drive.google.com/uc?export=view\u0026amp;id=1AC0qfDshEaqV-GgnphHxuTSa05Hs_mxC\u0027 width=\u0027450\u0027/\u003e\u003cbr/\u003e\u003c/div\u003e",
                                            "tessellate":  -1,
                                            "extrude":  0,
                                            "visibility":  -1
                                        },
                         "geometry":  {
                                          "type":  "Point",
                                          "coordinates":  [
                                                              35.1323,
                                                              32.72337,
                                                              0.0
                                                          ]
                                      }
                     },
                     {
                         "type":  "Feature",
                         "properties":  {
                                            "Name":  "#5642",
                                            "description":  "\u003cdiv dir=\u0027rtl\u0027 style=\u0027font-family:Arial;\u0027\u003e\u003cb\u003eשם:\u003c/b\u003e תמר קליירס\u003cbr/\u003e\u003cb\u003eאתר:\u003c/b\u003e המכתש הגדול,\u003cbr/\u003e\u003cb\u003eתאריך:\u003c/b\u003e 14-12-2025\u003cbr/\u003e\u003cb\u003eID:\u003c/b\u003e 3059\u003cbr/\u003e\u003cb\u003eFB:\u003c/b\u003e \u003ca href=\u0027https://www.facebook.com/groups/beshvil.yael/posts/3835308316762291\u0027\u003ehttps://www.facebook.com/groups/beshvil.yael/posts/3835308316762291\u003c/a\u003e\u003cbr/\u003e\u003cbr/\u003e\u003cimg src=\u0027https://drive.google.com/uc?export=view\u0026amp;id=18tO3KVK9HAHZCbNwaXHF6wjuHycvVDo6\u0027 width=\u0027450\u0027/\u003e\u003cbr/\u003e\u003c/div\u003e",
                                            "tessellate":  -1,
                                            "extrude":  0,
                                            "visibility":  -1
                                        },
                         "geometry":  {
                                          "type":  "Point",
                                          "coordinates":  [
                                                              34.98489,
                                                              30.93669,
                                                              0.0
                                                          ]
                                      }
                     },
                     {
                         "type":  "Feature",
                         "properties":  {
                                            "Name":  "#5642",
                                            "description":  "\u003cdiv dir=\u0027rtl\u0027 style=\u0027font-family:Arial;\u0027\u003e\u003cb\u003eשם:\u003c/b\u003e תמר קליירס\u003cbr/\u003e\u003cb\u003eאתר:\u003c/b\u003e בדרך נוף כרמל.\u003cbr/\u003e\u003cb\u003eתאריך:\u003c/b\u003e 20-12-2025\u003cbr/\u003e\u003cb\u003eID:\u003c/b\u003e 3117\u003cbr/\u003e\u003cb\u003eFB:\u003c/b\u003e \u003ca href=\u0027https://www.facebook.com/groups/beshvil.yael/posts/3840379636255159\u0027\u003ehttps://www.facebook.com/groups/beshvil.yael/posts/3840379636255159\u003c/a\u003e\u003cbr/\u003e\u003cbr/\u003e\u003cimg src=\u0027https://drive.google.com/uc?export=view\u0026amp;id=1RsiK18-f2_QiLvnENKUXukEmgMM1kGY6\u0027 width=\u0027450\u0027/\u003e\u003cbr/\u003e\u003c/div\u003e",
                                            "tessellate":  -1,
                                            "extrude":  0,
                                            "visibility":  -1
                                        },
                         "geometry":  {
                                          "type":  "Point",
                                          "coordinates":  [
                                                              35.05174,
                                                              32.75241,
                                                              0.0
                                                          ]
                                      }
                     },
                     {
                         "type":  "Feature",
                         "properties":  {
                                            "Name":  "#5642",
                                            "description":  "\u003cdiv dir=\u0027rtl\u0027 style=\u0027font-family:Arial;\u0027\u003e\u003cb\u003eשם:\u003c/b\u003e תמר קליירס\u003cbr/\u003e\u003cb\u003eאתר:\u003c/b\u003e דרך נוף כרמל\u003cbr/\u003e\u003cb\u003eתאריך:\u003c/b\u003e 20-12-2025\u003cbr/\u003e\u003cb\u003eID:\u003c/b\u003e 3114\u003cbr/\u003e\u003cb\u003eFB:\u003c/b\u003e \u003ca href=\u0027https://www.facebook.com/groups/beshvil.yael/posts/3840379636255159/\u0027\u003ehttps://www.facebook.com/groups/beshvil.yael/posts/3840379636255159/\u003c/a\u003e\u003cbr/\u003e\u003cbr/\u003e\u003cimg src=\u0027https://drive.google.com/uc?export=view\u0026amp;id=1lZk3jxy5Q09qLamUh4FETGf7FYUNrQYL\u0027 width=\u0027450\u0027/\u003e\u003cbr/\u003e\u003c/div\u003e",
                                            "tessellate":  -1,
                                            "extrude":  0,
                                            "visibility":  -1
                                        },
                         "geometry":  {
                                          "type":  "Point",
                                          "coordinates":  [
                                                              35.04798,
                                                              32.75186,
                                                              0.0
                                                          ]
                                      }
                     },
                     {
                         "type":  "Feature",
                         "properties":  {
                                            "Name":  "#5642",
                                            "description":  "\u003cdiv dir=\u0027rtl\u0027 style=\u0027font-family:Arial;\u0027\u003e\u003cb\u003eשם:\u003c/b\u003e תמר קליירס\u003cbr/\u003e\u003cb\u003eאתר:\u003c/b\u003e כפר החורש\u003cbr/\u003e\u003cb\u003eתאריך:\u003c/b\u003e 31-01-2026\u003cbr/\u003e\u003cb\u003eID:\u003c/b\u003e 3532\u003cbr/\u003e\u003cb\u003eFB:\u003c/b\u003e \u003ca href=\u0027https://www.facebook.com/groups/beshvil.yael/posts/3876975239262265/\u0027\u003ehttps://www.facebook.com/groups/beshvil.yael/posts/3876975239262265/\u003c/a\u003e\u003cbr/\u003e\u003cbr/\u003e\u003cimg src=\u0027https://drive.google.com/uc?export=view\u0026amp;id=1B_BPhgPY5qPTR_lVt8DuJrahMb0Q40nP\u0027 width=\u0027450\u0027/\u003e\u003cbr/\u003e\u003c/div\u003e",
                                            "tessellate":  -1,
                                            "extrude":  0,
                                            "visibility":  -1
                                        },
                         "geometry":  {
                                          "type":  "Point",
                                          "coordinates":  [
                                                              35.25373,
                                                              32.69959,
                                                              0.0
                                                          ]
                                      }
                     },
                     {
                         "type":  "Feature",
                         "properties":  {
                                            "Name":  "#5642",
                                            "description":  "\u003cdiv dir=\u0027rtl\u0027 style=\u0027font-family:Arial;\u0027\u003e\u003cb\u003eשם:\u003c/b\u003e תמר קליירס\u003cbr/\u003e\u003cb\u003eאתר:\u003c/b\u003e כתף שאול, הר הגלבוע\u003cbr/\u003e\u003cb\u003eתאריך:\u003c/b\u003e 14-03-2026\u003cbr/\u003e\u003cb\u003eID:\u003c/b\u003e 3952\u003cbr/\u003e\u003cb\u003eFB:\u003c/b\u003e \u003ca href=\u0027https://www.facebook.com/groups/beshvil.yael/posts/3915575722068883/\u0027\u003ehttps://www.facebook.com/groups/beshvil.yael/posts/3915575722068883/\u003c/a\u003e\u003cbr/\u003e\u003cbr/\u003e\u003cimg src=\u0027https://drive.google.com/uc?export=view\u0026amp;id=10UYUH2Xl7mfXuWtwFfCZTIrIsXSHOVFK\u0027 width=\u0027450\u0027/\u003e\u003cbr/\u003e\u003c/div\u003e",
                                            "tessellate":  -1,
                                            "extrude":  0,
                                            "visibility":  -1
                                        },
                         "geometry":  {
                                          "type":  "Point",
                                          "coordinates":  [
                                                              35.37307,
                                                              32.52784,
                                                              0.0
                                                          ]
                                      }
                     },
                     {
                         "type":  "Feature",
                         "properties":  {
                                            "Name":  "#5642",
                                            "description":  "\u003cdiv dir=\u0027rtl\u0027 style=\u0027font-family:Arial;\u0027\u003e\u003cb\u003eשם:\u003c/b\u003e תמר קליירס\u003cbr/\u003e\u003cb\u003eאתר:\u003c/b\u003e סינגל עירון\u003cbr/\u003e\u003cb\u003eתאריך:\u003c/b\u003e 08-04-2026\u003cbr/\u003e\u003cb\u003eID:\u003c/b\u003e 4077\u003cbr/\u003e\u003cb\u003eFB:\u003c/b\u003e \u003ca href=\u0027https://www.secure.facebook.com/groups/beshvil.yael/posts/3938775929748862/\u0027\u003ehttps://www.secure.facebook.com/groups/beshvil.yael/posts/3938775929748862/\u003c/a\u003e\u003cbr/\u003e\u003cbr/\u003e\u003cimg src=\u0027https://drive.google.com/uc?export=view\u0026amp;id=15GutoVqsPC_l5VtwFGru9RYmocAop8Ov\u0027 width=\u0027450\u0027/\u003e\u003cbr/\u003e\u003c/div\u003e",
                                            "tessellate":  -1,
                                            "extrude":  0,
                                            "visibility":  -1
                                        },
                         "geometry":  {
                                          "type":  "Point",
                                          "coordinates":  [
                                                              35.05156,
                                                              32.48415,
                                                              0.0
                                                          ]
                                      }
                     },
                     {
                         "type":  "Feature",
                         "properties":  {
                                            "Name":  "#5642",
                                            "description":  "\u003cdiv dir=\u0027rtl\u0027 style=\u0027font-family:Arial;\u0027\u003e\u003cb\u003eשם:\u003c/b\u003e תמר קליירס\u003cbr/\u003e\u003cb\u003eאתר:\u003c/b\u003e יער שגב\u003cbr/\u003e\u003cb\u003eתאריך:\u003c/b\u003e 11-04-2026\u003cbr/\u003e\u003cb\u003eID:\u003c/b\u003e 4105\u003cbr/\u003e\u003cb\u003eFB:\u003c/b\u003e \u003ca href=\u0027https://www.facebook.com/groups/beshvil.yael/posts/3941325062827282/\u0027\u003ehttps://www.facebook.com/groups/beshvil.yael/posts/3941325062827282/\u003c/a\u003e\u003cbr/\u003e\u003cbr/\u003e\u003cimg src=\u0027https://drive.google.com/uc?export=view\u0026amp;id=1nZBQ7MFdjI0avxr7NLOLZfIGnhIXl-I9\u0027 width=\u0027450\u0027/\u003e\u003cbr/\u003e\u003c/div\u003e",
                                            "tessellate":  -1,
                                            "extrude":  0,
                                            "visibility":  -1
                                        },
                         "geometry":  {
                                          "type":  "Point",
                                          "coordinates":  [
                                                              35.22723,
                                                              32.8734,
                                                              0.0
                                                          ]
                                      }
                     },
                     {
                         "type":  "Feature",
                         "properties":  {
                                            "Name":  "#5642",
                                            "description":  "\u003cdiv dir=\u0027rtl\u0027 style=\u0027font-family:Arial;\u0027\u003e\u003cb\u003eשם:\u003c/b\u003e תמר קליירס\u003cbr/\u003e\u003cb\u003eאתר:\u003c/b\u003e יערות מנשה\u003cbr/\u003e\u003cb\u003eתאריך:\u003c/b\u003e 18-04-2026\u003cbr/\u003e\u003cb\u003eID:\u003c/b\u003e 4153\u003cbr/\u003e\u003cb\u003eFB:\u003c/b\u003e \u003ca href=\u0027https://www.facebook.com/groups/beshvil.yael/posts/3947526885540433/\u0027\u003ehttps://www.facebook.com/groups/beshvil.yael/posts/3947526885540433/\u003c/a\u003e\u003cbr/\u003e\u003cbr/\u003e\u003cimg src=\u0027https://drive.google.com/uc?export=view\u0026amp;id=1UCnnfbFvEkZHY3ZUPuMNLfbAF5FLqzOn\u0027 width=\u0027450\u0027/\u003e\u003cbr/\u003e\u003c/div\u003e",
                                            "tessellate":  -1,
                                            "extrude":  0,
                                            "visibility":  -1
                                        },
                         "geometry":  {
                                          "type":  "Point",
                                          "coordinates":  [
                                                              35.12363,
                                                              32.59503,
                                                              0.0
                                                          ]
                                      }
                     },
                     {
                         "type":  "Feature",
                         "properties":  {
                                            "Name":  "#5642",
                                            "description":  "\u003cdiv dir=\u0027rtl\u0027 style=\u0027font-family:Arial;\u0027\u003e\u003cb\u003eשם:\u003c/b\u003e תמר קליירס\u003cbr/\u003e\u003cb\u003eאתר:\u003c/b\u003e סינגל מעלה אלכסנדר\u003cbr/\u003e\u003cb\u003eתאריך:\u003c/b\u003e 09-05-2026\u003cbr/\u003e\u003cb\u003eID:\u003c/b\u003e 4384\u003cbr/\u003e\u003cb\u003eFB:\u003c/b\u003e \u003ca href=\u0027https://www.facebook.com/groups/beshvil.yael/posts/3966635656962889/\u0027\u003ehttps://www.facebook.com/groups/beshvil.yael/posts/3966635656962889/\u003c/a\u003e\u003cbr/\u003e\u003cbr/\u003e\u003cimg src=\u0027https://drive.google.com/uc?export=view\u0026amp;id=1iQv1wJfu9QaVp2KT1nmijIcjyycCyfeq\u0027 width=\u0027450\u0027/\u003e\u003cbr/\u003e\u003c/div\u003e",
                                            "tessellate":  -1,
                                            "extrude":  0,
                                            "visibility":  -1
                                        },
                         "geometry":  {
                                          "type":  "Point",
                                          "coordinates":  [
                                                              34.99954,
                                                              32.23817,
                                                              0.0
                                                          ]
                                      }
                     },
                     {
                         "type":  "Feature",
                         "properties":  {
                                            "Name":  "#5642",
                                            "description":  "\u003cdiv dir=\u0027rtl\u0027 style=\u0027font-family:Arial;\u0027\u003e\u003cb\u003eשם:\u003c/b\u003e תמר קליירס\u003cbr/\u003e\u003cb\u003eאתר:\u003c/b\u003e סינגל קרית אתא\u003cbr/\u003e\u003cb\u003eתאריך:\u003c/b\u003e 16-05-2026\u003cbr/\u003e\u003cb\u003eID:\u003c/b\u003e 4457\u003cbr/\u003e\u003cb\u003eFB:\u003c/b\u003e \u003ca href=\u0027https://www.facebook.com/groups/beshvil.yael/posts/3973164956309959/\u0027\u003ehttps://www.facebook.com/groups/beshvil.yael/posts/3973164956309959/\u003c/a\u003e\u003cbr/\u003e\u003cbr/\u003e\u003cimg src=\u0027https://drive.google.com/uc?export=view\u0026amp;id=1WOBKccSd2TQeehsTetZStqoCQpurRaiD\u0027 width=\u0027450\u0027/\u003e\u003cbr/\u003e\u003c/div\u003e",
                                            "tessellate":  -1,
                                            "extrude":  0,
                                            "visibility":  -1
                                        },
                         "geometry":  {
                                          "type":  "Point",
                                          "coordinates":  [
                                                              35.15532,
                                                              32.78199,
                                                              0.0
                                                          ]
                                      }
                     },
                     {
                         "type":  "Feature",
                         "properties":  {
                                            "Name":  "#5669",
                                            "description":  "\u003cdiv dir=\u0027rtl\u0027 style=\u0027font-family:Arial;\u0027\u003e\u003cb\u003eשם:\u003c/b\u003e מורן ששון פרוכטר\u003cbr/\u003e\u003cb\u003eאתר:\u003c/b\u003e הגבעות הדרומיות\u003cbr/\u003e\u003cb\u003eתאריך:\u003c/b\u003e 07-02-2026\u003cbr/\u003e\u003cb\u003eID:\u003c/b\u003e 3631\u003cbr/\u003e\u003cb\u003eFB:\u003c/b\u003e \u003ca href=\u0027https://www.facebook.com/groups/beshvil.yael/posts/3883813668578422/\u0027\u003ehttps://www.facebook.com/groups/beshvil.yael/posts/3883813668578422/\u003c/a\u003e\u003cbr/\u003e\u003cbr/\u003e\u003cimg src=\u0027https://drive.google.com/uc?export=view\u0026amp;id=11cptmTp0tLd0ySbgjHqhZQjU-KdZA-fq\u0027 width=\u0027450\u0027/\u003e\u003cbr/\u003e\u003c/div\u003e",
                                            "tessellate":  -1,
                                            "extrude":  0,
                                            "visibility":  -1
                                        },
                         "geometry":  {
                                          "type":  "Point",
                                          "coordinates":  [
                                                              35.01465,
                                                              31.87978,
                                                              0.0
                                                          ]
                                      }
                     },
                     {
                         "type":  "Feature",
                         "properties":  {
                                            "Name":  "#5669",
                                            "description":  "\u003cdiv dir=\u0027rtl\u0027 style=\u0027font-family:Arial;\u0027\u003e\u003cb\u003eשם:\u003c/b\u003e מורן ששון פרוכטר\u003cbr/\u003e\u003cb\u003eאתר:\u003c/b\u003e אתר אבן רוח מים\u003cbr/\u003e\u003cb\u003eתאריך:\u003c/b\u003e 22-03-2026\u003cbr/\u003e\u003cb\u003eID:\u003c/b\u003e 3989\u003cbr/\u003e\u003cb\u003eFB:\u003c/b\u003e \u003ca href=\u0027https://www.facebook.com/groups/beshvil.yael/posts/3923411617951960/\u0027\u003ehttps://www.facebook.com/groups/beshvil.yael/posts/3923411617951960/\u003c/a\u003e\u003cbr/\u003e\u003cbr/\u003e\u003cimg src=\u0027https://drive.google.com/uc?export=view\u0026amp;id=11qXl19zgix3jcpFBUCNhhHt_ApZlqqcv\u0027 width=\u0027450\u0027/\u003e\u003cbr/\u003e\u003c/div\u003e",
                                            "tessellate":  -1,
                                            "extrude":  0,
                                            "visibility":  -1
                                        },
                         "geometry":  {
                                          "type":  "Point",
                                          "coordinates":  [
                                                              34.84779,
                                                              30.61684,
                                                              0.0
                                                          ]
                                      }
                     },
                     {
                         "type":  "Feature",
                         "properties":  {
                                            "Name":  "#5710",
                                            "description":  "\u003cdiv dir=\u0027rtl\u0027 style=\u0027font-family:Arial;\u0027\u003e\u003cb\u003eשם:\u003c/b\u003e שירי מוטס לוין\u003cbr/\u003e\u003cb\u003eאתר:\u003c/b\u003e חוף אכזיב ועוד\u003cbr/\u003e\u003cb\u003eתאריך:\u003c/b\u003e 30-07-2025\u003cbr/\u003e\u003cb\u003eID:\u003c/b\u003e 1337\u003cbr/\u003e\u003cb\u003eFB:\u003c/b\u003e \u003ca href=\u0027https://www.facebook.com/groups/beshvil.yael/posts/3707604606199330/\u0027\u003ehttps://www.facebook.com/groups/beshvil.yael/posts/3707604606199330/\u003c/a\u003e\u003cbr/\u003e\u003cbr/\u003e\u003cimg src=\u0027https://drive.google.com/uc?export=view\u0026amp;id=1uCo4nPUJ7GUIY_BVacLtVfaElcswAoKN\u0027 width=\u0027450\u0027/\u003e\u003cbr/\u003e\u003c/div\u003e",
                                            "tessellate":  -1,
                                            "extrude":  0,
                                            "visibility":  -1
                                        },
                         "geometry":  {
                                          "type":  "Point",
                                          "coordinates":  [
                                                              35.1003051,
                                                              33.0438529,
                                                              0.0
                                                          ]
                                      }
                     },
                     {
                         "type":  "Feature",
                         "properties":  {
                                            "Name":  "#5710",
                                            "description":  "\u003cdiv dir=\u0027rtl\u0027 style=\u0027font-family:Arial;\u0027\u003e\u003cb\u003eשם:\u003c/b\u003e שירי מוטס לוין\u003cbr/\u003e\u003cb\u003eאתר:\u003c/b\u003e נח\u0026quot;ל חווה\u003cbr/\u003e\u003cb\u003eתאריך:\u003c/b\u003e 20-12-2025\u003cbr/\u003e\u003cb\u003eID:\u003c/b\u003e 3106\u003cbr/\u003e\u003cb\u003eFB:\u003c/b\u003e \u003ca href=\u0027https://www.facebook.com/groups/beshvil.yael/posts/3840152236277899\u0027\u003ehttps://www.facebook.com/groups/beshvil.yael/posts/3840152236277899\u003c/a\u003e\u003cbr/\u003e\u003cbr/\u003e\u003cimg src=\u0027https://drive.google.com/uc?export=view\u0026amp;id=1w0kZjpOIbTH2ZR_5ot84XpUfmEff2W5i\u0027 width=\u0027450\u0027/\u003e\u003cbr/\u003e\u003c/div\u003e",
                                            "tessellate":  -1,
                                            "extrude":  0,
                                            "visibility":  -1
                                        },
                         "geometry":  {
                                          "type":  "Point",
                                          "coordinates":  [
                                                              34.8886119,
                                                              30.7182891,
                                                              0.0
                                                          ]
                                      }
                     },
                     {
                         "type":  "Feature",
                         "properties":  {
                                            "Name":  "#5711",
                                            "description":  "\u003cdiv dir=\u0027rtl\u0027 style=\u0027font-family:Arial;\u0027\u003e\u003cb\u003eשם:\u003c/b\u003e \u003cbr/\u003e\u003cb\u003eאתר:\u003c/b\u003e יער קריית אתא\u003cbr/\u003e\u003cb\u003eתאריך:\u003c/b\u003e 16-05-2026\u003cbr/\u003e\u003cb\u003eID:\u003c/b\u003e 4454\u003cbr/\u003e\u003cb\u003eFB:\u003c/b\u003e \u003ca href=\u0027https://www.facebook.com/groups/beshvil.yael/posts/3973098122983309/\u0027\u003ehttps://www.facebook.com/groups/beshvil.yael/posts/3973098122983309/\u003c/a\u003e\u003cbr/\u003e\u003cbr/\u003e\u003cimg src=\u0027https://drive.google.com/uc?export=view\u0026amp;id=1rvkNTG_YpzYyalPSYM1Ub5Onn330flt3\u0027 width=\u0027450\u0027/\u003e\u003cbr/\u003e\u003c/div\u003e",
                                            "tessellate":  -1,
                                            "extrude":  0,
                                            "visibility":  -1
                                        },
                         "geometry":  {
                                          "type":  "Point",
                                          "coordinates":  [
                                                              35.14507,
                                                              32.79899,
                                                              0.0
                                                          ]
                                      }
                     },
                     {
                         "type":  "Feature",
                         "properties":  {
                                            "Name":  "#5741",
                                            "description":  "\u003cdiv dir=\u0027rtl\u0027 style=\u0027font-family:Arial;\u0027\u003e\u003cb\u003eשם:\u003c/b\u003e מריה פולבר\u003cbr/\u003e\u003cb\u003eאתר:\u003c/b\u003e שביל הבנים הדרוזים\u003cbr/\u003e\u003cb\u003eתאריך:\u003c/b\u003e 19-09-2025\u003cbr/\u003e\u003cb\u003eID:\u003c/b\u003e 1940\u003cbr/\u003e\u003cb\u003eFB:\u003c/b\u003e \u003ca href=\u0027https://www.facebook.com/groups/beshvil.yael/posts/3754273391532451/\u0027\u003ehttps://www.facebook.com/groups/beshvil.yael/posts/3754273391532451/\u003c/a\u003e\u003cbr/\u003e\u003cbr/\u003e\u003cimg src=\u0027https://drive.google.com/uc?export=view\u0026amp;id=18I3c9cMnvF3c18N3fISYrRk0j6RM6Drz\u0027 width=\u0027450\u0027/\u003e\u003cbr/\u003e\u003c/div\u003e",
                                            "tessellate":  -1,
                                            "extrude":  0,
                                            "visibility":  -1
                                        },
                         "geometry":  {
                                          "type":  "Point",
                                          "coordinates":  [
                                                              35.4506,
                                                              32.80527,
                                                              0.0
                                                          ]
                                      }
                     },
                     {
                         "type":  "Feature",
                         "properties":  {
                                            "Name":  "#5741",
                                            "description":  "\u003cdiv dir=\u0027rtl\u0027 style=\u0027font-family:Arial;\u0027\u003e\u003cb\u003eשם:\u003c/b\u003e מריה פולבר\u003cbr/\u003e\u003cb\u003eאתר:\u003c/b\u003e שמורת אודים\u003cbr/\u003e\u003cb\u003eתאריך:\u003c/b\u003e 08-11-2025\u003cbr/\u003e\u003cb\u003eID:\u003c/b\u003e 2646\u003cbr/\u003e\u003cb\u003eFB:\u003c/b\u003e \u003ca href=\u0027https://www.facebook.com/groups/beshvil.yael/posts/3803754906584299/\u0027\u003ehttps://www.facebook.com/groups/beshvil.yael/posts/3803754906584299/\u003c/a\u003e\u003cbr/\u003e\u003cbr/\u003e\u003cimg src=\u0027https://drive.google.com/uc?export=view\u0026amp;id=1aU4uIK4SDCVlTt_ceTwy6PEmpRZc_rJd\u0027 width=\u0027450\u0027/\u003e\u003cbr/\u003e\u003c/div\u003e",
                                            "tessellate":  -1,
                                            "extrude":  0,
                                            "visibility":  -1
                                        },
                         "geometry":  {
                                          "type":  "Point",
                                          "coordinates":  [
                                                              34.8398,
                                                              32.26042,
                                                              0.0
                                                          ]
                                      }
                     },
                     {
                         "type":  "Feature",
                         "properties":  {
                                            "Name":  "#5741",
                                            "description":  "\u003cdiv dir=\u0027rtl\u0027 style=\u0027font-family:Arial;\u0027\u003e\u003cb\u003eשם:\u003c/b\u003e מריה פולבר\u003cbr/\u003e\u003cb\u003eאתר:\u003c/b\u003e ים המלח\u003cbr/\u003e\u003cb\u003eתאריך:\u003c/b\u003e 06-02-2026\u003cbr/\u003e\u003cb\u003eID:\u003c/b\u003e 3587\u003cbr/\u003e\u003cb\u003eFB:\u003c/b\u003e \u003ca href=\u0027https://www.facebook.com/groups/beshvil.yael/posts/3882330015393454/\u0027\u003ehttps://www.facebook.com/groups/beshvil.yael/posts/3882330015393454/\u003c/a\u003e\u003cbr/\u003e\u003cbr/\u003e\u003cimg src=\u0027https://drive.google.com/uc?export=view\u0026amp;id=1G6naQmOL3usNAN7PLvg0JH7kn0q7PYtf\u0027 width=\u0027450\u0027/\u003e\u003cbr/\u003e\u003c/div\u003e",
                                            "tessellate":  -1,
                                            "extrude":  0,
                                            "visibility":  -1
                                        },
                         "geometry":  {
                                          "type":  "Point",
                                          "coordinates":  [
                                                              35.37431,
                                                              31.54381,
                                                              0.0
                                                          ]
                                      }
                     },
                     {
                         "type":  "Feature",
                         "properties":  {
                                            "Name":  "#5742",
                                            "description":  "\u003cdiv dir=\u0027rtl\u0027 style=\u0027font-family:Arial;\u0027\u003e\u003cb\u003eשם:\u003c/b\u003e \u003cbr/\u003e\u003cb\u003eאתר:\u003c/b\u003e שביל הבנים הדרוזים\u003cbr/\u003e\u003cb\u003eתאריך:\u003c/b\u003e 19-09-2025\u003cbr/\u003e\u003cb\u003eID:\u003c/b\u003e 1940\u003cbr/\u003e\u003cb\u003eFB:\u003c/b\u003e \u003ca href=\u0027https://www.facebook.com/groups/beshvil.yael/posts/3754273391532451/\u0027\u003ehttps://www.facebook.com/groups/beshvil.yael/posts/3754273391532451/\u003c/a\u003e\u003cbr/\u003e\u003cbr/\u003e\u003cimg src=\u0027https://drive.google.com/uc?export=view\u0026amp;id=18I3c9cMnvF3c18N3fISYrRk0j6RM6Drz\u0027 width=\u0027450\u0027/\u003e\u003cbr/\u003e\u003c/div\u003e",
                                            "tessellate":  -1,
                                            "extrude":  0,
                                            "visibility":  -1
                                        },
                         "geometry":  {
                                          "type":  "Point",
                                          "coordinates":  [
                                                              35.4506,
                                                              32.80554,
                                                              0.0
                                                          ]
                                      }
                     },
                     {
                         "type":  "Feature",
                         "properties":  {
                                            "Name":  "#5742",
                                            "description":  "\u003cdiv dir=\u0027rtl\u0027 style=\u0027font-family:Arial;\u0027\u003e\u003cb\u003eשם:\u003c/b\u003e \u003cbr/\u003e\u003cb\u003eאתר:\u003c/b\u003e שמורת אודים\u003cbr/\u003e\u003cb\u003eתאריך:\u003c/b\u003e 08-11-2025\u003cbr/\u003e\u003cb\u003eID:\u003c/b\u003e 2646\u003cbr/\u003e\u003cb\u003eFB:\u003c/b\u003e \u003ca href=\u0027https://www.facebook.com/groups/beshvil.yael/posts/3803754906584299/\u0027\u003ehttps://www.facebook.com/groups/beshvil.yael/posts/3803754906584299/\u003c/a\u003e\u003cbr/\u003e\u003cbr/\u003e\u003cimg src=\u0027https://drive.google.com/uc?export=view\u0026amp;id=1aU4uIK4SDCVlTt_ceTwy6PEmpRZc_rJd\u0027 width=\u0027450\u0027/\u003e\u003cbr/\u003e\u003c/div\u003e",
                                            "tessellate":  -1,
                                            "extrude":  0,
                                            "visibility":  -1
                                        },
                         "geometry":  {
                                          "type":  "Point",
                                          "coordinates":  [
                                                              34.8398,
                                                              32.26069,
                                                              0.0
                                                          ]
                                      }
                     },
                     {
                         "type":  "Feature",
                         "properties":  {
                                            "Name":  "#5742",
                                            "description":  "\u003cdiv dir=\u0027rtl\u0027 style=\u0027font-family:Arial;\u0027\u003e\u003cb\u003eשם:\u003c/b\u003e \u003cbr/\u003e\u003cb\u003eאתר:\u003c/b\u003e ים המלח\u003cbr/\u003e\u003cb\u003eתאריך:\u003c/b\u003e 06-02-2026\u003cbr/\u003e\u003cb\u003eID:\u003c/b\u003e 3587\u003cbr/\u003e\u003cb\u003eFB:\u003c/b\u003e \u003ca href=\u0027https://www.facebook.com/groups/beshvil.yael/posts/3882330015393454/\u0027\u003ehttps://www.facebook.com/groups/beshvil.yael/posts/3882330015393454/\u003c/a\u003e\u003cbr/\u003e\u003cbr/\u003e\u003cimg src=\u0027https://drive.google.com/uc?export=view\u0026amp;id=1G6naQmOL3usNAN7PLvg0JH7kn0q7PYtf\u0027 width=\u0027450\u0027/\u003e\u003cbr/\u003e\u003c/div\u003e",
                                            "tessellate":  -1,
                                            "extrude":  0,
                                            "visibility":  -1
                                        },
                         "geometry":  {
                                          "type":  "Point",
                                          "coordinates":  [
                                                              35.37431,
                                                              31.54408,
                                                              0.0
                                                          ]
                                      }
                     },
                     {
                         "type":  "Feature",
                         "properties":  {
                                            "Name":  "#5780",
                                            "description":  "\u003cdiv dir=\u0027rtl\u0027 style=\u0027font-family:Arial;\u0027\u003e\u003cb\u003eשם:\u003c/b\u003e אולגה בס לינצ\u0027וק\u003cbr/\u003e\u003cb\u003eאתר:\u003c/b\u003e ים המלח\u003cbr/\u003e\u003cb\u003eתאריך:\u003c/b\u003e 05-08-2025\u003cbr/\u003e\u003cb\u003eID:\u003c/b\u003e 1397\u003cbr/\u003e\u003cb\u003eFB:\u003c/b\u003e \u003ca href=\u0027https://www.facebook.com/groups/beshvil.yael/posts/3712907049002419/\u0027\u003ehttps://www.facebook.com/groups/beshvil.yael/posts/3712907049002419/\u003c/a\u003e\u003cbr/\u003e\u003cbr/\u003e\u003cimg src=\u0027https://drive.google.com/uc?export=view\u0026amp;id=1XAX3JYKXSDMATUNZvH0MGAZTnMwu27M1\u0027 width=\u0027450\u0027/\u003e\u003cbr/\u003e\u003c/div\u003e",
                                            "tessellate":  -1,
                                            "extrude":  0,
                                            "visibility":  -1
                                        },
                         "geometry":  {
                                          "type":  "Point",
                                          "coordinates":  [
                                                              35.3949145,
                                                              31.610489,
                                                              0.0
                                                          ]
                                      }
                     },
                     {
                         "type":  "Feature",
                         "properties":  {
                                            "Name":  "#5780",
                                            "description":  "\u003cdiv dir=\u0027rtl\u0027 style=\u0027font-family:Arial;\u0027\u003e\u003cb\u003eשם:\u003c/b\u003e אולגה בס לינצ\u0027וק\u003cbr/\u003e\u003cb\u003eאתר:\u003c/b\u003e כינרת\u003cbr/\u003e\u003cb\u003eתאריך:\u003c/b\u003e 23-08-2025\u003cbr/\u003e\u003cb\u003eID:\u003c/b\u003e 1631\u003cbr/\u003e\u003cb\u003eFB:\u003c/b\u003e \u003ca href=\u0027https://www.facebook.com/groups/beshvil.yael/posts/3729989490627508/\u0027\u003ehttps://www.facebook.com/groups/beshvil.yael/posts/3729989490627508/\u003c/a\u003e\u003cbr/\u003e\u003cbr/\u003e\u003cimg src=\u0027https://drive.google.com/uc?export=view\u0026amp;id=1fd-4ZT0Kazjxu6Uu3jqKEOLEbVee2Wgg\u0027 width=\u0027450\u0027/\u003e\u003cbr/\u003e\u003c/div\u003e",
                                            "tessellate":  -1,
                                            "extrude":  0,
                                            "visibility":  -1
                                        },
                         "geometry":  {
                                          "type":  "Point",
                                          "coordinates":  [
                                                              35.6026107,
                                                              32.8913361,
                                                              0.0
                                                          ]
                                      }
                     },
                     {
                         "type":  "Feature",
                         "properties":  {
                                            "Name":  "#5780",
                                            "description":  "\u003cdiv dir=\u0027rtl\u0027 style=\u0027font-family:Arial;\u0027\u003e\u003cb\u003eשם:\u003c/b\u003e אולגה בס לינצ\u0027וק\u003cbr/\u003e\u003cb\u003eאתר:\u003c/b\u003e מערת ים המלח\u003cbr/\u003e\u003cb\u003eתאריך:\u003c/b\u003e 05-10-2025\u003cbr/\u003e\u003cb\u003eID:\u003c/b\u003e 2173\u003cbr/\u003e\u003cb\u003eFB:\u003c/b\u003e \u003ca href=\u0027https://www.facebook.com/groups/beshvil.yael/posts/3770011399958650/\u0027\u003ehttps://www.facebook.com/groups/beshvil.yael/posts/3770011399958650/\u003c/a\u003e\u003cbr/\u003e\u003cbr/\u003e\u003cimg src=\u0027https://drive.google.com/uc?export=view\u0026amp;id=1In-pXffEMny5gzsZrZju4MpAMYgyRYe6\u0027 width=\u0027450\u0027/\u003e\u003cbr/\u003e\u003c/div\u003e",
                                            "tessellate":  -1,
                                            "extrude":  0,
                                            "visibility":  -1
                                        },
                         "geometry":  {
                                          "type":  "Point",
                                          "coordinates":  [
                                                              35.38319,
                                                              31.12186,
                                                              0.0
                                                          ]
                                      }
                     },
                     {
                         "type":  "Feature",
                         "properties":  {
                                            "Name":  "#5845",
                                            "description":  "\u003cdiv dir=\u0027rtl\u0027 style=\u0027font-family:Arial;\u0027\u003e\u003cb\u003eשם:\u003c/b\u003e גלי וויס\u003cbr/\u003e\u003cb\u003eאתר:\u003c/b\u003e הר עמשה\u003cbr/\u003e\u003cb\u003eתאריך:\u003c/b\u003e 18-10-2025\u003cbr/\u003e\u003cb\u003eID:\u003c/b\u003e 2437\u003cbr/\u003e\u003cb\u003eFB:\u003c/b\u003e \u003ca href=\u0027https://www.facebook.com/groups/beshvil.yael/posts/3783827025243754\u0027\u003ehttps://www.facebook.com/groups/beshvil.yael/posts/3783827025243754\u003c/a\u003e\u003cbr/\u003e\u003cbr/\u003e\u003cimg src=\u0027https://drive.google.com/uc?export=view\u0026amp;id=1uC2zHllNHgsCvW8NSllUub8blX6b1Bp1\u0027 width=\u0027450\u0027/\u003e\u003cbr/\u003e\u003c/div\u003e",
                                            "tessellate":  -1,
                                            "extrude":  0,
                                            "visibility":  -1
                                        },
                         "geometry":  {
                                          "type":  "Point",
                                          "coordinates":  [
                                                              35.10434,
                                                              31.3301,
                                                              0.0
                                                          ]
                                      }
                     },
                     {
                         "type":  "Feature",
                         "properties":  {
                                            "Name":  "#5879",
                                            "description":  "\u003cdiv dir=\u0027rtl\u0027 style=\u0027font-family:Arial;\u0027\u003e\u003cb\u003eשם:\u003c/b\u003e זיוי הראל\u003cbr/\u003e\u003cb\u003eאתר:\u003c/b\u003e בר גיורא\u003cbr/\u003e\u003cb\u003eתאריך:\u003c/b\u003e 11-03-2026\u003cbr/\u003e\u003cb\u003eID:\u003c/b\u003e 3944\u003cbr/\u003e\u003cb\u003eFB:\u003c/b\u003e \u003ca href=\u0027https://www.facebook.com/groups/beshvil.yael/posts/3913469035612885\u0027\u003ehttps://www.facebook.com/groups/beshvil.yael/posts/3913469035612885\u003c/a\u003e\u003cbr/\u003e\u003cbr/\u003e\u003cimg src=\u0027https://drive.google.com/uc?export=view\u0026amp;id=1aDVUo8Lkm-R-hh4XvBXVqgdwg5BravU6\u0027 width=\u0027450\u0027/\u003e\u003cbr/\u003e\u003c/div\u003e",
                                            "tessellate":  -1,
                                            "extrude":  0,
                                            "visibility":  -1
                                        },
                         "geometry":  {
                                          "type":  "Point",
                                          "coordinates":  [
                                                              35.06354,
                                                              31.73603,
                                                              0.0
                                                          ]
                                      }
                     },
                     {
                         "type":  "Feature",
                         "properties":  {
                                            "Name":  "#5879",
                                            "description":  "\u003cdiv dir=\u0027rtl\u0027 style=\u0027font-family:Arial;\u0027\u003e\u003cb\u003eשם:\u003c/b\u003e זיוי הראל\u003cbr/\u003e\u003cb\u003eאתר:\u003c/b\u003e נחל עזגד\u003cbr/\u003e\u003cb\u003eתאריך:\u003c/b\u003e 18-03-2026\u003cbr/\u003e\u003cb\u003eID:\u003c/b\u003e 3971\u003cbr/\u003e\u003cb\u003eFB:\u003c/b\u003e \u003ca href=\u0027https://www.facebook.com/groups/beshvil.yael/posts/3919625458330576/\u0027\u003ehttps://www.facebook.com/groups/beshvil.yael/posts/3919625458330576/\u003c/a\u003e\u003cbr/\u003e\u003cbr/\u003e\u003cimg src=\u0027https://drive.google.com/uc?export=view\u0026amp;id=1DmjmEkzGfMz0uibGvRC5DegzYoHLN0Qk\u0027 width=\u0027450\u0027/\u003e\u003cbr/\u003e\u003c/div\u003e",
                                            "tessellate":  -1,
                                            "extrude":  0,
                                            "visibility":  -1
                                        },
                         "geometry":  {
                                          "type":  "Point",
                                          "coordinates":  [
                                                              35.31542,
                                                              31.07086,
                                                              0.0
                                                          ]
                                      }
                     },
                     {
                         "type":  "Feature",
                         "properties":  {
                                            "Name":  "#5975",
                                            "description":  "\u003cdiv dir=\u0027rtl\u0027 style=\u0027font-family:Arial;\u0027\u003e\u003cb\u003eשם:\u003c/b\u003e ערן שרון\u003cbr/\u003e\u003cb\u003eאתר:\u003c/b\u003e מעלה עלי\u003cbr/\u003e\u003cb\u003eתאריך:\u003c/b\u003e 30-11-2025\u003cbr/\u003e\u003cb\u003eID:\u003c/b\u003e 2928\u003cbr/\u003e\u003cb\u003eFB:\u003c/b\u003e \u003ca href=\u0027https://www.facebook.com/groups/beshvil.yael/posts/3823333474626442\u0027\u003ehttps://www.facebook.com/groups/beshvil.yael/posts/3823333474626442\u003c/a\u003e\u003cbr/\u003e\u003cbr/\u003e\u003cimg src=\u0027https://drive.google.com/uc?export=view\u0026amp;id=1d9c-YSMOzllzzb3L1YH7NtcVTxE782cH\u0027 width=\u0027450\u0027/\u003e\u003cbr/\u003e\u003c/div\u003e",
                                            "tessellate":  -1,
                                            "extrude":  0,
                                            "visibility":  -1
                                        },
                         "geometry":  {
                                          "type":  "Point",
                                          "coordinates":  [
                                                              35.16878,
                                                              30.94802,
                                                              0.0
                                                          ]
                                      }
                     },
                     {
                         "type":  "Feature",
                         "properties":  {
                                            "Name":  "#5975",
                                            "description":  "\u003cdiv dir=\u0027rtl\u0027 style=\u0027font-family:Arial;\u0027\u003e\u003cb\u003eשם:\u003c/b\u003e ערן שרון\u003cbr/\u003e\u003cb\u003eאתר:\u003c/b\u003e הר עריף\u003cbr/\u003e\u003cb\u003eתאריך:\u003c/b\u003e 26-12-2025\u003cbr/\u003e\u003cb\u003eID:\u003c/b\u003e 3183\u003cbr/\u003e\u003cb\u003eFB:\u003c/b\u003e \u003ca href=\u0027https://www.facebook.com/groups/beshvil.yael/posts/3845728392386950/\u0027\u003ehttps://www.facebook.com/groups/beshvil.yael/posts/3845728392386950/\u003c/a\u003e\u003cbr/\u003e\u003cbr/\u003e\u003cimg src=\u0027https://drive.google.com/uc?export=view\u0026amp;id=1v2KPe914cF0WiIEoTZA1HX8rA5CMb7-K\u0027 width=\u0027450\u0027/\u003e\u003cbr/\u003e\u003c/div\u003e",
                                            "tessellate":  -1,
                                            "extrude":  0,
                                            "visibility":  -1
                                        },
                         "geometry":  {
                                          "type":  "Point",
                                          "coordinates":  [
                                                              34.73401,
                                                              30.42575,
                                                              0.0
                                                          ]
                                      }
                     },
                     {
                         "type":  "Feature",
                         "properties":  {
                                            "Name":  "#5975",
                                            "description":  "\u003cdiv dir=\u0027rtl\u0027 style=\u0027font-family:Arial;\u0027\u003e\u003cb\u003eשם:\u003c/b\u003e ערן שרון\u003cbr/\u003e\u003cb\u003eאתר:\u003c/b\u003e נחל אשלים\u003cbr/\u003e\u003cb\u003eתאריך:\u003c/b\u003e 24-04-2026\u003cbr/\u003e\u003cb\u003eID:\u003c/b\u003e 4235\u003cbr/\u003e\u003cb\u003eFB:\u003c/b\u003e \u003ca href=\u0027https://www.facebook.com/groups/beshvil.yael/posts/3952984184994703\u0027\u003ehttps://www.facebook.com/groups/beshvil.yael/posts/3952984184994703\u003c/a\u003e\u003cbr/\u003e\u003cbr/\u003e\u003cimg src=\u0027https://drive.google.com/uc?export=view\u0026amp;id=1_8GfLaXn8CV7NK0FkE2dRiCHcBn31k-R\u0027 width=\u0027450\u0027/\u003e\u003cbr/\u003e\u003c/div\u003e",
                                            "tessellate":  -1,
                                            "extrude":  0,
                                            "visibility":  -1
                                        },
                         "geometry":  {
                                          "type":  "Point",
                                          "coordinates":  [
                                                              35.27596,
                                                              31.06821,
                                                              0.0
                                                          ]
                                      }
                     }
                 ]
}