{
    "type":  "FeatureCollection",
    "name":  "6000-7499",
    "crs":  {
                "type":  "name",
                "properties":  {
                                   "name":  "urn:ogc:def:crs:OGC:1.3:CRS84"
                               }
            },
    "features":  [
                     {
                         "type":  "Feature",
                         "properties":  {
                                            "Name":  "#6016",
                                            "description":  "\u003cdiv dir=\u0027rtl\u0027 style=\u0027font-family:Arial;\u0027\u003e\u003cb\u003eשם:\u003c/b\u003e נמרוד חסיד\u003cbr/\u003e\u003cb\u003eאתר:\u003c/b\u003e בית אורן\u003cbr/\u003e\u003cb\u003eתאריך:\u003c/b\u003e 06-12-2025\u003cbr/\u003e\u003cb\u003eID:\u003c/b\u003e 2981\u003cbr/\u003e\u003cb\u003eFB:\u003c/b\u003e \u003ca href=\u0027https://www.facebook.com/groups/beshvil.yael/posts/3828392397453883/\u0027\u003ehttps://www.facebook.com/groups/beshvil.yael/posts/3828392397453883/\u003c/a\u003e\u003cbr/\u003e\u003cbr/\u003e\u003cimg src=\u0027https://drive.google.com/uc?export=view\u0026amp;id=1Bu5kElRJl2Uf5mqe6rZxP29i5QMyTsWb\u0027 width=\u0027450\u0027/\u003e\u003cbr/\u003e\u003c/div\u003e",
                                            "tessellate":  -1,
                                            "extrude":  0,
                                            "visibility":  -1
                                        },
                         "geometry":  {
                                          "type":  "Point",
                                          "coordinates":  [
                                                              35.00125,
                                                              32.73064,
                                                              0.0
                                                          ]
                                      }
                     },
                     {
                         "type":  "Feature",
                         "properties":  {
                                            "Name":  "#6016",
                                            "description":  "\u003cdiv dir=\u0027rtl\u0027 style=\u0027font-family:Arial;\u0027\u003e\u003cb\u003eשם:\u003c/b\u003e נמרוד חסיד\u003cbr/\u003e\u003cb\u003eאתר:\u003c/b\u003e רמות הנדיב\u003cbr/\u003e\u003cb\u003eתאריך:\u003c/b\u003e 24-01-2026\u003cbr/\u003e\u003cb\u003eID:\u003c/b\u003e 3460\u003cbr/\u003e\u003cb\u003eFB:\u003c/b\u003e \u003ca href=\u0027https://www.facebook.com/groups/beshvil.yael/posts/3870369956589460/\u0027\u003ehttps://www.facebook.com/groups/beshvil.yael/posts/3870369956589460/\u003c/a\u003e\u003cbr/\u003e\u003cbr/\u003e\u003cimg src=\u0027https://drive.google.com/uc?export=view\u0026amp;id=1vPZVc2p93zd6QmmsA0WWQqMGkz6Q3-0Q\u0027 width=\u0027450\u0027/\u003e\u003cbr/\u003e\u003c/div\u003e",
                                            "tessellate":  -1,
                                            "extrude":  0,
                                            "visibility":  -1
                                        },
                         "geometry":  {
                                          "type":  "Point",
                                          "coordinates":  [
                                                              34.94438,
                                                              32.55179,
                                                              0.0
                                                          ]
                                      }
                     },
                     {
                         "type":  "Feature",
                         "properties":  {
                                            "Name":  "#6016",
                                            "description":  "\u003cdiv dir=\u0027rtl\u0027 style=\u0027font-family:Arial;\u0027\u003e\u003cb\u003eשם:\u003c/b\u003e נמרוד חסיד\u003cbr/\u003e\u003cb\u003eאתר:\u003c/b\u003e רמות מנשה\u003cbr/\u003e\u003cb\u003eתאריך:\u003c/b\u003e 31-01-2026\u003cbr/\u003e\u003cb\u003eID:\u003c/b\u003e 3542\u003cbr/\u003e\u003cb\u003eFB:\u003c/b\u003e \u003ca href=\u0027https://www.facebook.com/groups/beshvil.yael/posts/3877069452586177\u0027\u003ehttps://www.facebook.com/groups/beshvil.yael/posts/3877069452586177\u003c/a\u003e\u003cbr/\u003e\u003cbr/\u003e\u003cimg src=\u0027https://drive.google.com/uc?export=view\u0026amp;id=10V62YBcHOWUiyhVlTFA3-duvJJGjkAK0\u0027 width=\u0027450\u0027/\u003e\u003cbr/\u003e\u003c/div\u003e",
                                            "tessellate":  -1,
                                            "extrude":  0,
                                            "visibility":  -1
                                        },
                         "geometry":  {
                                          "type":  "Point",
                                          "coordinates":  [
                                                              35.09952,
                                                              32.58993,
                                                              0.0
                                                          ]
                                      }
                     },
                     {
                         "type":  "Feature",
                         "properties":  {
                                            "Name":  "#6016",
                                            "description":  "\u003cdiv dir=\u0027rtl\u0027 style=\u0027font-family:Arial;\u0027\u003e\u003cb\u003eשם:\u003c/b\u003e נמרוד חסיד\u003cbr/\u003e\u003cb\u003eאתר:\u003c/b\u003e אנדרטת התצפיתניות\u003cbr/\u003e\u003cb\u003eתאריך:\u003c/b\u003e 02-05-2026\u003cbr/\u003e\u003cb\u003eID:\u003c/b\u003e 4329\u003cbr/\u003e\u003cb\u003eFB:\u003c/b\u003e \u003ca href=\u0027https://www.facebook.com/groups/beshvil.yael/posts/3960584284234693\u0027\u003ehttps://www.facebook.com/groups/beshvil.yael/posts/3960584284234693\u003c/a\u003e\u003cbr/\u003e\u003cbr/\u003e\u003cimg src=\u0027https://drive.google.com/uc?export=view\u0026amp;id=1-ngDw3qCb5iOrtbg29ufOQlwtLJDRXl5\u0027 width=\u0027450\u0027/\u003e\u003cbr/\u003e\u003c/div\u003e",
                                            "tessellate":  -1,
                                            "extrude":  0,
                                            "visibility":  -1
                                        },
                         "geometry":  {
                                          "type":  "Point",
                                          "coordinates":  [
                                                              34.52462,
                                                              31.46315,
                                                              0.0
                                                          ]
                                      }
                     },
                     {
                         "type":  "Feature",
                         "properties":  {
                                            "Name":  "#6019",
                                            "description":  "\u003cdiv dir=\u0027rtl\u0027 style=\u0027font-family:Arial;\u0027\u003e\u003cb\u003eשם:\u003c/b\u003e דרור נמרי\u003cbr/\u003e\u003cb\u003eאתר:\u003c/b\u003e גב צניפים\u003cbr/\u003e\u003cb\u003eתאריך:\u003c/b\u003e 19-12-2025\u003cbr/\u003e\u003cb\u003eID:\u003c/b\u003e 3090\u003cbr/\u003e\u003cb\u003eFB:\u003c/b\u003e \u003ca href=\u0027https://www.facebook.com/groups/beshvil.yael/posts/3839168976376225\u0027\u003ehttps://www.facebook.com/groups/beshvil.yael/posts/3839168976376225\u003c/a\u003e\u003cbr/\u003e\u003cbr/\u003e\u003cimg src=\u0027https://drive.google.com/uc?export=view\u0026amp;id=1cwTgYWplI-1j5kBc7QeQ-r5uu7TVXEEO\u0027 width=\u0027450\u0027/\u003e\u003cbr/\u003e\u003c/div\u003e",
                                            "tessellate":  -1,
                                            "extrude":  0,
                                            "visibility":  -1
                                        },
                         "geometry":  {
                                          "type":  "Point",
                                          "coordinates":  [
                                                              34.82795,
                                                              30.07238,
                                                              0.0
                                                          ]
                                      }
                     },
                     {
                         "type":  "Feature",
                         "properties":  {
                                            "Name":  "#6022",
                                            "description":  "\u003cdiv dir=\u0027rtl\u0027 style=\u0027font-family:Arial;\u0027\u003e\u003cb\u003eשם:\u003c/b\u003e ניצן איילון\u003cbr/\u003e\u003cb\u003eאתר:\u003c/b\u003e רמת הנדיב\u003cbr/\u003e\u003cb\u003eתאריך:\u003c/b\u003e 07-10-2025\u003cbr/\u003e\u003cb\u003eID:\u003c/b\u003e 2242\u003cbr/\u003e\u003cb\u003eFB:\u003c/b\u003e \u003ca href=\u0027https://www.facebook.com/groups/beshvil.yael/posts/3772243196402137\u0027\u003ehttps://www.facebook.com/groups/beshvil.yael/posts/3772243196402137\u003c/a\u003e\u003cbr/\u003e\u003cbr/\u003e\u003cimg src=\u0027https://drive.google.com/uc?export=view\u0026amp;id=1wJWvMM9lM_21CWZp_O0EFWh_mIsYHLr-\u0027 width=\u0027450\u0027/\u003e\u003cbr/\u003e\u003c/div\u003e",
                                            "tessellate":  -1,
                                            "extrude":  0,
                                            "visibility":  -1
                                        },
                         "geometry":  {
                                          "type":  "Point",
                                          "coordinates":  [
                                                              34.94261,
                                                              32.54912,
                                                              0.0
                                                          ]
                                      }
                     },
                     {
                         "type":  "Feature",
                         "properties":  {
                                            "Name":  "#6026",
                                            "description":  "\u003cdiv dir=\u0027rtl\u0027 style=\u0027font-family:Arial;\u0027\u003e\u003cb\u003eשם:\u003c/b\u003e אסתר סוויסה\u003cbr/\u003e\u003cb\u003eאתר:\u003c/b\u003e שדה בוקר\u003cbr/\u003e\u003cb\u003eתאריך:\u003c/b\u003e 23-07-2025\u003cbr/\u003e\u003cb\u003eID:\u003c/b\u003e 1277\u003cbr/\u003e\u003cb\u003eFB:\u003c/b\u003e \u003ca href=\u0027https://www.facebook.com/groups/beshvil.yael/posts/3701300026829788/\u0027\u003ehttps://www.facebook.com/groups/beshvil.yael/posts/3701300026829788/\u003c/a\u003e\u003cbr/\u003e\u003cbr/\u003e\u003cimg src=\u0027https://drive.google.com/uc?export=view\u0026amp;id=1sbiG_yEHDvWuZtOtmAxgd35_fe8SFp1l\u0027 width=\u0027450\u0027/\u003e\u003cbr/\u003e\u003c/div\u003e",
                                            "tessellate":  -1,
                                            "extrude":  0,
                                            "visibility":  -1
                                        },
                         "geometry":  {
                                          "type":  "Point",
                                          "coordinates":  [
                                                              34.7808312,
                                                              30.8484687,
                                                              0.0
                                                          ]
                                      }
                     },
                     {
                         "type":  "Feature",
                         "properties":  {
                                            "Name":  "#6026",
                                            "description":  "\u003cdiv dir=\u0027rtl\u0027 style=\u0027font-family:Arial;\u0027\u003e\u003cb\u003eשם:\u003c/b\u003e אסתר סוויסה\u003cbr/\u003e\u003cb\u003eאתר:\u003c/b\u003e צריף בן-גוריון\u003cbr/\u003e\u003cb\u003eתאריך:\u003c/b\u003e 03-05-2026\u003cbr/\u003e\u003cb\u003eID:\u003c/b\u003e 4336\u003cbr/\u003e\u003cb\u003eFB:\u003c/b\u003e \u003ca href=\u0027https://www.facebook.com/groups/beshvil.yael/posts/3961291774163944/\u0027\u003ehttps://www.facebook.com/groups/beshvil.yael/posts/3961291774163944/\u003c/a\u003e\u003cbr/\u003e\u003cbr/\u003e\u003cimg src=\u0027https://drive.google.com/uc?export=view\u0026amp;id=1DIphdG5_7bRuaxsa2fdgcMrnvacvwXU2\u0027 width=\u0027450\u0027/\u003e\u003cbr/\u003e\u003c/div\u003e",
                                            "tessellate":  -1,
                                            "extrude":  0,
                                            "visibility":  -1
                                        },
                         "geometry":  {
                                          "type":  "Point",
                                          "coordinates":  [
                                                              34.79028,
                                                              30.87374,
                                                              0.0
                                                          ]
                                      }
                     },
                     {
                         "type":  "Feature",
                         "properties":  {
                                            "Name":  "#6038",
                                            "description":  "\u003cdiv dir=\u0027rtl\u0027 style=\u0027font-family:Arial;\u0027\u003e\u003cb\u003eשם:\u003c/b\u003e דגנית פוקס\u003cbr/\u003e\u003cb\u003eאתר:\u003c/b\u003e גלעד\u003cbr/\u003e\u003cb\u003eתאריך:\u003c/b\u003e 03-02-2026\u003cbr/\u003e\u003cb\u003eID:\u003c/b\u003e 3572\u003cbr/\u003e\u003cb\u003eFB:\u003c/b\u003e \u003ca href=\u0027https://www.facebook.com/groups/beshvil.yael/posts/3879824558977333/\u0027\u003ehttps://www.facebook.com/groups/beshvil.yael/posts/3879824558977333/\u003c/a\u003e\u003cbr/\u003e\u003cbr/\u003e\u003cimg src=\u0027https://drive.google.com/uc?export=view\u0026amp;id=1f8WXTnCfYU7J-sRAVUsDJA_oK2yg5Qhu\u0027 width=\u0027450\u0027/\u003e\u003cbr/\u003e\u003c/div\u003e",
                                            "tessellate":  -1,
                                            "extrude":  0,
                                            "visibility":  -1
                                        },
                         "geometry":  {
                                          "type":  "Point",
                                          "coordinates":  [
                                                              35.08488,
                                                              32.55756,
                                                              0.0
                                                          ]
                                      }
                     },
                     {
                         "type":  "Feature",
                         "properties":  {
                                            "Name":  "#6038",
                                            "description":  "\u003cdiv dir=\u0027rtl\u0027 style=\u0027font-family:Arial;\u0027\u003e\u003cb\u003eשם:\u003c/b\u003e דגנית פוקס\u003cbr/\u003e\u003cb\u003eאתר:\u003c/b\u003e דליה\u003cbr/\u003e\u003cb\u003eתאריך:\u003c/b\u003e 07-02-2026\u003cbr/\u003e\u003cb\u003eID:\u003c/b\u003e 3623\u003cbr/\u003e\u003cb\u003eFB:\u003c/b\u003e \u003ca href=\u0027https://www.facebook.com/groups/beshvil.yael/posts/3883607881932334/\u0027\u003ehttps://www.facebook.com/groups/beshvil.yael/posts/3883607881932334/\u003c/a\u003e\u003cbr/\u003e\u003cbr/\u003e\u003cimg src=\u0027https://drive.google.com/uc?export=view\u0026amp;id=1p35zJo96s6sa4yoojOiUjR_bvsviQEIk\u0027 width=\u0027450\u0027/\u003e\u003cbr/\u003e\u003c/div\u003e",
                                            "tessellate":  -1,
                                            "extrude":  0,
                                            "visibility":  -1
                                        },
                         "geometry":  {
                                          "type":  "Point",
                                          "coordinates":  [
                                                              34.95642,
                                                              32.58717,
                                                              0.0
                                                          ]
                                      }
                     },
                     {
                         "type":  "Feature",
                         "properties":  {
                                            "Name":  "#6038",
                                            "description":  "\u003cdiv dir=\u0027rtl\u0027 style=\u0027font-family:Arial;\u0027\u003e\u003cb\u003eשם:\u003c/b\u003e דגנית פוקס\u003cbr/\u003e\u003cb\u003eאתר:\u003c/b\u003e כפר גליקסון\u003cbr/\u003e\u003cb\u003eתאריך:\u003c/b\u003e 10-02-2026\u003cbr/\u003e\u003cb\u003eID:\u003c/b\u003e 3660\u003cbr/\u003e\u003cb\u003eFB:\u003c/b\u003e \u003ca href=\u0027https://www.facebook.com/groups/beshvil.yael/posts/3886597158300073/\u0027\u003ehttps://www.facebook.com/groups/beshvil.yael/posts/3886597158300073/\u003c/a\u003e\u003cbr/\u003e\u003cbr/\u003e\u003cimg src=\u0027https://drive.google.com/uc?export=view\u0026amp;id=1s2bQO2I2NxMfZeYF5bEur4YH0Yf-IhPy\u0027 width=\u0027450\u0027/\u003e\u003cbr/\u003e\u003c/div\u003e",
                                            "tessellate":  -1,
                                            "extrude":  0,
                                            "visibility":  -1
                                        },
                         "geometry":  {
                                          "type":  "Point",
                                          "coordinates":  [
                                                              35.01418,
                                                              32.49858,
                                                              0.0
                                                          ]
                                      }
                     },
                     {
                         "type":  "Feature",
                         "properties":  {
                                            "Name":  "#6038",
                                            "description":  "\u003cdiv dir=\u0027rtl\u0027 style=\u0027font-family:Arial;\u0027\u003e\u003cb\u003eשם:\u003c/b\u003e דגנית פוקס\u003cbr/\u003e\u003cb\u003eאתר:\u003c/b\u003e הר חורשן\u003cbr/\u003e\u003cb\u003eתאריך:\u003c/b\u003e 25-04-2026\u003cbr/\u003e\u003cb\u003eID:\u003c/b\u003e 4245\u003cbr/\u003e\u003cb\u003eFB:\u003c/b\u003e \u003ca href=\u0027https://www.facebook.com/groups/beshvil.yael/posts/3953693531590435\u0027\u003ehttps://www.facebook.com/groups/beshvil.yael/posts/3953693531590435\u003c/a\u003e\u003cbr/\u003e\u003cbr/\u003e\u003cimg src=\u0027https://drive.google.com/uc?export=view\u0026amp;id=1Dokv47VOvFDQFXYfqIL5UpVwqd86734w\u0027 width=\u0027450\u0027/\u003e\u003cbr/\u003e\u003c/div\u003e",
                                            "tessellate":  -1,
                                            "extrude":  0,
                                            "visibility":  -1
                                        },
                         "geometry":  {
                                          "type":  "Point",
                                          "coordinates":  [
                                                              34.99232,
                                                              32.58273,
                                                              0.0
                                                          ]
                                      }
                     },
                     {
                         "type":  "Feature",
                         "properties":  {
                                            "Name":  "#6044",
                                            "description":  "\u003cdiv dir=\u0027rtl\u0027 style=\u0027font-family:Arial;\u0027\u003e\u003cb\u003eשם:\u003c/b\u003e רותם ציגלר\u003cbr/\u003e\u003cb\u003eאתר:\u003c/b\u003e עין זבד\u003cbr/\u003e\u003cb\u003eתאריך:\u003c/b\u003e 31-10-2025\u003cbr/\u003e\u003cb\u003eID:\u003c/b\u003e 2565\u003cbr/\u003e\u003cb\u003eFB:\u003c/b\u003e \u003ca href=\u0027https://www.facebook.com/groups/beshvil.yael/posts/3795839187375871\u0027\u003ehttps://www.facebook.com/groups/beshvil.yael/posts/3795839187375871\u003c/a\u003e\u003cbr/\u003e\u003cbr/\u003e\u003cimg src=\u0027https://drive.google.com/uc?export=view\u0026amp;id=1MZHyyu7YYDMLOruQVl04w03aq01XIcxJ\u0027 width=\u0027450\u0027/\u003e\u003cbr/\u003e\u003c/div\u003e",
                                            "tessellate":  -1,
                                            "extrude":  0,
                                            "visibility":  -1
                                        },
                         "geometry":  {
                                          "type":  "Point",
                                          "coordinates":  [
                                                              35.4252052,
                                                              32.9743209,
                                                              0.0
                                                          ]
                                      }
                     },
                     {
                         "type":  "Feature",
                         "properties":  {
                                            "Name":  "#6045",
                                            "description":  "\u003cdiv dir=\u0027rtl\u0027 style=\u0027font-family:Arial;\u0027\u003e\u003cb\u003eשם:\u003c/b\u003e דפנה ברק\u003cbr/\u003e\u003cb\u003eאתר:\u003c/b\u003e מטולה\u003cbr/\u003e\u003cb\u003eתאריך:\u003c/b\u003e 11-02-2026\u003cbr/\u003e\u003cb\u003eID:\u003c/b\u003e 3673\u003cbr/\u003e\u003cb\u003eFB:\u003c/b\u003e \u003ca href=\u0027https://www.facebook.com/groups/beshvil.yael/posts/3887267024899753/\u0027\u003ehttps://www.facebook.com/groups/beshvil.yael/posts/3887267024899753/\u003c/a\u003e\u003cbr/\u003e\u003cbr/\u003e\u003cimg src=\u0027https://drive.google.com/uc?export=view\u0026amp;id=1FqesdBqBPHWd3ShG-Z9gPGyvqnrbSHD5\u0027 width=\u0027450\u0027/\u003e\u003cbr/\u003e\u003c/div\u003e",
                                            "tessellate":  -1,
                                            "extrude":  0,
                                            "visibility":  -1
                                        },
                         "geometry":  {
                                          "type":  "Point",
                                          "coordinates":  [
                                                              35.57257,
                                                              33.27335,
                                                              0.0
                                                          ]
                                      }
                     },
                     {
                         "type":  "Feature",
                         "properties":  {
                                            "Name":  "#6077",
                                            "description":  "\u003cdiv dir=\u0027rtl\u0027 style=\u0027font-family:Arial;\u0027\u003e\u003cb\u003eשם:\u003c/b\u003e רוני בר-נתן\u003cbr/\u003e\u003cb\u003eאתר:\u003c/b\u003e גשר עבדאללה\u003cbr/\u003e\u003cb\u003eתאריך:\u003c/b\u003e 04-02-2026\u003cbr/\u003e\u003cb\u003eID:\u003c/b\u003e 3576\u003cbr/\u003e\u003cb\u003eFB:\u003c/b\u003e \u003ca href=\u0027https://www.facebook.com/groups/beshvil.yael/posts/3880653308894458/\u0027\u003ehttps://www.facebook.com/groups/beshvil.yael/posts/3880653308894458/\u003c/a\u003e\u003cbr/\u003e\u003cbr/\u003e\u003cimg src=\u0027https://drive.google.com/uc?export=view\u0026amp;id=1aZtNeH-f5vGhoGZyXcgvBeohJ8wHCGMv\u0027 width=\u0027450\u0027/\u003e\u003cbr/\u003e\u003c/div\u003e",
                                            "tessellate":  -1,
                                            "extrude":  0,
                                            "visibility":  -1
                                        },
                         "geometry":  {
                                          "type":  "Point",
                                          "coordinates":  [
                                                              35.54478,
                                                              31.80092,
                                                              0.0
                                                          ]
                                      }
                     },
                     {
                         "type":  "Feature",
                         "properties":  {
                                            "Name":  "#6077",
                                            "description":  "\u003cdiv dir=\u0027rtl\u0027 style=\u0027font-family:Arial;\u0027\u003e\u003cb\u003eשם:\u003c/b\u003e רוני בר-נתן\u003cbr/\u003e\u003cb\u003eאתר:\u003c/b\u003e נחל גרר\u003cbr/\u003e\u003cb\u003eתאריך:\u003c/b\u003e 07-02-2026\u003cbr/\u003e\u003cb\u003eID:\u003c/b\u003e 3613\u003cbr/\u003e\u003cb\u003eFB:\u003c/b\u003e \u003ca href=\u0027https://www.facebook.com/groups/beshvil.yael/posts/3883346251958497/\u0027\u003ehttps://www.facebook.com/groups/beshvil.yael/posts/3883346251958497/\u003c/a\u003e\u003cbr/\u003e\u003cbr/\u003e\u003cimg src=\u0027https://drive.google.com/uc?export=view\u0026amp;id=10yLQpzbClTwWGscNItOhxr522mWF8Mgw\u0027 width=\u0027450\u0027/\u003e\u003cbr/\u003e\u003c/div\u003e",
                                            "tessellate":  -1,
                                            "extrude":  0,
                                            "visibility":  -1
                                        },
                         "geometry":  {
                                          "type":  "Point",
                                          "coordinates":  [
                                                              34.61207,
                                                              31.37883,
                                                              0.0
                                                          ]
                                      }
                     },
                     {
                         "type":  "Feature",
                         "properties":  {
                                            "Name":  "#6077",
                                            "description":  "\u003cdiv dir=\u0027rtl\u0027 style=\u0027font-family:Arial;\u0027\u003e\u003cb\u003eשם:\u003c/b\u003e רוני בר-נתן\u003cbr/\u003e\u003cb\u003eאתר:\u003c/b\u003e הסטף\u003cbr/\u003e\u003cb\u003eתאריך:\u003c/b\u003e 08-02-2026\u003cbr/\u003e\u003cb\u003eID:\u003c/b\u003e 3638\u003cbr/\u003e\u003cb\u003eFB:\u003c/b\u003e \u003ca href=\u0027https://www.facebook.com/groups/beshvil.yael/posts/3884619741831148\u0027\u003ehttps://www.facebook.com/groups/beshvil.yael/posts/3884619741831148\u003c/a\u003e\u003cbr/\u003e\u003cbr/\u003e\u003cimg src=\u0027https://drive.google.com/uc?export=view\u0026amp;id=1Ki5n0vBZaiJ_c_HHx6JOAblYN_qDOznD\u0027 width=\u0027450\u0027/\u003e\u003cbr/\u003e\u003c/div\u003e",
                                            "tessellate":  -1,
                                            "extrude":  0,
                                            "visibility":  -1
                                        },
                         "geometry":  {
                                          "type":  "Point",
                                          "coordinates":  [
                                                              35.12807,
                                                              31.77217,
                                                              0.0
                                                          ]
                                      }
                     },
                     {
                         "type":  "Feature",
                         "properties":  {
                                            "Name":  "#6077",
                                            "description":  "\u003cdiv dir=\u0027rtl\u0027 style=\u0027font-family:Arial;\u0027\u003e\u003cb\u003eשם:\u003c/b\u003e רוני בר-נתן\u003cbr/\u003e\u003cb\u003eאתר:\u003c/b\u003e ימין משה\u003cbr/\u003e\u003cb\u003eתאריך:\u003c/b\u003e 09-02-2026\u003cbr/\u003e\u003cb\u003eID:\u003c/b\u003e 3645\u003cbr/\u003e\u003cb\u003eFB:\u003c/b\u003e \u003ca href=\u0027https://www.facebook.com/groups/beshvil.yael/posts/3885282761764846/\u0027\u003ehttps://www.facebook.com/groups/beshvil.yael/posts/3885282761764846/\u003c/a\u003e\u003cbr/\u003e\u003cbr/\u003e\u003cimg src=\u0027https://drive.google.com/uc?export=view\u0026amp;id=1bi8I9Citwr921gj65To9qdvTnij1j4QO\u0027 width=\u0027450\u0027/\u003e\u003cbr/\u003e\u003c/div\u003e",
                                            "tessellate":  -1,
                                            "extrude":  0,
                                            "visibility":  -1
                                        },
                         "geometry":  {
                                          "type":  "Point",
                                          "coordinates":  [
                                                              35.22446,
                                                              31.77132,
                                                              0.0
                                                          ]
                                      }
                     },
                     {
                         "type":  "Feature",
                         "properties":  {
                                            "Name":  "#6091",
                                            "description":  "\u003cdiv dir=\u0027rtl\u0027 style=\u0027font-family:Arial;\u0027\u003e\u003cb\u003eשם:\u003c/b\u003e גיא בלאק\u003cbr/\u003e\u003cb\u003eאתר:\u003c/b\u003e עין עבדת\u003cbr/\u003e\u003cb\u003eתאריך:\u003c/b\u003e 29-12-2025\u003cbr/\u003e\u003cb\u003eID:\u003c/b\u003e 3201\u003cbr/\u003e\u003cb\u003eFB:\u003c/b\u003e \u003ca href=\u0027https://www.facebook.com/groups/beshvil.yael/posts/3847626048863851\u0027\u003ehttps://www.facebook.com/groups/beshvil.yael/posts/3847626048863851\u003c/a\u003e\u003cbr/\u003e\u003cbr/\u003e\u003cimg src=\u0027https://drive.google.com/uc?export=view\u0026amp;id=1iGodfiTf6qwoNy1_M2MLSWlkWgSKXYlM\u0027 width=\u0027450\u0027/\u003e\u003cbr/\u003e\u003c/div\u003e",
                                            "tessellate":  -1,
                                            "extrude":  0,
                                            "visibility":  -1
                                        },
                         "geometry":  {
                                          "type":  "Point",
                                          "coordinates":  [
                                                              34.7617,
                                                              30.82555,
                                                              0.0
                                                          ]
                                      }
                     },
                     {
                         "type":  "Feature",
                         "properties":  {
                                            "Name":  "#6099",
                                            "description":  "\u003cdiv dir=\u0027rtl\u0027 style=\u0027font-family:Arial;\u0027\u003e\u003cb\u003eשם:\u003c/b\u003e ציפי סבאר\u003cbr/\u003e\u003cb\u003eאתר:\u003c/b\u003e ריחן\u003cbr/\u003e\u003cb\u003eתאריך:\u003c/b\u003e 10-10-2025\u003cbr/\u003e\u003cb\u003eID:\u003c/b\u003e 2309\u003cbr/\u003e\u003cb\u003eFB:\u003c/b\u003e \u003ca href=\u0027https://www.facebook.com/groups/beshvil.yael/posts/3775468032746320\u0027\u003ehttps://www.facebook.com/groups/beshvil.yael/posts/3775468032746320\u003c/a\u003e\u003cbr/\u003e\u003cbr/\u003e\u003cimg src=\u0027https://drive.google.com/uc?export=view\u0026amp;id=1HUPqPjY2EhEqAd2HZ_5FcfAMMRA5_Xno\u0027 width=\u0027450\u0027/\u003e\u003cbr/\u003e\u003c/div\u003e",
                                            "tessellate":  -1,
                                            "extrude":  0,
                                            "visibility":  -1
                                        },
                         "geometry":  {
                                          "type":  "Point",
                                          "coordinates":  [
                                                              35.13269,
                                                              32.46962,
                                                              0.0
                                                          ]
                                      }
                     },
                     {
                         "type":  "Feature",
                         "properties":  {
                                            "Name":  "#6099",
                                            "description":  "\u003cdiv dir=\u0027rtl\u0027 style=\u0027font-family:Arial;\u0027\u003e\u003cb\u003eשם:\u003c/b\u003e ציפי סבאר\u003cbr/\u003e\u003cb\u003eאתר:\u003c/b\u003e כנסיית הבשורה\u003cbr/\u003e\u003cb\u003eתאריך:\u003c/b\u003e 27-10-2025\u003cbr/\u003e\u003cb\u003eID:\u003c/b\u003e 2537\u003cbr/\u003e\u003cb\u003eFB:\u003c/b\u003e \u003ca href=\u0027https://www.facebook.com/groups/beshvil.yael/posts/3792478277711962/\u0027\u003ehttps://www.facebook.com/groups/beshvil.yael/posts/3792478277711962/\u003c/a\u003e\u003cbr/\u003e\u003cbr/\u003e\u003cimg src=\u0027https://drive.google.com/uc?export=view\u0026amp;id=1tBRr7G0XQj0yJtfSXQbYv_Pxuiqwzah9\u0027 width=\u0027450\u0027/\u003e\u003cbr/\u003e\u003c/div\u003e",
                                            "tessellate":  -1,
                                            "extrude":  0,
                                            "visibility":  -1
                                        },
                         "geometry":  {
                                          "type":  "Point",
                                          "coordinates":  [
                                                              35.30153,
                                                              32.7072,
                                                              0.0
                                                          ]
                                      }
                     },
                     {
                         "type":  "Feature",
                         "properties":  {
                                            "Name":  "#6099",
                                            "description":  "\u003cdiv dir=\u0027rtl\u0027 style=\u0027font-family:Arial;\u0027\u003e\u003cb\u003eשם:\u003c/b\u003e ציפי סבאר\u003cbr/\u003e\u003cb\u003eאתר:\u003c/b\u003e עין השלושה\u003cbr/\u003e\u003cb\u003eתאריך:\u003c/b\u003e 29-10-2025\u003cbr/\u003e\u003cb\u003eID:\u003c/b\u003e 2556\u003cbr/\u003e\u003cb\u003eFB:\u003c/b\u003e \u003ca href=\u0027https://www.facebook.com/groups/beshvil.yael/posts/3794614167498373\u0027\u003ehttps://www.facebook.com/groups/beshvil.yael/posts/3794614167498373\u003c/a\u003e\u003cbr/\u003e\u003cbr/\u003e\u003cimg src=\u0027https://drive.google.com/uc?export=view\u0026amp;id=1aVmgDKLpRxcpl7O5DWMq7ZB4BfHDNJMp\u0027 width=\u0027450\u0027/\u003e\u003cbr/\u003e\u003c/div\u003e",
                                            "tessellate":  -1,
                                            "extrude":  0,
                                            "visibility":  -1
                                        },
                         "geometry":  {
                                          "type":  "Point",
                                          "coordinates":  [
                                                              34.3926563,
                                                              31.3546538,
                                                              0.0
                                                          ]
                                      }
                     },
                     {
                         "type":  "Feature",
                         "properties":  {
                                            "Name":  "#6099",
                                            "description":  "\u003cdiv dir=\u0027rtl\u0027 style=\u0027font-family:Arial;\u0027\u003e\u003cb\u003eשם:\u003c/b\u003e ציפי סבאר\u003cbr/\u003e\u003cb\u003eאתר:\u003c/b\u003e עין שמר\u003cbr/\u003e\u003cb\u003eתאריך:\u003c/b\u003e 29-11-2025\u003cbr/\u003e\u003cb\u003eID:\u003c/b\u003e 2908\u003cbr/\u003e\u003cb\u003eFB:\u003c/b\u003e \u003ca href=\u0027https://www.facebook.com/groups/beshvil.yael/posts/3822546881371768/\u0027\u003ehttps://www.facebook.com/groups/beshvil.yael/posts/3822546881371768/\u003c/a\u003e\u003cbr/\u003e\u003cbr/\u003e\u003cimg src=\u0027https://drive.google.com/uc?export=view\u0026amp;id=16hwaBHaMGDupVVWN46oK7boI7AqWmKRP\u0027 width=\u0027450\u0027/\u003e\u003cbr/\u003e\u003c/div\u003e",
                                            "tessellate":  -1,
                                            "extrude":  0,
                                            "visibility":  -1
                                        },
                         "geometry":  {
                                          "type":  "Point",
                                          "coordinates":  [
                                                              35.00771,
                                                              32.46303,
                                                              0.0
                                                          ]
                                      }
                     },
                     {
                         "type":  "Feature",
                         "properties":  {
                                            "Name":  "#6099",
                                            "description":  "\u003cdiv dir=\u0027rtl\u0027 style=\u0027font-family:Arial;\u0027\u003e\u003cb\u003eשם:\u003c/b\u003e ציפי סבאר\u003cbr/\u003e\u003cb\u003eאתר:\u003c/b\u003e מי עמי\u003cbr/\u003e\u003cb\u003eתאריך:\u003c/b\u003e 31-12-2025\u003cbr/\u003e\u003cb\u003eID:\u003c/b\u003e 3216\u003cbr/\u003e\u003cb\u003eFB:\u003c/b\u003e \u003ca href=\u0027https://www.facebook.com/groups/beshvil.yael/posts/3849489362010853/\u0027\u003ehttps://www.facebook.com/groups/beshvil.yael/posts/3849489362010853/\u003c/a\u003e\u003cbr/\u003e\u003cbr/\u003e\u003cimg src=\u0027https://drive.google.com/uc?export=view\u0026amp;id=1Kw0bhMaBR1jZ4NWO8i6SP19HJw6ZBKQM\u0027 width=\u0027450\u0027/\u003e\u003cbr/\u003e\u003c/div\u003e",
                                            "tessellate":  -1,
                                            "extrude":  0,
                                            "visibility":  -1
                                        },
                         "geometry":  {
                                          "type":  "Point",
                                          "coordinates":  [
                                                              35.13303,
                                                              32.51046,
                                                              0.0
                                                          ]
                                      }
                     },
                     {
                         "type":  "Feature",
                         "properties":  {
                                            "Name":  "#6099",
                                            "description":  "\u003cdiv dir=\u0027rtl\u0027 style=\u0027font-family:Arial;\u0027\u003e\u003cb\u003eשם:\u003c/b\u003e ציפי סבאר\u003cbr/\u003e\u003cb\u003eאתר:\u003c/b\u003e חדרה\u003cbr/\u003e\u003cb\u003eתאריך:\u003c/b\u003e 14-04-2026\u003cbr/\u003e\u003cb\u003eID:\u003c/b\u003e 4128\u003cbr/\u003e\u003cb\u003eFB:\u003c/b\u003e \u003ca href=\u0027https://www.facebook.com/groups/beshvil.yael/posts/3943775245915597/\u0027\u003ehttps://www.facebook.com/groups/beshvil.yael/posts/3943775245915597/\u003c/a\u003e\u003cbr/\u003e\u003cbr/\u003e\u003cimg src=\u0027https://drive.google.com/uc?export=view\u0026amp;id=1gqRFSDoDDshpCEkqvJvCmoNb96uQwXTf\u0027 width=\u0027450\u0027/\u003e\u003cbr/\u003e\u003c/div\u003e",
                                            "tessellate":  -1,
                                            "extrude":  0,
                                            "visibility":  -1
                                        },
                         "geometry":  {
                                          "type":  "Point",
                                          "coordinates":  [
                                                              34.9169,
                                                              32.42622,
                                                              0.0
                                                          ]
                                      }
                     },
                     {
                         "type":  "Feature",
                         "properties":  {
                                            "Name":  "#6099",
                                            "description":  "\u003cdiv dir=\u0027rtl\u0027 style=\u0027font-family:Arial;\u0027\u003e\u003cb\u003eשם:\u003c/b\u003e ציפי סבאר\u003cbr/\u003e\u003cb\u003eאתר:\u003c/b\u003e מי עמי\u003cbr/\u003e\u003cb\u003eתאריך:\u003c/b\u003e 14-05-2026\u003cbr/\u003e\u003cb\u003eID:\u003c/b\u003e 4428\u003cbr/\u003e\u003cb\u003eFB:\u003c/b\u003e \u003ca href=\u0027https://www.facebook.com/groups/beshvil.yael/posts/3971382813154840\u0027\u003ehttps://www.facebook.com/groups/beshvil.yael/posts/3971382813154840\u003c/a\u003e\u003cbr/\u003e\u003cbr/\u003e\u003cimg src=\u0027https://drive.google.com/uc?export=view\u0026amp;id=16hzMWAdSDoZdWMidfEer7mZ1vziMYrGq\u0027 width=\u0027450\u0027/\u003e\u003cbr/\u003e\u003c/div\u003e",
                                            "tessellate":  -1,
                                            "extrude":  0,
                                            "visibility":  -1
                                        },
                         "geometry":  {
                                          "type":  "Point",
                                          "coordinates":  [
                                                              35.14556,
                                                              32.5093,
                                                              0.0
                                                          ]
                                      }
                     },
                     {
                         "type":  "Feature",
                         "properties":  {
                                            "Name":  "#6099",
                                            "description":  "\u003cdiv dir=\u0027rtl\u0027 style=\u0027font-family:Arial;\u0027\u003e\u003cb\u003eשם:\u003c/b\u003e ציפי סבאר\u003cbr/\u003e\u003cb\u003eאתר:\u003c/b\u003e גבעת עדה\u003cbr/\u003e\u003cb\u003eתאריך:\u003c/b\u003e 15-05-2026\u003cbr/\u003e\u003cb\u003eID:\u003c/b\u003e 4437\u003cbr/\u003e\u003cb\u003eFB:\u003c/b\u003e \u003ca href=\u0027https://www.facebook.com/groups/beshvil.yael/posts/3972293736397081/\u0027\u003ehttps://www.facebook.com/groups/beshvil.yael/posts/3972293736397081/\u003c/a\u003e\u003cbr/\u003e\u003cbr/\u003e\u003cimg src=\u0027https://drive.google.com/uc?export=view\u0026amp;id=1cM_iK9drc62DcagwCgT1tCLuLXSo19OG\u0027 width=\u0027450\u0027/\u003e\u003cbr/\u003e\u003c/div\u003e",
                                            "tessellate":  -1,
                                            "extrude":  0,
                                            "visibility":  -1
                                        },
                         "geometry":  {
                                          "type":  "Point",
                                          "coordinates":  [
                                                              35.00611,
                                                              32.51615,
                                                              0.0
                                                          ]
                                      }
                     },
                     {
                         "type":  "Feature",
                         "properties":  {
                                            "Name":  "#6103",
                                            "description":  "\u003cdiv dir=\u0027rtl\u0027 style=\u0027font-family:Arial;\u0027\u003e\u003cb\u003eשם:\u003c/b\u003e דליה גפן\u003cbr/\u003e\u003cb\u003eאתר:\u003c/b\u003e המכתש הגדול\u003cbr/\u003e\u003cb\u003eתאריך:\u003c/b\u003e 06-02-2026\u003cbr/\u003e\u003cb\u003eID:\u003c/b\u003e 3575\u003cbr/\u003e\u003cb\u003eFB:\u003c/b\u003e \u003ca href=\u0027https://www.facebook.com/groups/beshvil.yael/posts/3880409595585496/\u0027\u003ehttps://www.facebook.com/groups/beshvil.yael/posts/3880409595585496/\u003c/a\u003e\u003cbr/\u003e\u003cbr/\u003e\u003cimg src=\u0027https://drive.google.com/uc?export=view\u0026amp;id=1uNwIehvtumpNrKd-Q4xK9jpHcgw5TL0L\u0027 width=\u0027450\u0027/\u003e\u003cbr/\u003e\u003c/div\u003e",
                                            "tessellate":  -1,
                                            "extrude":  0,
                                            "visibility":  -1
                                        },
                         "geometry":  {
                                          "type":  "Point",
                                          "coordinates":  [
                                                              34.98373,
                                                              30.93699,
                                                              0.0
                                                          ]
                                      }
                     },
                     {
                         "type":  "Feature",
                         "properties":  {
                                            "Name":  "#6103",
                                            "description":  "\u003cdiv dir=\u0027rtl\u0027 style=\u0027font-family:Arial;\u0027\u003e\u003cb\u003eשם:\u003c/b\u003e דליה גפן\u003cbr/\u003e\u003cb\u003eאתר:\u003c/b\u003e נחל זנוח\u003cbr/\u003e\u003cb\u003eתאריך:\u003c/b\u003e 10-02-2026\u003cbr/\u003e\u003cb\u003eID:\u003c/b\u003e 3662\u003cbr/\u003e\u003cb\u003eFB:\u003c/b\u003e \u003ca href=\u0027https://www.facebook.com/groups/beshvil.yael/posts/3886628818296907\u0027\u003ehttps://www.facebook.com/groups/beshvil.yael/posts/3886628818296907\u003c/a\u003e\u003cbr/\u003e\u003cbr/\u003e\u003cimg src=\u0027https://drive.google.com/uc?export=view\u0026amp;id=1gcEbLliJEShbcK2HhOOmUyDOjNlfXbgv\u0027 width=\u0027450\u0027/\u003e\u003cbr/\u003e\u003c/div\u003e",
                                            "tessellate":  -1,
                                            "extrude":  0,
                                            "visibility":  -1
                                        },
                         "geometry":  {
                                          "type":  "Point",
                                          "coordinates":  [
                                                              35.00668,
                                                              31.72576,
                                                              0.0
                                                          ]
                                      }
                     },
                     {
                         "type":  "Feature",
                         "properties":  {
                                            "Name":  "#6103",
                                            "description":  "\u003cdiv dir=\u0027rtl\u0027 style=\u0027font-family:Arial;\u0027\u003e\u003cb\u003eשם:\u003c/b\u003e דליה גפן\u003cbr/\u003e\u003cb\u003eאתר:\u003c/b\u003e פארק שוהם\u003cbr/\u003e\u003cb\u003eתאריך:\u003c/b\u003e 24-02-2026\u003cbr/\u003e\u003cb\u003eID:\u003c/b\u003e 3850\u003cbr/\u003e\u003cb\u003eFB:\u003c/b\u003e \u003ca href=\u0027https://www.facebook.com/groups/beshvil.yael/posts/3899726870320435/\u0027\u003ehttps://www.facebook.com/groups/beshvil.yael/posts/3899726870320435/\u003c/a\u003e\u003cbr/\u003e\u003cbr/\u003e\u003cimg src=\u0027https://drive.google.com/uc?export=view\u0026amp;id=1ixsoz-247o6V2Smxw0bF7KGZ8KSka0J9\u0027 width=\u0027450\u0027/\u003e\u003cbr/\u003e\u003c/div\u003e",
                                            "tessellate":  -1,
                                            "extrude":  0,
                                            "visibility":  -1
                                        },
                         "geometry":  {
                                          "type":  "Point",
                                          "coordinates":  [
                                                              34.95443,
                                                              31.99708,
                                                              0.0
                                                          ]
                                      }
                     },
                     {
                         "type":  "Feature",
                         "properties":  {
                                            "Name":  "#6103",
                                            "description":  "\u003cdiv dir=\u0027rtl\u0027 style=\u0027font-family:Arial;\u0027\u003e\u003cb\u003eשם:\u003c/b\u003e דליה גפן\u003cbr/\u003e\u003cb\u003eאתר:\u003c/b\u003e חירבת עיטאב\u003cbr/\u003e\u003cb\u003eתאריך:\u003c/b\u003e 27-02-2026\u003cbr/\u003e\u003cb\u003eID:\u003c/b\u003e 3877\u003cbr/\u003e\u003cb\u003eFB:\u003c/b\u003e \u003ca href=\u0027https://www.facebook.com/groups/beshvil.yael/posts/3902617610031361/\u0027\u003ehttps://www.facebook.com/groups/beshvil.yael/posts/3902617610031361/\u003c/a\u003e\u003cbr/\u003e\u003cbr/\u003e\u003cimg src=\u0027https://drive.google.com/uc?export=view\u0026amp;id=1bZMOPXK_-xKRgBTZV1bRUaOBUDKbwQrU\u0027 width=\u0027450\u0027/\u003e\u003cbr/\u003e\u003c/div\u003e",
                                            "tessellate":  -1,
                                            "extrude":  0,
                                            "visibility":  -1
                                        },
                         "geometry":  {
                                          "type":  "Point",
                                          "coordinates":  [
                                                              34.99722,
                                                              32.6896,
                                                              0.0
                                                          ]
                                      }
                     },
                     {
                         "type":  "Feature",
                         "properties":  {
                                            "Name":  "#6103",
                                            "description":  "\u003cdiv dir=\u0027rtl\u0027 style=\u0027font-family:Arial;\u0027\u003e\u003cb\u003eשם:\u003c/b\u003e דליה גפן\u003cbr/\u003e\u003cb\u003eאתר:\u003c/b\u003e המפל הלבן\u003cbr/\u003e\u003cb\u003eתאריך:\u003c/b\u003e 18-04-2026\u003cbr/\u003e\u003cb\u003eID:\u003c/b\u003e 4155\u003cbr/\u003e\u003cb\u003eFB:\u003c/b\u003e \u003ca href=\u0027https://www.facebook.com/groups/beshvil.yael/posts/3947560548870400/\u0027\u003ehttps://www.facebook.com/groups/beshvil.yael/posts/3947560548870400/\u003c/a\u003e\u003cbr/\u003e\u003cbr/\u003e\u003cimg src=\u0027https://drive.google.com/uc?export=view\u0026amp;id=1--eu_qMAHv_PqULbyh_eSoYk84cAjlZh\u0027 width=\u0027450\u0027/\u003e\u003cbr/\u003e\u003c/div\u003e",
                                            "tessellate":  -1,
                                            "extrude":  0,
                                            "visibility":  -1
                                        },
                         "geometry":  {
                                          "type":  "Point",
                                          "coordinates":  [
                                                              35.7475,
                                                              32.82183,
                                                              0.0
                                                          ]
                                      }
                     },
                     {
                         "type":  "Feature",
                         "properties":  {
                                            "Name":  "#6103",
                                            "description":  "\u003cdiv dir=\u0027rtl\u0027 style=\u0027font-family:Arial;\u0027\u003e\u003cb\u003eשם:\u003c/b\u003e דליה גפן\u003cbr/\u003e\u003cb\u003eאתר:\u003c/b\u003e הסטף\u003cbr/\u003e\u003cb\u003eתאריך:\u003c/b\u003e 28-04-2026\u003cbr/\u003e\u003cb\u003eID:\u003c/b\u003e 4270\u003cbr/\u003e\u003cb\u003eFB:\u003c/b\u003e \u003ca href=\u0027https://www.facebook.com/groups/beshvil.yael/posts/3956518447974610/\u0027\u003ehttps://www.facebook.com/groups/beshvil.yael/posts/3956518447974610/\u003c/a\u003e\u003cbr/\u003e\u003cbr/\u003e\u003cimg src=\u0027https://drive.google.com/uc?export=view\u0026amp;id=1G-1M90WpoRWPHGJyzQahbRXIVF_0MidE\u0027 width=\u0027450\u0027/\u003e\u003cbr/\u003e\u003c/div\u003e",
                                            "tessellate":  -1,
                                            "extrude":  0,
                                            "visibility":  -1
                                        },
                         "geometry":  {
                                          "type":  "Point",
                                          "coordinates":  [
                                                              35.12807,
                                                              31.77179,
                                                              0.0
                                                          ]
                                      }
                     },
                     {
                         "type":  "Feature",
                         "properties":  {
                                            "Name":  "#6103",
                                            "description":  "\u003cdiv dir=\u0027rtl\u0027 style=\u0027font-family:Arial;\u0027\u003e\u003cb\u003eשם:\u003c/b\u003e דליה גפן\u003cbr/\u003e\u003cb\u003eאתר:\u003c/b\u003e צניר\u003cbr/\u003e\u003cb\u003eתאריך:\u003c/b\u003e 26-05-2026\u003cbr/\u003e\u003cb\u003eID:\u003c/b\u003e 4541\u003cbr/\u003e\u003cb\u003eFB:\u003c/b\u003e \u003ca href=\u0027https://www.facebook.com/groups/beshvil.yael/posts/3983100315316423/\u0027\u003ehttps://www.facebook.com/groups/beshvil.yael/posts/3983100315316423/\u003c/a\u003e\u003cbr/\u003e\u003cbr/\u003e\u003cimg src=\u0027https://drive.google.com/uc?export=view\u0026amp;id=1S6xJ1q74-n-cvmvTCiUfqM392RsvUxL9\u0027 width=\u0027450\u0027/\u003e\u003cbr/\u003e\u003c/div\u003e",
                                            "tessellate":  -1,
                                            "extrude":  0,
                                            "visibility":  -1
                                        },
                         "geometry":  {
                                          "type":  "Point",
                                          "coordinates":  [
                                                              35.00157,
                                                              32.7187,
                                                              0.0
                                                          ]
                                      }
                     },
                     {
                         "type":  "Feature",
                         "properties":  {
                                            "Name":  "#6133",
                                            "description":  "\u003cdiv dir=\u0027rtl\u0027 style=\u0027font-family:Arial;\u0027\u003e\u003cb\u003eשם:\u003c/b\u003e ריבקה סגל\u003cbr/\u003e\u003cb\u003eאתר:\u003c/b\u003e טיילת ארמון הנציב\u003cbr/\u003e\u003cb\u003eתאריך:\u003c/b\u003e 25-10-2025\u003cbr/\u003e\u003cb\u003eID:\u003c/b\u003e 2512\u003cbr/\u003e\u003cb\u003eFB:\u003c/b\u003e \u003ca href=\u0027https://www.facebook.com/groups/beshvil.yael/posts/3790182214608235\u0027\u003ehttps://www.facebook.com/groups/beshvil.yael/posts/3790182214608235\u003c/a\u003e\u003cbr/\u003e\u003cbr/\u003e\u003cimg src=\u0027https://drive.google.com/uc?export=view\u0026amp;id=11-ihOfccsmW34aJKHXXt5-85KCoTx8YK\u0027 width=\u0027450\u0027/\u003e\u003cbr/\u003e\u003c/div\u003e",
                                            "tessellate":  -1,
                                            "extrude":  0,
                                            "visibility":  -1
                                        },
                         "geometry":  {
                                          "type":  "Point",
                                          "coordinates":  [
                                                              35.22979,
                                                              31.75526,
                                                              0.0
                                                          ]
                                      }
                     },
                     {
                         "type":  "Feature",
                         "properties":  {
                                            "Name":  "#6133",
                                            "description":  "\u003cdiv dir=\u0027rtl\u0027 style=\u0027font-family:Arial;\u0027\u003e\u003cb\u003eשם:\u003c/b\u003e ריבקה סגל\u003cbr/\u003e\u003cb\u003eאתר:\u003c/b\u003e מגדל דוד\u003cbr/\u003e\u003cb\u003eתאריך:\u003c/b\u003e 25-10-2025\u003cbr/\u003e\u003cb\u003eID:\u003c/b\u003e 2514\u003cbr/\u003e\u003cb\u003eFB:\u003c/b\u003e \u003ca href=\u0027https://www.facebook.com/groups/beshvil.yael/posts/3790257214600735/\u0027\u003ehttps://www.facebook.com/groups/beshvil.yael/posts/3790257214600735/\u003c/a\u003e\u003cbr/\u003e\u003cbr/\u003e\u003cimg src=\u0027https://drive.google.com/uc?export=view\u0026amp;id=1jbEr6J-Rl7rl6hPpXRNRghlAizoikc-u\u0027 width=\u0027450\u0027/\u003e\u003cbr/\u003e\u003c/div\u003e",
                                            "tessellate":  -1,
                                            "extrude":  0,
                                            "visibility":  -1
                                        },
                         "geometry":  {
                                          "type":  "Point",
                                          "coordinates":  [
                                                              35.22787,
                                                              31.77626,
                                                              0.0
                                                          ]
                                      }
                     },
                     {
                         "type":  "Feature",
                         "properties":  {
                                            "Name":  "#6133",
                                            "description":  "\u003cdiv dir=\u0027rtl\u0027 style=\u0027font-family:Arial;\u0027\u003e\u003cb\u003eשם:\u003c/b\u003e ריבקה סגל\u003cbr/\u003e\u003cb\u003eאתר:\u003c/b\u003e מנפטת הדרום\u003cbr/\u003e\u003cb\u003eתאריך:\u003c/b\u003e 17-11-2025\u003cbr/\u003e\u003cb\u003eID:\u003c/b\u003e 2768\u003cbr/\u003e\u003cb\u003eFB:\u003c/b\u003e \u003ca href=\u0027https://www.facebook.com/groups/beshvil.yael/posts/3812388629054260/\u0027\u003ehttps://www.facebook.com/groups/beshvil.yael/posts/3812388629054260/\u003c/a\u003e\u003cbr/\u003e\u003cbr/\u003e\u003cimg src=\u0027https://drive.google.com/uc?export=view\u0026amp;id=1UIh6b2I0E1arcKcND3wryWXnB5tmh27K\u0027 width=\u0027450\u0027/\u003e\u003cbr/\u003e\u003c/div\u003e",
                                            "tessellate":  -1,
                                            "extrude":  0,
                                            "visibility":  -1
                                        },
                         "geometry":  {
                                          "type":  "Point",
                                          "coordinates":  [
                                                              34.7893073,
                                                              31.7589459,
                                                              0.0
                                                          ]
                                      }
                     },
                     {
                         "type":  "Feature",
                         "properties":  {
                                            "Name":  "#6133",
                                            "description":  "\u003cdiv dir=\u0027rtl\u0027 style=\u0027font-family:Arial;\u0027\u003e\u003cb\u003eשם:\u003c/b\u003e ריבקה סגל\u003cbr/\u003e\u003cb\u003eאתר:\u003c/b\u003e דרדרה\u003cbr/\u003e\u003cb\u003eתאריך:\u003c/b\u003e 20-11-2025\u003cbr/\u003e\u003cb\u003eID:\u003c/b\u003e 2794\u003cbr/\u003e\u003cb\u003eFB:\u003c/b\u003e \u003ca href=\u0027https://www.facebook.com/groups/beshvil.yael/posts/3814769998816123\u0027\u003ehttps://www.facebook.com/groups/beshvil.yael/posts/3814769998816123\u003c/a\u003e\u003cbr/\u003e\u003cbr/\u003e\u003cimg src=\u0027https://drive.google.com/uc?export=view\u0026amp;id=1AkW76MqUKqyS_xxdSAHbwJLFnUGWHV94\u0027 width=\u0027450\u0027/\u003e\u003cbr/\u003e\u003c/div\u003e",
                                            "tessellate":  -1,
                                            "extrude":  0,
                                            "visibility":  -1
                                        },
                         "geometry":  {
                                          "type":  "Point",
                                          "coordinates":  [
                                                              35.63939,
                                                              33.05191,
                                                              0.0
                                                          ]
                                      }
                     },
                     {
                         "type":  "Feature",
                         "properties":  {
                                            "Name":  "#6133",
                                            "description":  "\u003cdiv dir=\u0027rtl\u0027 style=\u0027font-family:Arial;\u0027\u003e\u003cb\u003eשם:\u003c/b\u003e ריבקה סגל\u003cbr/\u003e\u003cb\u003eאתר:\u003c/b\u003e מצפה גדות\u003cbr/\u003e\u003cb\u003eתאריך:\u003c/b\u003e 20-11-2025\u003cbr/\u003e\u003cb\u003eID:\u003c/b\u003e 140\u003cbr/\u003e\u003cb\u003eFB:\u003c/b\u003e \u003ca href=\u0027https://www.facebook.com/groups/beshvil.yael/posts/3814761442150312/\u0027\u003ehttps://www.facebook.com/groups/beshvil.yael/posts/3814761442150312/\u003c/a\u003e\u003cbr/\u003e\u003cbr/\u003e\u003cimg src=\u0027https://drive.google.com/uc?export=view\u0026amp;id=1FS-SeuRnNqdSLUX06HPOQZVvNyKUs3DV\u0027 width=\u0027450\u0027/\u003e\u003cbr/\u003e\u003c/div\u003e",
                                            "tessellate":  -1,
                                            "extrude":  0,
                                            "visibility":  -1
                                        },
                         "geometry":  {
                                          "type":  "Point",
                                          "coordinates":  [
                                                              35.64131,
                                                              33.01348,
                                                              0.0
                                                          ]
                                      }
                     },
                     {
                         "type":  "Feature",
                         "properties":  {
                                            "Name":  "#6133",
                                            "description":  "\u003cdiv dir=\u0027rtl\u0027 style=\u0027font-family:Arial;\u0027\u003e\u003cb\u003eשם:\u003c/b\u003e ריבקה סגל\u003cbr/\u003e\u003cb\u003eאתר:\u003c/b\u003e תל פאחר\u003cbr/\u003e\u003cb\u003eתאריך:\u003c/b\u003e 21-11-2025\u003cbr/\u003e\u003cb\u003eID:\u003c/b\u003e 2797\u003cbr/\u003e\u003cb\u003eFB:\u003c/b\u003e \u003ca href=\u0027https://www.facebook.com/groups/beshvil.yael\u0027\u003ehttps://www.facebook.com/groups/beshvil.yael\u003c/a\u003e\u003cbr/\u003e\u003cbr/\u003e\u003cimg src=\u0027https://drive.google.com/uc?export=view\u0026amp;id=1uM9GxHNub5yuNtxwATRATrJoxapdF-HR\u0027 width=\u0027450\u0027/\u003e\u003cbr/\u003e\u003c/div\u003e",
                                            "tessellate":  -1,
                                            "extrude":  0,
                                            "visibility":  -1
                                        },
                         "geometry":  {
                                          "type":  "Point",
                                          "coordinates":  [
                                                              35.69196,
                                                              33.22493,
                                                              0.0
                                                          ]
                                      }
                     },
                     {
                         "type":  "Feature",
                         "properties":  {
                                            "Name":  "#6133",
                                            "description":  "\u003cdiv dir=\u0027rtl\u0027 style=\u0027font-family:Arial;\u0027\u003e\u003cb\u003eשם:\u003c/b\u003e ריבקה סגל\u003cbr/\u003e\u003cb\u003eאתר:\u003c/b\u003e מצפור מורשת מוצב 111\u003cbr/\u003e\u003cb\u003eתאריך:\u003c/b\u003e 21-11-2025\u003cbr/\u003e\u003cb\u003eID:\u003c/b\u003e 2807\u003cbr/\u003e\u003cb\u003eFB:\u003c/b\u003e \u003ca href=\u0027https://www.facebook.com/groups/beshvil.yael/posts/3815563232070133\u0027\u003ehttps://www.facebook.com/groups/beshvil.yael/posts/3815563232070133\u003c/a\u003e\u003cbr/\u003e\u003cbr/\u003e\u003cimg src=\u0027https://drive.google.com/uc?export=view\u0026amp;id=1hsL0GW4z5DiztmrdBueVJsERzXTLR0sT\u0027 width=\u0027450\u0027/\u003e\u003cbr/\u003e\u003c/div\u003e",
                                            "tessellate":  -1,
                                            "extrude":  0,
                                            "visibility":  -1
                                        },
                         "geometry":  {
                                          "type":  "Point",
                                          "coordinates":  [
                                                              35.8361,
                                                              32.9984,
                                                              0.0
                                                          ]
                                      }
                     },
                     {
                         "type":  "Feature",
                         "properties":  {
                                            "Name":  "#6133",
                                            "description":  "\u003cdiv dir=\u0027rtl\u0027 style=\u0027font-family:Arial;\u0027\u003e\u003cb\u003eשם:\u003c/b\u003e ריבקה סגל\u003cbr/\u003e\u003cb\u003eאתר:\u003c/b\u003e אנדרטת כח טייגר\u003cbr/\u003e\u003cb\u003eתאריך:\u003c/b\u003e 21-11-2025\u003cbr/\u003e\u003cb\u003eID:\u003c/b\u003e 2812\u003cbr/\u003e\u003cb\u003eFB:\u003c/b\u003e \u003ca href=\u0027https://www.facebook.com/groups/beshvil.yael/posts/3815612398731883\u0027\u003ehttps://www.facebook.com/groups/beshvil.yael/posts/3815612398731883\u003c/a\u003e\u003cbr/\u003e\u003cbr/\u003e\u003cimg src=\u0027https://drive.google.com/uc?export=view\u0026amp;id=1vJDM2oLQPb6QqCgNluevfP2Ow5CC2Rhl\u0027 width=\u0027450\u0027/\u003e\u003cbr/\u003e\u003c/div\u003e",
                                            "tessellate":  -1,
                                            "extrude":  0,
                                            "visibility":  -1
                                        },
                         "geometry":  {
                                          "type":  "Point",
                                          "coordinates":  [
                                                              35.82772,
                                                              33.09017,
                                                              0.0
                                                          ]
                                      }
                     },
                     {
                         "type":  "Feature",
                         "properties":  {
                                            "Name":  "#6133",
                                            "description":  "\u003cdiv dir=\u0027rtl\u0027 style=\u0027font-family:Arial;\u0027\u003e\u003cb\u003eשם:\u003c/b\u003e ריבקה סגל\u003cbr/\u003e\u003cb\u003eאתר:\u003c/b\u003e המפקדה הסורית קוניטרה\u003cbr/\u003e\u003cb\u003eתאריך:\u003c/b\u003e 21-11-2025\u003cbr/\u003e\u003cb\u003eID:\u003c/b\u003e 2813\u003cbr/\u003e\u003cb\u003eFB:\u003c/b\u003e \u003ca href=\u0027https://www.facebook.com/groups/beshvil.yael/posts/3815614542065002\u0027\u003ehttps://www.facebook.com/groups/beshvil.yael/posts/3815614542065002\u003c/a\u003e\u003cbr/\u003e\u003cbr/\u003e\u003cimg src=\u0027https://drive.google.com/uc?export=view\u0026amp;id=1Q7IudmEDNmWGornH2-GXOAQomQOeRnTJ\u0027 width=\u0027450\u0027/\u003e\u003cbr/\u003e\u003c/div\u003e",
                                            "tessellate":  -1,
                                            "extrude":  0,
                                            "visibility":  -1
                                        },
                         "geometry":  {
                                          "type":  "Point",
                                          "coordinates":  [
                                                              35.81024,
                                                              33.1326,
                                                              0.0
                                                          ]
                                      }
                     },
                     {
                         "type":  "Feature",
                         "properties":  {
                                            "Name":  "#6133",
                                            "description":  "\u003cdiv dir=\u0027rtl\u0027 style=\u0027font-family:Arial;\u0027\u003e\u003cb\u003eשם:\u003c/b\u003e ריבקה סגל\u003cbr/\u003e\u003cb\u003eאתר:\u003c/b\u003e אתר הנצחה לחללי גדוד עוז 77\u003cbr/\u003e\u003cb\u003eתאריך:\u003c/b\u003e 21-11-2025\u003cbr/\u003e\u003cb\u003eID:\u003c/b\u003e 2814\u003cbr/\u003e\u003cb\u003eFB:\u003c/b\u003e \u003ca href=\u0027https://www.facebook.com/groups/beshvil.yael/posts/3815634802062976\u0027\u003ehttps://www.facebook.com/groups/beshvil.yael/posts/3815634802062976\u003c/a\u003e\u003cbr/\u003e\u003cbr/\u003e\u003cimg src=\u0027https://drive.google.com/uc?export=view\u0026amp;id=1ECf9EZ54JKhg_7ckvlkJV60QlVuUjXT6\u0027 width=\u0027450\u0027/\u003e\u003cbr/\u003e\u003c/div\u003e",
                                            "tessellate":  -1,
                                            "extrude":  0,
                                            "visibility":  -1
                                        },
                         "geometry":  {
                                          "type":  "Point",
                                          "coordinates":  [
                                                              35.79823,
                                                              33.17749,
                                                              0.0
                                                          ]
                                      }
                     },
                     {
                         "type":  "Feature",
                         "properties":  {
                                            "Name":  "#6133",
                                            "description":  "\u003cdiv dir=\u0027rtl\u0027 style=\u0027font-family:Arial;\u0027\u003e\u003cb\u003eשם:\u003c/b\u003e ריבקה סגל\u003cbr/\u003e\u003cb\u003eאתר:\u003c/b\u003e ספארי רמת גן\u003cbr/\u003e\u003cb\u003eתאריך:\u003c/b\u003e 05-12-2025\u003cbr/\u003e\u003cb\u003eID:\u003c/b\u003e 2956\u003cbr/\u003e\u003cb\u003eFB:\u003c/b\u003e \u003ca href=\u0027https://www.facebook.com/groups/beshvil.yael/posts/3827487810877675\u0027\u003ehttps://www.facebook.com/groups/beshvil.yael/posts/3827487810877675\u003c/a\u003e\u003cbr/\u003e\u003cbr/\u003e\u003cimg src=\u0027https://drive.google.com/uc?export=view\u0026amp;id=11BLlQlwrvec0eCUzdkDZwhtxnqQOHJDb\u0027 width=\u0027450\u0027/\u003e\u003cbr/\u003e\u003c/div\u003e",
                                            "tessellate":  -1,
                                            "extrude":  0,
                                            "visibility":  -1
                                        },
                         "geometry":  {
                                          "type":  "Point",
                                          "coordinates":  [
                                                              34.8269,
                                                              32.04195,
                                                              0.0
                                                          ]
                                      }
                     },
                     {
                         "type":  "Feature",
                         "properties":  {
                                            "Name":  "#6133",
                                            "description":  "\u003cdiv dir=\u0027rtl\u0027 style=\u0027font-family:Arial;\u0027\u003e\u003cb\u003eשם:\u003c/b\u003e ריבקה סגל\u003cbr/\u003e\u003cb\u003eאתר:\u003c/b\u003e עיו עבדת\u003cbr/\u003e\u003cb\u003eתאריך:\u003c/b\u003e 11-12-2025\u003cbr/\u003e\u003cb\u003eID:\u003c/b\u003e 128\u003cbr/\u003e\u003cb\u003eFB:\u003c/b\u003e \u003ca href=\u0027https://www.facebook.com/groups/beshvil.yael/posts/3832899543669835/\u0027\u003ehttps://www.facebook.com/groups/beshvil.yael/posts/3832899543669835/\u003c/a\u003e\u003cbr/\u003e\u003cbr/\u003e\u003cimg src=\u0027https://drive.google.com/uc?export=view\u0026amp;id=1uBo1H3_CsDQkGtRX77lmDTcRNpUEG9w2\u0027 width=\u0027450\u0027/\u003e\u003cbr/\u003e\u003c/div\u003e",
                                            "tessellate":  -1,
                                            "extrude":  0,
                                            "visibility":  -1
                                        },
                         "geometry":  {
                                          "type":  "Point",
                                          "coordinates":  [
                                                              34.77099,
                                                              30.83507,
                                                              0.0
                                                          ]
                                      }
                     },
                     {
                         "type":  "Feature",
                         "properties":  {
                                            "Name":  "#6133",
                                            "description":  "\u003cdiv dir=\u0027rtl\u0027 style=\u0027font-family:Arial;\u0027\u003e\u003cb\u003eשם:\u003c/b\u003e ריבקה סגל\u003cbr/\u003e\u003cb\u003eאתר:\u003c/b\u003e הגן הבוטני\u003cbr/\u003e\u003cb\u003eתאריך:\u003c/b\u003e 12-12-2025\u003cbr/\u003e\u003cb\u003eID:\u003c/b\u003e 3022\u003cbr/\u003e\u003cb\u003eFB:\u003c/b\u003e \u003ca href=\u0027https://www.facebook.com/groups/beshvil.yael/posts/3833435333616256/\u0027\u003ehttps://www.facebook.com/groups/beshvil.yael/posts/3833435333616256/\u003c/a\u003e\u003cbr/\u003e\u003cbr/\u003e\u003cimg src=\u0027https://drive.google.com/uc?export=view\u0026amp;id=1YDQh07chVkqmvmTGObl-QVW-W5dOEQju\u0027 width=\u0027450\u0027/\u003e\u003cbr/\u003e\u003c/div\u003e",
                                            "tessellate":  -1,
                                            "extrude":  0,
                                            "visibility":  -1
                                        },
                         "geometry":  {
                                          "type":  "Point",
                                          "coordinates":  [
                                                              34.97037,
                                                              29.57441,
                                                              0.0
                                                          ]
                                      }
                     },
                     {
                         "type":  "Feature",
                         "properties":  {
                                            "Name":  "#6133",
                                            "description":  "\u003cdiv dir=\u0027rtl\u0027 style=\u0027font-family:Arial;\u0027\u003e\u003cb\u003eשם:\u003c/b\u003e ריבקה סגל\u003cbr/\u003e\u003cb\u003eאתר:\u003c/b\u003e פארק צפרות\u003cbr/\u003e\u003cb\u003eתאריך:\u003c/b\u003e 13-12-2025\u003cbr/\u003e\u003cb\u003eID:\u003c/b\u003e 3030\u003cbr/\u003e\u003cb\u003eFB:\u003c/b\u003e \u003ca href=\u0027https://www.facebook.com/groups/beshvil.yael/posts/3834227496870373/\u0027\u003ehttps://www.facebook.com/groups/beshvil.yael/posts/3834227496870373/\u003c/a\u003e\u003cbr/\u003e\u003cbr/\u003e\u003cimg src=\u0027https://drive.google.com/uc?export=view\u0026amp;id=1DkGHXCUsWISl4rQVPYVWDn21IW3moNZJ\u0027 width=\u0027450\u0027/\u003e\u003cbr/\u003e\u003c/div\u003e",
                                            "tessellate":  -1,
                                            "extrude":  0,
                                            "visibility":  -1
                                        },
                         "geometry":  {
                                          "type":  "Point",
                                          "coordinates":  [
                                                              34.97198,
                                                              29.57306,
                                                              0.0
                                                          ]
                                      }
                     },
                     {
                         "type":  "Feature",
                         "properties":  {
                                            "Name":  "#6133",
                                            "description":  "\u003cdiv dir=\u0027rtl\u0027 style=\u0027font-family:Arial;\u0027\u003e\u003cb\u003eשם:\u003c/b\u003e ריבקה סגל\u003cbr/\u003e\u003cb\u003eאתר:\u003c/b\u003e מפל סער\u003cbr/\u003e\u003cb\u003eתאריך:\u003c/b\u003e 30-12-2025\u003cbr/\u003e\u003cb\u003eID:\u003c/b\u003e 3209\u003cbr/\u003e\u003cb\u003eFB:\u003c/b\u003e \u003ca href=\u0027https://www.facebook.com/groups/beshvil.yael/posts/3848508775442245/\u0027\u003ehttps://www.facebook.com/groups/beshvil.yael/posts/3848508775442245/\u003c/a\u003e\u003cbr/\u003e\u003cbr/\u003e\u003cimg src=\u0027https://drive.google.com/uc?export=view\u0026amp;id=1aurPPwdQt8e3wSGH7dKfo4xDnvj4Zd5J\u0027 width=\u0027450\u0027/\u003e\u003cbr/\u003e\u003c/div\u003e",
                                            "tessellate":  -1,
                                            "extrude":  0,
                                            "visibility":  -1
                                        },
                         "geometry":  {
                                          "type":  "Point",
                                          "coordinates":  [
                                                              35.70348,
                                                              33.23977,
                                                              0.0
                                                          ]
                                      }
                     },
                     {
                         "type":  "Feature",
                         "properties":  {
                                            "Name":  "#6133",
                                            "description":  "\u003cdiv dir=\u0027rtl\u0027 style=\u0027font-family:Arial;\u0027\u003e\u003cb\u003eשם:\u003c/b\u003e ריבקה סגל\u003cbr/\u003e\u003cb\u003eאתר:\u003c/b\u003e שמורת גמלא\u003cbr/\u003e\u003cb\u003eתאריך:\u003c/b\u003e 30-12-2025\u003cbr/\u003e\u003cb\u003eID:\u003c/b\u003e 3211\u003cbr/\u003e\u003cb\u003eFB:\u003c/b\u003e \u003ca href=\u0027https://www.facebook.com/groups/beshvil.yael/posts/3848574735435649/\u0027\u003ehttps://www.facebook.com/groups/beshvil.yael/posts/3848574735435649/\u003c/a\u003e\u003cbr/\u003e\u003cbr/\u003e\u003cimg src=\u0027https://drive.google.com/uc?export=view\u0026amp;id=1dPow6OMynriQpI4y3vwaZper1D8WMrcO\u0027 width=\u0027450\u0027/\u003e\u003cbr/\u003e\u003c/div\u003e",
                                            "tessellate":  -1,
                                            "extrude":  0,
                                            "visibility":  -1
                                        },
                         "geometry":  {
                                          "type":  "Point",
                                          "coordinates":  [
                                                              35.74638,
                                                              32.9091,
                                                              0.0
                                                          ]
                                      }
                     },
                     {
                         "type":  "Feature",
                         "properties":  {
                                            "Name":  "#6133",
                                            "description":  "\u003cdiv dir=\u0027rtl\u0027 style=\u0027font-family:Arial;\u0027\u003e\u003cb\u003eשם:\u003c/b\u003e ריבקה סגל\u003cbr/\u003e\u003cb\u003eאתר:\u003c/b\u003e המסרק\u003cbr/\u003e\u003cb\u003eתאריך:\u003c/b\u003e 16-01-2026\u003cbr/\u003e\u003cb\u003eID:\u003c/b\u003e 3360\u003cbr/\u003e\u003cb\u003eFB:\u003c/b\u003e \u003ca href=\u0027https://www.facebook.com/groups/beshvil.yael/posts/3863072893985833\u0027\u003ehttps://www.facebook.com/groups/beshvil.yael/posts/3863072893985833\u003c/a\u003e\u003cbr/\u003e\u003cbr/\u003e\u003cimg src=\u0027https://drive.google.com/uc?export=view\u0026amp;id=1bjZ1DWriHPY4q3iszjU2v6aTBTVGiQf5\u0027 width=\u0027450\u0027/\u003e\u003cbr/\u003e\u003c/div\u003e",
                                            "tessellate":  -1,
                                            "extrude":  0,
                                            "visibility":  -1
                                        },
                         "geometry":  {
                                          "type":  "Point",
                                          "coordinates":  [
                                                              35.03612,
                                                              31.79794,
                                                              0.0
                                                          ]
                                      }
                     },
                     {
                         "type":  "Feature",
                         "properties":  {
                                            "Name":  "#6133",
                                            "description":  "\u003cdiv dir=\u0027rtl\u0027 style=\u0027font-family:Arial;\u0027\u003e\u003cb\u003eשם:\u003c/b\u003e ריבקה סגל\u003cbr/\u003e\u003cb\u003eאתר:\u003c/b\u003e נחל יתלה\u003cbr/\u003e\u003cb\u003eתאריך:\u003c/b\u003e 31-01-2026\u003cbr/\u003e\u003cb\u003eID:\u003c/b\u003e 3525\u003cbr/\u003e\u003cb\u003eFB:\u003c/b\u003e \u003ca href=\u0027https://www.facebook.com/groups/beshvil.yael/posts/3876835155942940/\u0027\u003ehttps://www.facebook.com/groups/beshvil.yael/posts/3876835155942940/\u003c/a\u003e\u003cbr/\u003e\u003cbr/\u003e\u003cimg src=\u0027https://drive.google.com/uc?export=view\u0026amp;id=1XFKmqFYfYn2MTb_qZQJi97tQgRglSX1l\u0027 width=\u0027450\u0027/\u003e\u003cbr/\u003e\u003c/div\u003e",
                                            "tessellate":  -1,
                                            "extrude":  0,
                                            "visibility":  -1
                                        },
                         "geometry":  {
                                          "type":  "Point",
                                          "coordinates":  [
                                                              35.07036,
                                                              31.82,
                                                              0.0
                                                          ]
                                      }
                     },
                     {
                         "type":  "Feature",
                         "properties":  {
                                            "Name":  "#6133",
                                            "description":  "\u003cdiv dir=\u0027rtl\u0027 style=\u0027font-family:Arial;\u0027\u003e\u003cb\u003eשם:\u003c/b\u003e ריבקה סגל\u003cbr/\u003e\u003cb\u003eאתר:\u003c/b\u003e קרית ענבים\u003cbr/\u003e\u003cb\u003eתאריך:\u003c/b\u003e 06-02-2026\u003cbr/\u003e\u003cb\u003eID:\u003c/b\u003e 3596\u003cbr/\u003e\u003cb\u003eFB:\u003c/b\u003e \u003ca href=\u0027https://www.facebook.com/groups/beshvil.yael/posts/3882549792038143/\u0027\u003ehttps://www.facebook.com/groups/beshvil.yael/posts/3882549792038143/\u003c/a\u003e\u003cbr/\u003e\u003cbr/\u003e\u003cimg src=\u0027https://drive.google.com/uc?export=view\u0026amp;id=1CWyKWi99C224X_KNlIYYvy9KaOm1xjv1\u0027 width=\u0027450\u0027/\u003e\u003cbr/\u003e\u003c/div\u003e",
                                            "tessellate":  -1,
                                            "extrude":  0,
                                            "visibility":  -1
                                        },
                         "geometry":  {
                                          "type":  "Point",
                                          "coordinates":  [
                                                              35.12217,
                                                              31.81286,
                                                              0.0
                                                          ]
                                      }
                     },
                     {
                         "type":  "Feature",
                         "properties":  {
                                            "Name":  "#6133",
                                            "description":  "\u003cdiv dir=\u0027rtl\u0027 style=\u0027font-family:Arial;\u0027\u003e\u003cb\u003eשם:\u003c/b\u003e ריבקה סגל\u003cbr/\u003e\u003cb\u003eאתר:\u003c/b\u003e תל שוכה\u003cbr/\u003e\u003cb\u003eתאריך:\u003c/b\u003e 21-02-2026\u003cbr/\u003e\u003cb\u003eID:\u003c/b\u003e 3792\u003cbr/\u003e\u003cb\u003eFB:\u003c/b\u003e \u003ca href=\u0027https://www.facebook.com/groups/beshvil.yael/posts/3896726367287152/\u0027\u003ehttps://www.facebook.com/groups/beshvil.yael/posts/3896726367287152/\u003c/a\u003e\u003cbr/\u003e\u003cbr/\u003e\u003cimg src=\u0027https://drive.google.com/uc?export=view\u0026amp;id=1W5gracWFeA8UO3rzvVlbT2N-zbERLjFn\u0027 width=\u0027450\u0027/\u003e\u003cbr/\u003e\u003c/div\u003e",
                                            "tessellate":  -1,
                                            "extrude":  0,
                                            "visibility":  -1
                                        },
                         "geometry":  {
                                          "type":  "Point",
                                          "coordinates":  [
                                                              34.97031,
                                                              31.68509,
                                                              0.0
                                                          ]
                                      }
                     },
                     {
                         "type":  "Feature",
                         "properties":  {
                                            "Name":  "#6133",
                                            "description":  "\u003cdiv dir=\u0027rtl\u0027 style=\u0027font-family:Arial;\u0027\u003e\u003cb\u003eשם:\u003c/b\u003e ריבקה סגל\u003cbr/\u003e\u003cb\u003eאתר:\u003c/b\u003e שביל המטוס\u003cbr/\u003e\u003cb\u003eתאריך:\u003c/b\u003e 08-04-2026\u003cbr/\u003e\u003cb\u003eID:\u003c/b\u003e 4071\u003cbr/\u003e\u003cb\u003eFB:\u003c/b\u003e \u003ca href=\u0027https://www.secure.facebook.com/groups/beshvil.yael/posts/3938506966442425\u0027\u003ehttps://www.secure.facebook.com/groups/beshvil.yael/posts/3938506966442425\u003c/a\u003e\u003cbr/\u003e\u003cbr/\u003e\u003cimg src=\u0027https://drive.google.com/uc?export=view\u0026amp;id=1G-rsfZ_CeseF5rkPF_oiJXF2-xoXHOGJ\u0027 width=\u0027450\u0027/\u003e\u003cbr/\u003e\u003c/div\u003e",
                                            "tessellate":  -1,
                                            "extrude":  0,
                                            "visibility":  -1
                                        },
                         "geometry":  {
                                          "type":  "Point",
                                          "coordinates":  [
                                                              35.09507,
                                                              31.77893,
                                                              0.0
                                                          ]
                                      }
                     },
                     {
                         "type":  "Feature",
                         "properties":  {
                                            "Name":  "#6133",
                                            "description":  "\u003cdiv dir=\u0027rtl\u0027 style=\u0027font-family:Arial;\u0027\u003e\u003cb\u003eשם:\u003c/b\u003e ריבקה סגל\u003cbr/\u003e\u003cb\u003eאתר:\u003c/b\u003e מצפה הראל\u003cbr/\u003e\u003cb\u003eתאריך:\u003c/b\u003e 11-04-2026\u003cbr/\u003e\u003cb\u003eID:\u003c/b\u003e 4092\u003cbr/\u003e\u003cb\u003eFB:\u003c/b\u003e \u003ca href=\u0027https://www.facebook.com/groups/beshvil.yael/posts/3941055142854274\u0027\u003ehttps://www.facebook.com/groups/beshvil.yael/posts/3941055142854274\u003c/a\u003e\u003cbr/\u003e\u003cbr/\u003e\u003cimg src=\u0027https://drive.google.com/uc?export=view\u0026amp;id=1dJJEIt9fagW0RDU8juQCaAjhVkoHAj2p\u0027 width=\u0027450\u0027/\u003e\u003cbr/\u003e\u003c/div\u003e",
                                            "tessellate":  -1,
                                            "extrude":  0,
                                            "visibility":  -1
                                        },
                         "geometry":  {
                                          "type":  "Point",
                                          "coordinates":  [
                                                              34.96467,
                                                              31.8086,
                                                              0.0
                                                          ]
                                      }
                     },
                     {
                         "type":  "Feature",
                         "properties":  {
                                            "Name":  "#6133",
                                            "description":  "\u003cdiv dir=\u0027rtl\u0027 style=\u0027font-family:Arial;\u0027\u003e\u003cb\u003eשם:\u003c/b\u003e ריבקה סגל\u003cbr/\u003e\u003cb\u003eאתר:\u003c/b\u003e מצפה רביבים\u003cbr/\u003e\u003cb\u003eתאריך:\u003c/b\u003e 23-04-2026\u003cbr/\u003e\u003cb\u003eID:\u003c/b\u003e 4224\u003cbr/\u003e\u003cb\u003eFB:\u003c/b\u003e \u003ca href=\u0027https://www.facebook.com/groups/beshvil.yael/posts/3952086218417833\u0027\u003ehttps://www.facebook.com/groups/beshvil.yael/posts/3952086218417833\u003c/a\u003e\u003cbr/\u003e\u003cbr/\u003e\u003cimg src=\u0027https://drive.google.com/uc?export=view\u0026amp;id=1xOVBIbwpL_dbwlYHpXGtPClP4-TePJyC\u0027 width=\u0027450\u0027/\u003e\u003cbr/\u003e\u003c/div\u003e",
                                            "tessellate":  -1,
                                            "extrude":  0,
                                            "visibility":  -1
                                        },
                         "geometry":  {
                                          "type":  "Point",
                                          "coordinates":  [
                                                              34.71765,
                                                              31.03956,
                                                              0.0
                                                          ]
                                      }
                     },
                     {
                         "type":  "Feature",
                         "properties":  {
                                            "Name":  "#6133",
                                            "description":  "\u003cdiv dir=\u0027rtl\u0027 style=\u0027font-family:Arial;\u0027\u003e\u003cb\u003eשם:\u003c/b\u003e ריבקה סגל\u003cbr/\u003e\u003cb\u003eאתר:\u003c/b\u003e תלמי יוסף\u003cbr/\u003e\u003cb\u003eתאריך:\u003c/b\u003e 24-04-2026\u003cbr/\u003e\u003cb\u003eID:\u003c/b\u003e 4231\u003cbr/\u003e\u003cb\u003eFB:\u003c/b\u003e \u003ca href=\u0027https://www.facebook.com/groups/beshvil.yael/posts/3952936741666114\u0027\u003ehttps://www.facebook.com/groups/beshvil.yael/posts/3952936741666114\u003c/a\u003e\u003cbr/\u003e\u003cbr/\u003e\u003cimg src=\u0027https://drive.google.com/uc?export=view\u0026amp;id=1rIicKjPAb8DPidEWeoTmk-d_IvRU9GNp\u0027 width=\u0027450\u0027/\u003e\u003cbr/\u003e\u003c/div\u003e",
                                            "tessellate":  -1,
                                            "extrude":  0,
                                            "visibility":  -1
                                        },
                         "geometry":  {
                                          "type":  "Point",
                                          "coordinates":  [
                                                              34.33079,
                                                              31.18938,
                                                              0.0
                                                          ]
                                      }
                     },
                     {
                         "type":  "Feature",
                         "properties":  {
                                            "Name":  "#6134",
                                            "description":  "\u003cdiv dir=\u0027rtl\u0027 style=\u0027font-family:Arial;\u0027\u003e\u003cb\u003eשם:\u003c/b\u003e פסח סגל\u003cbr/\u003e\u003cb\u003eאתר:\u003c/b\u003e טיילת ארמון הנציב\u003cbr/\u003e\u003cb\u003eתאריך:\u003c/b\u003e 25-10-2025\u003cbr/\u003e\u003cb\u003eID:\u003c/b\u003e 151\u003cbr/\u003e\u003cb\u003eFB:\u003c/b\u003e \u003ca href=\u0027https://www.facebook.com/groups/beshvil.yael/posts/3790182214608235\u0027\u003ehttps://www.facebook.com/groups/beshvil.yael/posts/3790182214608235\u003c/a\u003e\u003cbr/\u003e\u003cbr/\u003e\u003cimg src=\u0027https://drive.google.com/uc?export=view\u0026amp;id=11-ihOfccsmW34aJKHXXt5-85KCoTx8YK\u0027 width=\u0027450\u0027/\u003e\u003cbr/\u003e\u003c/div\u003e",
                                            "tessellate":  -1,
                                            "extrude":  0,
                                            "visibility":  -1
                                        },
                         "geometry":  {
                                          "type":  "Point",
                                          "coordinates":  [
                                                              35.22979,
                                                              31.75553,
                                                              0.0
                                                          ]
                                      }
                     },
                     {
                         "type":  "Feature",
                         "properties":  {
                                            "Name":  "#6134",
                                            "description":  "\u003cdiv dir=\u0027rtl\u0027 style=\u0027font-family:Arial;\u0027\u003e\u003cb\u003eשם:\u003c/b\u003e פסח סגל\u003cbr/\u003e\u003cb\u003eאתר:\u003c/b\u003e טייסת אלעד\u003cbr/\u003e\u003cb\u003eתאריך:\u003c/b\u003e 16-11-2025\u003cbr/\u003e\u003cb\u003eID:\u003c/b\u003e 2752\u003cbr/\u003e\u003cb\u003eFB:\u003c/b\u003e \u003ca href=\u0027https://www.facebook.com/groups/beshvil.yael/posts/3811267559166367\u0027\u003ehttps://www.facebook.com/groups/beshvil.yael/posts/3811267559166367\u003c/a\u003e\u003cbr/\u003e\u003cbr/\u003e\u003cimg src=\u0027https://drive.google.com/uc?export=view\u0026amp;id=1gaHVbjbmPtRKg8WlxaIZRE8pBrxzrL4z\u0027 width=\u0027450\u0027/\u003e\u003cbr/\u003e\u003c/div\u003e",
                                            "tessellate":  -1,
                                            "extrude":  0,
                                            "visibility":  -1
                                        },
                         "geometry":  {
                                          "type":  "Point",
                                          "coordinates":  [
                                                              34.77438,
                                                              31.70546,
                                                              0.0
                                                          ]
                                      }
                     },
                     {
                         "type":  "Feature",
                         "properties":  {
                                            "Name":  "#6134",
                                            "description":  "\u003cdiv dir=\u0027rtl\u0027 style=\u0027font-family:Arial;\u0027\u003e\u003cb\u003eשם:\u003c/b\u003e פסח סגל\u003cbr/\u003e\u003cb\u003eאתר:\u003c/b\u003e מצפה גדות\u003cbr/\u003e\u003cb\u003eתאריך:\u003c/b\u003e 20-11-2025\u003cbr/\u003e\u003cb\u003eID:\u003c/b\u003e 2793\u003cbr/\u003e\u003cb\u003eFB:\u003c/b\u003e \u003ca href=\u0027https://www.facebook.com/groups/beshvil.yael/posts/3814761442150312/\u0027\u003ehttps://www.facebook.com/groups/beshvil.yael/posts/3814761442150312/\u003c/a\u003e\u003cbr/\u003e\u003cbr/\u003e\u003cimg src=\u0027https://drive.google.com/uc?export=view\u0026amp;id=1FS-SeuRnNqdSLUX06HPOQZVvNyKUs3DV\u0027 width=\u0027450\u0027/\u003e\u003cbr/\u003e\u003c/div\u003e",
                                            "tessellate":  -1,
                                            "extrude":  0,
                                            "visibility":  -1
                                        },
                         "geometry":  {
                                          "type":  "Point",
                                          "coordinates":  [
                                                              35.64131,
                                                              33.01321,
                                                              0.0
                                                          ]
                                      }
                     },
                     {
                         "type":  "Feature",
                         "properties":  {
                                            "Name":  "#6134",
                                            "description":  "\u003cdiv dir=\u0027rtl\u0027 style=\u0027font-family:Arial;\u0027\u003e\u003cb\u003eשם:\u003c/b\u003e פסח סגל\u003cbr/\u003e\u003cb\u003eאתר:\u003c/b\u003e מוצב 111\u003cbr/\u003e\u003cb\u003eתאריך:\u003c/b\u003e 21-11-2025\u003cbr/\u003e\u003cb\u003eID:\u003c/b\u003e 2806\u003cbr/\u003e\u003cb\u003eFB:\u003c/b\u003e \u003ca href=\u0027https://www.facebook.com/groups/beshvil.yael/posts/3815560362070420\u0027\u003ehttps://www.facebook.com/groups/beshvil.yael/posts/3815560362070420\u003c/a\u003e\u003cbr/\u003e\u003cbr/\u003e\u003cimg src=\u0027https://drive.google.com/uc?export=view\u0026amp;id=1bo7EN5m-ymTi6KAQ6aVPNq0nOjpBsfjI\u0027 width=\u0027450\u0027/\u003e\u003cbr/\u003e\u003c/div\u003e",
                                            "tessellate":  -1,
                                            "extrude":  0,
                                            "visibility":  -1
                                        },
                         "geometry":  {
                                          "type":  "Point",
                                          "coordinates":  [
                                                              35.84181,
                                                              33.0085,
                                                              0.0
                                                          ]
                                      }
                     },
                     {
                         "type":  "Feature",
                         "properties":  {
                                            "Name":  "#6134",
                                            "description":  "\u003cdiv dir=\u0027rtl\u0027 style=\u0027font-family:Arial;\u0027\u003e\u003cb\u003eשם:\u003c/b\u003e פסח סגל\u003cbr/\u003e\u003cb\u003eאתר:\u003c/b\u003e מצפור מורשת מוצב 111\u003cbr/\u003e\u003cb\u003eתאריך:\u003c/b\u003e 21-11-2025\u003cbr/\u003e\u003cb\u003eID:\u003c/b\u003e 41\u003cbr/\u003e\u003cb\u003eFB:\u003c/b\u003e \u003ca href=\u0027https://www.facebook.com/groups/beshvil.yael/posts/3815563232070133\u0027\u003ehttps://www.facebook.com/groups/beshvil.yael/posts/3815563232070133\u003c/a\u003e\u003cbr/\u003e\u003cbr/\u003e\u003cimg src=\u0027https://drive.google.com/uc?export=view\u0026amp;id=1hsL0GW4z5DiztmrdBueVJsERzXTLR0sT\u0027 width=\u0027450\u0027/\u003e\u003cbr/\u003e\u003c/div\u003e",
                                            "tessellate":  -1,
                                            "extrude":  0,
                                            "visibility":  -1
                                        },
                         "geometry":  {
                                          "type":  "Point",
                                          "coordinates":  [
                                                              35.8361,
                                                              32.99867,
                                                              0.0
                                                          ]
                                      }
                     },
                     {
                         "type":  "Feature",
                         "properties":  {
                                            "Name":  "#6134",
                                            "description":  "\u003cdiv dir=\u0027rtl\u0027 style=\u0027font-family:Arial;\u0027\u003e\u003cb\u003eשם:\u003c/b\u003e פסח סגל\u003cbr/\u003e\u003cb\u003eאתר:\u003c/b\u003e עיו עבדת\u003cbr/\u003e\u003cb\u003eתאריך:\u003c/b\u003e 11-12-2025\u003cbr/\u003e\u003cb\u003eID:\u003c/b\u003e 3020\u003cbr/\u003e\u003cb\u003eFB:\u003c/b\u003e \u003ca href=\u0027https://www.facebook.com/groups/beshvil.yael/posts/3832899543669835/\u0027\u003ehttps://www.facebook.com/groups/beshvil.yael/posts/3832899543669835/\u003c/a\u003e\u003cbr/\u003e\u003cbr/\u003e\u003cimg src=\u0027https://drive.google.com/uc?export=view\u0026amp;id=1uBo1H3_CsDQkGtRX77lmDTcRNpUEG9w2\u0027 width=\u0027450\u0027/\u003e\u003cbr/\u003e\u003c/div\u003e",
                                            "tessellate":  -1,
                                            "extrude":  0,
                                            "visibility":  -1
                                        },
                         "geometry":  {
                                          "type":  "Point",
                                          "coordinates":  [
                                                              34.77099,
                                                              30.8348,
                                                              0.0
                                                          ]
                                      }
                     },
                     {
                         "type":  "Feature",
                         "properties":  {
                                            "Name":  "#6134",
                                            "description":  "\u003cdiv dir=\u0027rtl\u0027 style=\u0027font-family:Arial;\u0027\u003e\u003cb\u003eשם:\u003c/b\u003e פסח סגל\u003cbr/\u003e\u003cb\u003eאתר:\u003c/b\u003e פארק צפרות\u003cbr/\u003e\u003cb\u003eתאריך:\u003c/b\u003e 13-12-2025\u003cbr/\u003e\u003cb\u003eID:\u003c/b\u003e 311\u003cbr/\u003e\u003cb\u003eFB:\u003c/b\u003e \u003ca href=\u0027https://www.facebook.com/groups/beshvil.yael/posts/3834227496870373/\u0027\u003ehttps://www.facebook.com/groups/beshvil.yael/posts/3834227496870373/\u003c/a\u003e\u003cbr/\u003e\u003cbr/\u003e\u003cimg src=\u0027https://drive.google.com/uc?export=view\u0026amp;id=1DkGHXCUsWISl4rQVPYVWDn21IW3moNZJ\u0027 width=\u0027450\u0027/\u003e\u003cbr/\u003e\u003c/div\u003e",
                                            "tessellate":  -1,
                                            "extrude":  0,
                                            "visibility":  -1
                                        },
                         "geometry":  {
                                          "type":  "Point",
                                          "coordinates":  [
                                                              34.97198,
                                                              29.5736,
                                                              0.0
                                                          ]
                                      }
                     },
                     {
                         "type":  "Feature",
                         "properties":  {
                                            "Name":  "#6134",
                                            "description":  "\u003cdiv dir=\u0027rtl\u0027 style=\u0027font-family:Arial;\u0027\u003e\u003cb\u003eשם:\u003c/b\u003e רבקה סגל\u003cbr/\u003e\u003cb\u003eאתר:\u003c/b\u003e מנחת קדמה.\u003cbr/\u003e\u003cb\u003eתאריך:\u003c/b\u003e 17-02-2026\u003cbr/\u003e\u003cb\u003eID:\u003c/b\u003e 3748\u003cbr/\u003e\u003cb\u003eFB:\u003c/b\u003e \u003ca href=\u0027https://www.facebook.com/groups/beshvil.yael/posts/3893041250988997/\u0027\u003ehttps://www.facebook.com/groups/beshvil.yael/posts/3893041250988997/\u003c/a\u003e\u003cbr/\u003e\u003cbr/\u003e\u003cimg src=\u0027https://drive.google.com/uc?export=view\u0026amp;id=17V-V4UEQKYaF_IoOIAAN-UYfnTjrFpDQ\u0027 width=\u0027450\u0027/\u003e\u003cbr/\u003e\u003c/div\u003e",
                                            "tessellate":  -1,
                                            "extrude":  0,
                                            "visibility":  -1
                                        },
                         "geometry":  {
                                          "type":  "Point",
                                          "coordinates":  [
                                                              34.77184,
                                                              31.70206,
                                                              0.0
                                                          ]
                                      }
                     },
                     {
                         "type":  "Feature",
                         "properties":  {
                                            "Name":  "#6150",
                                            "description":  "\u003cdiv dir=\u0027rtl\u0027 style=\u0027font-family:Arial;\u0027\u003e\u003cb\u003eשם:\u003c/b\u003e קהת אודלסמן\u003cbr/\u003e\u003cb\u003eאתר:\u003c/b\u003e \u003cbr/\u003e\u003cb\u003eתאריך:\u003c/b\u003e 03-01-2026\u003cbr/\u003e\u003cb\u003eID:\u003c/b\u003e 3252\u003cbr/\u003e\u003cb\u003eFB:\u003c/b\u003e \u003ca href=\u0027https://www.facebook.com/groups/beshvil.yael/posts/3852091605083962\u0027\u003ehttps://www.facebook.com/groups/beshvil.yael/posts/3852091605083962\u003c/a\u003e\u003cbr/\u003e\u003cbr/\u003e\u003cimg src=\u0027https://drive.google.com/uc?export=view\u0026amp;id=1I3nJC8FjhJw7zdQ5abiRludGUNYdUGE6\u0027 width=\u0027450\u0027/\u003e\u003cbr/\u003e\u003c/div\u003e",
                                            "tessellate":  -1,
                                            "extrude":  0,
                                            "visibility":  -1
                                        },
                         "geometry":  {
                                          "type":  "Point",
                                          "coordinates":  [
                                                              34.84617,
                                                              30.57008,
                                                              0.0
                                                          ]
                                      }
                     },
                     {
                         "type":  "Feature",
                         "properties":  {
                                            "Name":  "#6150",
                                            "description":  "\u003cdiv dir=\u0027rtl\u0027 style=\u0027font-family:Arial;\u0027\u003e\u003cb\u003eשם:\u003c/b\u003e קהת אודלסמן\u003cbr/\u003e\u003cb\u003eאתר:\u003c/b\u003e הירדן הדרומי\u003cbr/\u003e\u003cb\u003eתאריך:\u003c/b\u003e 24-04-2026\u003cbr/\u003e\u003cb\u003eID:\u003c/b\u003e 4237\u003cbr/\u003e\u003cb\u003eFB:\u003c/b\u003e \u003ca href=\u0027https://www.facebook.com/groups/beshvil.yael/posts/3953078548318600/\u0027\u003ehttps://www.facebook.com/groups/beshvil.yael/posts/3953078548318600/\u003c/a\u003e\u003cbr/\u003e\u003cbr/\u003e\u003cimg src=\u0027https://drive.google.com/uc?export=view\u0026amp;id=17Zvv3oI45T36b9dqCl6wKAxbT0WowItT\u0027 width=\u0027450\u0027/\u003e\u003cbr/\u003e\u003c/div\u003e",
                                            "tessellate":  -1,
                                            "extrude":  0,
                                            "visibility":  -1
                                        },
                         "geometry":  {
                                          "type":  "Point",
                                          "coordinates":  [
                                                              35.56442,
                                                              32.7034,
                                                              0.0
                                                          ]
                                      }
                     },
                     {
                         "type":  "Feature",
                         "properties":  {
                                            "Name":  "#6150",
                                            "description":  "\u003cdiv dir=\u0027rtl\u0027 style=\u0027font-family:Arial;\u0027\u003e\u003cb\u003eשם:\u003c/b\u003e קהת אודלסמן\u003cbr/\u003e\u003cb\u003eאתר:\u003c/b\u003e נחל דולב\u003cbr/\u003e\u003cb\u003eתאריך:\u003c/b\u003e 30-04-2026\u003cbr/\u003e\u003cb\u003eID:\u003c/b\u003e 4279\u003cbr/\u003e\u003cb\u003eFB:\u003c/b\u003e \u003ca href=\u0027https://www.facebook.com/groups/beshvil.yael/posts/3958296617796793/\u0027\u003ehttps://www.facebook.com/groups/beshvil.yael/posts/3958296617796793/\u003c/a\u003e\u003cbr/\u003e\u003cbr/\u003e\u003cimg src=\u0027https://drive.google.com/uc?export=view\u0026amp;id=1_JV8vi5GBd_bN655AGfYgBz_wuddXGTs\u0027 width=\u0027450\u0027/\u003e\u003cbr/\u003e\u003c/div\u003e",
                                            "tessellate":  -1,
                                            "extrude":  0,
                                            "visibility":  -1
                                        },
                         "geometry":  {
                                          "type":  "Point",
                                          "coordinates":  [
                                                              35.02988,
                                                              31.73527,
                                                              0.0
                                                          ]
                                      }
                     },
                     {
                         "type":  "Feature",
                         "properties":  {
                                            "Name":  "#6150",
                                            "description":  "\u003cdiv dir=\u0027rtl\u0027 style=\u0027font-family:Arial;\u0027\u003e\u003cb\u003eשם:\u003c/b\u003e קהת אודלסמן\u003cbr/\u003e\u003cb\u003eאתר:\u003c/b\u003e נחל חיק\u003cbr/\u003e\u003cb\u003eתאריך:\u003c/b\u003e 02-05-2026\u003cbr/\u003e\u003cb\u003eID:\u003c/b\u003e 4313\u003cbr/\u003e\u003cb\u003eFB:\u003c/b\u003e \u003ca href=\u0027https://www.facebook.com/groups/beshvil.yael/posts/3960236960936092\u0027\u003ehttps://www.facebook.com/groups/beshvil.yael/posts/3960236960936092\u003c/a\u003e\u003cbr/\u003e\u003cbr/\u003e\u003cimg src=\u0027https://drive.google.com/uc?export=view\u0026amp;id=1nH0WIQjCXzH3j4inKkIDkd9aLEDhZbqP\u0027 width=\u0027450\u0027/\u003e\u003cbr/\u003e\u003c/div\u003e",
                                            "tessellate":  -1,
                                            "extrude":  0,
                                            "visibility":  -1
                                        },
                         "geometry":  {
                                          "type":  "Point",
                                          "coordinates":  [
                                                              35.0453,
                                                              32.72135,
                                                              0.0
                                                          ]
                                      }
                     },
                     {
                         "type":  "Feature",
                         "properties":  {
                                            "Name":  "#6150",
                                            "description":  "\u003cdiv dir=\u0027rtl\u0027 style=\u0027font-family:Arial;\u0027\u003e\u003cb\u003eשם:\u003c/b\u003e קהת אודלסמן\u003cbr/\u003e\u003cb\u003eאתר:\u003c/b\u003e יער אחיהוד\u003cbr/\u003e\u003cb\u003eתאריך:\u003c/b\u003e 15-05-2026\u003cbr/\u003e\u003cb\u003eID:\u003c/b\u003e 4449\u003cbr/\u003e\u003cb\u003eFB:\u003c/b\u003e \u003ca href=\u0027https://www.facebook.com/groups/beshvil.yael/posts/3972659663027155\u0027\u003ehttps://www.facebook.com/groups/beshvil.yael/posts/3972659663027155\u003c/a\u003e\u003cbr/\u003e\u003cbr/\u003e\u003cimg src=\u0027https://drive.google.com/uc?export=view\u0026amp;id=1vuLbYV-Rtgv3cdZZurYIbcpAh-pvb2ko\u0027 width=\u0027450\u0027/\u003e\u003cbr/\u003e\u003c/div\u003e",
                                            "tessellate":  -1,
                                            "extrude":  0,
                                            "visibility":  -1
                                        },
                         "geometry":  {
                                          "type":  "Point",
                                          "coordinates":  [
                                                              35.19414,
                                                              32.91723,
                                                              0.0
                                                          ]
                                      }
                     },
                     {
                         "type":  "Feature",
                         "properties":  {
                                            "Name":  "#6150",
                                            "description":  "\u003cdiv dir=\u0027rtl\u0027 style=\u0027font-family:Arial;\u0027\u003e\u003cb\u003eשם:\u003c/b\u003e קהת אודלסמן\u003cbr/\u003e\u003cb\u003eאתר:\u003c/b\u003e הר ברקן\u003cbr/\u003e\u003cb\u003eתאריך:\u003c/b\u003e 30-05-2026\u003cbr/\u003e\u003cb\u003eID:\u003c/b\u003e 4574\u003cbr/\u003e\u003cb\u003eFB:\u003c/b\u003e \u003ca href=\u0027https://www.facebook.com/groups/beshvil.yael/posts/3986426334983821\u0027\u003ehttps://www.facebook.com/groups/beshvil.yael/posts/3986426334983821\u003c/a\u003e\u003cbr/\u003e\u003cbr/\u003e\u003cimg src=\u0027https://drive.google.com/uc?export=view\u0026amp;id=1BC6wOYKoHddGykTzEv1yo3xPYXxlcw7d\u0027 width=\u0027450\u0027/\u003e\u003cbr/\u003e\u003c/div\u003e",
                                            "tessellate":  -1,
                                            "extrude":  0,
                                            "visibility":  -1
                                        },
                         "geometry":  {
                                          "type":  "Point",
                                          "coordinates":  [
                                                              35.40863,
                                                              32.51013,
                                                              0.0
                                                          ]
                                      }
                     },
                     {
                         "type":  "Feature",
                         "properties":  {
                                            "Name":  "#6152",
                                            "description":  "\u003cdiv dir=\u0027rtl\u0027 style=\u0027font-family:Arial;\u0027\u003e\u003cb\u003eשם:\u003c/b\u003e תמר באקיש\u003cbr/\u003e\u003cb\u003eאתר:\u003c/b\u003e ים לים\u003cbr/\u003e\u003cb\u003eתאריך:\u003c/b\u003e 09-11-2025\u003cbr/\u003e\u003cb\u003eID:\u003c/b\u003e 2666\u003cbr/\u003e\u003cb\u003eFB:\u003c/b\u003e \u003ca href=\u0027https://www.facebook.com/groups/beshvil.yael/posts/3804852853141171/\u0027\u003ehttps://www.facebook.com/groups/beshvil.yael/posts/3804852853141171/\u003c/a\u003e\u003cbr/\u003e\u003cbr/\u003e\u003cimg src=\u0027https://drive.google.com/uc?export=view\u0026amp;id=1E3_gKxEncFRnJ8IruNIP1W7jrYoAZFFS\u0027 width=\u0027450\u0027/\u003e\u003cbr/\u003e\u003c/div\u003e",
                                            "tessellate":  -1,
                                            "extrude":  0,
                                            "visibility":  -1
                                        },
                         "geometry":  {
                                          "type":  "Point",
                                          "coordinates":  [
                                                              35.1004231,
                                                              33.0440507,
                                                              0.0
                                                          ]
                                      }
                     },
                     {
                         "type":  "Feature",
                         "properties":  {
                                            "Name":  "#6152",
                                            "description":  "\u003cdiv dir=\u0027rtl\u0027 style=\u0027font-family:Arial;\u0027\u003e\u003cb\u003eשם:\u003c/b\u003e תמר באקיש\u003cbr/\u003e\u003cb\u003eאתר:\u003c/b\u003e ים לים\u003cbr/\u003e\u003cb\u003eתאריך:\u003c/b\u003e 10-11-2025\u003cbr/\u003e\u003cb\u003eID:\u003c/b\u003e 2679\u003cbr/\u003e\u003cb\u003eFB:\u003c/b\u003e \u003ca href=\u0027https://www.facebook.com/groups/beshvil.yael/posts/3805716773054779\u0027\u003ehttps://www.facebook.com/groups/beshvil.yael/posts/3805716773054779\u003c/a\u003e\u003cbr/\u003e\u003cbr/\u003e\u003cimg src=\u0027https://drive.google.com/uc?export=view\u0026amp;id=1JRqfaHXhoivO7isz51GYHjWEfxvGFvB8\u0027 width=\u0027450\u0027/\u003e\u003cbr/\u003e\u003c/div\u003e",
                                            "tessellate":  -1,
                                            "extrude":  0,
                                            "visibility":  -1
                                        },
                         "geometry":  {
                                          "type":  "Point",
                                          "coordinates":  [
                                                              35.1921,
                                                              33.04959,
                                                              0.0
                                                          ]
                                      }
                     },
                     {
                         "type":  "Feature",
                         "properties":  {
                                            "Name":  "#6152",
                                            "description":  "\u003cdiv dir=\u0027rtl\u0027 style=\u0027font-family:Arial;\u0027\u003e\u003cb\u003eשם:\u003c/b\u003e תמר באקיש\u003cbr/\u003e\u003cb\u003eאתר:\u003c/b\u003e הר מירון\u003cbr/\u003e\u003cb\u003eתאריך:\u003c/b\u003e 11-11-2025\u003cbr/\u003e\u003cb\u003eID:\u003c/b\u003e 2688\u003cbr/\u003e\u003cb\u003eFB:\u003c/b\u003e \u003ca href=\u0027https://www.facebook.com/groups/beshvil.yael/posts/3806832519609871/\u0027\u003ehttps://www.facebook.com/groups/beshvil.yael/posts/3806832519609871/\u003c/a\u003e\u003cbr/\u003e\u003cbr/\u003e\u003cimg src=\u0027https://drive.google.com/uc?export=view\u0026amp;id=1etELc7XyDI0evmCKtJcF23Oa1_Zb6QE6\u0027 width=\u0027450\u0027/\u003e\u003cbr/\u003e\u003c/div\u003e",
                                            "tessellate":  -1,
                                            "extrude":  0,
                                            "visibility":  -1
                                        },
                         "geometry":  {
                                          "type":  "Point",
                                          "coordinates":  [
                                                              35.4121,
                                                              32.99772,
                                                              0.0
                                                          ]
                                      }
                     },
                     {
                         "type":  "Feature",
                         "properties":  {
                                            "Name":  "#6152",
                                            "description":  "\u003cdiv dir=\u0027rtl\u0027 style=\u0027font-family:Arial;\u0027\u003e\u003cb\u003eשם:\u003c/b\u003e תמר באקיש\u003cbr/\u003e\u003cb\u003eאתר:\u003c/b\u003e נחל עמוד תחתון\u003cbr/\u003e\u003cb\u003eתאריך:\u003c/b\u003e 12-11-2025\u003cbr/\u003e\u003cb\u003eID:\u003c/b\u003e 2696\u003cbr/\u003e\u003cb\u003eFB:\u003c/b\u003e \u003ca href=\u0027https://www.facebook.com/groups/beshvil.yael/posts/3807682249524898\u0027\u003ehttps://www.facebook.com/groups/beshvil.yael/posts/3807682249524898\u003c/a\u003e\u003cbr/\u003e\u003cbr/\u003e\u003cimg src=\u0027https://drive.google.com/uc?export=view\u0026amp;id=1Z_IxZ6ciE7umDjZDpsP8451dzEerZcd-\u0027 width=\u0027450\u0027/\u003e\u003cbr/\u003e\u003c/div\u003e",
                                            "tessellate":  -1,
                                            "extrude":  0,
                                            "visibility":  -1
                                        },
                         "geometry":  {
                                          "type":  "Point",
                                          "coordinates":  [
                                                              35.51783,
                                                              32.86189,
                                                              0.0
                                                          ]
                                      }
                     },
                     {
                         "type":  "Feature",
                         "properties":  {
                                            "Name":  "#6169",
                                            "description":  "\u003cdiv dir=\u0027rtl\u0027 style=\u0027font-family:Arial;\u0027\u003e\u003cb\u003eשם:\u003c/b\u003e טל כרמל שקד\u003cbr/\u003e\u003cb\u003eאתר:\u003c/b\u003e גבעת התורמוסים\u003cbr/\u003e\u003cb\u003eתאריך:\u003c/b\u003e 31-01-2026\u003cbr/\u003e\u003cb\u003eID:\u003c/b\u003e 3540\u003cbr/\u003e\u003cb\u003eFB:\u003c/b\u003e \u003ca href=\u0027https://www.facebook.com/groups/beshvil.yael/posts/3877050249254764\u0027\u003ehttps://www.facebook.com/groups/beshvil.yael/posts/3877050249254764\u003c/a\u003e\u003cbr/\u003e\u003cbr/\u003e\u003cimg src=\u0027https://drive.google.com/uc?export=view\u0026amp;id=1DUDi05CvklcXI0mO70J33kE9LYo9HWuR\u0027 width=\u0027450\u0027/\u003e\u003cbr/\u003e\u003c/div\u003e",
                                            "tessellate":  -1,
                                            "extrude":  0,
                                            "visibility":  -1
                                        },
                         "geometry":  {
                                          "type":  "Point",
                                          "coordinates":  [
                                                              34.97022,
                                                              31.68467,
                                                              0.0
                                                          ]
                                      }
                     },
                     {
                         "type":  "Feature",
                         "properties":  {
                                            "Name":  "#6169",
                                            "description":  "\u003cdiv dir=\u0027rtl\u0027 style=\u0027font-family:Arial;\u0027\u003e\u003cb\u003eשם:\u003c/b\u003e טל כרמל שקד\u003cbr/\u003e\u003cb\u003eאתר:\u003c/b\u003e גבעת רועי\u003cbr/\u003e\u003cb\u003eתאריך:\u003c/b\u003e 11-04-2026\u003cbr/\u003e\u003cb\u003eID:\u003c/b\u003e 4113\u003cbr/\u003e\u003cb\u003eFB:\u003c/b\u003e \u003ca href=\u0027https://www.facebook.com/groups/beshvil.yael/posts/3941476372812151/\u0027\u003ehttps://www.facebook.com/groups/beshvil.yael/posts/3941476372812151/\u003c/a\u003e\u003cbr/\u003e\u003cbr/\u003e\u003cimg src=\u0027https://drive.google.com/uc?export=view\u0026amp;id=1mfVxugK8bQcbQLKpSGtc9enTGMNd_hOI\u0027 width=\u0027450\u0027/\u003e\u003cbr/\u003e\u003c/div\u003e",
                                            "tessellate":  -1,
                                            "extrude":  0,
                                            "visibility":  -1
                                        },
                         "geometry":  {
                                          "type":  "Point",
                                          "coordinates":  [
                                                              34.55979,
                                                              31.56323,
                                                              0.0
                                                          ]
                                      }
                     },
                     {
                         "type":  "Feature",
                         "properties":  {
                                            "Name":  "#6174",
                                            "description":  "\u003cdiv dir=\u0027rtl\u0027 style=\u0027font-family:Arial;\u0027\u003e\u003cb\u003eשם:\u003c/b\u003e רפי וג\u0027ודי רובין\u003cbr/\u003e\u003cb\u003eאתר:\u003c/b\u003e תל יוסף\u003cbr/\u003e\u003cb\u003eתאריך:\u003c/b\u003e 31-01-2026\u003cbr/\u003e\u003cb\u003eID:\u003c/b\u003e 3550\u003cbr/\u003e\u003cb\u003eFB:\u003c/b\u003e \u003ca href=\u0027https://www.facebook.com/groups/beshvil.yael/posts/3877238765902579\u0027\u003ehttps://www.facebook.com/groups/beshvil.yael/posts/3877238765902579\u003c/a\u003e\u003cbr/\u003e\u003cbr/\u003e\u003cimg src=\u0027https://drive.google.com/uc?export=view\u0026amp;id=1gekocM_XfSvfg3HjUNNVHI4bFyrGrcKM\u0027 width=\u0027450\u0027/\u003e\u003cbr/\u003e\u003c/div\u003e",
                                            "tessellate":  -1,
                                            "extrude":  0,
                                            "visibility":  -1
                                        },
                         "geometry":  {
                                          "type":  "Point",
                                          "coordinates":  [
                                                              35.40116,
                                                              32.5567,
                                                              0.0
                                                          ]
                                      }
                     },
                     {
                         "type":  "Feature",
                         "properties":  {
                                            "Name":  "#6179",
                                            "description":  "\u003cdiv dir=\u0027rtl\u0027 style=\u0027font-family:Arial;\u0027\u003e\u003cb\u003eשם:\u003c/b\u003e נעמה יניב\u003cbr/\u003e\u003cb\u003eאתר:\u003c/b\u003e גשר עלמה\u003cbr/\u003e\u003cb\u003eתאריך:\u003c/b\u003e 15-02-2026\u003cbr/\u003e\u003cb\u003eID:\u003c/b\u003e 3729\u003cbr/\u003e\u003cb\u003eFB:\u003c/b\u003e \u003ca href=\u0027https://www.facebook.com/groups/beshvil.yael/posts/3891302571162865/\u0027\u003ehttps://www.facebook.com/groups/beshvil.yael/posts/3891302571162865/\u003c/a\u003e\u003cbr/\u003e\u003cbr/\u003e\u003cimg src=\u0027https://drive.google.com/uc?export=view\u0026amp;id=1XLOdXrgovDVdWJ7LkF9BTh59SASRBAFr\u0027 width=\u0027450\u0027/\u003e\u003cbr/\u003e\u003c/div\u003e",
                                            "tessellate":  -1,
                                            "extrude":  0,
                                            "visibility":  -1
                                        },
                         "geometry":  {
                                          "type":  "Point",
                                          "coordinates":  [
                                                              35.51851,
                                                              33.07265,
                                                              0.0
                                                          ]
                                      }
                     },
                     {
                         "type":  "Feature",
                         "properties":  {
                                            "Name":  "#6179",
                                            "description":  "\u003cdiv dir=\u0027rtl\u0027 style=\u0027font-family:Arial;\u0027\u003e\u003cb\u003eשם:\u003c/b\u003e נעמה יניב\u003cbr/\u003e\u003cb\u003eאתר:\u003c/b\u003e מגדל דוד\u003cbr/\u003e\u003cb\u003eתאריך:\u003c/b\u003e 13-05-2026\u003cbr/\u003e\u003cb\u003eID:\u003c/b\u003e 4417\u003cbr/\u003e\u003cb\u003eFB:\u003c/b\u003e \u003ca href=\u0027https://www.facebook.com/groups/beshvil.yael/posts/3970236246602830/\u0027\u003ehttps://www.facebook.com/groups/beshvil.yael/posts/3970236246602830/\u003c/a\u003e\u003cbr/\u003e\u003cbr/\u003e\u003cimg src=\u0027https://drive.google.com/uc?export=view\u0026amp;id=126oco4-U8cOejTW0A86LRD20wskS_JjI\u0027 width=\u0027450\u0027/\u003e\u003cbr/\u003e\u003c/div\u003e",
                                            "tessellate":  -1,
                                            "extrude":  0,
                                            "visibility":  -1
                                        },
                         "geometry":  {
                                          "type":  "Point",
                                          "coordinates":  [
                                                              35.22817,
                                                              31.77615,
                                                              0.0
                                                          ]
                                      }
                     },
                     {
                         "type":  "Feature",
                         "properties":  {
                                            "Name":  "#6195",
                                            "description":  "\u003cdiv dir=\u0027rtl\u0027 style=\u0027font-family:Arial;\u0027\u003e\u003cb\u003eשם:\u003c/b\u003e איילת אביטן גרינהוט\u003cbr/\u003e\u003cb\u003eאתר:\u003c/b\u003e נחל אוג\u003cbr/\u003e\u003cb\u003eתאריך:\u003c/b\u003e 22-02-2026\u003cbr/\u003e\u003cb\u003eID:\u003c/b\u003e 3830\u003cbr/\u003e\u003cb\u003eFB:\u003c/b\u003e \u003ca href=\u0027https://www.facebook.com/groups/beshvil.yael/posts/3897996410493481/\u0027\u003ehttps://www.facebook.com/groups/beshvil.yael/posts/3897996410493481/\u003c/a\u003e\u003cbr/\u003e\u003cbr/\u003e\u003cimg src=\u0027https://drive.google.com/uc?export=view\u0026amp;id=1EoV5Oh4UufI3olsVnIXwets9cY3Q2N5E\u0027 width=\u0027450\u0027/\u003e\u003cbr/\u003e\u003c/div\u003e",
                                            "tessellate":  -1,
                                            "extrude":  0,
                                            "visibility":  -1
                                        },
                         "geometry":  {
                                          "type":  "Point",
                                          "coordinates":  [
                                                              35.4860437,
                                                              31.7478341,
                                                              0.0
                                                          ]
                                      }
                     },
                     {
                         "type":  "Feature",
                         "properties":  {
                                            "Name":  "#6195",
                                            "description":  "\u003cdiv dir=\u0027rtl\u0027 style=\u0027font-family:Arial;\u0027\u003e\u003cb\u003eשם:\u003c/b\u003e איילת אביטן גרינהוט\u003cbr/\u003e\u003cb\u003eאתר:\u003c/b\u003e מעלה דיבשון\u003cbr/\u003e\u003cb\u003eתאריך:\u003c/b\u003e 01-05-2026\u003cbr/\u003e\u003cb\u003eID:\u003c/b\u003e 4302\u003cbr/\u003e\u003cb\u003eFB:\u003c/b\u003e \u003ca href=\u0027https://www.facebook.com/groups/beshvil.yael/posts/3959630134330108\u0027\u003ehttps://www.facebook.com/groups/beshvil.yael/posts/3959630134330108\u003c/a\u003e\u003cbr/\u003e\u003cbr/\u003e\u003cimg src=\u0027https://drive.google.com/uc?export=view\u0026amp;id=1-l3P5A60BxYHbsuzsjSC4dVECb4rqC0E\u0027 width=\u0027450\u0027/\u003e\u003cbr/\u003e\u003c/div\u003e",
                                            "tessellate":  -1,
                                            "extrude":  0,
                                            "visibility":  -1
                                        },
                         "geometry":  {
                                          "type":  "Point",
                                          "coordinates":  [
                                                              34.78555,
                                                              30.83892,
                                                              0.0
                                                          ]
                                      }
                     },
                     {
                         "type":  "Feature",
                         "properties":  {
                                            "Name":  "#6199",
                                            "description":  "\u003cdiv dir=\u0027rtl\u0027 style=\u0027font-family:Arial;\u0027\u003e\u003cb\u003eשם:\u003c/b\u003e יעל קולת\u003cbr/\u003e\u003cb\u003eאתר:\u003c/b\u003e נחל המפלים\u003cbr/\u003e\u003cb\u003eתאריך:\u003c/b\u003e 22-02-2026\u003cbr/\u003e\u003cb\u003eID:\u003c/b\u003e 3824\u003cbr/\u003e\u003cb\u003eFB:\u003c/b\u003e \u003ca href=\u0027https://www.facebook.com/groups/beshvil.yael/posts/3897633257196463/\u0027\u003ehttps://www.facebook.com/groups/beshvil.yael/posts/3897633257196463/\u003c/a\u003e\u003cbr/\u003e\u003cbr/\u003e\u003cimg src=\u0027https://drive.google.com/uc?export=view\u0026amp;id=1bAf56B3_6E5ZmPDOqMF9IwPNvLlMGFrQ\u0027 width=\u0027450\u0027/\u003e\u003cbr/\u003e\u003c/div\u003e",
                                            "tessellate":  -1,
                                            "extrude":  0,
                                            "visibility":  -1
                                        },
                         "geometry":  {
                                          "type":  "Point",
                                          "coordinates":  [
                                                              34.9084,
                                                              29.58579,
                                                              0.0
                                                          ]
                                      }
                     },
                     {
                         "type":  "Feature",
                         "properties":  {
                                            "Name":  "#6199",
                                            "description":  "\u003cdiv dir=\u0027rtl\u0027 style=\u0027font-family:Arial;\u0027\u003e\u003cb\u003eשם:\u003c/b\u003e יעל קולת\u003cbr/\u003e\u003cb\u003eאתר:\u003c/b\u003e פארק תמנע\u003cbr/\u003e\u003cb\u003eתאריך:\u003c/b\u003e 22-02-2026\u003cbr/\u003e\u003cb\u003eID:\u003c/b\u003e 3825\u003cbr/\u003e\u003cb\u003eFB:\u003c/b\u003e \u003ca href=\u0027https://www.facebook.com/groups/beshvil.yael/posts/3897634550529667/\u0027\u003ehttps://www.facebook.com/groups/beshvil.yael/posts/3897634550529667/\u003c/a\u003e\u003cbr/\u003e\u003cbr/\u003e\u003cimg src=\u0027https://drive.google.com/uc?export=view\u0026amp;id=1Tibx4qCtuGJtRN790c4703fawB3JNdDc\u0027 width=\u0027450\u0027/\u003e\u003cbr/\u003e\u003c/div\u003e",
                                            "tessellate":  -1,
                                            "extrude":  0,
                                            "visibility":  -1
                                        },
                         "geometry":  {
                                          "type":  "Point",
                                          "coordinates":  [
                                                              34.98931,
                                                              29.79218,
                                                              0.0
                                                          ]
                                      }
                     },
                     {
                         "type":  "Feature",
                         "properties":  {
                                            "Name":  "#6199",
                                            "description":  "\u003cdiv dir=\u0027rtl\u0027 style=\u0027font-family:Arial;\u0027\u003e\u003cb\u003eשם:\u003c/b\u003e יעל קולת\u003cbr/\u003e\u003cb\u003eאתר:\u003c/b\u003e ערבה\u003cbr/\u003e\u003cb\u003eתאריך:\u003c/b\u003e 27-02-2026\u003cbr/\u003e\u003cb\u003eID:\u003c/b\u003e 3884\u003cbr/\u003e\u003cb\u003eFB:\u003c/b\u003e \u003ca href=\u0027https://www.facebook.com/groups/beshvil.yael/posts/3902748590018263/\u0027\u003ehttps://www.facebook.com/groups/beshvil.yael/posts/3902748590018263/\u003c/a\u003e\u003cbr/\u003e\u003cbr/\u003e\u003cimg src=\u0027https://drive.google.com/uc?export=view\u0026amp;id=1o8axN9JLQGNRQR2dRXNPxV2JYftJlfg3\u0027 width=\u0027450\u0027/\u003e\u003cbr/\u003e\u003c/div\u003e",
                                            "tessellate":  -1,
                                            "extrude":  0,
                                            "visibility":  -1
                                        },
                         "geometry":  {
                                          "type":  "Point",
                                          "coordinates":  [
                                                              35.15913,
                                                              30.50523,
                                                              0.0
                                                          ]
                                      }
                     },
                     {
                         "type":  "Feature",
                         "properties":  {
                                            "Name":  "#6199",
                                            "description":  "\u003cdiv dir=\u0027rtl\u0027 style=\u0027font-family:Arial;\u0027\u003e\u003cb\u003eשם:\u003c/b\u003e יעל קולת\u003cbr/\u003e\u003cb\u003eאתר:\u003c/b\u003e קניון ברק\u003cbr/\u003e\u003cb\u003eתאריך:\u003c/b\u003e 28-02-2026\u003cbr/\u003e\u003cb\u003eID:\u003c/b\u003e 3890\u003cbr/\u003e\u003cb\u003eFB:\u003c/b\u003e \u003ca href=\u0027https://www.facebook.com/groups/beshvil.yael/posts/3903523919940730/\u0027\u003ehttps://www.facebook.com/groups/beshvil.yael/posts/3903523919940730/\u003c/a\u003e\u003cbr/\u003e\u003cbr/\u003e\u003cimg src=\u0027https://drive.google.com/uc?export=view\u0026amp;id=1vhDXz-kB8wJhljRMejG8SZGGkdwUi_Zs\u0027 width=\u0027450\u0027/\u003e\u003cbr/\u003e\u003c/div\u003e",
                                            "tessellate":  -1,
                                            "extrude":  0,
                                            "visibility":  -1
                                        },
                         "geometry":  {
                                          "type":  "Point",
                                          "coordinates":  [
                                                              35.06681,
                                                              30.37347,
                                                              0.0
                                                          ]
                                      }
                     },
                     {
                         "type":  "Feature",
                         "properties":  {
                                            "Name":  "#6199",
                                            "description":  "\u003cdiv dir=\u0027rtl\u0027 style=\u0027font-family:Arial;\u0027\u003e\u003cb\u003eשם:\u003c/b\u003e יעל קולת\u003cbr/\u003e\u003cb\u003eאתר:\u003c/b\u003e מסלול 1000 המדרגות\u003cbr/\u003e\u003cb\u003eתאריך:\u003c/b\u003e 07-03-2026\u003cbr/\u003e\u003cb\u003eID:\u003c/b\u003e 3928\u003cbr/\u003e\u003cb\u003eFB:\u003c/b\u003e \u003ca href=\u0027https://www.facebook.com/groups/beshvil.yael/posts/3909661045993684/\u0027\u003ehttps://www.facebook.com/groups/beshvil.yael/posts/3909661045993684/\u003c/a\u003e\u003cbr/\u003e\u003cbr/\u003e\u003cimg src=\u0027https://drive.google.com/uc?export=view\u0026amp;id=1JtV9cs057EK99XM87RTcJQjyzvw5vr6i\u0027 width=\u0027450\u0027/\u003e\u003cbr/\u003e\u003c/div\u003e",
                                            "tessellate":  -1,
                                            "extrude":  0,
                                            "visibility":  -1
                                        },
                         "geometry":  {
                                          "type":  "Point",
                                          "coordinates":  [
                                                              34.98981,
                                                              32.80456,
                                                              0.0
                                                          ]
                                      }
                     },
                     {
                         "type":  "Feature",
                         "properties":  {
                                            "Name":  "#6199",
                                            "description":  "\u003cdiv dir=\u0027rtl\u0027 style=\u0027font-family:Arial;\u0027\u003e\u003cb\u003eשם:\u003c/b\u003e יעל קולת\u003cbr/\u003e\u003cb\u003eאתר:\u003c/b\u003e בריכת צפירה\u003cbr/\u003e\u003cb\u003eתאריך:\u003c/b\u003e 03-04-2026\u003cbr/\u003e\u003cb\u003eID:\u003c/b\u003e 4025\u003cbr/\u003e\u003cb\u003eFB:\u003c/b\u003e \u003ca href=\u0027https://www.secure.facebook.com/groups/beshvil.yael/posts/3933467800279675\u0027\u003ehttps://www.secure.facebook.com/groups/beshvil.yael/posts/3933467800279675\u003c/a\u003e\u003cbr/\u003e\u003cbr/\u003e\u003cimg src=\u0027https://drive.google.com/uc?export=view\u0026amp;id=1jVW6kQeQv6rJKYt0ehd1Z29U5j3mBoIZ\u0027 width=\u0027450\u0027/\u003e\u003cbr/\u003e\u003c/div\u003e",
                                            "tessellate":  -1,
                                            "extrude":  0,
                                            "visibility":  -1
                                        },
                         "geometry":  {
                                          "type":  "Point",
                                          "coordinates":  [
                                                              35.27684,
                                                              31.33141,
                                                              0.0
                                                          ]
                                      }
                     },
                     {
                         "type":  "Feature",
                         "properties":  {
                                            "Name":  "#6199",
                                            "description":  "\u003cdiv dir=\u0027rtl\u0027 style=\u0027font-family:Arial;\u0027\u003e\u003cb\u003eשם:\u003c/b\u003e יעל קולת\u003cbr/\u003e\u003cb\u003eאתר:\u003c/b\u003e מיצד זוהר\u003cbr/\u003e\u003cb\u003eתאריך:\u003c/b\u003e 03-04-2026\u003cbr/\u003e\u003cb\u003eID:\u003c/b\u003e 4029\u003cbr/\u003e\u003cb\u003eFB:\u003c/b\u003e \u003ca href=\u0027https://www.secure.facebook.com/groups/beshvil.yael/posts/3934276410198814\u0027\u003ehttps://www.secure.facebook.com/groups/beshvil.yael/posts/3934276410198814\u003c/a\u003e\u003cbr/\u003e\u003cbr/\u003e\u003cimg src=\u0027https://drive.google.com/uc?export=view\u0026amp;id=1ve-8ndrlEJSeaQGELjY7ES3ytNpPcnBc\u0027 width=\u0027450\u0027/\u003e\u003cbr/\u003e\u003c/div\u003e",
                                            "tessellate":  -1,
                                            "extrude":  0,
                                            "visibility":  -1
                                        },
                         "geometry":  {
                                          "type":  "Point",
                                          "coordinates":  [
                                                              35.34589,
                                                              31.15154,
                                                              0.0
                                                          ]
                                      }
                     },
                     {
                         "type":  "Feature",
                         "properties":  {
                                            "Name":  "#6199",
                                            "description":  "\u003cdiv dir=\u0027rtl\u0027 style=\u0027font-family:Arial;\u0027\u003e\u003cb\u003eשם:\u003c/b\u003e יעל קולת\u003cbr/\u003e\u003cb\u003eאתר:\u003c/b\u003e נחל סלוודורה\u003cbr/\u003e\u003cb\u003eתאריך:\u003c/b\u003e 04-04-2026\u003cbr/\u003e\u003cb\u003eID:\u003c/b\u003e 4043\u003cbr/\u003e\u003cb\u003eFB:\u003c/b\u003e \u003ca href=\u0027https://www.secure.facebook.com/groups/beshvil.yael/posts/3935197950106660\u0027\u003ehttps://www.secure.facebook.com/groups/beshvil.yael/posts/3935197950106660\u003c/a\u003e\u003cbr/\u003e\u003cbr/\u003e\u003cimg src=\u0027https://drive.google.com/uc?export=view\u0026amp;id=1O2oxgz3K0CBYMHmDK4fXM0bX8hva3Fg-\u0027 width=\u0027450\u0027/\u003e\u003cbr/\u003e\u003c/div\u003e",
                                            "tessellate":  -1,
                                            "extrude":  0,
                                            "visibility":  -1
                                        },
                         "geometry":  {
                                          "type":  "Point",
                                          "coordinates":  [
                                                              35.39202,
                                                              31.51771,
                                                              0.0
                                                          ]
                                      }
                     },
                     {
                         "type":  "Feature",
                         "properties":  {
                                            "Name":  "#6199",
                                            "description":  "\u003cdiv dir=\u0027rtl\u0027 style=\u0027font-family:Arial;\u0027\u003e\u003cb\u003eשם:\u003c/b\u003e יעל קולת\u003cbr/\u003e\u003cb\u003eאתר:\u003c/b\u003e נחל גחר\u003cbr/\u003e\u003cb\u003eתאריך:\u003c/b\u003e 11-04-2026\u003cbr/\u003e\u003cb\u003eID:\u003c/b\u003e 4101\u003cbr/\u003e\u003cb\u003eFB:\u003c/b\u003e \u003ca href=\u0027https://www.facebook.com/groups/beshvil.yael/posts/3941312236161898\u0027\u003ehttps://www.facebook.com/groups/beshvil.yael/posts/3941312236161898\u003c/a\u003e\u003cbr/\u003e\u003cbr/\u003e\u003cimg src=\u0027https://drive.google.com/uc?export=view\u0026amp;id=1hEVizpB_W2ndNeGWgmx922bwiz8C6FTU\u0027 width=\u0027450\u0027/\u003e\u003cbr/\u003e\u003c/div\u003e",
                                            "tessellate":  -1,
                                            "extrude":  0,
                                            "visibility":  -1
                                        },
                         "geometry":  {
                                          "type":  "Point",
                                          "coordinates":  [
                                                              35.12575,
                                                              32.61057,
                                                              0.0
                                                          ]
                                      }
                     },
                     {
                         "type":  "Feature",
                         "properties":  {
                                            "Name":  "#6199",
                                            "description":  "\u003cdiv dir=\u0027rtl\u0027 style=\u0027font-family:Arial;\u0027\u003e\u003cb\u003eשם:\u003c/b\u003e יעל קולת\u003cbr/\u003e\u003cb\u003eאתר:\u003c/b\u003e וואדי אל ג\u0027רום\u003cbr/\u003e\u003cb\u003eתאריך:\u003c/b\u003e 18-04-2026\u003cbr/\u003e\u003cb\u003eID:\u003c/b\u003e 4152\u003cbr/\u003e\u003cb\u003eFB:\u003c/b\u003e \u003ca href=\u0027https://www.facebook.com/groups/beshvil.yael/posts/3947488275544294\u0027\u003ehttps://www.facebook.com/groups/beshvil.yael/posts/3947488275544294\u003c/a\u003e\u003cbr/\u003e\u003cbr/\u003e\u003cimg src=\u0027https://drive.google.com/uc?export=view\u0026amp;id=1fdlacaOCGdWEg7YHg5obo30GY6TK_w3e\u0027 width=\u0027450\u0027/\u003e\u003cbr/\u003e\u003c/div\u003e",
                                            "tessellate":  -1,
                                            "extrude":  0,
                                            "visibility":  -1
                                        },
                         "geometry":  {
                                          "type":  "Point",
                                          "coordinates":  [
                                                              35.54459,
                                                              32.66202,
                                                              0.0
                                                          ]
                                      }
                     },
                     {
                         "type":  "Feature",
                         "properties":  {
                                            "Name":  "#6199",
                                            "description":  "\u003cdiv dir=\u0027rtl\u0027 style=\u0027font-family:Arial;\u0027\u003e\u003cb\u003eשם:\u003c/b\u003e יעל קולת\u003cbr/\u003e\u003cb\u003eאתר:\u003c/b\u003e נחל אשלים\u003cbr/\u003e\u003cb\u003eתאריך:\u003c/b\u003e 24-04-2026\u003cbr/\u003e\u003cb\u003eID:\u003c/b\u003e 488\u003cbr/\u003e\u003cb\u003eFB:\u003c/b\u003e \u003ca href=\u0027https://www.facebook.com/groups/beshvil.yael/posts/3952984184994703\u0027\u003ehttps://www.facebook.com/groups/beshvil.yael/posts/3952984184994703\u003c/a\u003e\u003cbr/\u003e\u003cbr/\u003e\u003cimg src=\u0027https://drive.google.com/uc?export=view\u0026amp;id=1_8GfLaXn8CV7NK0FkE2dRiCHcBn31k-R\u0027 width=\u0027450\u0027/\u003e\u003cbr/\u003e\u003c/div\u003e",
                                            "tessellate":  -1,
                                            "extrude":  0,
                                            "visibility":  -1
                                        },
                         "geometry":  {
                                          "type":  "Point",
                                          "coordinates":  [
                                                              35.27596,
                                                              31.06848,
                                                              0.0
                                                          ]
                                      }
                     },
                     {
                         "type":  "Feature",
                         "properties":  {
                                            "Name":  "#6199",
                                            "description":  "\u003cdiv dir=\u0027rtl\u0027 style=\u0027font-family:Arial;\u0027\u003e\u003cb\u003eשם:\u003c/b\u003e יעל קולת\u003cbr/\u003e\u003cb\u003eאתר:\u003c/b\u003e עזגד-אשלים\u003cbr/\u003e\u003cb\u003eתאריך:\u003c/b\u003e 25-04-2026\u003cbr/\u003e\u003cb\u003eID:\u003c/b\u003e 4243\u003cbr/\u003e\u003cb\u003eFB:\u003c/b\u003e \u003ca href=\u0027https://www.facebook.com/groups/beshvil.yael/posts/3953634694929652\u0027\u003ehttps://www.facebook.com/groups/beshvil.yael/posts/3953634694929652\u003c/a\u003e\u003cbr/\u003e\u003cbr/\u003e\u003cimg src=\u0027https://drive.google.com/uc?export=view\u0026amp;id=1t8cmmHkGXmDfmcZpywvvTnRyrYcgZe2s\u0027 width=\u0027450\u0027/\u003e\u003cbr/\u003e\u003c/div\u003e",
                                            "tessellate":  -1,
                                            "extrude":  0,
                                            "visibility":  -1
                                        },
                         "geometry":  {
                                          "type":  "Point",
                                          "coordinates":  [
                                                              35.31984,
                                                              31.06229,
                                                              0.0
                                                          ]
                                      }
                     },
                     {
                         "type":  "Feature",
                         "properties":  {
                                            "Name":  "#6199",
                                            "description":  "\u003cdiv dir=\u0027rtl\u0027 style=\u0027font-family:Arial;\u0027\u003e\u003cb\u003eשם:\u003c/b\u003e יעל קולת\u003cbr/\u003e\u003cb\u003eאתר:\u003c/b\u003e אחוזת ברק\u003cbr/\u003e\u003cb\u003eתאריך:\u003c/b\u003e 08-05-2026\u003cbr/\u003e\u003cb\u003eID:\u003c/b\u003e 4375\u003cbr/\u003e\u003cb\u003eFB:\u003c/b\u003e \u003ca href=\u0027https://www.facebook.com/groups/beshvil.yael/posts/3965555383737583\u0027\u003ehttps://www.facebook.com/groups/beshvil.yael/posts/3965555383737583\u003c/a\u003e\u003cbr/\u003e\u003cbr/\u003e\u003cimg src=\u0027https://drive.google.com/uc?export=view\u0026amp;id=1h4b_pPJVAbR91Vuomtjf4CAEkNO3GCFd\u0027 width=\u0027450\u0027/\u003e\u003cbr/\u003e\u003c/div\u003e",
                                            "tessellate":  -1,
                                            "extrude":  0,
                                            "visibility":  -1
                                        },
                         "geometry":  {
                                          "type":  "Point",
                                          "coordinates":  [
                                                              35.34189,
                                                              32.64787,
                                                              0.0
                                                          ]
                                      }
                     },
                     {
                         "type":  "Feature",
                         "properties":  {
                                            "Name":  "#6199",
                                            "description":  "\u003cdiv dir=\u0027rtl\u0027 style=\u0027font-family:Arial;\u0027\u003e\u003cb\u003eשם:\u003c/b\u003e יעל קולת\u003cbr/\u003e\u003cb\u003eאתר:\u003c/b\u003e שביל כרמל-כנרת\u003cbr/\u003e\u003cb\u003eתאריך:\u003c/b\u003e 15-05-2026\u003cbr/\u003e\u003cb\u003eID:\u003c/b\u003e 4446\u003cbr/\u003e\u003cb\u003eFB:\u003c/b\u003e \u003ca href=\u0027https://www.facebook.com/groups/beshvil.yael/posts/3972498016376653\u0027\u003ehttps://www.facebook.com/groups/beshvil.yael/posts/3972498016376653\u003c/a\u003e\u003cbr/\u003e\u003cbr/\u003e\u003cimg src=\u0027https://drive.google.com/uc?export=view\u0026amp;id=1A6lu_cSZEJgn1f-yStjq8hnUigZTRfCO\u0027 width=\u0027450\u0027/\u003e\u003cbr/\u003e\u003c/div\u003e",
                                            "tessellate":  -1,
                                            "extrude":  0,
                                            "visibility":  -1
                                        },
                         "geometry":  {
                                          "type":  "Point",
                                          "coordinates":  [
                                                              35.34672,
                                                              32.69874,
                                                              0.0
                                                          ]
                                      }
                     },
                     {
                         "type":  "Feature",
                         "properties":  {
                                            "Name":  "#6199",
                                            "description":  "\u003cdiv dir=\u0027rtl\u0027 style=\u0027font-family:Arial;\u0027\u003e\u003cb\u003eשם:\u003c/b\u003e יעל קולת\u003cbr/\u003e\u003cb\u003eאתר:\u003c/b\u003e מעלה חבושית\u003cbr/\u003e\u003cb\u003eתאריך:\u003c/b\u003e 17-05-2026\u003cbr/\u003e\u003cb\u003eID:\u003c/b\u003e 4478\u003cbr/\u003e\u003cb\u003eFB:\u003c/b\u003e \u003ca href=\u0027https://www.facebook.com/groups/beshvil.yael/posts/3974262242866897\u0027\u003ehttps://www.facebook.com/groups/beshvil.yael/posts/3974262242866897\u003c/a\u003e\u003cbr/\u003e\u003cbr/\u003e\u003cimg src=\u0027https://drive.google.com/uc?export=view\u0026amp;id=1MI8lS7dRq8QmvixX2xLYe0mjHglJRg1K\u0027 width=\u0027450\u0027/\u003e\u003cbr/\u003e\u003c/div\u003e",
                                            "tessellate":  -1,
                                            "extrude":  0,
                                            "visibility":  -1
                                        },
                         "geometry":  {
                                          "type":  "Point",
                                          "coordinates":  [
                                                              35.77243,
                                                              33.30631,
                                                              0.0
                                                          ]
                                      }
                     },
                     {
                         "type":  "Feature",
                         "properties":  {
                                            "Name":  "#6199",
                                            "description":  "\u003cdiv dir=\u0027rtl\u0027 style=\u0027font-family:Arial;\u0027\u003e\u003cb\u003eשם:\u003c/b\u003e יעל קולת\u003cbr/\u003e\u003cb\u003eאתר:\u003c/b\u003e הר בנטל\u003cbr/\u003e\u003cb\u003eתאריך:\u003c/b\u003e 29-05-2026\u003cbr/\u003e\u003cb\u003eID:\u003c/b\u003e 4566\u003cbr/\u003e\u003cb\u003eFB:\u003c/b\u003e \u003ca href=\u0027https://www.facebook.com/groups/beshvil.yael/posts/3985611551731966\u0027\u003ehttps://www.facebook.com/groups/beshvil.yael/posts/3985611551731966\u003c/a\u003e\u003cbr/\u003e\u003cbr/\u003e\u003cimg src=\u0027https://drive.google.com/uc?export=view\u0026amp;id=1PfiWyYIsq_tAxLMCJqS4oyecT4Yp8Oa7\u0027 width=\u0027450\u0027/\u003e\u003cbr/\u003e\u003c/div\u003e",
                                            "tessellate":  -1,
                                            "extrude":  0,
                                            "visibility":  -1
                                        },
                         "geometry":  {
                                          "type":  "Point",
                                          "coordinates":  [
                                                              35.78581,
                                                              33.12888,
                                                              0.0
                                                          ]
                                      }
                     },
                     {
                         "type":  "Feature",
                         "properties":  {
                                            "Name":  "#6205",
                                            "description":  "\u003cdiv dir=\u0027rtl\u0027 style=\u0027font-family:Arial;\u0027\u003e\u003cb\u003eשם:\u003c/b\u003e מורן שכטמן\u003cbr/\u003e\u003cb\u003eאתר:\u003c/b\u003e גבעת התצפיתניות\u003cbr/\u003e\u003cb\u003eתאריך:\u003c/b\u003e 05-08-2025\u003cbr/\u003e\u003cb\u003eID:\u003c/b\u003e 1408\u003cbr/\u003e\u003cb\u003eFB:\u003c/b\u003e \u003ca href=\u0027https://www.facebook.com/groups/beshvil.yael/posts/3713528828940241\u0027\u003ehttps://www.facebook.com/groups/beshvil.yael/posts/3713528828940241\u003c/a\u003e\u003cbr/\u003e\u003cbr/\u003e\u003cimg src=\u0027https://drive.google.com/uc?export=view\u0026amp;id=1IPNbyp5PL-yTRWHS8DfCiPuwqxsTWw_u\u0027 width=\u0027450\u0027/\u003e\u003cbr/\u003e\u003c/div\u003e",
                                            "tessellate":  -1,
                                            "extrude":  0,
                                            "visibility":  -1
                                        },
                         "geometry":  {
                                          "type":  "Point",
                                          "coordinates":  [
                                                              34.8729384,
                                                              32.0870202,
                                                              0.0
                                                          ]
                                      }
                     },
                     {
                         "type":  "Feature",
                         "properties":  {
                                            "Name":  "#6205",
                                            "description":  "\u003cdiv dir=\u0027rtl\u0027 style=\u0027font-family:Arial;\u0027\u003e\u003cb\u003eשם:\u003c/b\u003e בן נחמני\u003cbr/\u003e\u003cb\u003eאתר:\u003c/b\u003e בית גוברין\u003cbr/\u003e\u003cb\u003eתאריך:\u003c/b\u003e 09-08-2025\u003cbr/\u003e\u003cb\u003eID:\u003c/b\u003e 1474\u003cbr/\u003e\u003cb\u003eFB:\u003c/b\u003e \u003ca href=\u0027https://www.facebook.com/reel/739238275555407\u0027\u003ehttps://www.facebook.com/reel/739238275555407\u003c/a\u003e\u003cbr/\u003e\u003cbr/\u003e\u003cimg src=\u0027https://drive.google.com/uc?export=view\u0026amp;id=1tEKjRMynoZeucAX0KbXAOEUcd8LHzAyJ\u0027 width=\u0027450\u0027/\u003e\u003cbr/\u003e\u003c/div\u003e",
                                            "tessellate":  -1,
                                            "extrude":  0,
                                            "visibility":  -1
                                        },
                         "geometry":  {
                                          "type":  "Point",
                                          "coordinates":  [
                                                              34.8956786,
                                                              31.6028006,
                                                              0.0
                                                          ]
                                      }
                     },
                     {
                         "type":  "Feature",
                         "properties":  {
                                            "Name":  "#6216",
                                            "description":  "\u003cdiv dir=\u0027rtl\u0027 style=\u0027font-family:Arial;\u0027\u003e\u003cb\u003eשם:\u003c/b\u003e רוויטל קוטר\u003cbr/\u003e\u003cb\u003eאתר:\u003c/b\u003e אילת\u003cbr/\u003e\u003cb\u003eתאריך:\u003c/b\u003e 20-06-2025\u003cbr/\u003e\u003cb\u003eID:\u003c/b\u003e 1037\u003cbr/\u003e\u003cb\u003eFB:\u003c/b\u003e \u003ca href=\u0027https://www.facebook.com/groups/beshvil.yael/posts/3672537976372660\u0027\u003ehttps://www.facebook.com/groups/beshvil.yael/posts/3672537976372660\u003c/a\u003e\u003cbr/\u003e\u003cbr/\u003e\u003cimg src=\u0027https://drive.google.com/uc?export=view\u0026amp;id=1fWf_Gst0cKyrsS-dIooS8D_pJX_FzR32\u0027 width=\u0027450\u0027/\u003e\u003cbr/\u003e\u003c/div\u003e",
                                            "tessellate":  -1,
                                            "extrude":  0,
                                            "visibility":  -1
                                        },
                         "geometry":  {
                                          "type":  "Point",
                                          "coordinates":  [
                                                              34.97166,
                                                              29.54587,
                                                              0.0
                                                          ]
                                      }
                     },
                     {
                         "type":  "Feature",
                         "properties":  {
                                            "Name":  "#6228",
                                            "description":  "\u003cdiv dir=\u0027rtl\u0027 style=\u0027font-family:Arial;\u0027\u003e\u003cb\u003eשם:\u003c/b\u003e גילי רוזנטל\u003cbr/\u003e\u003cb\u003eאתר:\u003c/b\u003e הר סדום\u003cbr/\u003e\u003cb\u003eתאריך:\u003c/b\u003e 19-02-2026\u003cbr/\u003e\u003cb\u003eID:\u003c/b\u003e 3771\u003cbr/\u003e\u003cb\u003eFB:\u003c/b\u003e \u003ca href=\u0027https://www.facebook.com/groups/beshvil.yael/posts/3895022107457578/\u0027\u003ehttps://www.facebook.com/groups/beshvil.yael/posts/3895022107457578/\u003c/a\u003e\u003cbr/\u003e\u003cbr/\u003e\u003cimg src=\u0027https://drive.google.com/uc?export=view\u0026amp;id=1HJCc9vKi2FUqDsmaDYixm_ot4I9d4Nwr\u0027 width=\u0027450\u0027/\u003e\u003cbr/\u003e\u003c/div\u003e",
                                            "tessellate":  -1,
                                            "extrude":  0,
                                            "visibility":  -1
                                        },
                         "geometry":  {
                                          "type":  "Point",
                                          "coordinates":  [
                                                              35.38226,
                                                              31.08994,
                                                              0.0
                                                          ]
                                      }
                     },
                     {
                         "type":  "Feature",
                         "properties":  {
                                            "Name":  "#6244",
                                            "description":  "\u003cdiv dir=\u0027rtl\u0027 style=\u0027font-family:Arial;\u0027\u003e\u003cb\u003eשם:\u003c/b\u003e אירית חתוכה גוטליב\u003cbr/\u003e\u003cb\u003eאתר:\u003c/b\u003e יער בית קשת\u003cbr/\u003e\u003cb\u003eתאריך:\u003c/b\u003e 02-07-2025\u003cbr/\u003e\u003cb\u003eID:\u003c/b\u003e 1080\u003cbr/\u003e\u003cb\u003eFB:\u003c/b\u003e \u003ca href=\u0027https://www.facebook.com/groups/beshvil.yael/posts/3683305078629283\u0027\u003ehttps://www.facebook.com/groups/beshvil.yael/posts/3683305078629283\u003c/a\u003e\u003cbr/\u003e\u003cbr/\u003e\u003cimg src=\u0027https://drive.google.com/uc?export=view\u0026amp;id=1Sc1mwSyxP8aOfSWb7UytcPZeAMIl_9nh\u0027 width=\u0027450\u0027/\u003e\u003cbr/\u003e\u003c/div\u003e",
                                            "tessellate":  -1,
                                            "extrude":  0,
                                            "visibility":  -1
                                        },
                         "geometry":  {
                                          "type":  "Point",
                                          "coordinates":  [
                                                              35.3782787,
                                                              32.7144769,
                                                              0.0
                                                          ]
                                      }
                     },
                     {
                         "type":  "Feature",
                         "properties":  {
                                            "Name":  "#6244",
                                            "description":  "\u003cdiv dir=\u0027rtl\u0027 style=\u0027font-family:Arial;\u0027\u003e\u003cb\u003eשם:\u003c/b\u003e אירית חתוכה גוטליב\u003cbr/\u003e\u003cb\u003eאתר:\u003c/b\u003e מצוק ארבל\u003cbr/\u003e\u003cb\u003eתאריך:\u003c/b\u003e 09-07-2025\u003cbr/\u003e\u003cb\u003eID:\u003c/b\u003e 1140\u003cbr/\u003e\u003cb\u003eFB:\u003c/b\u003e \u003ca href=\u0027https://www.facebook.com/groups/beshvil.yael/posts/3689574628002328/\u0027\u003ehttps://www.facebook.com/groups/beshvil.yael/posts/3689574628002328/\u003c/a\u003e\u003cbr/\u003e\u003cbr/\u003e\u003cimg src=\u0027https://drive.google.com/uc?export=view\u0026amp;id=1NLhwpAtWdMMCtDyFO3EqytTFATE5CAb4\u0027 width=\u0027450\u0027/\u003e\u003cbr/\u003e\u003c/div\u003e",
                                            "tessellate":  -1,
                                            "extrude":  0,
                                            "visibility":  -1
                                        },
                         "geometry":  {
                                          "type":  "Point",
                                          "coordinates":  [
                                                              35.4989115,
                                                              32.8230127,
                                                              0.0
                                                          ]
                                      }
                     },
                     {
                         "type":  "Feature",
                         "properties":  {
                                            "Name":  "#6244",
                                            "description":  "\u003cdiv dir=\u0027rtl\u0027 style=\u0027font-family:Arial;\u0027\u003e\u003cb\u003eשם:\u003c/b\u003e אירית חתוכה גוטליב\u003cbr/\u003e\u003cb\u003eאתר:\u003c/b\u003e הר הקפיצה\u003cbr/\u003e\u003cb\u003eתאריך:\u003c/b\u003e 16-07-2025\u003cbr/\u003e\u003cb\u003eID:\u003c/b\u003e 1205\u003cbr/\u003e\u003cb\u003eFB:\u003c/b\u003e \u003ca href=\u0027https://www.facebook.com/groups/beshvil.yael/posts/3695690574057400/\u0027\u003ehttps://www.facebook.com/groups/beshvil.yael/posts/3695690574057400/\u003c/a\u003e\u003cbr/\u003e\u003cbr/\u003e\u003cimg src=\u0027https://drive.google.com/uc?export=view\u0026amp;id=1jBV4Nj1oTl0a4nbkGWvW9wnKunC8OjuZ\u0027 width=\u0027450\u0027/\u003e\u003cbr/\u003e\u003c/div\u003e",
                                            "tessellate":  -1,
                                            "extrude":  0,
                                            "visibility":  -1
                                        },
                         "geometry":  {
                                          "type":  "Point",
                                          "coordinates":  [
                                                              35.2965081,
                                                              32.6803218,
                                                              0.0
                                                          ]
                                      }
                     },
                     {
                         "type":  "Feature",
                         "properties":  {
                                            "Name":  "#6244",
                                            "description":  "\u003cdiv dir=\u0027rtl\u0027 style=\u0027font-family:Arial;\u0027\u003e\u003cb\u003eשם:\u003c/b\u003e אירית חתוכה גוטליב\u003cbr/\u003e\u003cb\u003eאתר:\u003c/b\u003e מצפה / מכתש רמון\u003cbr/\u003e\u003cb\u003eתאריך:\u003c/b\u003e 05-01-2026\u003cbr/\u003e\u003cb\u003eID:\u003c/b\u003e 3277\u003cbr/\u003e\u003cb\u003eFB:\u003c/b\u003e \u003ca href=\u0027https://www.facebook.com/groups/beshvil.yael/posts/3853907411569048/\u0027\u003ehttps://www.facebook.com/groups/beshvil.yael/posts/3853907411569048/\u003c/a\u003e\u003cbr/\u003e\u003cbr/\u003e\u003cimg src=\u0027https://drive.google.com/uc?export=view\u0026amp;id=1N9egtca_se9aLGgqC0syoDFbMlQjHSJ_\u0027 width=\u0027450\u0027/\u003e\u003cbr/\u003e\u003c/div\u003e",
                                            "tessellate":  -1,
                                            "extrude":  0,
                                            "visibility":  -1
                                        },
                         "geometry":  {
                                          "type":  "Point",
                                          "coordinates":  [
                                                              34.88448,
                                                              30.61527,
                                                              0.0
                                                          ]
                                      }
                     },
                     {
                         "type":  "Feature",
                         "properties":  {
                                            "Name":  "#6257",
                                            "description":  "\u003cdiv dir=\u0027rtl\u0027 style=\u0027font-family:Arial;\u0027\u003e\u003cb\u003eשם:\u003c/b\u003e יעל טל\u003cbr/\u003e\u003cb\u003eאתר:\u003c/b\u003e אתר החרמון\u003cbr/\u003e\u003cb\u003eתאריך:\u003c/b\u003e 18-12-2025\u003cbr/\u003e\u003cb\u003eID:\u003c/b\u003e 3080\u003cbr/\u003e\u003cb\u003eFB:\u003c/b\u003e \u003ca href=\u0027https://www.facebook.com/groups/beshvil.yael/posts/3838212733138516\u0027\u003ehttps://www.facebook.com/groups/beshvil.yael/posts/3838212733138516\u003c/a\u003e\u003cbr/\u003e\u003cbr/\u003e\u003cimg src=\u0027https://drive.google.com/uc?export=view\u0026amp;id=1zWCICu2UbXDQdg2BQg8RH83CGIkQqPGI\u0027 width=\u0027450\u0027/\u003e\u003cbr/\u003e\u003c/div\u003e",
                                            "tessellate":  -1,
                                            "extrude":  0,
                                            "visibility":  -1
                                        },
                         "geometry":  {
                                          "type":  "Point",
                                          "coordinates":  [
                                                              35.77258,
                                                              33.30824,
                                                              0.0
                                                          ]
                                      }
                     },
                     {
                         "type":  "Feature",
                         "properties":  {
                                            "Name":  "#6271",
                                            "description":  "\u003cdiv dir=\u0027rtl\u0027 style=\u0027font-family:Arial;\u0027\u003e\u003cb\u003eשם:\u003c/b\u003e אלעד שיפוני\u003cbr/\u003e\u003cb\u003eאתר:\u003c/b\u003e מקטע מירושלים לצור הדסה\u003cbr/\u003e\u003cb\u003eתאריך:\u003c/b\u003e 27-08-2025\u003cbr/\u003e\u003cb\u003eID:\u003c/b\u003e 1669\u003cbr/\u003e\u003cb\u003eFB:\u003c/b\u003e \u003ca href=\u0027https://www.facebook.com/groups/beshvil.yael/posts/3733781373581653/\u0027\u003ehttps://www.facebook.com/groups/beshvil.yael/posts/3733781373581653/\u003c/a\u003e\u003cbr/\u003e\u003cbr/\u003e\u003cimg src=\u0027https://drive.google.com/uc?export=view\u0026amp;id=1cjIJbzUmFt3_wKVtw2CUt79j2yfrNoC6\u0027 width=\u0027450\u0027/\u003e\u003cbr/\u003e\u003c/div\u003e",
                                            "tessellate":  -1,
                                            "extrude":  0,
                                            "visibility":  -1
                                        },
                         "geometry":  {
                                          "type":  "Point",
                                          "coordinates":  [
                                                              35.1168707,
                                                              31.7218562,
                                                              0.0
                                                          ]
                                      }
                     },
                     {
                         "type":  "Feature",
                         "properties":  {
                                            "Name":  "#6271",
                                            "description":  "\u003cdiv dir=\u0027rtl\u0027 style=\u0027font-family:Arial;\u0027\u003e\u003cb\u003eשם:\u003c/b\u003e אלעד שיפוני\u003cbr/\u003e\u003cb\u003eאתר:\u003c/b\u003e מצוק ארבל\u003cbr/\u003e\u003cb\u003eתאריך:\u003c/b\u003e 02-11-2025\u003cbr/\u003e\u003cb\u003eID:\u003c/b\u003e 2600\u003cbr/\u003e\u003cb\u003eFB:\u003c/b\u003e \u003ca href=\u0027https://www.facebook.com/groups/beshvil.yael/posts/3798828567076933\u0027\u003ehttps://www.facebook.com/groups/beshvil.yael/posts/3798828567076933\u003c/a\u003e\u003cbr/\u003e\u003cbr/\u003e\u003cimg src=\u0027https://drive.google.com/uc?export=view\u0026amp;id=1qdgjSp5HchKcij6CN6L1hcWRMzpwFtKw\u0027 width=\u0027450\u0027/\u003e\u003cbr/\u003e\u003c/div\u003e",
                                            "tessellate":  -1,
                                            "extrude":  0,
                                            "visibility":  -1
                                        },
                         "geometry":  {
                                          "type":  "Point",
                                          "coordinates":  [
                                                              35.48198,
                                                              32.817,
                                                              0.0
                                                          ]
                                      }
                     },
                     {
                         "type":  "Feature",
                         "properties":  {
                                            "Name":  "#6271",
                                            "description":  "\u003cdiv dir=\u0027rtl\u0027 style=\u0027font-family:Arial;\u0027\u003e\u003cb\u003eשם:\u003c/b\u003e אלעד שיפוני\u003cbr/\u003e\u003cb\u003eאתר:\u003c/b\u003e מצפה / מכתש רמון\u003cbr/\u003e\u003cb\u003eתאריך:\u003c/b\u003e 15-01-2026\u003cbr/\u003e\u003cb\u003eID:\u003c/b\u003e 3346\u003cbr/\u003e\u003cb\u003eFB:\u003c/b\u003e \u003ca href=\u0027https://www.facebook.com/groups/beshvil.yael/posts/3862250027401453/\u0027\u003ehttps://www.facebook.com/groups/beshvil.yael/posts/3862250027401453/\u003c/a\u003e\u003cbr/\u003e\u003cbr/\u003e\u003cimg src=\u0027https://drive.google.com/uc?export=view\u0026amp;id=1-5BMIauOx176wclY1sxlg3WNlVbI7cnz\u0027 width=\u0027450\u0027/\u003e\u003cbr/\u003e\u003c/div\u003e",
                                            "tessellate":  -1,
                                            "extrude":  0,
                                            "visibility":  -1
                                        },
                         "geometry":  {
                                          "type":  "Point",
                                          "coordinates":  [
                                                              34.88448,
                                                              30.61527,
                                                              0.0
                                                          ]
                                      }
                     },
                     {
                         "type":  "Feature",
                         "properties":  {
                                            "Name":  "#6271",
                                            "description":  "\u003cdiv dir=\u0027rtl\u0027 style=\u0027font-family:Arial;\u0027\u003e\u003cb\u003eשם:\u003c/b\u003e אלעד שיפוני\u003cbr/\u003e\u003cb\u003eאתר:\u003c/b\u003e מפל יעלים\u003cbr/\u003e\u003cb\u003eתאריך:\u003c/b\u003e 10-02-2026\u003cbr/\u003e\u003cb\u003eID:\u003c/b\u003e 3657\u003cbr/\u003e\u003cb\u003eFB:\u003c/b\u003e \u003ca href=\u0027https://www.facebook.com/groups/beshvil.yael/posts/3886494668310322/\u0027\u003ehttps://www.facebook.com/groups/beshvil.yael/posts/3886494668310322/\u003c/a\u003e\u003cbr/\u003e\u003cbr/\u003e\u003cimg src=\u0027https://drive.google.com/uc?export=view\u0026amp;id=1CmPml5oQnMlLKYyCdjLMpn1vFvzSA_pI\u0027 width=\u0027450\u0027/\u003e\u003cbr/\u003e\u003c/div\u003e",
                                            "tessellate":  -1,
                                            "extrude":  0,
                                            "visibility":  -1
                                        },
                         "geometry":  {
                                          "type":  "Point",
                                          "coordinates":  [
                                                              35.34369,
                                                              31.23888,
                                                              0.0
                                                          ]
                                      }
                     },
                     {
                         "type":  "Feature",
                         "properties":  {
                                            "Name":  "#6271",
                                            "description":  "\u003cdiv dir=\u0027rtl\u0027 style=\u0027font-family:Arial;\u0027\u003e\u003cb\u003eשם:\u003c/b\u003e אלעד שיפוני\u003cbr/\u003e\u003cb\u003eאתר:\u003c/b\u003e  שביל הגולן\u003cbr/\u003e\u003cb\u003eתאריך:\u003c/b\u003e 09-05-2026\u003cbr/\u003e\u003cb\u003eID:\u003c/b\u003e 4391\u003cbr/\u003e\u003cb\u003eFB:\u003c/b\u003e \u003ca href=\u0027https://www.facebook.com/groups/beshvil.yael/posts/3966788566947598\u0027\u003ehttps://www.facebook.com/groups/beshvil.yael/posts/3966788566947598\u003c/a\u003e\u003cbr/\u003e\u003cbr/\u003e\u003cimg src=\u0027https://drive.google.com/uc?export=view\u0026amp;id=1wRXhCDcQGC177SSvbHNLWRSvaZ0ou0AN\u0027 width=\u0027450\u0027/\u003e\u003cbr/\u003e\u003c/div\u003e",
                                            "tessellate":  -1,
                                            "extrude":  0,
                                            "visibility":  -1
                                        },
                         "geometry":  {
                                          "type":  "Point",
                                          "coordinates":  [
                                                              35.64522,
                                                              32.74379,
                                                              0.0
                                                          ]
                                      }
                     },
                     {
                         "type":  "Feature",
                         "properties":  {
                                            "Name":  "#6280",
                                            "description":  "\u003cdiv dir=\u0027rtl\u0027 style=\u0027font-family:Arial;\u0027\u003e\u003cb\u003eשם:\u003c/b\u003e שגית עוז\u003cbr/\u003e\u003cb\u003eאתר:\u003c/b\u003e נחל רחף\u003cbr/\u003e\u003cb\u003eתאריך:\u003c/b\u003e 03-05-2026\u003cbr/\u003e\u003cb\u003eID:\u003c/b\u003e 4337\u003cbr/\u003e\u003cb\u003eFB:\u003c/b\u003e \u003ca href=\u0027https://www.facebook.com/groups/beshvil.yael/posts/3961514170808371\u0027\u003ehttps://www.facebook.com/groups/beshvil.yael/posts/3961514170808371\u003c/a\u003e\u003cbr/\u003e\u003cbr/\u003e\u003cimg src=\u0027https://drive.google.com/uc?export=view\u0026amp;id=1DTHvC3Oirp45rKTxqjrxmUzHAKYHPkOf\u0027 width=\u0027450\u0027/\u003e\u003cbr/\u003e\u003c/div\u003e",
                                            "tessellate":  -1,
                                            "extrude":  0,
                                            "visibility":  -1
                                        },
                         "geometry":  {
                                          "type":  "Point",
                                          "coordinates":  [
                                                              35.36124,
                                                              31.28635,
                                                              0.0
                                                          ]
                                      }
                     },
                     {
                         "type":  "Feature",
                         "properties":  {
                                            "Name":  "#6283",
                                            "description":  "\u003cdiv dir=\u0027rtl\u0027 style=\u0027font-family:Arial;\u0027\u003e\u003cb\u003eשם:\u003c/b\u003e יפעת נהרי\u003cbr/\u003e\u003cb\u003eאתר:\u003c/b\u003e כנרת\u003cbr/\u003e\u003cb\u003eתאריך:\u003c/b\u003e 26-07-2025\u003cbr/\u003e\u003cb\u003eID:\u003c/b\u003e 1311\u003cbr/\u003e\u003cb\u003eFB:\u003c/b\u003e \u003ca href=\u0027https://www.facebook.com/groups/beshvil.yael/posts/3704497823176675\u0027\u003ehttps://www.facebook.com/groups/beshvil.yael/posts/3704497823176675\u003c/a\u003e\u003cbr/\u003e\u003cbr/\u003e\u003cimg src=\u0027https://drive.google.com/uc?export=view\u0026amp;id=1Re4hBZWIk3vqtLQiwAIQlwn99YisGuO3\u0027 width=\u0027450\u0027/\u003e\u003cbr/\u003e\u003c/div\u003e",
                                            "tessellate":  -1,
                                            "extrude":  0,
                                            "visibility":  -1
                                        },
                         "geometry":  {
                                          "type":  "Point",
                                          "coordinates":  [
                                                              35.6413604,
                                                              32.7513377,
                                                              0.0
                                                          ]
                                      }
                     },
                     {
                         "type":  "Feature",
                         "properties":  {
                                            "Name":  "#6284",
                                            "description":  "\u003cdiv dir=\u0027rtl\u0027 style=\u0027font-family:Arial;\u0027\u003e\u003cb\u003eשם:\u003c/b\u003e יפעת נהרי\u003cbr/\u003e\u003cb\u003eאתר:\u003c/b\u003e חוף בית ינאי\u003cbr/\u003e\u003cb\u003eתאריך:\u003c/b\u003e 05-07-2025\u003cbr/\u003e\u003cb\u003eID:\u003c/b\u003e 1099\u003cbr/\u003e\u003cb\u003eFB:\u003c/b\u003e \u003ca href=\u0027https://www.facebook.com/groups/beshvil.yael/posts/3685710841722040/\u0027\u003ehttps://www.facebook.com/groups/beshvil.yael/posts/3685710841722040/\u003c/a\u003e\u003cbr/\u003e\u003cbr/\u003e\u003cimg src=\u0027https://drive.google.com/uc?export=view\u0026amp;id=1ZWy0EB9_4H9TKYr8tkvGucgjuKpRNVs0\u0027 width=\u0027450\u0027/\u003e\u003cbr/\u003e\u003c/div\u003e",
                                            "tessellate":  -1,
                                            "extrude":  0,
                                            "visibility":  -1
                                        },
                         "geometry":  {
                                          "type":  "Point",
                                          "coordinates":  [
                                                              34.8634758,
                                                              32.3874094,
                                                              0.0
                                                          ]
                                      }
                     },
                     {
                         "type":  "Feature",
                         "properties":  {
                                            "Name":  "#6284",
                                            "description":  "\u003cdiv dir=\u0027rtl\u0027 style=\u0027font-family:Arial;\u0027\u003e\u003cb\u003eשם:\u003c/b\u003e יפעת נהרי\u003cbr/\u003e\u003cb\u003eאתר:\u003c/b\u003e חוף מנאו נתניה\u003cbr/\u003e\u003cb\u003eתאריך:\u003c/b\u003e 02-08-2025\u003cbr/\u003e\u003cb\u003eID:\u003c/b\u003e 1370\u003cbr/\u003e\u003cb\u003eFB:\u003c/b\u003e \u003ca href=\u0027https://www.facebook.com/groups/beshvil.yael/posts/3710402775919513/\u0027\u003ehttps://www.facebook.com/groups/beshvil.yael/posts/3710402775919513/\u003c/a\u003e\u003cbr/\u003e\u003cbr/\u003e\u003cimg src=\u0027https://drive.google.com/uc?export=view\u0026amp;id=1puVQCEe2YZ246jTs2sb9oettGZ9NOP-h\u0027 width=\u0027450\u0027/\u003e\u003cbr/\u003e\u003c/div\u003e",
                                            "tessellate":  -1,
                                            "extrude":  0,
                                            "visibility":  -1
                                        },
                         "geometry":  {
                                          "type":  "Point",
                                          "coordinates":  [
                                                              34.8579338,
                                                              32.3644261,
                                                              0.0
                                                          ]
                                      }
                     },
                     {
                         "type":  "Feature",
                         "properties":  {
                                            "Name":  "#6288",
                                            "description":  "\u003cdiv dir=\u0027rtl\u0027 style=\u0027font-family:Arial;\u0027\u003e\u003cb\u003eשם:\u003c/b\u003e \u003cbr/\u003e\u003cb\u003eאתר:\u003c/b\u003e גב ילק\u003cbr/\u003e\u003cb\u003eתאריך:\u003c/b\u003e 14-12-2025\u003cbr/\u003e\u003cb\u003eID:\u003c/b\u003e 431\u003cbr/\u003e\u003cb\u003eFB:\u003c/b\u003e \u003ca href=\u0027https://www.facebook.com/groups/beshvil.yael/posts/3835234340103022/\u0027\u003ehttps://www.facebook.com/groups/beshvil.yael/posts/3835234340103022/\u003c/a\u003e\u003cbr/\u003e\u003cbr/\u003e\u003cimg src=\u0027https://drive.google.com/uc?export=view\u0026amp;id=1gEwYg1S504MEr4m9n5-gxtf8Ip6ic0hi\u0027 width=\u0027450\u0027/\u003e\u003cbr/\u003e\u003c/div\u003e",
                                            "tessellate":  -1,
                                            "extrude":  0,
                                            "visibility":  -1
                                        },
                         "geometry":  {
                                          "type":  "Point",
                                          "coordinates":  [
                                                              34.91149,
                                                              30.55842,
                                                              0.0
                                                          ]
                                      }
                     },
                     {
                         "type":  "Feature",
                         "properties":  {
                                            "Name":  "#6295",
                                            "description":  "\u003cdiv dir=\u0027rtl\u0027 style=\u0027font-family:Arial;\u0027\u003e\u003cb\u003eשם:\u003c/b\u003e שלום מנפרד\u003cbr/\u003e\u003cb\u003eאתר:\u003c/b\u003e מצפה / מכתש רמון\u003cbr/\u003e\u003cb\u003eתאריך:\u003c/b\u003e 15-02-2026\u003cbr/\u003e\u003cb\u003eID:\u003c/b\u003e 3723\u003cbr/\u003e\u003cb\u003eFB:\u003c/b\u003e \u003ca href=\u0027https://www.facebook.com/groups/beshvil.yael/posts/3890976217862167/\u0027\u003ehttps://www.facebook.com/groups/beshvil.yael/posts/3890976217862167/\u003c/a\u003e\u003cbr/\u003e\u003cbr/\u003e\u003cimg src=\u0027https://drive.google.com/uc?export=view\u0026amp;id=1CWdvBXT9KET5QQvCB3LQ32c3Xfnnt2q6\u0027 width=\u0027450\u0027/\u003e\u003cbr/\u003e\u003c/div\u003e",
                                            "tessellate":  -1,
                                            "extrude":  0,
                                            "visibility":  -1
                                        },
                         "geometry":  {
                                          "type":  "Point",
                                          "coordinates":  [
                                                              34.7293,
                                                              30.58395,
                                                              0.0
                                                          ]
                                      }
                     },
                     {
                         "type":  "Feature",
                         "properties":  {
                                            "Name":  "#6295",
                                            "description":  "\u003cdiv dir=\u0027rtl\u0027 style=\u0027font-family:Arial;\u0027\u003e\u003cb\u003eשם:\u003c/b\u003e שלום מנפרד\u003cbr/\u003e\u003cb\u003eאתר:\u003c/b\u003e גב חולית\u003cbr/\u003e\u003cb\u003eתאריך:\u003c/b\u003e 21-02-2026\u003cbr/\u003e\u003cb\u003eID:\u003c/b\u003e 3793\u003cbr/\u003e\u003cb\u003eFB:\u003c/b\u003e \u003ca href=\u0027https://www.facebook.com/groups/beshvil.yael/posts/3896759990617123/\u0027\u003ehttps://www.facebook.com/groups/beshvil.yael/posts/3896759990617123/\u003c/a\u003e\u003cbr/\u003e\u003cbr/\u003e\u003cimg src=\u0027https://drive.google.com/uc?export=view\u0026amp;id=1LS9-Bb4wL9hO7Kbkjl8zDN3kbb4UjV1L\u0027 width=\u0027450\u0027/\u003e\u003cbr/\u003e\u003c/div\u003e",
                                            "tessellate":  -1,
                                            "extrude":  0,
                                            "visibility":  -1
                                        },
                         "geometry":  {
                                          "type":  "Point",
                                          "coordinates":  [
                                                              35.05144,
                                                              30.63281,
                                                              0.0
                                                          ]
                                      }
                     },
                     {
                         "type":  "Feature",
                         "properties":  {
                                            "Name":  "#6309",
                                            "description":  "\u003cdiv dir=\u0027rtl\u0027 style=\u0027font-family:Arial;\u0027\u003e\u003cb\u003eשם:\u003c/b\u003e אפרת גולן\u003cbr/\u003e\u003cb\u003eאתר:\u003c/b\u003e מערת קשת\u003cbr/\u003e\u003cb\u003eתאריך:\u003c/b\u003e 02-08-2025\u003cbr/\u003e\u003cb\u003eID:\u003c/b\u003e 1372\u003cbr/\u003e\u003cb\u003eFB:\u003c/b\u003e \u003ca href=\u0027https://www.facebook.com/groups/beshvil.yael/posts/3710427619250362/\u0027\u003ehttps://www.facebook.com/groups/beshvil.yael/posts/3710427619250362/\u003c/a\u003e\u003cbr/\u003e\u003cbr/\u003e\u003cimg src=\u0027https://drive.google.com/uc?export=view\u0026amp;id=1E3CyJS5n1WhHP66T3Hup0ZQPKKrOnwe3\u0027 width=\u0027450\u0027/\u003e\u003cbr/\u003e\u003c/div\u003e",
                                            "tessellate":  -1,
                                            "extrude":  0,
                                            "visibility":  -1
                                        },
                         "geometry":  {
                                          "type":  "Point",
                                          "coordinates":  [
                                                              35.1955887,
                                                              33.0768075,
                                                              0.0
                                                          ]
                                      }
                     },
                     {
                         "type":  "Feature",
                         "properties":  {
                                            "Name":  "#6328",
                                            "description":  "\u003cdiv dir=\u0027rtl\u0027 style=\u0027font-family:Arial;\u0027\u003e\u003cb\u003eשם:\u003c/b\u003e עדי כהן\u003cbr/\u003e\u003cb\u003eאתר:\u003c/b\u003e מצפה / מכתש רמון\u003cbr/\u003e\u003cb\u003eתאריך:\u003c/b\u003e 08-02-2026\u003cbr/\u003e\u003cb\u003eID:\u003c/b\u003e 3634\u003cbr/\u003e\u003cb\u003eFB:\u003c/b\u003e \u003ca href=\u0027https://www.facebook.com/groups/beshvil.yael/posts/3884142461878876\u0027\u003ehttps://www.facebook.com/groups/beshvil.yael/posts/3884142461878876\u003c/a\u003e\u003cbr/\u003e\u003cbr/\u003e\u003cimg src=\u0027https://drive.google.com/uc?export=view\u0026amp;id=1dqod5i_6uNwQ-G8YJ3_Z9GXs2Xy03gn5\u0027 width=\u0027450\u0027/\u003e\u003cbr/\u003e\u003c/div\u003e",
                                            "tessellate":  -1,
                                            "extrude":  0,
                                            "visibility":  -1
                                        },
                         "geometry":  {
                                          "type":  "Point",
                                          "coordinates":  [
                                                              34.84483,
                                                              30.61291,
                                                              0.0
                                                          ]
                                      }
                     },
                     {
                         "type":  "Feature",
                         "properties":  {
                                            "Name":  "#6332",
                                            "description":  "\u003cdiv dir=\u0027rtl\u0027 style=\u0027font-family:Arial;\u0027\u003e\u003cb\u003eשם:\u003c/b\u003e יונה סהר ויזל\u003cbr/\u003e\u003cb\u003eאתר:\u003c/b\u003e גן לאומי יודפת\u003cbr/\u003e\u003cb\u003eתאריך:\u003c/b\u003e 14-11-2025\u003cbr/\u003e\u003cb\u003eID:\u003c/b\u003e 2735\u003cbr/\u003e\u003cb\u003eFB:\u003c/b\u003e \u003ca href=\u0027https://www.facebook.com/groups/beshvil.yael/posts/3809805569312566\u0027\u003ehttps://www.facebook.com/groups/beshvil.yael/posts/3809805569312566\u003c/a\u003e\u003cbr/\u003e\u003cbr/\u003e\u003cimg src=\u0027https://drive.google.com/uc?export=view\u0026amp;id=1CnzuX2IBOjRqRVhnpd8SosMFKQmMIZ27\u0027 width=\u0027450\u0027/\u003e\u003cbr/\u003e\u003c/div\u003e",
                                            "tessellate":  -1,
                                            "extrude":  0,
                                            "visibility":  -1
                                        },
                         "geometry":  {
                                          "type":  "Point",
                                          "coordinates":  [
                                                              35.27733,
                                                              32.8333,
                                                              0.0
                                                          ]
                                      }
                     },
                     {
                         "type":  "Feature",
                         "properties":  {
                                            "Name":  "#6332",
                                            "description":  "\u003cdiv dir=\u0027rtl\u0027 style=\u0027font-family:Arial;\u0027\u003e\u003cb\u003eשם:\u003c/b\u003e יונה סהר ויזל\u003cbr/\u003e\u003cb\u003eאתר:\u003c/b\u003e תל גזר\u003cbr/\u003e\u003cb\u003eתאריך:\u003c/b\u003e 29-11-2025\u003cbr/\u003e\u003cb\u003eID:\u003c/b\u003e 2913\u003cbr/\u003e\u003cb\u003eFB:\u003c/b\u003e \u003ca href=\u0027https://www.facebook.com/groups/beshvil.yael/posts/3822662441360212\u0027\u003ehttps://www.facebook.com/groups/beshvil.yael/posts/3822662441360212\u003c/a\u003e\u003cbr/\u003e\u003cbr/\u003e\u003cimg src=\u0027https://drive.google.com/uc?export=view\u0026amp;id=1KU1NR9BtkadgXUM76mxdYiPxqeTZhdNU\u0027 width=\u0027450\u0027/\u003e\u003cbr/\u003e\u003c/div\u003e",
                                            "tessellate":  -1,
                                            "extrude":  0,
                                            "visibility":  -1
                                        },
                         "geometry":  {
                                          "type":  "Point",
                                          "coordinates":  [
                                                              34.91954,
                                                              31.86011,
                                                              0.0
                                                          ]
                                      }
                     },
                     {
                         "type":  "Feature",
                         "properties":  {
                                            "Name":  "#6332",
                                            "description":  "\u003cdiv dir=\u0027rtl\u0027 style=\u0027font-family:Arial;\u0027\u003e\u003cb\u003eשם:\u003c/b\u003e יונה סהר ויזל\u003cbr/\u003e\u003cb\u003eאתר:\u003c/b\u003e נחל שקמה\u003cbr/\u003e\u003cb\u003eתאריך:\u003c/b\u003e 13-12-2025\u003cbr/\u003e\u003cb\u003eID:\u003c/b\u003e 3032\u003cbr/\u003e\u003cb\u003eFB:\u003c/b\u003e \u003ca href=\u0027https://www.facebook.com/groups/beshvil.yael/posts/3834306736862449/\u0027\u003ehttps://www.facebook.com/groups/beshvil.yael/posts/3834306736862449/\u003c/a\u003e\u003cbr/\u003e\u003cbr/\u003e\u003cimg src=\u0027https://drive.google.com/uc?export=view\u0026amp;id=1FxYfBYQvItYWxWTIL0-ekMNG_IEOOAUM\u0027 width=\u0027450\u0027/\u003e\u003cbr/\u003e\u003c/div\u003e",
                                            "tessellate":  -1,
                                            "extrude":  0,
                                            "visibility":  -1
                                        },
                         "geometry":  {
                                          "type":  "Point",
                                          "coordinates":  [
                                                              34.75707,
                                                              31.51062,
                                                              0.0
                                                          ]
                                      }
                     },
                     {
                         "type":  "Feature",
                         "properties":  {
                                            "Name":  "#6332",
                                            "description":  "\u003cdiv dir=\u0027rtl\u0027 style=\u0027font-family:Arial;\u0027\u003e\u003cb\u003eשם:\u003c/b\u003e יונה סהר ויזל\u003cbr/\u003e\u003cb\u003eאתר:\u003c/b\u003e נחל אלכסנדר\u003cbr/\u003e\u003cb\u003eתאריך:\u003c/b\u003e 03-01-2026\u003cbr/\u003e\u003cb\u003eID:\u003c/b\u003e 3258\u003cbr/\u003e\u003cb\u003eFB:\u003c/b\u003e \u003ca href=\u0027https://www.facebook.com/groups/beshvil.yael/posts/3852157781744011\u0027\u003ehttps://www.facebook.com/groups/beshvil.yael/posts/3852157781744011\u003c/a\u003e\u003cbr/\u003e\u003cbr/\u003e\u003cimg src=\u0027https://drive.google.com/uc?export=view\u0026amp;id=1iJAziXp9TVihKq_Rp4z8T2wrW_sp4o_V\u0027 width=\u0027450\u0027/\u003e\u003cbr/\u003e\u003c/div\u003e",
                                            "tessellate":  -1,
                                            "extrude":  0,
                                            "visibility":  -1
                                        },
                         "geometry":  {
                                          "type":  "Point",
                                          "coordinates":  [
                                                              34.88981,
                                                              32.38596,
                                                              0.0
                                                          ]
                                      }
                     },
                     {
                         "type":  "Feature",
                         "properties":  {
                                            "Name":  "#6332",
                                            "description":  "\u003cdiv dir=\u0027rtl\u0027 style=\u0027font-family:Arial;\u0027\u003e\u003cb\u003eשם:\u003c/b\u003e יונה סהר ויזל\u003cbr/\u003e\u003cb\u003eאתר:\u003c/b\u003e בית הצבעים\u003cbr/\u003e\u003cb\u003eתאריך:\u003c/b\u003e 17-01-2026\u003cbr/\u003e\u003cb\u003eID:\u003c/b\u003e 3375\u003cbr/\u003e\u003cb\u003eFB:\u003c/b\u003e \u003ca href=\u0027https://www.facebook.com/groups/beshvil.yael/posts/3863883607238095\u0027\u003ehttps://www.facebook.com/groups/beshvil.yael/posts/3863883607238095\u003c/a\u003e\u003cbr/\u003e\u003cbr/\u003e\u003cimg src=\u0027https://drive.google.com/uc?export=view\u0026amp;id=1pJm6vRJEwmMxGJorcBsf0OECMuOOezPs\u0027 width=\u0027450\u0027/\u003e\u003cbr/\u003e\u003c/div\u003e",
                                            "tessellate":  -1,
                                            "extrude":  0,
                                            "visibility":  -1
                                        },
                         "geometry":  {
                                          "type":  "Point",
                                          "coordinates":  [
                                                              35.04691,
                                                              32.68977,
                                                              0.0
                                                          ]
                                      }
                     },
                     {
                         "type":  "Feature",
                         "properties":  {
                                            "Name":  "#6332",
                                            "description":  "\u003cdiv dir=\u0027rtl\u0027 style=\u0027font-family:Arial;\u0027\u003e\u003cb\u003eשם:\u003c/b\u003e יונה סהר ויזל\u003cbr/\u003e\u003cb\u003eאתר:\u003c/b\u003e הסליק בקיבוץ יגור\u003cbr/\u003e\u003cb\u003eתאריך:\u003c/b\u003e 24-01-2026\u003cbr/\u003e\u003cb\u003eID:\u003c/b\u003e 3463\u003cbr/\u003e\u003cb\u003eFB:\u003c/b\u003e \u003ca href=\u0027https://www.facebook.com/groups/beshvil.yael/posts/3870447739915015\u0027\u003ehttps://www.facebook.com/groups/beshvil.yael/posts/3870447739915015\u003c/a\u003e\u003cbr/\u003e\u003cbr/\u003e\u003cimg src=\u0027https://drive.google.com/uc?export=view\u0026amp;id=1aLI9g6sbEl-MriVs-r6-RuWZEoyHqrV_\u0027 width=\u0027450\u0027/\u003e\u003cbr/\u003e\u003c/div\u003e",
                                            "tessellate":  -1,
                                            "extrude":  0,
                                            "visibility":  -1
                                        },
                         "geometry":  {
                                          "type":  "Point",
                                          "coordinates":  [
                                                              35.07868,
                                                              32.74016,
                                                              0.0
                                                          ]
                                      }
                     },
                     {
                         "type":  "Feature",
                         "properties":  {
                                            "Name":  "#6332",
                                            "description":  "\u003cdiv dir=\u0027rtl\u0027 style=\u0027font-family:Arial;\u0027\u003e\u003cb\u003eשם:\u003c/b\u003e יונה סהר ויזל\u003cbr/\u003e\u003cb\u003eאתר:\u003c/b\u003e סכר אדוריים\u003cbr/\u003e\u003cb\u003eתאריך:\u003c/b\u003e 21-02-2026\u003cbr/\u003e\u003cb\u003eID:\u003c/b\u003e 3802\u003cbr/\u003e\u003cb\u003eFB:\u003c/b\u003e \u003ca href=\u0027https://www.facebook.com/groups/beshvil.yael/posts/3896935603932895/\u0027\u003ehttps://www.facebook.com/groups/beshvil.yael/posts/3896935603932895/\u003c/a\u003e\u003cbr/\u003e\u003cbr/\u003e\u003cimg src=\u0027https://drive.google.com/uc?export=view\u0026amp;id=1zuY6gFMkhk8PvgHyMV7SWtclDU731xZm\u0027 width=\u0027450\u0027/\u003e\u003cbr/\u003e\u003c/div\u003e",
                                            "tessellate":  -1,
                                            "extrude":  0,
                                            "visibility":  -1
                                        },
                         "geometry":  {
                                          "type":  "Point",
                                          "coordinates":  [
                                                              34.88686,
                                                              31.50144,
                                                              0.0
                                                          ]
                                      }
                     },
                     {
                         "type":  "Feature",
                         "properties":  {
                                            "Name":  "#6332",
                                            "description":  "\u003cdiv dir=\u0027rtl\u0027 style=\u0027font-family:Arial;\u0027\u003e\u003cb\u003eשם:\u003c/b\u003e יונה סהר ויזל\u003cbr/\u003e\u003cb\u003eאתר:\u003c/b\u003e ים המלח\u003cbr/\u003e\u003cb\u003eתאריך:\u003c/b\u003e 26-03-2026\u003cbr/\u003e\u003cb\u003eID:\u003c/b\u003e 3998\u003cbr/\u003e\u003cb\u003eFB:\u003c/b\u003e \u003ca href=\u0027https://www.facebook.com/groups/beshvil.yael/posts/3926835147609607\u0027\u003ehttps://www.facebook.com/groups/beshvil.yael/posts/3926835147609607\u003c/a\u003e\u003cbr/\u003e\u003cbr/\u003e\u003cimg src=\u0027https://drive.google.com/uc?export=view\u0026amp;id=1dDkvmTlMTKrNUm3Xojwfo0BLnroRkELh\u0027 width=\u0027450\u0027/\u003e\u003cbr/\u003e\u003c/div\u003e",
                                            "tessellate":  -1,
                                            "extrude":  0,
                                            "visibility":  -1
                                        },
                         "geometry":  {
                                          "type":  "Point",
                                          "coordinates":  [
                                                              35.42957,
                                                              31.6932,
                                                              0.0
                                                          ]
                                      }
                     },
                     {
                         "type":  "Feature",
                         "properties":  {
                                            "Name":  "#6332",
                                            "description":  "\u003cdiv dir=\u0027rtl\u0027 style=\u0027font-family:Arial;\u0027\u003e\u003cb\u003eשם:\u003c/b\u003e יונה סהר ויזל\u003cbr/\u003e\u003cb\u003eאתר:\u003c/b\u003e ים המלח\u003cbr/\u003e\u003cb\u003eתאריך:\u003c/b\u003e 06-05-2026\u003cbr/\u003e\u003cb\u003eID:\u003c/b\u003e 4361\u003cbr/\u003e\u003cb\u003eFB:\u003c/b\u003e \u003ca href=\u0027https://www.facebook.com/groups/beshvil.yael/posts/3963715677254887\u0027\u003ehttps://www.facebook.com/groups/beshvil.yael/posts/3963715677254887\u003c/a\u003e\u003cbr/\u003e\u003cbr/\u003e\u003cimg src=\u0027https://drive.google.com/uc?export=view\u0026amp;id=1rKhcF1GWshKkjjGQFr5nc-2EkMeBwo0_\u0027 width=\u0027450\u0027/\u003e\u003cbr/\u003e\u003c/div\u003e",
                                            "tessellate":  -1,
                                            "extrude":  0,
                                            "visibility":  -1
                                        },
                         "geometry":  {
                                          "type":  "Point",
                                          "coordinates":  [
                                                              35.36538,
                                                              31.1791,
                                                              0.0
                                                          ]
                                      }
                     },
                     {
                         "type":  "Feature",
                         "properties":  {
                                            "Name":  "#6350",
                                            "description":  "\u003cdiv dir=\u0027rtl\u0027 style=\u0027font-family:Arial;\u0027\u003e\u003cb\u003eשם:\u003c/b\u003e לי בז\u0027רנו בן מלך\u003cbr/\u003e\u003cb\u003eאתר:\u003c/b\u003e מבצר נמרוד\u003cbr/\u003e\u003cb\u003eתאריך:\u003c/b\u003e 27-09-2025\u003cbr/\u003e\u003cb\u003eID:\u003c/b\u003e 2069\u003cbr/\u003e\u003cb\u003eFB:\u003c/b\u003e \u003ca href=\u0027https://www.facebook.com/groups/beshvil.yael/posts/3762119780747812\u0027\u003ehttps://www.facebook.com/groups/beshvil.yael/posts/3762119780747812\u003c/a\u003e\u003cbr/\u003e\u003cbr/\u003e\u003cimg src=\u0027https://drive.google.com/uc?export=view\u0026amp;id=1xmRJkkeayA-9FUnkavaLahXZaqHnX-tv\u0027 width=\u0027450\u0027/\u003e\u003cbr/\u003e\u003c/div\u003e",
                                            "tessellate":  -1,
                                            "extrude":  0,
                                            "visibility":  -1
                                        },
                         "geometry":  {
                                          "type":  "Point",
                                          "coordinates":  [
                                                              35.71238,
                                                              33.25253,
                                                              0.0
                                                          ]
                                      }
                     },
                     {
                         "type":  "Feature",
                         "properties":  {
                                            "Name":  "#6385",
                                            "description":  "\u003cdiv dir=\u0027rtl\u0027 style=\u0027font-family:Arial;\u0027\u003e\u003cb\u003eשם:\u003c/b\u003e יוסי אביגדורי\u003cbr/\u003e\u003cb\u003eאתר:\u003c/b\u003e ים המלח\u003cbr/\u003e\u003cb\u003eתאריך:\u003c/b\u003e 12-10-2025\u003cbr/\u003e\u003cb\u003eID:\u003c/b\u003e 2345\u003cbr/\u003e\u003cb\u003eFB:\u003c/b\u003e \u003ca href=\u0027https://www.facebook.com/groups/beshvil.yael/posts/3777490385877418/\u0027\u003ehttps://www.facebook.com/groups/beshvil.yael/posts/3777490385877418/\u003c/a\u003e\u003cbr/\u003e\u003cbr/\u003e\u003cimg src=\u0027https://drive.google.com/uc?export=view\u0026amp;id=1UXd8O4SYM01LMz8cZS8ItQ167XQ_Mpkg\u0027 width=\u0027450\u0027/\u003e\u003cbr/\u003e\u003c/div\u003e",
                                            "tessellate":  -1,
                                            "extrude":  0,
                                            "visibility":  -1
                                        },
                         "geometry":  {
                                          "type":  "Point",
                                          "coordinates":  [
                                                              35.45669,
                                                              31.71332,
                                                              0.0
                                                          ]
                                      }
                     },
                     {
                         "type":  "Feature",
                         "properties":  {
                                            "Name":  "#6459",
                                            "description":  "\u003cdiv dir=\u0027rtl\u0027 style=\u0027font-family:Arial;\u0027\u003e\u003cb\u003eשם:\u003c/b\u003e יהונתן צדקה\u003cbr/\u003e\u003cb\u003eאתר:\u003c/b\u003e הנגב המערבי\u003cbr/\u003e\u003cb\u003eתאריך:\u003c/b\u003e 16-01-2026\u003cbr/\u003e\u003cb\u003eID:\u003c/b\u003e 3354\u003cbr/\u003e\u003cb\u003eFB:\u003c/b\u003e \u003ca href=\u0027https://www.facebook.com/groups/beshvil.yael/posts/3862821714010951\u0027\u003ehttps://www.facebook.com/groups/beshvil.yael/posts/3862821714010951\u003c/a\u003e\u003cbr/\u003e\u003cbr/\u003e\u003cimg src=\u0027https://drive.google.com/uc?export=view\u0026amp;id=169KphMvEMkSk5rHD7XqpaL77N2K7dAj1\u0027 width=\u0027450\u0027/\u003e\u003cbr/\u003e\u003c/div\u003e",
                                            "tessellate":  -1,
                                            "extrude":  0,
                                            "visibility":  -1
                                        },
                         "geometry":  {
                                          "type":  "Point",
                                          "coordinates":  [
                                                              34.50013,
                                                              31.32182,
                                                              0.0
                                                          ]
                                      }
                     },
                     {
                         "type":  "Feature",
                         "properties":  {
                                            "Name":  "#6490",
                                            "description":  "\u003cdiv dir=\u0027rtl\u0027 style=\u0027font-family:Arial;\u0027\u003e\u003cb\u003eשם:\u003c/b\u003e עירד ברקן\u003cbr/\u003e\u003cb\u003eאתר:\u003c/b\u003e יערות מנשה\u003cbr/\u003e\u003cb\u003eתאריך:\u003c/b\u003e 27-08-2025\u003cbr/\u003e\u003cb\u003eID:\u003c/b\u003e 1662\u003cbr/\u003e\u003cb\u003eFB:\u003c/b\u003e \u003ca href=\u0027https://www.facebook.com/groups/beshvil.yael/posts/3733419456951178\u0027\u003ehttps://www.facebook.com/groups/beshvil.yael/posts/3733419456951178\u003c/a\u003e\u003cbr/\u003e\u003cbr/\u003e\u003cimg src=\u0027https://drive.google.com/uc?export=view\u0026amp;id=1TLEc-xvmalUyA3HiUjcUpYQKLvfRIldp\u0027 width=\u0027450\u0027/\u003e\u003cbr/\u003e\u003c/div\u003e",
                                            "tessellate":  -1,
                                            "extrude":  0,
                                            "visibility":  -1
                                        },
                         "geometry":  {
                                          "type":  "Point",
                                          "coordinates":  [
                                                              35.1209712,
                                                              32.5961562,
                                                              0.0
                                                          ]
                                      }
                     },
                     {
                         "type":  "Feature",
                         "properties":  {
                                            "Name":  "#6490",
                                            "description":  "\u003cdiv dir=\u0027rtl\u0027 style=\u0027font-family:Arial;\u0027\u003e\u003cb\u003eשם:\u003c/b\u003e עירד ברקן\u003cbr/\u003e\u003cb\u003eאתר:\u003c/b\u003e יקב היוגב 8\u003cbr/\u003e\u003cb\u003eתאריך:\u003c/b\u003e 15-09-2025\u003cbr/\u003e\u003cb\u003eID:\u003c/b\u003e 1886\u003cbr/\u003e\u003cb\u003eFB:\u003c/b\u003e \u003ca href=\u0027https://www.facebook.com/groups/beshvil.yael/posts/3750670081892782/\u0027\u003ehttps://www.facebook.com/groups/beshvil.yael/posts/3750670081892782/\u003c/a\u003e\u003cbr/\u003e\u003cbr/\u003e\u003cimg src=\u0027https://drive.google.com/uc?export=view\u0026amp;id=1ISb97xCqjbKOEHCT0rR7uV9Xk1zoXesx\u0027 width=\u0027450\u0027/\u003e\u003cbr/\u003e\u003c/div\u003e",
                                            "tessellate":  -1,
                                            "extrude":  0,
                                            "visibility":  -1
                                        },
                         "geometry":  {
                                          "type":  "Point",
                                          "coordinates":  [
                                                              35.19575,
                                                              32.61095,
                                                              0.0
                                                          ]
                                      }
                     },
                     {
                         "type":  "Feature",
                         "properties":  {
                                            "Name":  "#6490",
                                            "description":  "\u003cdiv dir=\u0027rtl\u0027 style=\u0027font-family:Arial;\u0027\u003e\u003cb\u003eשם:\u003c/b\u003e עירד ברקן\u003cbr/\u003e\u003cb\u003eאתר:\u003c/b\u003e מדבר יהודה\u003cbr/\u003e\u003cb\u003eתאריך:\u003c/b\u003e 17-10-2025\u003cbr/\u003e\u003cb\u003eID:\u003c/b\u003e 2410\u003cbr/\u003e\u003cb\u003eFB:\u003c/b\u003e \u003ca href=\u0027https://www.facebook.com/groups/beshvil.yael/posts/3782398805386576\u0027\u003ehttps://www.facebook.com/groups/beshvil.yael/posts/3782398805386576\u003c/a\u003e\u003cbr/\u003e\u003cbr/\u003e\u003cimg src=\u0027https://drive.google.com/uc?export=view\u0026amp;id=1PP6wrB-C_ebumhSJ-oC2dEQBqgPwi5AD\u0027 width=\u0027450\u0027/\u003e\u003cbr/\u003e\u003c/div\u003e",
                                            "tessellate":  -1,
                                            "extrude":  0,
                                            "visibility":  -1
                                        },
                         "geometry":  {
                                          "type":  "Point",
                                          "coordinates":  [
                                                              35.2596,
                                                              31.74438,
                                                              0.0
                                                          ]
                                      }
                     },
                     {
                         "type":  "Feature",
                         "properties":  {
                                            "Name":  "#6490",
                                            "description":  "\u003cdiv dir=\u0027rtl\u0027 style=\u0027font-family:Arial;\u0027\u003e\u003cb\u003eשם:\u003c/b\u003e עירד ברקן\u003cbr/\u003e\u003cb\u003eאתר:\u003c/b\u003e \u003cbr/\u003e\u003cb\u003eתאריך:\u003c/b\u003e 28-10-2025\u003cbr/\u003e\u003cb\u003eID:\u003c/b\u003e 2543\u003cbr/\u003e\u003cb\u003eFB:\u003c/b\u003e \u003ca href=\u0027https://www.facebook.com/groups/beshvil.yael/posts/3793175547642235/\u0027\u003ehttps://www.facebook.com/groups/beshvil.yael/posts/3793175547642235/\u003c/a\u003e\u003cbr/\u003e\u003cbr/\u003e\u003cimg src=\u0027https://drive.google.com/uc?export=view\u0026amp;id=1ib_u6FqzQB2TFNWn0d19WHQ4yDkQbWtb\u0027 width=\u0027450\u0027/\u003e\u003cbr/\u003e\u003c/div\u003e",
                                            "tessellate":  -1,
                                            "extrude":  0,
                                            "visibility":  -1
                                        },
                         "geometry":  {
                                          "type":  "Point",
                                          "coordinates":  [
                                                              35.29619,
                                                              31.26336,
                                                              0.0
                                                          ]
                                      }
                     },
                     {
                         "type":  "Feature",
                         "properties":  {
                                            "Name":  "#6490",
                                            "description":  "\u003cdiv dir=\u0027rtl\u0027 style=\u0027font-family:Arial;\u0027\u003e\u003cb\u003eשם:\u003c/b\u003e עירד ברקן\u003cbr/\u003e\u003cb\u003eאתר:\u003c/b\u003e כפר עזה\u003cbr/\u003e\u003cb\u003eתאריך:\u003c/b\u003e 21-05-2026\u003cbr/\u003e\u003cb\u003eID:\u003c/b\u003e 4500\u003cbr/\u003e\u003cb\u003eFB:\u003c/b\u003e \u003ca href=\u0027https://www.facebook.com/groups/beshvil.yael/posts/3977846809175107\u0027\u003ehttps://www.facebook.com/groups/beshvil.yael/posts/3977846809175107\u003c/a\u003e\u003cbr/\u003e\u003cbr/\u003e\u003cimg src=\u0027https://drive.google.com/uc?export=view\u0026amp;id=1QvUV38LxF9Bb6eW6EAlkBqJeqx1R8v6D\u0027 width=\u0027450\u0027/\u003e\u003cbr/\u003e\u003c/div\u003e",
                                            "tessellate":  -1,
                                            "extrude":  0,
                                            "visibility":  -1
                                        },
                         "geometry":  {
                                          "type":  "Point",
                                          "coordinates":  [
                                                              34.52319,
                                                              31.47887,
                                                              0.0
                                                          ]
                                      }
                     },
                     {
                         "type":  "Feature",
                         "properties":  {
                                            "Name":  "#6510",
                                            "description":  "\u003cdiv dir=\u0027rtl\u0027 style=\u0027font-family:Arial;\u0027\u003e\u003cb\u003eשם:\u003c/b\u003e רחל וויטס\u003cbr/\u003e\u003cb\u003eאתר:\u003c/b\u003e נחל נשר\u003cbr/\u003e\u003cb\u003eתאריך:\u003c/b\u003e 14-10-2025\u003cbr/\u003e\u003cb\u003eID:\u003c/b\u003e 2384\u003cbr/\u003e\u003cb\u003eFB:\u003c/b\u003e \u003ca href=\u0027https://www.facebook.com/groups/beshvil.yael/posts/3779904068969383\u0027\u003ehttps://www.facebook.com/groups/beshvil.yael/posts/3779904068969383\u003c/a\u003e\u003cbr/\u003e\u003cbr/\u003e\u003cimg src=\u0027https://drive.google.com/uc?export=view\u0026amp;id=1Ms7v0LtuEu7JCC-dm-FOGq03qKJHFtd1\u0027 width=\u0027450\u0027/\u003e\u003cbr/\u003e\u003c/div\u003e",
                                            "tessellate":  -1,
                                            "extrude":  0,
                                            "visibility":  -1
                                        },
                         "geometry":  {
                                          "type":  "Point",
                                          "coordinates":  [
                                                              35.0445,
                                                              32.76291,
                                                              0.0
                                                          ]
                                      }
                     },
                     {
                         "type":  "Feature",
                         "properties":  {
                                            "Name":  "#6510",
                                            "description":  "\u003cdiv dir=\u0027rtl\u0027 style=\u0027font-family:Arial;\u0027\u003e\u003cb\u003eשם:\u003c/b\u003e רחל וויטס\u003cbr/\u003e\u003cb\u003eאתר:\u003c/b\u003e נחל קנה\u003cbr/\u003e\u003cb\u003eתאריך:\u003c/b\u003e 15-10-2025\u003cbr/\u003e\u003cb\u003eID:\u003c/b\u003e 2397\u003cbr/\u003e\u003cb\u003eFB:\u003c/b\u003e \u003ca href=\u0027https://www.facebook.com/groups/beshvil.yael/posts/3780888162204307\u0027\u003ehttps://www.facebook.com/groups/beshvil.yael/posts/3780888162204307\u003c/a\u003e\u003cbr/\u003e\u003cbr/\u003e\u003cimg src=\u0027https://drive.google.com/uc?export=view\u0026amp;id=1NpzfyQGQLuytu6zrG1TDEsQx5c0f4g0G\u0027 width=\u0027450\u0027/\u003e\u003cbr/\u003e\u003c/div\u003e",
                                            "tessellate":  -1,
                                            "extrude":  0,
                                            "visibility":  -1
                                        },
                         "geometry":  {
                                          "type":  "Point",
                                          "coordinates":  [
                                                              35.1251,
                                                              32.15406,
                                                              0.0
                                                          ]
                                      }
                     },
                     {
                         "type":  "Feature",
                         "properties":  {
                                            "Name":  "#6510",
                                            "description":  "\u003cdiv dir=\u0027rtl\u0027 style=\u0027font-family:Arial;\u0027\u003e\u003cb\u003eשם:\u003c/b\u003e רחל וויטס\u003cbr/\u003e\u003cb\u003eאתר:\u003c/b\u003e עין יורקעם\u003cbr/\u003e\u003cb\u003eתאריך:\u003c/b\u003e 14-04-2026\u003cbr/\u003e\u003cb\u003eID:\u003c/b\u003e 4126\u003cbr/\u003e\u003cb\u003eFB:\u003c/b\u003e \u003ca href=\u0027https://www.facebook.com/groups/beshvil.yael/posts/3943331732626615/\u0027\u003ehttps://www.facebook.com/groups/beshvil.yael/posts/3943331732626615/\u003c/a\u003e\u003cbr/\u003e\u003cbr/\u003e\u003cimg src=\u0027https://drive.google.com/uc?export=view\u0026amp;id=1SXI43sI_pEFOGgTnrzvoEpe7y1lXJzRl\u0027 width=\u0027450\u0027/\u003e\u003cbr/\u003e\u003c/div\u003e",
                                            "tessellate":  -1,
                                            "extrude":  0,
                                            "visibility":  -1
                                        },
                         "geometry":  {
                                          "type":  "Point",
                                          "coordinates":  [
                                                              35.04056,
                                                              30.93853,
                                                              0.0
                                                          ]
                                      }
                     },
                     {
                         "type":  "Feature",
                         "properties":  {
                                            "Name":  "#6518",
                                            "description":  "\u003cdiv dir=\u0027rtl\u0027 style=\u0027font-family:Arial;\u0027\u003e\u003cb\u003eשם:\u003c/b\u003e ענת מוסקוביץ\u003cbr/\u003e\u003cb\u003eאתר:\u003c/b\u003e חניתה\u003cbr/\u003e\u003cb\u003eתאריך:\u003c/b\u003e 25-09-2025\u003cbr/\u003e\u003cb\u003eID:\u003c/b\u003e 2045\u003cbr/\u003e\u003cb\u003eFB:\u003c/b\u003e \u003ca href=\u0027https://www.facebook.com/groups/beshvil.yael/posts/3760447760915014/\u0027\u003ehttps://www.facebook.com/groups/beshvil.yael/posts/3760447760915014/\u003c/a\u003e\u003cbr/\u003e\u003cbr/\u003e\u003cimg src=\u0027https://drive.google.com/uc?export=view\u0026amp;id=1-ejGXNnJxkNRp3HOZx26JHk0OJgcYmOR\u0027 width=\u0027450\u0027/\u003e\u003cbr/\u003e\u003c/div\u003e",
                                            "tessellate":  -1,
                                            "extrude":  0,
                                            "visibility":  -1
                                        },
                         "geometry":  {
                                          "type":  "Point",
                                          "coordinates":  [
                                                              35.17192,
                                                              33.08966,
                                                              0.0
                                                          ]
                                      }
                     },
                     {
                         "type":  "Feature",
                         "properties":  {
                                            "Name":  "#6518",
                                            "description":  "\u003cdiv dir=\u0027rtl\u0027 style=\u0027font-family:Arial;\u0027\u003e\u003cb\u003eשם:\u003c/b\u003e ענת מוסקוביץ\u003cbr/\u003e\u003cb\u003eאתר:\u003c/b\u003e אילת\u003cbr/\u003e\u003cb\u003eתאריך:\u003c/b\u003e 14-11-2025\u003cbr/\u003e\u003cb\u003eID:\u003c/b\u003e 2733\u003cbr/\u003e\u003cb\u003eFB:\u003c/b\u003e \u003ca href=\u0027https://www.facebook.com/groups/beshvil.yael/posts/3809613185998471/\u0027\u003ehttps://www.facebook.com/groups/beshvil.yael/posts/3809613185998471/\u003c/a\u003e\u003cbr/\u003e\u003cbr/\u003e\u003cimg src=\u0027https://drive.google.com/uc?export=view\u0026amp;id=1k6DJBnRCom5MrnCr9UOJnsaONOWZa5ND\u0027 width=\u0027450\u0027/\u003e\u003cbr/\u003e\u003c/div\u003e",
                                            "tessellate":  -1,
                                            "extrude":  0,
                                            "visibility":  -1
                                        },
                         "geometry":  {
                                          "type":  "Point",
                                          "coordinates":  [
                                                              34.94299,
                                                              29.52779,
                                                              0.0
                                                          ]
                                      }
                     },
                     {
                         "type":  "Feature",
                         "properties":  {
                                            "Name":  "#6518",
                                            "description":  "\u003cdiv dir=\u0027rtl\u0027 style=\u0027font-family:Arial;\u0027\u003e\u003cb\u003eשם:\u003c/b\u003e ענת מוסקוביץ\u003cbr/\u003e\u003cb\u003eאתר:\u003c/b\u003e ער שגב\u003cbr/\u003e\u003cb\u003eתאריך:\u003c/b\u003e 03-12-2025\u003cbr/\u003e\u003cb\u003eID:\u003c/b\u003e 2949\u003cbr/\u003e\u003cb\u003eFB:\u003c/b\u003e \u003ca href=\u0027https://www.facebook.com/groups/beshvil.yael/posts/3825870604372729\u0027\u003ehttps://www.facebook.com/groups/beshvil.yael/posts/3825870604372729\u003c/a\u003e\u003cbr/\u003e\u003cbr/\u003e\u003cimg src=\u0027https://drive.google.com/uc?export=view\u0026amp;id=1Hgsu34cPKF0gbsldKBDV9upjcig1Om3t\u0027 width=\u0027450\u0027/\u003e\u003cbr/\u003e\u003c/div\u003e",
                                            "tessellate":  -1,
                                            "extrude":  0,
                                            "visibility":  -1
                                        },
                         "geometry":  {
                                          "type":  "Point",
                                          "coordinates":  [
                                                              35.22789,
                                                              32.8753,
                                                              0.0
                                                          ]
                                      }
                     },
                     {
                         "type":  "Feature",
                         "properties":  {
                                            "Name":  "#6518",
                                            "description":  "\u003cdiv dir=\u0027rtl\u0027 style=\u0027font-family:Arial;\u0027\u003e\u003cb\u003eשם:\u003c/b\u003e ענת מוסקוביץ\u003cbr/\u003e\u003cb\u003eאתר:\u003c/b\u003e רכס רמים\u003cbr/\u003e\u003cb\u003eתאריך:\u003c/b\u003e 12-12-2025\u003cbr/\u003e\u003cb\u003eID:\u003c/b\u003e 3023\u003cbr/\u003e\u003cb\u003eFB:\u003c/b\u003e \u003ca href=\u0027https://www.facebook.com/groups/beshvil.yael/posts/3833605310265925/\u0027\u003ehttps://www.facebook.com/groups/beshvil.yael/posts/3833605310265925/\u003c/a\u003e\u003cbr/\u003e\u003cbr/\u003e\u003cimg src=\u0027https://drive.google.com/uc?export=view\u0026amp;id=1Ew2ro6npJvAuqxEwMTg1HsU36C-iR2qa\u0027 width=\u0027450\u0027/\u003e\u003cbr/\u003e\u003c/div\u003e",
                                            "tessellate":  -1,
                                            "extrude":  0,
                                            "visibility":  -1
                                        },
                         "geometry":  {
                                          "type":  "Point",
                                          "coordinates":  [
                                                              35.55016,
                                                              33.18978,
                                                              0.0
                                                          ]
                                      }
                     },
                     {
                         "type":  "Feature",
                         "properties":  {
                                            "Name":  "#6518",
                                            "description":  "\u003cdiv dir=\u0027rtl\u0027 style=\u0027font-family:Arial;\u0027\u003e\u003cb\u003eשם:\u003c/b\u003e ענת מוסקוביץ\u003cbr/\u003e\u003cb\u003eאתר:\u003c/b\u003e ממשית\u003cbr/\u003e\u003cb\u003eתאריך:\u003c/b\u003e 19-12-2025\u003cbr/\u003e\u003cb\u003eID:\u003c/b\u003e 3100\u003cbr/\u003e\u003cb\u003eFB:\u003c/b\u003e \u003ca href=\u0027https://www.facebook.com/groups/beshvil.yael/posts/3839590773000712\u0027\u003ehttps://www.facebook.com/groups/beshvil.yael/posts/3839590773000712\u003c/a\u003e\u003cbr/\u003e\u003cbr/\u003e\u003cimg src=\u0027https://drive.google.com/uc?export=view\u0026amp;id=16aqMaUgEieIw_T1XmVyf5Am7nxgM6Xhr\u0027 width=\u0027450\u0027/\u003e\u003cbr/\u003e\u003c/div\u003e",
                                            "tessellate":  -1,
                                            "extrude":  0,
                                            "visibility":  -1
                                        },
                         "geometry":  {
                                          "type":  "Point",
                                          "coordinates":  [
                                                              35.06383,
                                                              31.02609,
                                                              0.0
                                                          ]
                                      }
                     },
                     {
                         "type":  "Feature",
                         "properties":  {
                                            "Name":  "#6518",
                                            "description":  "\u003cdiv dir=\u0027rtl\u0027 style=\u0027font-family:Arial;\u0027\u003e\u003cb\u003eשם:\u003c/b\u003e ענת מוסקוביץ\u003cbr/\u003e\u003cb\u003eאתר:\u003c/b\u003e יער אחיהוד\u003cbr/\u003e\u003cb\u003eתאריך:\u003c/b\u003e 18-02-2026\u003cbr/\u003e\u003cb\u003eID:\u003c/b\u003e 3761\u003cbr/\u003e\u003cb\u003eFB:\u003c/b\u003e \u003ca href=\u0027https://www.facebook.com/groups/beshvil.yael/posts/3894054834220972/\u0027\u003ehttps://www.facebook.com/groups/beshvil.yael/posts/3894054834220972/\u003c/a\u003e\u003cbr/\u003e\u003cbr/\u003e\u003cimg src=\u0027https://drive.google.com/uc?export=view\u0026amp;id=1fH4oOVCKWmMbzIU994PntWY8OzKRaFZA\u0027 width=\u0027450\u0027/\u003e\u003cbr/\u003e\u003c/div\u003e",
                                            "tessellate":  -1,
                                            "extrude":  0,
                                            "visibility":  -1
                                        },
                         "geometry":  {
                                          "type":  "Point",
                                          "coordinates":  [
                                                              35.17714,
                                                              32.91694,
                                                              0.0
                                                          ]
                                      }
                     },
                     {
                         "type":  "Feature",
                         "properties":  {
                                            "Name":  "#6541",
                                            "description":  "\u003cdiv dir=\u0027rtl\u0027 style=\u0027font-family:Arial;\u0027\u003e\u003cb\u003eשם:\u003c/b\u003e נאווה סגל-ליכטנשטיין\u003cbr/\u003e\u003cb\u003eאתר:\u003c/b\u003e סינגל אהוד\u003cbr/\u003e\u003cb\u003eתאריך:\u003c/b\u003e 20-09-2025\u003cbr/\u003e\u003cb\u003eID:\u003c/b\u003e 44\u003cbr/\u003e\u003cb\u003eFB:\u003c/b\u003e \u003ca href=\u0027https://www.facebook.com/groups/beshvil.yael/posts/3755437661416024\u0027\u003ehttps://www.facebook.com/groups/beshvil.yael/posts/3755437661416024\u003c/a\u003e\u003cbr/\u003e\u003cbr/\u003e\u003cimg src=\u0027https://drive.google.com/uc?export=view\u0026amp;id=1RRhvBQZch9K-VB5h4Hfy6y2v-ZlKEAau\u0027 width=\u0027450\u0027/\u003e\u003cbr/\u003e\u003c/div\u003e",
                                            "tessellate":  -1,
                                            "extrude":  0,
                                            "visibility":  -1
                                        },
                         "geometry":  {
                                          "type":  "Point",
                                          "coordinates":  [
                                                              35.0044,
                                                              32.58577,
                                                              0.0
                                                          ]
                                      }
                     },
                     {
                         "type":  "Feature",
                         "properties":  {
                                            "Name":  "#6544",
                                            "description":  "\u003cdiv dir=\u0027rtl\u0027 style=\u0027font-family:Arial;\u0027\u003e\u003cb\u003eשם:\u003c/b\u003e אילן וקנין\u003cbr/\u003e\u003cb\u003eאתר:\u003c/b\u003e יער מגידו\u003cbr/\u003e\u003cb\u003eתאריך:\u003c/b\u003e 02-08-2025\u003cbr/\u003e\u003cb\u003eID:\u003c/b\u003e 1365\u003cbr/\u003e\u003cb\u003eFB:\u003c/b\u003e \u003ca href=\u0027https://www.facebook.com/groups/beshvil.yael/posts/3710204005939390/\u0027\u003ehttps://www.facebook.com/groups/beshvil.yael/posts/3710204005939390/\u003c/a\u003e\u003cbr/\u003e\u003cbr/\u003e\u003cimg src=\u0027https://drive.google.com/uc?export=view\u0026amp;id=1yoSg0UtDVKpXoIRvhO7nbCc1UUwneBlI\u0027 width=\u0027450\u0027/\u003e\u003cbr/\u003e\u003c/div\u003e",
                                            "tessellate":  -1,
                                            "extrude":  0,
                                            "visibility":  -1
                                        },
                         "geometry":  {
                                          "type":  "Point",
                                          "coordinates":  [
                                                              35.1485388,
                                                              32.5838546,
                                                              0.0
                                                          ]
                                      }
                     },
                     {
                         "type":  "Feature",
                         "properties":  {
                                            "Name":  "#6544",
                                            "description":  "\u003cdiv dir=\u0027rtl\u0027 style=\u0027font-family:Arial;\u0027\u003e\u003cb\u003eשם:\u003c/b\u003e אילן וקנין\u003cbr/\u003e\u003cb\u003eאתר:\u003c/b\u003e גשר הזיו\u003cbr/\u003e\u003cb\u003eתאריך:\u003c/b\u003e 16-08-2025\u003cbr/\u003e\u003cb\u003eID:\u003c/b\u003e 1548\u003cbr/\u003e\u003cb\u003eFB:\u003c/b\u003e \u003ca href=\u0027https://www.facebook.com/groups/beshvil.yael/posts/3723140177979106\u0027\u003ehttps://www.facebook.com/groups/beshvil.yael/posts/3723140177979106\u003c/a\u003e\u003cbr/\u003e\u003cbr/\u003e\u003cimg src=\u0027https://drive.google.com/uc?export=view\u0026amp;id=1UZ7sQBka3Ff5CAPDHS0KX_GLGN7W2dit\u0027 width=\u0027450\u0027/\u003e\u003cbr/\u003e\u003c/div\u003e",
                                            "tessellate":  -1,
                                            "extrude":  0,
                                            "visibility":  -1
                                        },
                         "geometry":  {
                                          "type":  "Point",
                                          "coordinates":  [
                                                              35.1061193,
                                                              33.0409457,
                                                              0.0
                                                          ]
                                      }
                     },
                     {
                         "type":  "Feature",
                         "properties":  {
                                            "Name":  "#6544",
                                            "description":  "\u003cdiv dir=\u0027rtl\u0027 style=\u0027font-family:Arial;\u0027\u003e\u003cb\u003eשם:\u003c/b\u003e אילן וקנין\u003cbr/\u003e\u003cb\u003eאתר:\u003c/b\u003e קירית אתא\u003cbr/\u003e\u003cb\u003eתאריך:\u003c/b\u003e 30-08-2025\u003cbr/\u003e\u003cb\u003eID:\u003c/b\u003e 1695\u003cbr/\u003e\u003cb\u003eFB:\u003c/b\u003e \u003ca href=\u0027https://www.facebook.com/groups/beshvil.yael/posts/3736125210013936/\u0027\u003ehttps://www.facebook.com/groups/beshvil.yael/posts/3736125210013936/\u003c/a\u003e\u003cbr/\u003e\u003cbr/\u003e\u003cimg src=\u0027https://drive.google.com/uc?export=view\u0026amp;id=1sQKEN-ttPQ4tZmoppU2_uq_TMCFGbNU7\u0027 width=\u0027450\u0027/\u003e\u003cbr/\u003e\u003c/div\u003e",
                                            "tessellate":  -1,
                                            "extrude":  0,
                                            "visibility":  -1
                                        },
                         "geometry":  {
                                          "type":  "Point",
                                          "coordinates":  [
                                                              35.1234563,
                                                              32.816213,
                                                              0.0
                                                          ]
                                      }
                     },
                     {
                         "type":  "Feature",
                         "properties":  {
                                            "Name":  "#6544",
                                            "description":  "\u003cdiv dir=\u0027rtl\u0027 style=\u0027font-family:Arial;\u0027\u003e\u003cb\u003eשם:\u003c/b\u003e אילן וקנין\u003cbr/\u003e\u003cb\u003eאתר:\u003c/b\u003e יער משגב\u003cbr/\u003e\u003cb\u003eתאריך:\u003c/b\u003e 06-09-2025\u003cbr/\u003e\u003cb\u003eID:\u003c/b\u003e 1777\u003cbr/\u003e\u003cb\u003eFB:\u003c/b\u003e \u003ca href=\u0027https://www.facebook.com/groups/beshvil.yael/posts/3742293069397150/\u0027\u003ehttps://www.facebook.com/groups/beshvil.yael/posts/3742293069397150/\u003c/a\u003e\u003cbr/\u003e\u003cbr/\u003e\u003cimg src=\u0027https://drive.google.com/uc?export=view\u0026amp;id=1wYRjnmLwYWZ1m0b078rx8sK8VBoLPyQl\u0027 width=\u0027450\u0027/\u003e\u003cbr/\u003e\u003c/div\u003e",
                                            "tessellate":  -1,
                                            "extrude":  0,
                                            "visibility":  -1
                                        },
                         "geometry":  {
                                          "type":  "Point",
                                          "coordinates":  [
                                                              35.2267166,
                                                              32.8736578,
                                                              0.0
                                                          ]
                                      }
                     },
                     {
                         "type":  "Feature",
                         "properties":  {
                                            "Name":  "#6544",
                                            "description":  "\u003cdiv dir=\u0027rtl\u0027 style=\u0027font-family:Arial;\u0027\u003e\u003cb\u003eשם:\u003c/b\u003e אילן וקנין\u003cbr/\u003e\u003cb\u003eאתר:\u003c/b\u003e נחל קישון\u003cbr/\u003e\u003cb\u003eתאריך:\u003c/b\u003e 13-09-2025\u003cbr/\u003e\u003cb\u003eID:\u003c/b\u003e 1861\u003cbr/\u003e\u003cb\u003eFB:\u003c/b\u003e \u003ca href=\u0027https://www.facebook.com/groups/beshvil.yael/posts/3748891592070631/\u0027\u003ehttps://www.facebook.com/groups/beshvil.yael/posts/3748891592070631/\u003c/a\u003e\u003cbr/\u003e\u003cbr/\u003e\u003cimg src=\u0027https://drive.google.com/uc?export=view\u0026amp;id=1vXJgMO6Ia9IdQv0I_c6ytkFvqOm_mbnb\u0027 width=\u0027450\u0027/\u003e\u003cbr/\u003e\u003c/div\u003e",
                                            "tessellate":  -1,
                                            "extrude":  0,
                                            "visibility":  -1
                                        },
                         "geometry":  {
                                          "type":  "Point",
                                          "coordinates":  [
                                                              35.03197,
                                                              32.80289,
                                                              0.0
                                                          ]
                                      }
                     },
                     {
                         "type":  "Feature",
                         "properties":  {
                                            "Name":  "#6544",
                                            "description":  "\u003cdiv dir=\u0027rtl\u0027 style=\u0027font-family:Arial;\u0027\u003e\u003cb\u003eשם:\u003c/b\u003e אילן וקנין\u003cbr/\u003e\u003cb\u003eאתר:\u003c/b\u003e סינגל אהוד\u003cbr/\u003e\u003cb\u003eתאריך:\u003c/b\u003e 20-09-2025\u003cbr/\u003e\u003cb\u003eID:\u003c/b\u003e 1961\u003cbr/\u003e\u003cb\u003eFB:\u003c/b\u003e \u003ca href=\u0027https://www.facebook.com/groups/beshvil.yael/posts/3755437661416024\u0027\u003ehttps://www.facebook.com/groups/beshvil.yael/posts/3755437661416024\u003c/a\u003e\u003cbr/\u003e\u003cbr/\u003e\u003cimg src=\u0027https://drive.google.com/uc?export=view\u0026amp;id=1RRhvBQZch9K-VB5h4Hfy6y2v-ZlKEAau\u0027 width=\u0027450\u0027/\u003e\u003cbr/\u003e\u003c/div\u003e",
                                            "tessellate":  -1,
                                            "extrude":  0,
                                            "visibility":  -1
                                        },
                         "geometry":  {
                                          "type":  "Point",
                                          "coordinates":  [
                                                              35.0044,
                                                              32.5855,
                                                              0.0
                                                          ]
                                      }
                     },
                     {
                         "type":  "Feature",
                         "properties":  {
                                            "Name":  "#6544",
                                            "description":  "\u003cdiv dir=\u0027rtl\u0027 style=\u0027font-family:Arial;\u0027\u003e\u003cb\u003eשם:\u003c/b\u003e אילן וקנין\u003cbr/\u003e\u003cb\u003eאתר:\u003c/b\u003e סינגל אלון הגליל\u003cbr/\u003e\u003cb\u003eתאריך:\u003c/b\u003e 24-09-2025\u003cbr/\u003e\u003cb\u003eID:\u003c/b\u003e 2017\u003cbr/\u003e\u003cb\u003eFB:\u003c/b\u003e \u003ca href=\u0027https://www.facebook.com/groups/beshvil.yael/posts/3759216764371447\u0027\u003ehttps://www.facebook.com/groups/beshvil.yael/posts/3759216764371447\u003c/a\u003e\u003cbr/\u003e\u003cbr/\u003e\u003cimg src=\u0027https://drive.google.com/uc?export=view\u0026amp;id=1NYMqU_k3DSQs6Y4MyC-7PrTC4y0roygr\u0027 width=\u0027450\u0027/\u003e\u003cbr/\u003e\u003c/div\u003e",
                                            "tessellate":  -1,
                                            "extrude":  0,
                                            "visibility":  -1
                                        },
                         "geometry":  {
                                          "type":  "Point",
                                          "coordinates":  [
                                                              35.21443,
                                                              32.75591,
                                                              0.0
                                                          ]
                                      }
                     },
                     {
                         "type":  "Feature",
                         "properties":  {
                                            "Name":  "#6544",
                                            "description":  "\u003cdiv dir=\u0027rtl\u0027 style=\u0027font-family:Arial;\u0027\u003e\u003cb\u003eשם:\u003c/b\u003e אילן וקנין\u003cbr/\u003e\u003cb\u003eאתר:\u003c/b\u003e עין תמיר\u003cbr/\u003e\u003cb\u003eתאריך:\u003c/b\u003e 27-09-2025\u003cbr/\u003e\u003cb\u003eID:\u003c/b\u003e 2068\u003cbr/\u003e\u003cb\u003eFB:\u003c/b\u003e \u003ca href=\u0027https://www.facebook.com/groups/beshvil.yael/posts/3762032824089841\u0027\u003ehttps://www.facebook.com/groups/beshvil.yael/posts/3762032824089841\u003c/a\u003e\u003cbr/\u003e\u003cbr/\u003e\u003cimg src=\u0027https://drive.google.com/uc?export=view\u0026amp;id=1mq_UdT7m5gDIptsNqfQx7_Hft3QtoFOE\u0027 width=\u0027450\u0027/\u003e\u003cbr/\u003e\u003c/div\u003e",
                                            "tessellate":  -1,
                                            "extrude":  0,
                                            "visibility":  -1
                                        },
                         "geometry":  {
                                          "type":  "Point",
                                          "coordinates":  [
                                                              35.25005,
                                                              33.04148,
                                                              0.0
                                                          ]
                                      }
                     },
                     {
                         "type":  "Feature",
                         "properties":  {
                                            "Name":  "#6544",
                                            "description":  "\u003cdiv dir=\u0027rtl\u0027 style=\u0027font-family:Arial;\u0027\u003e\u003cb\u003eשם:\u003c/b\u003e אילן וקנין\u003cbr/\u003e\u003cb\u003eאתר:\u003c/b\u003e נחל געתון\u003cbr/\u003e\u003cb\u003eתאריך:\u003c/b\u003e 25-10-2025\u003cbr/\u003e\u003cb\u003eID:\u003c/b\u003e 2511\u003cbr/\u003e\u003cb\u003eFB:\u003c/b\u003e \u003ca href=\u0027https://www.facebook.com/groups/beshvil.yael/posts/3790177994608657\u0027\u003ehttps://www.facebook.com/groups/beshvil.yael/posts/3790177994608657\u003c/a\u003e\u003cbr/\u003e\u003cbr/\u003e\u003cimg src=\u0027https://drive.google.com/uc?export=view\u0026amp;id=15C0ikoSjI2OREIqYWfX8lMn-04hJ27Bw\u0027 width=\u0027450\u0027/\u003e\u003cbr/\u003e\u003c/div\u003e",
                                            "tessellate":  -1,
                                            "extrude":  0,
                                            "visibility":  -1
                                        },
                         "geometry":  {
                                          "type":  "Point",
                                          "coordinates":  [
                                                              35.18749,
                                                              33.01329,
                                                              0.0
                                                          ]
                                      }
                     },
                     {
                         "type":  "Feature",
                         "properties":  {
                                            "Name":  "#6544",
                                            "description":  "\u003cdiv dir=\u0027rtl\u0027 style=\u0027font-family:Arial;\u0027\u003e\u003cb\u003eשם:\u003c/b\u003e אילן וקנין\u003cbr/\u003e\u003cb\u003eאתר:\u003c/b\u003e קיבוץ מנות\u003cbr/\u003e\u003cb\u003eתאריך:\u003c/b\u003e 16-11-2025\u003cbr/\u003e\u003cb\u003eID:\u003c/b\u003e 2756\u003cbr/\u003e\u003cb\u003eFB:\u003c/b\u003e \u003ca href=\u0027https://www.facebook.com/groups/beshvil.yael/posts/3811655982460858/\u0027\u003ehttps://www.facebook.com/groups/beshvil.yael/posts/3811655982460858/\u003c/a\u003e\u003cbr/\u003e\u003cbr/\u003e\u003cimg src=\u0027https://drive.google.com/uc?export=view\u0026amp;id=1yes6UfqcpLNQOpwHsxMN0RVRJRneRsph\u0027 width=\u0027450\u0027/\u003e\u003cbr/\u003e\u003c/div\u003e",
                                            "tessellate":  -1,
                                            "extrude":  0,
                                            "visibility":  -1
                                        },
                         "geometry":  {
                                          "type":  "Point",
                                          "coordinates":  [
                                                              35.19112,
                                                              33.04151,
                                                              0.0
                                                          ]
                                      }
                     },
                     {
                         "type":  "Feature",
                         "properties":  {
                                            "Name":  "#6544",
                                            "description":  "\u003cdiv dir=\u0027rtl\u0027 style=\u0027font-family:Arial;\u0027\u003e\u003cb\u003eשם:\u003c/b\u003e אילן וקנין\u003cbr/\u003e\u003cb\u003eאתר:\u003c/b\u003e דרך הטמפלרים\u003cbr/\u003e\u003cb\u003eתאריך:\u003c/b\u003e 29-11-2025\u003cbr/\u003e\u003cb\u003eID:\u003c/b\u003e 2903\u003cbr/\u003e\u003cb\u003eFB:\u003c/b\u003e \u003ca href=\u0027https://www.facebook.com/groups/beshvil.yael/posts/3822438158049307\u0027\u003ehttps://www.facebook.com/groups/beshvil.yael/posts/3822438158049307\u003c/a\u003e\u003cbr/\u003e\u003cbr/\u003e\u003cimg src=\u0027https://drive.google.com/uc?export=view\u0026amp;id=1AC0qfDshEaqV-GgnphHxuTSa05Hs_mxC\u0027 width=\u0027450\u0027/\u003e\u003cbr/\u003e\u003c/div\u003e",
                                            "tessellate":  -1,
                                            "extrude":  0,
                                            "visibility":  -1
                                        },
                         "geometry":  {
                                          "type":  "Point",
                                          "coordinates":  [
                                                              35.1323,
                                                              32.7231,
                                                              0.0
                                                          ]
                                      }
                     },
                     {
                         "type":  "Feature",
                         "properties":  {
                                            "Name":  "#6544",
                                            "description":  "\u003cdiv dir=\u0027rtl\u0027 style=\u0027font-family:Arial;\u0027\u003e\u003cb\u003eשם:\u003c/b\u003e אילן וקנין\u003cbr/\u003e\u003cb\u003eאתר:\u003c/b\u003e המכתש הגדול,\u003cbr/\u003e\u003cb\u003eתאריך:\u003c/b\u003e 14-12-2025\u003cbr/\u003e\u003cb\u003eID:\u003c/b\u003e 3059\u003cbr/\u003e\u003cb\u003eFB:\u003c/b\u003e \u003ca href=\u0027https://www.facebook.com/groups/beshvil.yael/posts/3835308316762291\u0027\u003ehttps://www.facebook.com/groups/beshvil.yael/posts/3835308316762291\u003c/a\u003e\u003cbr/\u003e\u003cbr/\u003e\u003cimg src=\u0027https://drive.google.com/uc?export=view\u0026amp;id=18tO3KVK9HAHZCbNwaXHF6wjuHycvVDo6\u0027 width=\u0027450\u0027/\u003e\u003cbr/\u003e\u003c/div\u003e",
                                            "tessellate":  -1,
                                            "extrude":  0,
                                            "visibility":  -1
                                        },
                         "geometry":  {
                                          "type":  "Point",
                                          "coordinates":  [
                                                              34.98489,
                                                              30.93615,
                                                              0.0
                                                          ]
                                      }
                     },
                     {
                         "type":  "Feature",
                         "properties":  {
                                            "Name":  "#6544",
                                            "description":  "\u003cdiv dir=\u0027rtl\u0027 style=\u0027font-family:Arial;\u0027\u003e\u003cb\u003eשם:\u003c/b\u003e אילן וקנין\u003cbr/\u003e\u003cb\u003eאתר:\u003c/b\u003e דרך נוף כרמל\u003cbr/\u003e\u003cb\u003eתאריך:\u003c/b\u003e 20-12-2025\u003cbr/\u003e\u003cb\u003eID:\u003c/b\u003e 3114\u003cbr/\u003e\u003cb\u003eFB:\u003c/b\u003e \u003ca href=\u0027https://www.facebook.com/groups/beshvil.yael/posts/3840379636255159/\u0027\u003ehttps://www.facebook.com/groups/beshvil.yael/posts/3840379636255159/\u003c/a\u003e\u003cbr/\u003e\u003cbr/\u003e\u003cimg src=\u0027https://drive.google.com/uc?export=view\u0026amp;id=1lZk3jxy5Q09qLamUh4FETGf7FYUNrQYL\u0027 width=\u0027450\u0027/\u003e\u003cbr/\u003e\u003c/div\u003e",
                                            "tessellate":  -1,
                                            "extrude":  0,
                                            "visibility":  -1
                                        },
                         "geometry":  {
                                          "type":  "Point",
                                          "coordinates":  [
                                                              35.04798,
                                                              32.75132,
                                                              0.0
                                                          ]
                                      }
                     },
                     {
                         "type":  "Feature",
                         "properties":  {
                                            "Name":  "#6544",
                                            "description":  "\u003cdiv dir=\u0027rtl\u0027 style=\u0027font-family:Arial;\u0027\u003e\u003cb\u003eשם:\u003c/b\u003e אילן וקנין\u003cbr/\u003e\u003cb\u003eאתר:\u003c/b\u003e בדרך נוף כרמל.\u003cbr/\u003e\u003cb\u003eתאריך:\u003c/b\u003e 20-12-2025\u003cbr/\u003e\u003cb\u003eID:\u003c/b\u003e 3117\u003cbr/\u003e\u003cb\u003eFB:\u003c/b\u003e \u003ca href=\u0027https://www.facebook.com/groups/beshvil.yael/posts/3840379636255159\u0027\u003ehttps://www.facebook.com/groups/beshvil.yael/posts/3840379636255159\u003c/a\u003e\u003cbr/\u003e\u003cbr/\u003e\u003cimg src=\u0027https://drive.google.com/uc?export=view\u0026amp;id=1RsiK18-f2_QiLvnENKUXukEmgMM1kGY6\u0027 width=\u0027450\u0027/\u003e\u003cbr/\u003e\u003c/div\u003e",
                                            "tessellate":  -1,
                                            "extrude":  0,
                                            "visibility":  -1
                                        },
                         "geometry":  {
                                          "type":  "Point",
                                          "coordinates":  [
                                                              35.05174,
                                                              32.75187,
                                                              0.0
                                                          ]
                                      }
                     },
                     {
                         "type":  "Feature",
                         "properties":  {
                                            "Name":  "#6544",
                                            "description":  "\u003cdiv dir=\u0027rtl\u0027 style=\u0027font-family:Arial;\u0027\u003e\u003cb\u003eשם:\u003c/b\u003e אילן וקנין\u003cbr/\u003e\u003cb\u003eאתר:\u003c/b\u003e כפר החורש\u003cbr/\u003e\u003cb\u003eתאריך:\u003c/b\u003e 31-01-2026\u003cbr/\u003e\u003cb\u003eID:\u003c/b\u003e 3532\u003cbr/\u003e\u003cb\u003eFB:\u003c/b\u003e \u003ca href=\u0027https://www.facebook.com/groups/beshvil.yael/posts/3876975239262265/\u0027\u003ehttps://www.facebook.com/groups/beshvil.yael/posts/3876975239262265/\u003c/a\u003e\u003cbr/\u003e\u003cbr/\u003e\u003cimg src=\u0027https://drive.google.com/uc?export=view\u0026amp;id=1B_BPhgPY5qPTR_lVt8DuJrahMb0Q40nP\u0027 width=\u0027450\u0027/\u003e\u003cbr/\u003e\u003c/div\u003e",
                                            "tessellate":  -1,
                                            "extrude":  0,
                                            "visibility":  -1
                                        },
                         "geometry":  {
                                          "type":  "Point",
                                          "coordinates":  [
                                                              35.25373,
                                                              32.69932,
                                                              0.0
                                                          ]
                                      }
                     },
                     {
                         "type":  "Feature",
                         "properties":  {
                                            "Name":  "#6544",
                                            "description":  "\u003cdiv dir=\u0027rtl\u0027 style=\u0027font-family:Arial;\u0027\u003e\u003cb\u003eשם:\u003c/b\u003e אילן וקנין\u003cbr/\u003e\u003cb\u003eאתר:\u003c/b\u003e דליה\u003cbr/\u003e\u003cb\u003eתאריך:\u003c/b\u003e 07-02-2026\u003cbr/\u003e\u003cb\u003eID:\u003c/b\u003e 3617\u003cbr/\u003e\u003cb\u003eFB:\u003c/b\u003e \u003ca href=\u0027https://www.facebook.com/groups/beshvil.yael/posts/3883471381945984/\u0027\u003ehttps://www.facebook.com/groups/beshvil.yael/posts/3883471381945984/\u003c/a\u003e\u003cbr/\u003e\u003cbr/\u003e\u003cimg src=\u0027https://drive.google.com/uc?export=view\u0026amp;id=1S2xtmawEqqTff04HDixE0fxRNAnb3-o1\u0027 width=\u0027450\u0027/\u003e\u003cbr/\u003e\u003c/div\u003e",
                                            "tessellate":  -1,
                                            "extrude":  0,
                                            "visibility":  -1
                                        },
                         "geometry":  {
                                          "type":  "Point",
                                          "coordinates":  [
                                                              35.07632,
                                                              32.58816,
                                                              0.0
                                                          ]
                                      }
                     },
                     {
                         "type":  "Feature",
                         "properties":  {
                                            "Name":  "#6544",
                                            "description":  "\u003cdiv dir=\u0027rtl\u0027 style=\u0027font-family:Arial;\u0027\u003e\u003cb\u003eשם:\u003c/b\u003e אילן וקנין\u003cbr/\u003e\u003cb\u003eאתר:\u003c/b\u003e בית העלמין\u003cbr/\u003e\u003cb\u003eתאריך:\u003c/b\u003e 14-02-2026\u003cbr/\u003e\u003cb\u003eID:\u003c/b\u003e 3720\u003cbr/\u003e\u003cb\u003eFB:\u003c/b\u003e \u003ca href=\u0027https://www.facebook.com/groups/beshvil.yael/posts/3890550551238067/\u0027\u003ehttps://www.facebook.com/groups/beshvil.yael/posts/3890550551238067/\u003c/a\u003e\u003cbr/\u003e\u003cbr/\u003e\u003cimg src=\u0027https://drive.google.com/uc?export=view\u0026amp;id=1UyLj1PTeXaiCKVi6UgfRCKcMWCr_DClb\u0027 width=\u0027450\u0027/\u003e\u003cbr/\u003e\u003c/div\u003e",
                                            "tessellate":  -1,
                                            "extrude":  0,
                                            "visibility":  -1
                                        },
                         "geometry":  {
                                          "type":  "Point",
                                          "coordinates":  [
                                                              34.6181704,
                                                              31.6292709,
                                                              0.0
                                                          ]
                                      }
                     },
                     {
                         "type":  "Feature",
                         "properties":  {
                                            "Name":  "#6544",
                                            "description":  "\u003cdiv dir=\u0027rtl\u0027 style=\u0027font-family:Arial;\u0027\u003e\u003cb\u003eשם:\u003c/b\u003e אילן וקנין\u003cbr/\u003e\u003cb\u003eאתר:\u003c/b\u003e כתף שאול, הר הגלבוע\u003cbr/\u003e\u003cb\u003eתאריך:\u003c/b\u003e 14-03-2026\u003cbr/\u003e\u003cb\u003eID:\u003c/b\u003e 3952\u003cbr/\u003e\u003cb\u003eFB:\u003c/b\u003e \u003ca href=\u0027https://www.facebook.com/groups/beshvil.yael/posts/3915575722068883/\u0027\u003ehttps://www.facebook.com/groups/beshvil.yael/posts/3915575722068883/\u003c/a\u003e\u003cbr/\u003e\u003cbr/\u003e\u003cimg src=\u0027https://drive.google.com/uc?export=view\u0026amp;id=10UYUH2Xl7mfXuWtwFfCZTIrIsXSHOVFK\u0027 width=\u0027450\u0027/\u003e\u003cbr/\u003e\u003c/div\u003e",
                                            "tessellate":  -1,
                                            "extrude":  0,
                                            "visibility":  -1
                                        },
                         "geometry":  {
                                          "type":  "Point",
                                          "coordinates":  [
                                                              35.37307,
                                                              32.52757,
                                                              0.0
                                                          ]
                                      }
                     },
                     {
                         "type":  "Feature",
                         "properties":  {
                                            "Name":  "#6544",
                                            "description":  "\u003cdiv dir=\u0027rtl\u0027 style=\u0027font-family:Arial;\u0027\u003e\u003cb\u003eשם:\u003c/b\u003e אילן וקנין\u003cbr/\u003e\u003cb\u003eאתר:\u003c/b\u003e בארי\u003cbr/\u003e\u003cb\u003eתאריך:\u003c/b\u003e 03-04-2026\u003cbr/\u003e\u003cb\u003eID:\u003c/b\u003e 4028\u003cbr/\u003e\u003cb\u003eFB:\u003c/b\u003e \u003ca href=\u0027https://www.secure.facebook.com/groups/beshvil.yael/posts/3934210396872082/\u0027\u003ehttps://www.secure.facebook.com/groups/beshvil.yael/posts/3934210396872082/\u003c/a\u003e\u003cbr/\u003e\u003cbr/\u003e\u003cimg src=\u0027https://drive.google.com/uc?export=view\u0026amp;id=1Bt8HBfMcAax6_FOr6URzS5SVgHHkqLre\u0027 width=\u0027450\u0027/\u003e\u003cbr/\u003e\u003c/div\u003e",
                                            "tessellate":  -1,
                                            "extrude":  0,
                                            "visibility":  -1
                                        },
                         "geometry":  {
                                          "type":  "Point",
                                          "coordinates":  [
                                                              34.47522,
                                                              31.43542,
                                                              0.0
                                                          ]
                                      }
                     },
                     {
                         "type":  "Feature",
                         "properties":  {
                                            "Name":  "#6544",
                                            "description":  "\u003cdiv dir=\u0027rtl\u0027 style=\u0027font-family:Arial;\u0027\u003e\u003cb\u003eשם:\u003c/b\u003e אילן וקנין\u003cbr/\u003e\u003cb\u003eאתר:\u003c/b\u003e סינגל עירון\u003cbr/\u003e\u003cb\u003eתאריך:\u003c/b\u003e 08-04-2026\u003cbr/\u003e\u003cb\u003eID:\u003c/b\u003e 4077\u003cbr/\u003e\u003cb\u003eFB:\u003c/b\u003e \u003ca href=\u0027https://www.secure.facebook.com/groups/beshvil.yael/posts/3938775929748862/\u0027\u003ehttps://www.secure.facebook.com/groups/beshvil.yael/posts/3938775929748862/\u003c/a\u003e\u003cbr/\u003e\u003cbr/\u003e\u003cimg src=\u0027https://drive.google.com/uc?export=view\u0026amp;id=15GutoVqsPC_l5VtwFGru9RYmocAop8Ov\u0027 width=\u0027450\u0027/\u003e\u003cbr/\u003e\u003c/div\u003e",
                                            "tessellate":  -1,
                                            "extrude":  0,
                                            "visibility":  -1
                                        },
                         "geometry":  {
                                          "type":  "Point",
                                          "coordinates":  [
                                                              35.05156,
                                                              32.48388,
                                                              0.0
                                                          ]
                                      }
                     },
                     {
                         "type":  "Feature",
                         "properties":  {
                                            "Name":  "#6544",
                                            "description":  "\u003cdiv dir=\u0027rtl\u0027 style=\u0027font-family:Arial;\u0027\u003e\u003cb\u003eשם:\u003c/b\u003e אילן וקנין\u003cbr/\u003e\u003cb\u003eאתר:\u003c/b\u003e יער שגב\u003cbr/\u003e\u003cb\u003eתאריך:\u003c/b\u003e 11-04-2026\u003cbr/\u003e\u003cb\u003eID:\u003c/b\u003e 4105\u003cbr/\u003e\u003cb\u003eFB:\u003c/b\u003e \u003ca href=\u0027https://www.facebook.com/groups/beshvil.yael/posts/3941325062827282/\u0027\u003ehttps://www.facebook.com/groups/beshvil.yael/posts/3941325062827282/\u003c/a\u003e\u003cbr/\u003e\u003cbr/\u003e\u003cimg src=\u0027https://drive.google.com/uc?export=view\u0026amp;id=1nZBQ7MFdjI0avxr7NLOLZfIGnhIXl-I9\u0027 width=\u0027450\u0027/\u003e\u003cbr/\u003e\u003c/div\u003e",
                                            "tessellate":  -1,
                                            "extrude":  0,
                                            "visibility":  -1
                                        },
                         "geometry":  {
                                          "type":  "Point",
                                          "coordinates":  [
                                                              35.22723,
                                                              32.87313,
                                                              0.0
                                                          ]
                                      }
                     },
                     {
                         "type":  "Feature",
                         "properties":  {
                                            "Name":  "#6544",
                                            "description":  "\u003cdiv dir=\u0027rtl\u0027 style=\u0027font-family:Arial;\u0027\u003e\u003cb\u003eשם:\u003c/b\u003e אילן וקנין\u003cbr/\u003e\u003cb\u003eאתר:\u003c/b\u003e יערות מנשה\u003cbr/\u003e\u003cb\u003eתאריך:\u003c/b\u003e 18-04-2026\u003cbr/\u003e\u003cb\u003eID:\u003c/b\u003e 4153\u003cbr/\u003e\u003cb\u003eFB:\u003c/b\u003e \u003ca href=\u0027https://www.facebook.com/groups/beshvil.yael/posts/3947526885540433/\u0027\u003ehttps://www.facebook.com/groups/beshvil.yael/posts/3947526885540433/\u003c/a\u003e\u003cbr/\u003e\u003cbr/\u003e\u003cimg src=\u0027https://drive.google.com/uc?export=view\u0026amp;id=1UCnnfbFvEkZHY3ZUPuMNLfbAF5FLqzOn\u0027 width=\u0027450\u0027/\u003e\u003cbr/\u003e\u003c/div\u003e",
                                            "tessellate":  -1,
                                            "extrude":  0,
                                            "visibility":  -1
                                        },
                         "geometry":  {
                                          "type":  "Point",
                                          "coordinates":  [
                                                              35.12363,
                                                              32.59476,
                                                              0.0
                                                          ]
                                      }
                     },
                     {
                         "type":  "Feature",
                         "properties":  {
                                            "Name":  "#6544",
                                            "description":  "\u003cdiv dir=\u0027rtl\u0027 style=\u0027font-family:Arial;\u0027\u003e\u003cb\u003eשם:\u003c/b\u003e אילן וקנין\u003cbr/\u003e\u003cb\u003eאתר:\u003c/b\u003e ראש הנקרה\u003cbr/\u003e\u003cb\u003eתאריך:\u003c/b\u003e 22-04-2026\u003cbr/\u003e\u003cb\u003eID:\u003c/b\u003e 4208\u003cbr/\u003e\u003cb\u003eFB:\u003c/b\u003e \u003ca href=\u0027https://www.facebook.com/groups/beshvil.yael/posts/3950796015213520/\u0027\u003ehttps://www.facebook.com/groups/beshvil.yael/posts/3950796015213520/\u003c/a\u003e\u003cbr/\u003e\u003cbr/\u003e\u003cimg src=\u0027https://drive.google.com/uc?export=view\u0026amp;id=1Nf34uh1uaKpyfjKp9RvyXazwMWT0FLc-\u0027 width=\u0027450\u0027/\u003e\u003cbr/\u003e\u003c/div\u003e",
                                            "tessellate":  -1,
                                            "extrude":  0,
                                            "visibility":  -1
                                        },
                         "geometry":  {
                                          "type":  "Point",
                                          "coordinates":  [
                                                              35.10641,
                                                              33.09114,
                                                              0.0
                                                          ]
                                      }
                     },
                     {
                         "type":  "Feature",
                         "properties":  {
                                            "Name":  "#6544",
                                            "description":  "\u003cdiv dir=\u0027rtl\u0027 style=\u0027font-family:Arial;\u0027\u003e\u003cb\u003eשם:\u003c/b\u003e אילן וקנין\u003cbr/\u003e\u003cb\u003eאתר:\u003c/b\u003e סינגל כברי\u003cbr/\u003e\u003cb\u003eתאריך:\u003c/b\u003e 25-04-2026\u003cbr/\u003e\u003cb\u003eID:\u003c/b\u003e 4254\u003cbr/\u003e\u003cb\u003eFB:\u003c/b\u003e \u003ca href=\u0027https://www.facebook.com/groups/beshvil.yael/posts/3953905338235921/\u0027\u003ehttps://www.facebook.com/groups/beshvil.yael/posts/3953905338235921/\u003c/a\u003e\u003cbr/\u003e\u003cbr/\u003e\u003cimg src=\u0027https://drive.google.com/uc?export=view\u0026amp;id=1qq91ZVo699zat4kV5Cy0FD-uS1moj9qn\u0027 width=\u0027450\u0027/\u003e\u003cbr/\u003e\u003c/div\u003e",
                                            "tessellate":  -1,
                                            "extrude":  0,
                                            "visibility":  -1
                                        },
                         "geometry":  {
                                          "type":  "Point",
                                          "coordinates":  [
                                                              35.14855,
                                                              33.02602,
                                                              0.0
                                                          ]
                                      }
                     },
                     {
                         "type":  "Feature",
                         "properties":  {
                                            "Name":  "#6544",
                                            "description":  "\u003cdiv dir=\u0027rtl\u0027 style=\u0027font-family:Arial;\u0027\u003e\u003cb\u003eשם:\u003c/b\u003e אילן וקנין\u003cbr/\u003e\u003cb\u003eאתר:\u003c/b\u003e סינגל מעלה אלכסנדר\u003cbr/\u003e\u003cb\u003eתאריך:\u003c/b\u003e 09-05-2026\u003cbr/\u003e\u003cb\u003eID:\u003c/b\u003e 4384\u003cbr/\u003e\u003cb\u003eFB:\u003c/b\u003e \u003ca href=\u0027https://www.facebook.com/groups/beshvil.yael/posts/3966635656962889/\u0027\u003ehttps://www.facebook.com/groups/beshvil.yael/posts/3966635656962889/\u003c/a\u003e\u003cbr/\u003e\u003cbr/\u003e\u003cimg src=\u0027https://drive.google.com/uc?export=view\u0026amp;id=1iQv1wJfu9QaVp2KT1nmijIcjyycCyfeq\u0027 width=\u0027450\u0027/\u003e\u003cbr/\u003e\u003c/div\u003e",
                                            "tessellate":  -1,
                                            "extrude":  0,
                                            "visibility":  -1
                                        },
                         "geometry":  {
                                          "type":  "Point",
                                          "coordinates":  [
                                                              34.99954,
                                                              32.2379,
                                                              0.0
                                                          ]
                                      }
                     },
                     {
                         "type":  "Feature",
                         "properties":  {
                                            "Name":  "#6544",
                                            "description":  "\u003cdiv dir=\u0027rtl\u0027 style=\u0027font-family:Arial;\u0027\u003e\u003cb\u003eשם:\u003c/b\u003e אילן וקנין\u003cbr/\u003e\u003cb\u003eאתר:\u003c/b\u003e סינגל קרית אתא\u003cbr/\u003e\u003cb\u003eתאריך:\u003c/b\u003e 16-05-2026\u003cbr/\u003e\u003cb\u003eID:\u003c/b\u003e 4457\u003cbr/\u003e\u003cb\u003eFB:\u003c/b\u003e \u003ca href=\u0027https://www.facebook.com/groups/beshvil.yael/posts/3973164956309959/\u0027\u003ehttps://www.facebook.com/groups/beshvil.yael/posts/3973164956309959/\u003c/a\u003e\u003cbr/\u003e\u003cbr/\u003e\u003cimg src=\u0027https://drive.google.com/uc?export=view\u0026amp;id=1WOBKccSd2TQeehsTetZStqoCQpurRaiD\u0027 width=\u0027450\u0027/\u003e\u003cbr/\u003e\u003c/div\u003e",
                                            "tessellate":  -1,
                                            "extrude":  0,
                                            "visibility":  -1
                                        },
                         "geometry":  {
                                          "type":  "Point",
                                          "coordinates":  [
                                                              35.15532,
                                                              32.78172,
                                                              0.0
                                                          ]
                                      }
                     },
                     {
                         "type":  "Feature",
                         "properties":  {
                                            "Name":  "#6544",
                                            "description":  "\u003cdiv dir=\u0027rtl\u0027 style=\u0027font-family:Arial;\u0027\u003e\u003cb\u003eשם:\u003c/b\u003e אילן וקנין\u003cbr/\u003e\u003cb\u003eאתר:\u003c/b\u003e סובב ירושלים\u003cbr/\u003e\u003cb\u003eתאריך:\u003c/b\u003e 29-05-2026\u003cbr/\u003e\u003cb\u003eID:\u003c/b\u003e 4563\u003cbr/\u003e\u003cb\u003eFB:\u003c/b\u003e \u003ca href=\u0027https://www.facebook.com/groups/beshvil.yael/posts/3985406245085830/\u0027\u003ehttps://www.facebook.com/groups/beshvil.yael/posts/3985406245085830/\u003c/a\u003e\u003cbr/\u003e\u003cbr/\u003e\u003cimg src=\u0027https://drive.google.com/uc?export=view\u0026amp;id=1DUltKzaCiXPuclbImH8sB8gNVehILehk\u0027 width=\u0027450\u0027/\u003e\u003cbr/\u003e\u003c/div\u003e",
                                            "tessellate":  -1,
                                            "extrude":  0,
                                            "visibility":  -1
                                        },
                         "geometry":  {
                                          "type":  "Point",
                                          "coordinates":  [
                                                              35.20827,
                                                              31.75246,
                                                              0.0
                                                          ]
                                      }
                     },
                     {
                         "type":  "Feature",
                         "properties":  {
                                            "Name":  "#6548",
                                            "description":  "\u003cdiv dir=\u0027rtl\u0027 style=\u0027font-family:Arial;\u0027\u003e\u003cb\u003eשם:\u003c/b\u003e נורית הדס\u003cbr/\u003e\u003cb\u003eאתר:\u003c/b\u003e עין מודע\u003cbr/\u003e\u003cb\u003eתאריך:\u003c/b\u003e 07-02-2026\u003cbr/\u003e\u003cb\u003eID:\u003c/b\u003e 3625\u003cbr/\u003e\u003cb\u003eFB:\u003c/b\u003e \u003ca href=\u0027https://www.facebook.com/groups/beshvil.yael/posts/3883638928595896/\u0027\u003ehttps://www.facebook.com/groups/beshvil.yael/posts/3883638928595896/\u003c/a\u003e\u003cbr/\u003e\u003cbr/\u003e\u003cimg src=\u0027https://drive.google.com/uc?export=view\u0026amp;id=1-xbstFjdMS6bOildFXQgNCuh6---cfXn\u0027 width=\u0027450\u0027/\u003e\u003cbr/\u003e\u003c/div\u003e",
                                            "tessellate":  -1,
                                            "extrude":  0,
                                            "visibility":  -1
                                        },
                         "geometry":  {
                                          "type":  "Point",
                                          "coordinates":  [
                                                              35.44197,
                                                              32.47443,
                                                              0.0
                                                          ]
                                      }
                     },
                     {
                         "type":  "Feature",
                         "properties":  {
                                            "Name":  "#6550",
                                            "description":  "\u003cdiv dir=\u0027rtl\u0027 style=\u0027font-family:Arial;\u0027\u003e\u003cb\u003eשם:\u003c/b\u003e נורית הדס\u003cbr/\u003e\u003cb\u003eאתר:\u003c/b\u003e עין מודע\u003cbr/\u003e\u003cb\u003eתאריך:\u003c/b\u003e 07-02-2026\u003cbr/\u003e\u003cb\u003eID:\u003c/b\u003e 85\u003cbr/\u003e\u003cb\u003eFB:\u003c/b\u003e \u003ca href=\u0027https://www.facebook.com/groups/beshvil.yael/posts/3883638928595896/\u0027\u003ehttps://www.facebook.com/groups/beshvil.yael/posts/3883638928595896/\u003c/a\u003e\u003cbr/\u003e\u003cbr/\u003e\u003cimg src=\u0027https://drive.google.com/uc?export=view\u0026amp;id=1-xbstFjdMS6bOildFXQgNCuh6---cfXn\u0027 width=\u0027450\u0027/\u003e\u003cbr/\u003e\u003c/div\u003e",
                                            "tessellate":  -1,
                                            "extrude":  0,
                                            "visibility":  -1
                                        },
                         "geometry":  {
                                          "type":  "Point",
                                          "coordinates":  [
                                                              35.44197,
                                                              32.4747,
                                                              0.0
                                                          ]
                                      }
                     },
                     {
                         "type":  "Feature",
                         "properties":  {
                                            "Name":  "#6653",
                                            "description":  "\u003cdiv dir=\u0027rtl\u0027 style=\u0027font-family:Arial;\u0027\u003e\u003cb\u003eשם:\u003c/b\u003e רואי סהר\u003cbr/\u003e\u003cb\u003eאתר:\u003c/b\u003e שביל הגולן\u003cbr/\u003e\u003cb\u003eתאריך:\u003c/b\u003e 22-04-2026\u003cbr/\u003e\u003cb\u003eID:\u003c/b\u003e 4239\u003cbr/\u003e\u003cb\u003eFB:\u003c/b\u003e \u003ca href=\u0027https://www.facebook.com/groups/beshvil.yael/posts/3950942411865547\u0027\u003ehttps://www.facebook.com/groups/beshvil.yael/posts/3950942411865547\u003c/a\u003e\u003cbr/\u003e\u003cbr/\u003e\u003cimg src=\u0027https://drive.google.com/uc?export=view\u0026amp;id=1tgf-v4VdYrPncjmuqe_oDF5vgsGvpOfb\u0027 width=\u0027450\u0027/\u003e\u003cbr/\u003e\u003c/div\u003e",
                                            "tessellate":  -1,
                                            "extrude":  0,
                                            "visibility":  -1
                                        },
                         "geometry":  {
                                          "type":  "Point",
                                          "coordinates":  [
                                                              35.75226,
                                                              33.24429,
                                                              0.0
                                                          ]
                                      }
                     },
                     {
                         "type":  "Feature",
                         "properties":  {
                                            "Name":  "#6661",
                                            "description":  "\u003cdiv dir=\u0027rtl\u0027 style=\u0027font-family:Arial;\u0027\u003e\u003cb\u003eשם:\u003c/b\u003e אהב בקר\u003cbr/\u003e\u003cb\u003eאתר:\u003c/b\u003e עמק הבכא\u003cbr/\u003e\u003cb\u003eתאריך:\u003c/b\u003e 16-09-2025\u003cbr/\u003e\u003cb\u003eID:\u003c/b\u003e 1901\u003cbr/\u003e\u003cb\u003eFB:\u003c/b\u003e \u003ca href=\u0027https://www.facebook.com/groups/beshvil.yael/posts/3751905488435908\u0027\u003ehttps://www.facebook.com/groups/beshvil.yael/posts/3751905488435908\u003c/a\u003e\u003cbr/\u003e\u003cbr/\u003e\u003cimg src=\u0027https://drive.google.com/uc?export=view\u0026amp;id=1CaYKTENz5T9lJKcOUlyXTwEatXVYqrax\u0027 width=\u0027450\u0027/\u003e\u003cbr/\u003e\u003c/div\u003e",
                                            "tessellate":  -1,
                                            "extrude":  0,
                                            "visibility":  -1
                                        },
                         "geometry":  {
                                          "type":  "Point",
                                          "coordinates":  [
                                                              35.7983499,
                                                              33.1773298,
                                                              0.0
                                                          ]
                                      }
                     },
                     {
                         "type":  "Feature",
                         "properties":  {
                                            "Name":  "#6661",
                                            "description":  "\u003cdiv dir=\u0027rtl\u0027 style=\u0027font-family:Arial;\u0027\u003e\u003cb\u003eשם:\u003c/b\u003e אהב בקר\u003cbr/\u003e\u003cb\u003eאתר:\u003c/b\u003e חוף דור לחוף הבונים\u003cbr/\u003e\u003cb\u003eתאריך:\u003c/b\u003e 26-09-2025\u003cbr/\u003e\u003cb\u003eID:\u003c/b\u003e 2053\u003cbr/\u003e\u003cb\u003eFB:\u003c/b\u003e \u003ca href=\u0027https://www.facebook.com/groups/beshvil.yael/posts/3761128304180293/\u0027\u003ehttps://www.facebook.com/groups/beshvil.yael/posts/3761128304180293/\u003c/a\u003e\u003cbr/\u003e\u003cbr/\u003e\u003cimg src=\u0027https://drive.google.com/uc?export=view\u0026amp;id=1rogfVlO1GK-gE9s9tknYLU_TXwECdueU\u0027 width=\u0027450\u0027/\u003e\u003cbr/\u003e\u003c/div\u003e",
                                            "tessellate":  -1,
                                            "extrude":  0,
                                            "visibility":  -1
                                        },
                         "geometry":  {
                                          "type":  "Point",
                                          "coordinates":  [
                                                              34.92509,
                                                              32.64774,
                                                              0.0
                                                          ]
                                      }
                     },
                     {
                         "type":  "Feature",
                         "properties":  {
                                            "Name":  "#6661",
                                            "description":  "\u003cdiv dir=\u0027rtl\u0027 style=\u0027font-family:Arial;\u0027\u003e\u003cb\u003eשם:\u003c/b\u003e אהב בקר\u003cbr/\u003e\u003cb\u003eאתר:\u003c/b\u003e הר הכרמל\u003cbr/\u003e\u003cb\u003eתאריך:\u003c/b\u003e 25-10-2025\u003cbr/\u003e\u003cb\u003eID:\u003c/b\u003e 2510\u003cbr/\u003e\u003cb\u003eFB:\u003c/b\u003e \u003ca href=\u0027https://www.facebook.com/groups/beshvil.yael/posts/3789848967974893\u0027\u003ehttps://www.facebook.com/groups/beshvil.yael/posts/3789848967974893\u003c/a\u003e\u003cbr/\u003e\u003cbr/\u003e\u003cimg src=\u0027https://drive.google.com/uc?export=view\u0026amp;id=1gfCQck_6MEn-yvH-NCe2BlYVPxR5MoSj\u0027 width=\u0027450\u0027/\u003e\u003cbr/\u003e\u003c/div\u003e",
                                            "tessellate":  -1,
                                            "extrude":  0,
                                            "visibility":  -1
                                        },
                         "geometry":  {
                                          "type":  "Point",
                                          "coordinates":  [
                                                              35.03558,
                                                              32.73666,
                                                              0.0
                                                          ]
                                      }
                     },
                     {
                         "type":  "Feature",
                         "properties":  {
                                            "Name":  "#6661",
                                            "description":  "\u003cdiv dir=\u0027rtl\u0027 style=\u0027font-family:Arial;\u0027\u003e\u003cb\u003eשם:\u003c/b\u003e אהב בקר\u003cbr/\u003e\u003cb\u003eאתר:\u003c/b\u003e מעלה יעל\u003cbr/\u003e\u003cb\u003eתאריך:\u003c/b\u003e 28-10-2025\u003cbr/\u003e\u003cb\u003eID:\u003c/b\u003e 2542\u003cbr/\u003e\u003cb\u003eFB:\u003c/b\u003e \u003ca href=\u0027https://www.facebook.com/groups/beshvil.yael/posts/3793109000982223/\u0027\u003ehttps://www.facebook.com/groups/beshvil.yael/posts/3793109000982223/\u003c/a\u003e\u003cbr/\u003e\u003cbr/\u003e\u003cimg src=\u0027https://drive.google.com/uc?export=view\u0026amp;id=1rPCerp6WdhVWhuJT9dU7ZbMOFlCSvY3n\u0027 width=\u0027450\u0027/\u003e\u003cbr/\u003e\u003c/div\u003e",
                                            "tessellate":  -1,
                                            "extrude":  0,
                                            "visibility":  -1
                                        },
                         "geometry":  {
                                          "type":  "Point",
                                          "coordinates":  [
                                                              34.7903,
                                                              30.60253,
                                                              0.0
                                                          ]
                                      }
                     },
                     {
                         "type":  "Feature",
                         "properties":  {
                                            "Name":  "#6661",
                                            "description":  "\u003cdiv dir=\u0027rtl\u0027 style=\u0027font-family:Arial;\u0027\u003e\u003cb\u003eשם:\u003c/b\u003e אהב בקר\u003cbr/\u003e\u003cb\u003eאתר:\u003c/b\u003e חורבת חממה\u003cbr/\u003e\u003cb\u003eתאריך:\u003c/b\u003e 05-11-2025\u003cbr/\u003e\u003cb\u003eID:\u003c/b\u003e 2617\u003cbr/\u003e\u003cb\u003eFB:\u003c/b\u003e \u003ca href=\u0027https://www.facebook.com/groups/beshvil.yael/posts/3800527270240396\u0027\u003ehttps://www.facebook.com/groups/beshvil.yael/posts/3800527270240396\u003c/a\u003e\u003cbr/\u003e\u003cbr/\u003e\u003cimg src=\u0027https://drive.google.com/uc?export=view\u0026amp;id=1efjQMIwbBJCQTQX-YWUKwFZupJWl_WfO\u0027 width=\u0027450\u0027/\u003e\u003cbr/\u003e\u003c/div\u003e",
                                            "tessellate":  -1,
                                            "extrude":  0,
                                            "visibility":  -1
                                        },
                         "geometry":  {
                                          "type":  "Point",
                                          "coordinates":  [
                                                              35.38973,
                                                              33.00346,
                                                              0.0
                                                          ]
                                      }
                     },
                     {
                         "type":  "Feature",
                         "properties":  {
                                            "Name":  "#6661",
                                            "description":  "\u003cdiv dir=\u0027rtl\u0027 style=\u0027font-family:Arial;\u0027\u003e\u003cb\u003eשם:\u003c/b\u003e אהב בקר\u003cbr/\u003e\u003cb\u003eאתר:\u003c/b\u003e מפל הבניאס.\u003cbr/\u003e\u003cb\u003eתאריך:\u003c/b\u003e 08-11-2025\u003cbr/\u003e\u003cb\u003eID:\u003c/b\u003e 2643\u003cbr/\u003e\u003cb\u003eFB:\u003c/b\u003e \u003ca href=\u0027https://www.facebook.com/groups/beshvil.yael/posts/3803263626633427\u0027\u003ehttps://www.facebook.com/groups/beshvil.yael/posts/3803263626633427\u003c/a\u003e\u003cbr/\u003e\u003cbr/\u003e\u003cimg src=\u0027https://drive.google.com/uc?export=view\u0026amp;id=1a0CwWikC_PukgMHixLmF_59hi7SdszFX\u0027 width=\u0027450\u0027/\u003e\u003cbr/\u003e\u003c/div\u003e",
                                            "tessellate":  -1,
                                            "extrude":  0,
                                            "visibility":  -1
                                        },
                         "geometry":  {
                                          "type":  "Point",
                                          "coordinates":  [
                                                              35.68314,
                                                              33.24105,
                                                              0.0
                                                          ]
                                      }
                     },
                     {
                         "type":  "Feature",
                         "properties":  {
                                            "Name":  "#6661",
                                            "description":  "\u003cdiv dir=\u0027rtl\u0027 style=\u0027font-family:Arial;\u0027\u003e\u003cb\u003eשם:\u003c/b\u003e אהב בקר\u003cbr/\u003e\u003cb\u003eאתר:\u003c/b\u003e אנדרטת אסון הכרמל\u003cbr/\u003e\u003cb\u003eתאריך:\u003c/b\u003e 09-11-2025\u003cbr/\u003e\u003cb\u003eID:\u003c/b\u003e 2671\u003cbr/\u003e\u003cb\u003eFB:\u003c/b\u003e \u003ca href=\u0027https://www.facebook.com/groups/beshvil.yael/posts/3805033479789775\u0027\u003ehttps://www.facebook.com/groups/beshvil.yael/posts/3805033479789775\u003c/a\u003e\u003cbr/\u003e\u003cbr/\u003e\u003cimg src=\u0027https://drive.google.com/uc?export=view\u0026amp;id=1NOqQ0cYwMkdT_0tl2ELDra6nnFROu7z8\u0027 width=\u0027450\u0027/\u003e\u003cbr/\u003e\u003c/div\u003e",
                                            "tessellate":  -1,
                                            "extrude":  0,
                                            "visibility":  -1
                                        },
                         "geometry":  {
                                          "type":  "Point",
                                          "coordinates":  [
                                                              35.01329,
                                                              32.72871,
                                                              0.0
                                                          ]
                                      }
                     },
                     {
                         "type":  "Feature",
                         "properties":  {
                                            "Name":  "#6661",
                                            "description":  "\u003cdiv dir=\u0027rtl\u0027 style=\u0027font-family:Arial;\u0027\u003e\u003cb\u003eשם:\u003c/b\u003e אהב בקר\u003cbr/\u003e\u003cb\u003eאתר:\u003c/b\u003e נחל ימין\u003cbr/\u003e\u003cb\u003eתאריך:\u003c/b\u003e 20-11-2025\u003cbr/\u003e\u003cb\u003eID:\u003c/b\u003e 2796\u003cbr/\u003e\u003cb\u003eFB:\u003c/b\u003e \u003ca href=\u0027https://www.facebook.com/groups/beshvil.yael/posts/3814838128809310/\u0027\u003ehttps://www.facebook.com/groups/beshvil.yael/posts/3814838128809310/\u003c/a\u003e\u003cbr/\u003e\u003cbr/\u003e\u003cimg src=\u0027https://drive.google.com/uc?export=view\u0026amp;id=1-JGMuOa4C5IiwRUJq1XMldasDneU-qzO\u0027 width=\u0027450\u0027/\u003e\u003cbr/\u003e\u003c/div\u003e",
                                            "tessellate":  -1,
                                            "extrude":  0,
                                            "visibility":  -1
                                        },
                         "geometry":  {
                                          "type":  "Point",
                                          "coordinates":  [
                                                              35.08387,
                                                              30.96013,
                                                              0.0
                                                          ]
                                      }
                     },
                     {
                         "type":  "Feature",
                         "properties":  {
                                            "Name":  "#6661",
                                            "description":  "\u003cdiv dir=\u0027rtl\u0027 style=\u0027font-family:Arial;\u0027\u003e\u003cb\u003eשם:\u003c/b\u003e אהב בקר\u003cbr/\u003e\u003cb\u003eאתר:\u003c/b\u003e מעלה אפור\u003cbr/\u003e\u003cb\u003eתאריך:\u003c/b\u003e 25-11-2025\u003cbr/\u003e\u003cb\u003eID:\u003c/b\u003e 2865\u003cbr/\u003e\u003cb\u003eFB:\u003c/b\u003e \u003ca href=\u0027https://www.facebook.com/groups/beshvil.yael/posts/3819354478357675\u0027\u003ehttps://www.facebook.com/groups/beshvil.yael/posts/3819354478357675\u003c/a\u003e\u003cbr/\u003e\u003cbr/\u003e\u003cimg src=\u0027https://drive.google.com/uc?export=view\u0026amp;id=1IZNX9MjsHMFBPaoPPTBztR7ZuEsn0TTb\u0027 width=\u0027450\u0027/\u003e\u003cbr/\u003e\u003c/div\u003e",
                                            "tessellate":  -1,
                                            "extrude":  0,
                                            "visibility":  -1
                                        },
                         "geometry":  {
                                          "type":  "Point",
                                          "coordinates":  [
                                                              34.88903,
                                                              30.58368,
                                                              0.0
                                                          ]
                                      }
                     },
                     {
                         "type":  "Feature",
                         "properties":  {
                                            "Name":  "#6661",
                                            "description":  "\u003cdiv dir=\u0027rtl\u0027 style=\u0027font-family:Arial;\u0027\u003e\u003cb\u003eשם:\u003c/b\u003e אהב בקר\u003cbr/\u003e\u003cb\u003eאתר:\u003c/b\u003e בריכת קליאופטרה\u003cbr/\u003e\u003cb\u003eתאריך:\u003c/b\u003e 30-11-2025\u003cbr/\u003e\u003cb\u003eID:\u003c/b\u003e 2931\u003cbr/\u003e\u003cb\u003eFB:\u003c/b\u003e \u003ca href=\u0027https://www.facebook.com/groups/beshvil.yael/posts/3823584954601294\u0027\u003ehttps://www.facebook.com/groups/beshvil.yael/posts/3823584954601294\u003c/a\u003e\u003cbr/\u003e\u003cbr/\u003e\u003cimg src=\u0027https://drive.google.com/uc?export=view\u0026amp;id=1ZoGMeTi0MlIhJkGhuRWfz0DP5mdEETL6\u0027 width=\u0027450\u0027/\u003e\u003cbr/\u003e\u003c/div\u003e",
                                            "tessellate":  -1,
                                            "extrude":  0,
                                            "visibility":  -1
                                        },
                         "geometry":  {
                                          "type":  "Point",
                                          "coordinates":  [
                                                              34.88872,
                                                              32.49707,
                                                              0.0
                                                          ]
                                      }
                     },
                     {
                         "type":  "Feature",
                         "properties":  {
                                            "Name":  "#6661",
                                            "description":  "\u003cdiv dir=\u0027rtl\u0027 style=\u0027font-family:Arial;\u0027\u003e\u003cb\u003eשם:\u003c/b\u003e אהב בקר\u003cbr/\u003e\u003cb\u003eאתר:\u003c/b\u003e מיצד מחמל\u003cbr/\u003e\u003cb\u003eתאריך:\u003c/b\u003e 05-12-2025\u003cbr/\u003e\u003cb\u003eID:\u003c/b\u003e 2967\u003cbr/\u003e\u003cb\u003eFB:\u003c/b\u003e \u003ca href=\u0027https://www.facebook.com/groups/beshvil.yael/posts/3827824607510662/\u0027\u003ehttps://www.facebook.com/groups/beshvil.yael/posts/3827824607510662/\u003c/a\u003e\u003cbr/\u003e\u003cbr/\u003e\u003cimg src=\u0027https://drive.google.com/uc?export=view\u0026amp;id=1WImzGvkak97k_3JyTxHfdt7qXcNi62QY\u0027 width=\u0027450\u0027/\u003e\u003cbr/\u003e\u003c/div\u003e",
                                            "tessellate":  -1,
                                            "extrude":  0,
                                            "visibility":  -1
                                        },
                         "geometry":  {
                                          "type":  "Point",
                                          "coordinates":  [
                                                              34.91144,
                                                              30.68324,
                                                              0.0
                                                          ]
                                      }
                     },
                     {
                         "type":  "Feature",
                         "properties":  {
                                            "Name":  "#6661",
                                            "description":  "\u003cdiv dir=\u0027rtl\u0027 style=\u0027font-family:Arial;\u0027\u003e\u003cb\u003eשם:\u003c/b\u003e אהב בקר\u003cbr/\u003e\u003cb\u003eאתר:\u003c/b\u003e תצפית קרני רמון\u003cbr/\u003e\u003cb\u003eתאריך:\u003c/b\u003e 14-12-2025\u003cbr/\u003e\u003cb\u003eID:\u003c/b\u003e 3061\u003cbr/\u003e\u003cb\u003eFB:\u003c/b\u003e \u003ca href=\u0027https://www.facebook.com/groups/beshvil.yael/posts/3835354423424347\u0027\u003ehttps://www.facebook.com/groups/beshvil.yael/posts/3835354423424347\u003c/a\u003e\u003cbr/\u003e\u003cbr/\u003e\u003cimg src=\u0027https://drive.google.com/uc?export=view\u0026amp;id=1stmjdhuweghqups0vIR-Fw0jPjrVX3-V\u0027 width=\u0027450\u0027/\u003e\u003cbr/\u003e\u003c/div\u003e",
                                            "tessellate":  -1,
                                            "extrude":  0,
                                            "visibility":  -1
                                        },
                         "geometry":  {
                                          "type":  "Point",
                                          "coordinates":  [
                                                              34.64965,
                                                              30.52246,
                                                              0.0
                                                          ]
                                      }
                     },
                     {
                         "type":  "Feature",
                         "properties":  {
                                            "Name":  "#6661",
                                            "description":  "\u003cdiv dir=\u0027rtl\u0027 style=\u0027font-family:Arial;\u0027\u003e\u003cb\u003eשם:\u003c/b\u003e אהב בקר\u003cbr/\u003e\u003cb\u003eאתר:\u003c/b\u003e גב ילק\u003cbr/\u003e\u003cb\u003eתאריך:\u003c/b\u003e 14-12-2025\u003cbr/\u003e\u003cb\u003eID:\u003c/b\u003e 432\u003cbr/\u003e\u003cb\u003eFB:\u003c/b\u003e \u003ca href=\u0027https://www.facebook.com/groups/beshvil.yael/posts/3835234340103022/\u0027\u003ehttps://www.facebook.com/groups/beshvil.yael/posts/3835234340103022/\u003c/a\u003e\u003cbr/\u003e\u003cbr/\u003e\u003cimg src=\u0027https://drive.google.com/uc?export=view\u0026amp;id=1gEwYg1S504MEr4m9n5-gxtf8Ip6ic0hi\u0027 width=\u0027450\u0027/\u003e\u003cbr/\u003e\u003c/div\u003e",
                                            "tessellate":  -1,
                                            "extrude":  0,
                                            "visibility":  -1
                                        },
                         "geometry":  {
                                          "type":  "Point",
                                          "coordinates":  [
                                                              34.91149,
                                                              30.55869,
                                                              0.0
                                                          ]
                                      }
                     },
                     {
                         "type":  "Feature",
                         "properties":  {
                                            "Name":  "#6661",
                                            "description":  "\u003cdiv dir=\u0027rtl\u0027 style=\u0027font-family:Arial;\u0027\u003e\u003cb\u003eשם:\u003c/b\u003e אהב בקר\u003cbr/\u003e\u003cb\u003eאתר:\u003c/b\u003e פרסת דרוך\u003cbr/\u003e\u003cb\u003eתאריך:\u003c/b\u003e 26-12-2025\u003cbr/\u003e\u003cb\u003eID:\u003c/b\u003e 3181\u003cbr/\u003e\u003cb\u003eFB:\u003c/b\u003e \u003ca href=\u0027https://www.facebook.com/groups/beshvil.yael/posts/3845661305726992\u0027\u003ehttps://www.facebook.com/groups/beshvil.yael/posts/3845661305726992\u003c/a\u003e\u003cbr/\u003e\u003cbr/\u003e\u003cimg src=\u0027https://drive.google.com/uc?export=view\u0026amp;id=1L0aZqLpZdUrzybFeknqEbQgNVlFvlXyq\u0027 width=\u0027450\u0027/\u003e\u003cbr/\u003e\u003c/div\u003e",
                                            "tessellate":  -1,
                                            "extrude":  0,
                                            "visibility":  -1
                                        },
                         "geometry":  {
                                          "type":  "Point",
                                          "coordinates":  [
                                                              34.85937,
                                                              30.85235,
                                                              0.0
                                                          ]
                                      }
                     },
                     {
                         "type":  "Feature",
                         "properties":  {
                                            "Name":  "#6661",
                                            "description":  "\u003cdiv dir=\u0027rtl\u0027 style=\u0027font-family:Arial;\u0027\u003e\u003cb\u003eשם:\u003c/b\u003e אהב בקר\u003cbr/\u003e\u003cb\u003eאתר:\u003c/b\u003e נחל פרת\u003cbr/\u003e\u003cb\u003eתאריך:\u003c/b\u003e 10-01-2026\u003cbr/\u003e\u003cb\u003eID:\u003c/b\u003e 3316\u003cbr/\u003e\u003cb\u003eFB:\u003c/b\u003e \u003ca href=\u0027https://www.facebook.com/groups/beshvil.yael/posts/3858169397809516/\u0027\u003ehttps://www.facebook.com/groups/beshvil.yael/posts/3858169397809516/\u003c/a\u003e\u003cbr/\u003e\u003cbr/\u003e\u003cimg src=\u0027https://drive.google.com/uc?export=view\u0026amp;id=1LM1gj6JPebV1TUI9u3Rz2OlxW334tzS5\u0027 width=\u0027450\u0027/\u003e\u003cbr/\u003e\u003c/div\u003e",
                                            "tessellate":  -1,
                                            "extrude":  0,
                                            "visibility":  -1
                                        },
                         "geometry":  {
                                          "type":  "Point",
                                          "coordinates":  [
                                                              35.38847,
                                                              31.83156,
                                                              0.0
                                                          ]
                                      }
                     },
                     {
                         "type":  "Feature",
                         "properties":  {
                                            "Name":  "#6661",
                                            "description":  "\u003cdiv dir=\u0027rtl\u0027 style=\u0027font-family:Arial;\u0027\u003e\u003cb\u003eשם:\u003c/b\u003e אהב בקר\u003cbr/\u003e\u003cb\u003eאתר:\u003c/b\u003e נחל פרס\u003cbr/\u003e\u003cb\u003eתאריך:\u003c/b\u003e 27-01-2026\u003cbr/\u003e\u003cb\u003eID:\u003c/b\u003e 3482\u003cbr/\u003e\u003cb\u003eFB:\u003c/b\u003e \u003ca href=\u0027https://www.facebook.com/groups/beshvil.yael/posts/3872910029668786\u0027\u003ehttps://www.facebook.com/groups/beshvil.yael/posts/3872910029668786\u003c/a\u003e\u003cbr/\u003e\u003cbr/\u003e\u003cimg src=\u0027https://drive.google.com/uc?export=view\u0026amp;id=132CVLNJ5NCA961Be0pehUwt0VXSNpq5M\u0027 width=\u0027450\u0027/\u003e\u003cbr/\u003e\u003c/div\u003e",
                                            "tessellate":  -1,
                                            "extrude":  0,
                                            "visibility":  -1
                                        },
                         "geometry":  {
                                          "type":  "Point",
                                          "coordinates":  [
                                                              35.2919,
                                                              31.00968,
                                                              0.0
                                                          ]
                                      }
                     },
                     {
                         "type":  "Feature",
                         "properties":  {
                                            "Name":  "#6661",
                                            "description":  "\u003cdiv dir=\u0027rtl\u0027 style=\u0027font-family:Arial;\u0027\u003e\u003cb\u003eשם:\u003c/b\u003e אהב בקר\u003cbr/\u003e\u003cb\u003eאתר:\u003c/b\u003e הר כרבולת\u003cbr/\u003e\u003cb\u003eתאריך:\u003c/b\u003e 30-01-2026\u003cbr/\u003e\u003cb\u003eID:\u003c/b\u003e 3518\u003cbr/\u003e\u003cb\u003eFB:\u003c/b\u003e \u003ca href=\u0027https://www.facebook.com/groups/beshvil.yael/posts/3876162209343568\u0027\u003ehttps://www.facebook.com/groups/beshvil.yael/posts/3876162209343568\u003c/a\u003e\u003cbr/\u003e\u003cbr/\u003e\u003cimg src=\u0027https://drive.google.com/uc?export=view\u0026amp;id=1NbNifvTqktpVGOUmckAkMs9ChNwMcMIZ\u0027 width=\u0027450\u0027/\u003e\u003cbr/\u003e\u003c/div\u003e",
                                            "tessellate":  -1,
                                            "extrude":  0,
                                            "visibility":  -1
                                        },
                         "geometry":  {
                                          "type":  "Point",
                                          "coordinates":  [
                                                              35.0002,
                                                              30.9367,
                                                              0.0
                                                          ]
                                      }
                     },
                     {
                         "type":  "Feature",
                         "properties":  {
                                            "Name":  "#6661",
                                            "description":  "\u003cdiv dir=\u0027rtl\u0027 style=\u0027font-family:Arial;\u0027\u003e\u003cb\u003eשם:\u003c/b\u003e אהב בקר\u003cbr/\u003e\u003cb\u003eאתר:\u003c/b\u003e הר תמנע\u003cbr/\u003e\u003cb\u003eתאריך:\u003c/b\u003e 07-02-2026\u003cbr/\u003e\u003cb\u003eID:\u003c/b\u003e 3608\u003cbr/\u003e\u003cb\u003eFB:\u003c/b\u003e \u003ca href=\u0027https://www.facebook.com/groups/beshvil.yael/posts/3883077605318695/\u0027\u003ehttps://www.facebook.com/groups/beshvil.yael/posts/3883077605318695/\u003c/a\u003e\u003cbr/\u003e\u003cbr/\u003e\u003cimg src=\u0027https://drive.google.com/uc?export=view\u0026amp;id=1eq0a7xMwN1F6HiMENCrsNH00mAD10DqQ\u0027 width=\u0027450\u0027/\u003e\u003cbr/\u003e\u003c/div\u003e",
                                            "tessellate":  -1,
                                            "extrude":  0,
                                            "visibility":  -1
                                        },
                         "geometry":  {
                                          "type":  "Point",
                                          "coordinates":  [
                                                              34.96919,
                                                              29.77879,
                                                              0.0
                                                          ]
                                      }
                     },
                     {
                         "type":  "Feature",
                         "properties":  {
                                            "Name":  "#6661",
                                            "description":  "\u003cdiv dir=\u0027rtl\u0027 style=\u0027font-family:Arial;\u0027\u003e\u003cb\u003eשם:\u003c/b\u003e אהב בקר\u003cbr/\u003e\u003cb\u003eאתר:\u003c/b\u003e  עין מטע\u003cbr/\u003e\u003cb\u003eתאריך:\u003c/b\u003e 14-04-2026\u003cbr/\u003e\u003cb\u003eID:\u003c/b\u003e 4127\u003cbr/\u003e\u003cb\u003eFB:\u003c/b\u003e \u003ca href=\u0027https://www.facebook.com/groups/beshvil.yael/posts/3943721702587618\u0027\u003ehttps://www.facebook.com/groups/beshvil.yael/posts/3943721702587618\u003c/a\u003e\u003cbr/\u003e\u003cbr/\u003e\u003cimg src=\u0027https://drive.google.com/uc?export=view\u0026amp;id=12Yg1ovMoVsQMNuQ3n0oTZY2UfSDgTwhU\u0027 width=\u0027450\u0027/\u003e\u003cbr/\u003e\u003c/div\u003e",
                                            "tessellate":  -1,
                                            "extrude":  0,
                                            "visibility":  -1
                                        },
                         "geometry":  {
                                          "type":  "Point",
                                          "coordinates":  [
                                                              35.05113,
                                                              31.71529,
                                                              0.0
                                                          ]
                                      }
                     },
                     {
                         "type":  "Feature",
                         "properties":  {
                                            "Name":  "#6661",
                                            "description":  "\u003cdiv dir=\u0027rtl\u0027 style=\u0027font-family:Arial;\u0027\u003e\u003cb\u003eשם:\u003c/b\u003e אהב בקר\u003cbr/\u003e\u003cb\u003eאתר:\u003c/b\u003e צמת מחצבות\u003cbr/\u003e\u003cb\u003eתאריך:\u003c/b\u003e 01-05-2026\u003cbr/\u003e\u003cb\u003eID:\u003c/b\u003e 4300\u003cbr/\u003e\u003cb\u003eFB:\u003c/b\u003e \u003ca href=\u0027https://www.facebook.com/groups/beshvil.yael/posts/3959527314340390\u0027\u003ehttps://www.facebook.com/groups/beshvil.yael/posts/3959527314340390\u003c/a\u003e\u003cbr/\u003e\u003cbr/\u003e\u003cimg src=\u0027https://drive.google.com/uc?export=view\u0026amp;id=1Dj1ETKJY7gi-3b_VIViZ_1lQIjswX_PH\u0027 width=\u0027450\u0027/\u003e\u003cbr/\u003e\u003c/div\u003e",
                                            "tessellate":  -1,
                                            "extrude":  0,
                                            "visibility":  -1
                                        },
                         "geometry":  {
                                          "type":  "Point",
                                          "coordinates":  [
                                                              34.95279,
                                                              32.02444,
                                                              0.0
                                                          ]
                                      }
                     },
                     {
                         "type":  "Feature",
                         "properties":  {
                                            "Name":  "#6674",
                                            "description":  "\u003cdiv dir=\u0027rtl\u0027 style=\u0027font-family:Arial;\u0027\u003e\u003cb\u003eשם:\u003c/b\u003e דפנה פילובסקי\u003cbr/\u003e\u003cb\u003eאתר:\u003c/b\u003e אבנת\u003cbr/\u003e\u003cb\u003eתאריך:\u003c/b\u003e 06-02-2026\u003cbr/\u003e\u003cb\u003eID:\u003c/b\u003e 3586\u003cbr/\u003e\u003cb\u003eFB:\u003c/b\u003e \u003ca href=\u0027https://www.facebook.com/groups/beshvil.yael/posts/3882246588735130/\u0027\u003ehttps://www.facebook.com/groups/beshvil.yael/posts/3882246588735130/\u003c/a\u003e\u003cbr/\u003e\u003cbr/\u003e\u003cimg src=\u0027https://drive.google.com/uc?export=view\u0026amp;id=1UvzPd2o85kSx1RmEPRItWGojyeoQ-FCi\u0027 width=\u0027450\u0027/\u003e\u003cbr/\u003e\u003c/div\u003e",
                                            "tessellate":  -1,
                                            "extrude":  0,
                                            "visibility":  -1
                                        },
                         "geometry":  {
                                          "type":  "Point",
                                          "coordinates":  [
                                                              35.44239,
                                                              31.6794,
                                                              0.0
                                                          ]
                                      }
                     },
                     {
                         "type":  "Feature",
                         "properties":  {
                                            "Name":  "#6675",
                                            "description":  "\u003cdiv dir=\u0027rtl\u0027 style=\u0027font-family:Arial;\u0027\u003e\u003cb\u003eשם:\u003c/b\u003e הדר דגן\u003cbr/\u003e\u003cb\u003eאתר:\u003c/b\u003e הר תבור\u003cbr/\u003e\u003cb\u003eתאריך:\u003c/b\u003e 24-11-2025\u003cbr/\u003e\u003cb\u003eID:\u003c/b\u003e 2859\u003cbr/\u003e\u003cb\u003eFB:\u003c/b\u003e \u003ca href=\u0027https://www.facebook.com/groups/beshvil.yael/posts/3818604455099344/\u0027\u003ehttps://www.facebook.com/groups/beshvil.yael/posts/3818604455099344/\u003c/a\u003e\u003cbr/\u003e\u003cbr/\u003e\u003cimg src=\u0027https://drive.google.com/uc?export=view\u0026amp;id=131cZgCKPHv2cIAAFTbzrXEK2hOjwDgEJ\u0027 width=\u0027450\u0027/\u003e\u003cbr/\u003e\u003c/div\u003e",
                                            "tessellate":  -1,
                                            "extrude":  0,
                                            "visibility":  -1
                                        },
                         "geometry":  {
                                          "type":  "Point",
                                          "coordinates":  [
                                                              35.38832,
                                                              32.68415,
                                                              0.0
                                                          ]
                                      }
                     },
                     {
                         "type":  "Feature",
                         "properties":  {
                                            "Name":  "#6675",
                                            "description":  "\u003cdiv dir=\u0027rtl\u0027 style=\u0027font-family:Arial;\u0027\u003e\u003cb\u003eשם:\u003c/b\u003e הדר דגן\u003cbr/\u003e\u003cb\u003eאתר:\u003c/b\u003e נחל ערוגות\u003cbr/\u003e\u003cb\u003eתאריך:\u003c/b\u003e 08-02-2026\u003cbr/\u003e\u003cb\u003eID:\u003c/b\u003e 3641\u003cbr/\u003e\u003cb\u003eFB:\u003c/b\u003e \u003ca href=\u0027https://www.facebook.com/groups/beshvil.yael/posts/3884804715145984/\u0027\u003ehttps://www.facebook.com/groups/beshvil.yael/posts/3884804715145984/\u003c/a\u003e\u003cbr/\u003e\u003cbr/\u003e\u003cimg src=\u0027https://drive.google.com/uc?export=view\u0026amp;id=1qqsdnDL1i4UrQIQp9sBRTz4JJz4EVL3o\u0027 width=\u0027450\u0027/\u003e\u003cbr/\u003e\u003c/div\u003e",
                                            "tessellate":  -1,
                                            "extrude":  0,
                                            "visibility":  -1
                                        },
                         "geometry":  {
                                          "type":  "Point",
                                          "coordinates":  [
                                                              35.32408,
                                                              31.47307,
                                                              0.0
                                                          ]
                                      }
                     },
                     {
                         "type":  "Feature",
                         "properties":  {
                                            "Name":  "#6680",
                                            "description":  "\u003cdiv dir=\u0027rtl\u0027 style=\u0027font-family:Arial;\u0027\u003e\u003cb\u003eשם:\u003c/b\u003e מיטל בן ברוך\u003cbr/\u003e\u003cb\u003eאתר:\u003c/b\u003e מתל שוכה ועד בית גוברין\nולקחתי איתי את יעל\u003cbr/\u003e\u003cb\u003eתאריך:\u003c/b\u003e 29-09-2025\u003cbr/\u003e\u003cb\u003eID:\u003c/b\u003e 2097\u003cbr/\u003e\u003cb\u003eFB:\u003c/b\u003e \u003ca href=\u0027https://www.facebook.com/groups/beshvil.yael/posts/3764128613880262\u0027\u003ehttps://www.facebook.com/groups/beshvil.yael/posts/3764128613880262\u003c/a\u003e\u003cbr/\u003e\u003cbr/\u003e\u003cimg src=\u0027https://drive.google.com/uc?export=view\u0026amp;id=1LJLOmZsa3RKfeAQYz8Dut5BZkzQL5QMZ\u0027 width=\u0027450\u0027/\u003e\u003cbr/\u003e\u003c/div\u003e",
                                            "tessellate":  -1,
                                            "extrude":  0,
                                            "visibility":  -1
                                        },
                         "geometry":  {
                                          "type":  "Point",
                                          "coordinates":  [
                                                              34.97015,
                                                              31.68503,
                                                              0.0
                                                          ]
                                      }
                     },
                     {
                         "type":  "Feature",
                         "properties":  {
                                            "Name":  "#6686",
                                            "description":  "\u003cdiv dir=\u0027rtl\u0027 style=\u0027font-family:Arial;\u0027\u003e\u003cb\u003eשם:\u003c/b\u003e ענת שרמן\u003cbr/\u003e\u003cb\u003eאתר:\u003c/b\u003e \u003cbr/\u003e\u003cb\u003eתאריך:\u003c/b\u003e 17-01-2026\u003cbr/\u003e\u003cb\u003eID:\u003c/b\u003e 3390\u003cbr/\u003e\u003cb\u003eFB:\u003c/b\u003e \u003ca href=\u0027https://www.facebook.com/groups/beshvil.yael/posts/3864203163872806\u0027\u003ehttps://www.facebook.com/groups/beshvil.yael/posts/3864203163872806\u003c/a\u003e\u003cbr/\u003e\u003cbr/\u003e\u003cimg src=\u0027https://drive.google.com/uc?export=view\u0026amp;id=1zTcfMUUdBX1uPPOL3euuEY6x7K9Jodyz\u0027 width=\u0027450\u0027/\u003e\u003cbr/\u003e\u003c/div\u003e",
                                            "tessellate":  -1,
                                            "extrude":  0,
                                            "visibility":  -1
                                        },
                         "geometry":  {
                                          "type":  "Point",
                                          "coordinates":  [
                                                              35.30958,
                                                              31.2657,
                                                              0.0
                                                          ]
                                      }
                     },
                     {
                         "type":  "Feature",
                         "properties":  {
                                            "Name":  "#6692",
                                            "description":  "\u003cdiv dir=\u0027rtl\u0027 style=\u0027font-family:Arial;\u0027\u003e\u003cb\u003eשם:\u003c/b\u003e גיל טולקובסקי\u003cbr/\u003e\u003cb\u003eאתר:\u003c/b\u003e הר חרוט\u003cbr/\u003e\u003cb\u003eתאריך:\u003c/b\u003e 25-04-2026\u003cbr/\u003e\u003cb\u003eID:\u003c/b\u003e 4258\u003cbr/\u003e\u003cb\u003eFB:\u003c/b\u003e \u003ca href=\u0027https://www.facebook.com/groups/beshvil.yael/posts/3954027198223735\u0027\u003ehttps://www.facebook.com/groups/beshvil.yael/posts/3954027198223735\u003c/a\u003e\u003cbr/\u003e\u003cbr/\u003e\u003cimg src=\u0027https://drive.google.com/uc?export=view\u0026amp;id=1v2PpM6komTvs2s7bHFnMERAFX5KQCUGe\u0027 width=\u0027450\u0027/\u003e\u003cbr/\u003e\u003c/div\u003e",
                                            "tessellate":  -1,
                                            "extrude":  0,
                                            "visibility":  -1
                                        },
                         "geometry":  {
                                          "type":  "Point",
                                          "coordinates":  [
                                                              34.92106,
                                                              30.62778,
                                                              0.0
                                                          ]
                                      }
                     },
                     {
                         "type":  "Feature",
                         "properties":  {
                                            "Name":  "#6693",
                                            "description":  "\u003cdiv dir=\u0027rtl\u0027 style=\u0027font-family:Arial;\u0027\u003e\u003cb\u003eשם:\u003c/b\u003e \u003cbr/\u003e\u003cb\u003eאתר:\u003c/b\u003e הר חרוט\u003cbr/\u003e\u003cb\u003eתאריך:\u003c/b\u003e 25-04-2026\u003cbr/\u003e\u003cb\u003eID:\u003c/b\u003e 497\u003cbr/\u003e\u003cb\u003eFB:\u003c/b\u003e \u003ca href=\u0027https://www.facebook.com/groups/beshvil.yael/posts/3954027198223735\u0027\u003ehttps://www.facebook.com/groups/beshvil.yael/posts/3954027198223735\u003c/a\u003e\u003cbr/\u003e\u003cbr/\u003e\u003cimg src=\u0027https://drive.google.com/uc?export=view\u0026amp;id=1v2PpM6komTvs2s7bHFnMERAFX5KQCUGe\u0027 width=\u0027450\u0027/\u003e\u003cbr/\u003e\u003c/div\u003e",
                                            "tessellate":  -1,
                                            "extrude":  0,
                                            "visibility":  -1
                                        },
                         "geometry":  {
                                          "type":  "Point",
                                          "coordinates":  [
                                                              34.92106,
                                                              30.62805,
                                                              0.0
                                                          ]
                                      }
                     },
                     {
                         "type":  "Feature",
                         "properties":  {
                                            "Name":  "#6716",
                                            "description":  "\u003cdiv dir=\u0027rtl\u0027 style=\u0027font-family:Arial;\u0027\u003e\u003cb\u003eשם:\u003c/b\u003e \u003cbr/\u003e\u003cb\u003eאתר:\u003c/b\u003e תל מגידו\u003cbr/\u003e\u003cb\u003eתאריך:\u003c/b\u003e 04-05-2026\u003cbr/\u003e\u003cb\u003eID:\u003c/b\u003e 508\u003cbr/\u003e\u003cb\u003eFB:\u003c/b\u003e \u003ca href=\u0027https://www.facebook.com/groups/beshvil.yael/posts/3962132897413165\u0027\u003ehttps://www.facebook.com/groups/beshvil.yael/posts/3962132897413165\u003c/a\u003e\u003cbr/\u003e\u003cbr/\u003e\u003cimg src=\u0027https://drive.google.com/uc?export=view\u0026amp;id=1hBRL340JGT_oprInzPFHqBjsDKzNRfUd\u0027 width=\u0027450\u0027/\u003e\u003cbr/\u003e\u003c/div\u003e",
                                            "tessellate":  -1,
                                            "extrude":  0,
                                            "visibility":  -1
                                        },
                         "geometry":  {
                                          "type":  "Point",
                                          "coordinates":  [
                                                              35.18493,
                                                              32.58688,
                                                              0.0
                                                          ]
                                      }
                     },
                     {
                         "type":  "Feature",
                         "properties":  {
                                            "Name":  "#6716",
                                            "description":  "\u003cdiv dir=\u0027rtl\u0027 style=\u0027font-family:Arial;\u0027\u003e\u003cb\u003eשם:\u003c/b\u003e \u003cbr/\u003e\u003cb\u003eאתר:\u003c/b\u003e הגנים הבהאים\u003cbr/\u003e\u003cb\u003eתאריך:\u003c/b\u003e 06-05-2026\u003cbr/\u003e\u003cb\u003eID:\u003c/b\u003e 502\u003cbr/\u003e\u003cb\u003eFB:\u003c/b\u003e \u003ca href=\u0027https://www.facebook.com/groups/beshvil.yael/posts/3963650130594775\u0027\u003ehttps://www.facebook.com/groups/beshvil.yael/posts/3963650130594775\u003c/a\u003e\u003cbr/\u003e\u003cbr/\u003e\u003cimg src=\u0027https://drive.google.com/uc?export=view\u0026amp;id=1V8bDq2nwW5yFsyXAho5lfgxFEA7OqF1D\u0027 width=\u0027450\u0027/\u003e\u003cbr/\u003e\u003c/div\u003e",
                                            "tessellate":  -1,
                                            "extrude":  0,
                                            "visibility":  -1
                                        },
                         "geometry":  {
                                          "type":  "Point",
                                          "coordinates":  [
                                                              34.98527,
                                                              32.81173,
                                                              0.0
                                                          ]
                                      }
                     },
                     {
                         "type":  "Feature",
                         "properties":  {
                                            "Name":  "#6716",
                                            "description":  "\u003cdiv dir=\u0027rtl\u0027 style=\u0027font-family:Arial;\u0027\u003e\u003cb\u003eשם:\u003c/b\u003e \u003cbr/\u003e\u003cb\u003eאתר:\u003c/b\u003e גן השלושה\u003cbr/\u003e\u003cb\u003eתאריך:\u003c/b\u003e 08-05-2026\u003cbr/\u003e\u003cb\u003eID:\u003c/b\u003e 513\u003cbr/\u003e\u003cb\u003eFB:\u003c/b\u003e \u003ca href=\u0027https://www.facebook.com/groups/beshvil.yael/posts/3965637677062687\u0027\u003ehttps://www.facebook.com/groups/beshvil.yael/posts/3965637677062687\u003c/a\u003e\u003cbr/\u003e\u003cbr/\u003e\u003cimg src=\u0027https://drive.google.com/uc?export=view\u0026amp;id=1nGPB6UJmEc1UjPhl3-lj3YCy1WKbQGiX\u0027 width=\u0027450\u0027/\u003e\u003cbr/\u003e\u003c/div\u003e",
                                            "tessellate":  -1,
                                            "extrude":  0,
                                            "visibility":  -1
                                        },
                         "geometry":  {
                                          "type":  "Point",
                                          "coordinates":  [
                                                              35.44401,
                                                              32.5061,
                                                              0.0
                                                          ]
                                      }
                     },
                     {
                         "type":  "Feature",
                         "properties":  {
                                            "Name":  "#6716",
                                            "description":  "\u003cdiv dir=\u0027rtl\u0027 style=\u0027font-family:Arial;\u0027\u003e\u003cb\u003eשם:\u003c/b\u003e \u003cbr/\u003e\u003cb\u003eאתר:\u003c/b\u003e העיר העתיקה\u003cbr/\u003e\u003cb\u003eתאריך:\u003c/b\u003e 12-05-2026\u003cbr/\u003e\u003cb\u003eID:\u003c/b\u003e 519\u003cbr/\u003e\u003cb\u003eFB:\u003c/b\u003e \u003ca href=\u0027https://www.facebook.com/groups/beshvil.yael/posts/3969498926676562\u0027\u003ehttps://www.facebook.com/groups/beshvil.yael/posts/3969498926676562\u003c/a\u003e\u003cbr/\u003e\u003cbr/\u003e\u003cimg src=\u0027https://drive.google.com/uc?export=view\u0026amp;id=1EMA47fbad4sCw2SZM807ww7uCTqKguE6\u0027 width=\u0027450\u0027/\u003e\u003cbr/\u003e\u003c/div\u003e",
                                            "tessellate":  -1,
                                            "extrude":  0,
                                            "visibility":  -1
                                        },
                         "geometry":  {
                                          "type":  "Point",
                                          "coordinates":  [
                                                              35.07154,
                                                              32.92248,
                                                              0.0
                                                          ]
                                      }
                     },
                     {
                         "type":  "Feature",
                         "properties":  {
                                            "Name":  "#6732",
                                            "description":  "\u003cdiv dir=\u0027rtl\u0027 style=\u0027font-family:Arial;\u0027\u003e\u003cb\u003eשם:\u003c/b\u003e ורד אורן\u003cbr/\u003e\u003cb\u003eאתר:\u003c/b\u003e בסיס נחל עוז\u003cbr/\u003e\u003cb\u003eתאריך:\u003c/b\u003e 24-04-2026\u003cbr/\u003e\u003cb\u003eID:\u003c/b\u003e 4236\u003cbr/\u003e\u003cb\u003eFB:\u003c/b\u003e \u003ca href=\u0027https://www.facebook.com/groups/beshvil.yael/posts/3953033701656418/\u0027\u003ehttps://www.facebook.com/groups/beshvil.yael/posts/3953033701656418/\u003c/a\u003e\u003cbr/\u003e\u003cbr/\u003e\u003cimg src=\u0027https://drive.google.com/uc?export=view\u0026amp;id=1CQUFZzBS_oBFOu9ClkMzrhM_NzWwgF7a\u0027 width=\u0027450\u0027/\u003e\u003cbr/\u003e\u003c/div\u003e",
                                            "tessellate":  -1,
                                            "extrude":  0,
                                            "visibility":  -1
                                        },
                         "geometry":  {
                                          "type":  "Point",
                                          "coordinates":  [
                                                              34.49887,
                                                              31.48541,
                                                              0.0
                                                          ]
                                      }
                     },
                     {
                         "type":  "Feature",
                         "properties":  {
                                            "Name":  "#6773",
                                            "description":  "\u003cdiv dir=\u0027rtl\u0027 style=\u0027font-family:Arial;\u0027\u003e\u003cb\u003eשם:\u003c/b\u003e ערבה נוימן\u003cbr/\u003e\u003cb\u003eאתר:\u003c/b\u003e העיר העתיקה\u003cbr/\u003e\u003cb\u003eתאריך:\u003c/b\u003e 04-11-2025\u003cbr/\u003e\u003cb\u003eID:\u003c/b\u003e 2609\u003cbr/\u003e\u003cb\u003eFB:\u003c/b\u003e \u003ca href=\u0027https://www.facebook.com/groups/beshvil.yael/posts/3800045780288545\u0027\u003ehttps://www.facebook.com/groups/beshvil.yael/posts/3800045780288545\u003c/a\u003e\u003cbr/\u003e\u003cbr/\u003e\u003cimg src=\u0027https://drive.google.com/uc?export=view\u0026amp;id=1kExWvCGI6Za0ysRU5sli-Vm0wF8ZsLFp\u0027 width=\u0027450\u0027/\u003e\u003cbr/\u003e\u003c/div\u003e",
                                            "tessellate":  -1,
                                            "extrude":  0,
                                            "visibility":  -1
                                        },
                         "geometry":  {
                                          "type":  "Point",
                                          "coordinates":  [
                                                              35.2338,
                                                              31.77433,
                                                              0.0
                                                          ]
                                      }
                     },
                     {
                         "type":  "Feature",
                         "properties":  {
                                            "Name":  "#6773",
                                            "description":  "\u003cdiv dir=\u0027rtl\u0027 style=\u0027font-family:Arial;\u0027\u003e\u003cb\u003eשם:\u003c/b\u003e ערבה נוימן\u003cbr/\u003e\u003cb\u003eאתר:\u003c/b\u003e מצפה \\ מכתש רמון\u003cbr/\u003e\u003cb\u003eתאריך:\u003c/b\u003e 27-11-2025\u003cbr/\u003e\u003cb\u003eID:\u003c/b\u003e 2871\u003cbr/\u003e\u003cb\u003eFB:\u003c/b\u003e \u003ca href=\u0027https://www.facebook.com/groups/beshvil.yael/posts/3820662701560186/\u0027\u003ehttps://www.facebook.com/groups/beshvil.yael/posts/3820662701560186/\u003c/a\u003e\u003cbr/\u003e\u003cbr/\u003e\u003cimg src=\u0027https://drive.google.com/uc?export=view\u0026amp;id=1C2L2CGwMlXHmOrt2Ew_1KU2VTevGxHL_\u0027 width=\u0027450\u0027/\u003e\u003cbr/\u003e\u003c/div\u003e",
                                            "tessellate":  -1,
                                            "extrude":  0,
                                            "visibility":  -1
                                        },
                         "geometry":  {
                                          "type":  "Point",
                                          "coordinates":  [
                                                              34.82272,
                                                              30.60965,
                                                              0.0
                                                          ]
                                      }
                     },
                     {
                         "type":  "Feature",
                         "properties":  {
                                            "Name":  "#6773",
                                            "description":  "\u003cdiv dir=\u0027rtl\u0027 style=\u0027font-family:Arial;\u0027\u003e\u003cb\u003eשם:\u003c/b\u003e ערבה נוימן\u003cbr/\u003e\u003cb\u003eאתר:\u003c/b\u003e ספארי רמת גן\u003cbr/\u003e\u003cb\u003eתאריך:\u003c/b\u003e 02-12-2025\u003cbr/\u003e\u003cb\u003eID:\u003c/b\u003e 2942\u003cbr/\u003e\u003cb\u003eFB:\u003c/b\u003e \u003ca href=\u0027https://www.facebook.com/groups/beshvil.yael/posts/3824965407796582\u0027\u003ehttps://www.facebook.com/groups/beshvil.yael/posts/3824965407796582\u003c/a\u003e\u003cbr/\u003e\u003cbr/\u003e\u003cimg src=\u0027https://drive.google.com/uc?export=view\u0026amp;id=1UNKvRdT-ORelB3prJSNVZexfW0MdZ9G6\u0027 width=\u0027450\u0027/\u003e\u003cbr/\u003e\u003c/div\u003e",
                                            "tessellate":  -1,
                                            "extrude":  0,
                                            "visibility":  -1
                                        },
                         "geometry":  {
                                          "type":  "Point",
                                          "coordinates":  [
                                                              34.82488,
                                                              32.04589,
                                                              0.0
                                                          ]
                                      }
                     },
                     {
                         "type":  "Feature",
                         "properties":  {
                                            "Name":  "#6774",
                                            "description":  "\u003cdiv dir=\u0027rtl\u0027 style=\u0027font-family:Arial;\u0027\u003e\u003cb\u003eשם:\u003c/b\u003e חט\u0026quot;ב שרת נתניה\u003cbr/\u003e\u003cb\u003eאתר:\u003c/b\u003e נתניה\u003cbr/\u003e\u003cb\u003eתאריך:\u003c/b\u003e 04-11-2025\u003cbr/\u003e\u003cb\u003eID:\u003c/b\u003e 147\u003cbr/\u003e\u003cb\u003eFB:\u003c/b\u003e \u003ca href=\u0027https://www.facebook.com/groups/beshvil.yael/posts/3799872740305849\u0027\u003ehttps://www.facebook.com/groups/beshvil.yael/posts/3799872740305849\u003c/a\u003e\u003cbr/\u003e\u003cbr/\u003e\u003cimg src=\u0027https://drive.google.com/uc?export=view\u0026amp;id=104g5kzEzB-CObalvYV31hyoB5Z2hTG2l\u0027 width=\u0027450\u0027/\u003e\u003cbr/\u003e\u003c/div\u003e",
                                            "tessellate":  -1,
                                            "extrude":  0,
                                            "visibility":  -1
                                        },
                         "geometry":  {
                                          "type":  "Point",
                                          "coordinates":  [
                                                              34.8628,
                                                              32.31911,
                                                              0.0
                                                          ]
                                      }
                     },
                     {
                         "type":  "Feature",
                         "properties":  {
                                            "Name":  "#6774",
                                            "description":  "\u003cdiv dir=\u0027rtl\u0027 style=\u0027font-family:Arial;\u0027\u003e\u003cb\u003eשם:\u003c/b\u003e חט\u0026quot;ב שרת נתניה\u003cbr/\u003e\u003cb\u003eאתר:\u003c/b\u003e הר עצמון\u003cbr/\u003e\u003cb\u003eתאריך:\u003c/b\u003e 12-11-2025\u003cbr/\u003e\u003cb\u003eID:\u003c/b\u003e 2702\u003cbr/\u003e\u003cb\u003eFB:\u003c/b\u003e \u003ca href=\u0027https://www.facebook.com/groups/beshvil.yael/posts/3807904496169340\u0027\u003ehttps://www.facebook.com/groups/beshvil.yael/posts/3807904496169340\u003c/a\u003e\u003cbr/\u003e\u003cbr/\u003e\u003cimg src=\u0027https://drive.google.com/uc?export=view\u0026amp;id=1d1Pyj-yBSyVmgGTZt7QZCfMNNQpLx55g\u0027 width=\u0027450\u0027/\u003e\u003cbr/\u003e\u003c/div\u003e",
                                            "tessellate":  -1,
                                            "extrude":  0,
                                            "visibility":  -1
                                        },
                         "geometry":  {
                                          "type":  "Point",
                                          "coordinates":  [
                                                              35.27789,
                                                              32.8256,
                                                              0.0
                                                          ]
                                      }
                     },
                     {
                         "type":  "Feature",
                         "properties":  {
                                            "Name":  "#6774",
                                            "description":  "\u003cdiv dir=\u0027rtl\u0027 style=\u0027font-family:Arial;\u0027\u003e\u003cb\u003eשם:\u003c/b\u003e חט\u0026quot;ב שרת נתניה\u003cbr/\u003e\u003cb\u003eאתר:\u003c/b\u003e עין פוריה\u003cbr/\u003e\u003cb\u003eתאריך:\u003c/b\u003e 13-11-2025\u003cbr/\u003e\u003cb\u003eID:\u003c/b\u003e 2717\u003cbr/\u003e\u003cb\u003eFB:\u003c/b\u003e \u003ca href=\u0027https://www.facebook.com/groups/beshvil.yael/posts/3808749119418211\u0027\u003ehttps://www.facebook.com/groups/beshvil.yael/posts/3808749119418211\u003c/a\u003e\u003cbr/\u003e\u003cbr/\u003e\u003cimg src=\u0027https://drive.google.com/uc?export=view\u0026amp;id=1hSzTzhFTaAHSzFXPdgBA-M0eVYXMtXp0\u0027 width=\u0027450\u0027/\u003e\u003cbr/\u003e\u003c/div\u003e",
                                            "tessellate":  -1,
                                            "extrude":  0,
                                            "visibility":  -1
                                        },
                         "geometry":  {
                                          "type":  "Point",
                                          "coordinates":  [
                                                              35.55441,
                                                              32.73059,
                                                              0.0
                                                          ]
                                      }
                     },
                     {
                         "type":  "Feature",
                         "properties":  {
                                            "Name":  "#6788",
                                            "description":  "\u003cdiv dir=\u0027rtl\u0027 style=\u0027font-family:Arial;\u0027\u003e\u003cb\u003eשם:\u003c/b\u003e עידו דניאלי\u003cbr/\u003e\u003cb\u003eאתר:\u003c/b\u003e הר יהורם\u003cbr/\u003e\u003cb\u003eתאריך:\u003c/b\u003e 21-11-2025\u003cbr/\u003e\u003cb\u003eID:\u003c/b\u003e 2819\u003cbr/\u003e\u003cb\u003eFB:\u003c/b\u003e \u003ca href=\u0027https://www.facebook.com/groups/beshvil.yael/posts/3815849708708152\u0027\u003ehttps://www.facebook.com/groups/beshvil.yael/posts/3815849708708152\u003c/a\u003e\u003cbr/\u003e\u003cbr/\u003e\u003cimg src=\u0027https://drive.google.com/uc?export=view\u0026amp;id=1pgAb7evqvkti6516cwirOk7Org0SNNTu\u0027 width=\u0027450\u0027/\u003e\u003cbr/\u003e\u003c/div\u003e",
                                            "tessellate":  -1,
                                            "extrude":  0,
                                            "visibility":  -1
                                        },
                         "geometry":  {
                                          "type":  "Point",
                                          "coordinates":  [
                                                              34.88971,
                                                              29.58924,
                                                              0.0
                                                          ]
                                      }
                     },
                     {
                         "type":  "Feature",
                         "properties":  {
                                            "Name":  "#6788",
                                            "description":  "\u003cdiv dir=\u0027rtl\u0027 style=\u0027font-family:Arial;\u0027\u003e\u003cb\u003eשם:\u003c/b\u003e עידו דניאלי\u003cbr/\u003e\u003cb\u003eאתר:\u003c/b\u003e נחל גשרון\u003cbr/\u003e\u003cb\u003eתאריך:\u003c/b\u003e 22-11-2025\u003cbr/\u003e\u003cb\u003eID:\u003c/b\u003e 2838\u003cbr/\u003e\u003cb\u003eFB:\u003c/b\u003e \u003ca href=\u0027https://www.facebook.com/groups/beshvil.yael/posts/3816810115278778/\u0027\u003ehttps://www.facebook.com/groups/beshvil.yael/posts/3816810115278778/\u003c/a\u003e\u003cbr/\u003e\u003cbr/\u003e\u003cimg src=\u0027https://drive.google.com/uc?export=view\u0026amp;id=1acB-eSXomOwc0SiAoWgPYaXYPmtWMvud\u0027 width=\u0027450\u0027/\u003e\u003cbr/\u003e\u003c/div\u003e",
                                            "tessellate":  -1,
                                            "extrude":  0,
                                            "visibility":  -1
                                        },
                         "geometry":  {
                                          "type":  "Point",
                                          "coordinates":  [
                                                              34.87878,
                                                              29.57045,
                                                              0.0
                                                          ]
                                      }
                     },
                     {
                         "type":  "Feature",
                         "properties":  {
                                            "Name":  "#6788",
                                            "description":  "\u003cdiv dir=\u0027rtl\u0027 style=\u0027font-family:Arial;\u0027\u003e\u003cb\u003eשם:\u003c/b\u003e עידו דניאלי\u003cbr/\u003e\u003cb\u003eאתר:\u003c/b\u003e נחל שלמה תחתון\u003cbr/\u003e\u003cb\u003eתאריך:\u003c/b\u003e 23-11-2025\u003cbr/\u003e\u003cb\u003eID:\u003c/b\u003e 2853\u003cbr/\u003e\u003cb\u003eFB:\u003c/b\u003e \u003ca href=\u0027https://www.facebook.com/groups/beshvil.yael/posts/3817787991847657\u0027\u003ehttps://www.facebook.com/groups/beshvil.yael/posts/3817787991847657\u003c/a\u003e\u003cbr/\u003e\u003cbr/\u003e\u003cimg src=\u0027https://drive.google.com/uc?export=view\u0026amp;id=18AqxUt3QIoOLoqTUcCC_Nx2eX_Qcao1a\u0027 width=\u0027450\u0027/\u003e\u003cbr/\u003e\u003c/div\u003e",
                                            "tessellate":  -1,
                                            "extrude":  0,
                                            "visibility":  -1
                                        },
                         "geometry":  {
                                          "type":  "Point",
                                          "coordinates":  [
                                                              34.89688,
                                                              29.54867,
                                                              0.0
                                                          ]
                                      }
                     },
                     {
                         "type":  "Feature",
                         "properties":  {
                                            "Name":  "#6788",
                                            "description":  "\u003cdiv dir=\u0027rtl\u0027 style=\u0027font-family:Arial;\u0027\u003e\u003cb\u003eשם:\u003c/b\u003e עידו דניאלי\u003cbr/\u003e\u003cb\u003eאתר:\u003c/b\u003e נחל בוסתן\u003cbr/\u003e\u003cb\u003eתאריך:\u003c/b\u003e 02-12-2025\u003cbr/\u003e\u003cb\u003eID:\u003c/b\u003e 2943\u003cbr/\u003e\u003cb\u003eFB:\u003c/b\u003e \u003ca href=\u0027https://www.facebook.com/groups/beshvil.yael/posts/3825170481109408\u0027\u003ehttps://www.facebook.com/groups/beshvil.yael/posts/3825170481109408\u003c/a\u003e\u003cbr/\u003e\u003cbr/\u003e\u003cimg src=\u0027https://drive.google.com/uc?export=view\u0026amp;id=1iqVstTqjZxtKVSNaxTxOOvEtb9AnOW_s\u0027 width=\u0027450\u0027/\u003e\u003cbr/\u003e\u003c/div\u003e",
                                            "tessellate":  -1,
                                            "extrude":  0,
                                            "visibility":  -1
                                        },
                         "geometry":  {
                                          "type":  "Point",
                                          "coordinates":  [
                                                              34.9774,
                                                              32.71287,
                                                              0.0
                                                          ]
                                      }
                     },
                     {
                         "type":  "Feature",
                         "properties":  {
                                            "Name":  "#6788",
                                            "description":  "\u003cdiv dir=\u0027rtl\u0027 style=\u0027font-family:Arial;\u0027\u003e\u003cb\u003eשם:\u003c/b\u003e עידו דניאלי\u003cbr/\u003e\u003cb\u003eאתר:\u003c/b\u003e נחל צאלים תחתון\u003cbr/\u003e\u003cb\u003eתאריך:\u003c/b\u003e 30-01-2026\u003cbr/\u003e\u003cb\u003eID:\u003c/b\u003e 3519\u003cbr/\u003e\u003cb\u003eFB:\u003c/b\u003e \u003ca href=\u0027https://www.facebook.com/groups/beshvil.yael/posts/3876199522673170\u0027\u003ehttps://www.facebook.com/groups/beshvil.yael/posts/3876199522673170\u003c/a\u003e\u003cbr/\u003e\u003cbr/\u003e\u003cimg src=\u0027https://drive.google.com/uc?export=view\u0026amp;id=1wzEjN_lYMuZXBIYPjmrC7l8h_LBVQirZ\u0027 width=\u0027450\u0027/\u003e\u003cbr/\u003e\u003c/div\u003e",
                                            "tessellate":  -1,
                                            "extrude":  0,
                                            "visibility":  -1
                                        },
                         "geometry":  {
                                          "type":  "Point",
                                          "coordinates":  [
                                                              35.22522,
                                                              31.32152,
                                                              0.0
                                                          ]
                                      }
                     },
                     {
                         "type":  "Feature",
                         "properties":  {
                                            "Name":  "#6788",
                                            "description":  "\u003cdiv dir=\u0027rtl\u0027 style=\u0027font-family:Arial;\u0027\u003e\u003cb\u003eשם:\u003c/b\u003e עידו דניאלי\u003cbr/\u003e\u003cb\u003eאתר:\u003c/b\u003e בריכת צפירה\u003cbr/\u003e\u003cb\u003eתאריך:\u003c/b\u003e 31-01-2026\u003cbr/\u003e\u003cb\u003eID:\u003c/b\u003e 3528\u003cbr/\u003e\u003cb\u003eFB:\u003c/b\u003e \u003ca href=\u0027https://www.facebook.com/groups/beshvil.yael/posts/3876935089266280\u0027\u003ehttps://www.facebook.com/groups/beshvil.yael/posts/3876935089266280\u003c/a\u003e\u003cbr/\u003e\u003cbr/\u003e\u003cimg src=\u0027https://drive.google.com/uc?export=view\u0026amp;id=1tX5TQD5ASr5gj1gsXyb9cmtaZX6E6C5U\u0027 width=\u0027450\u0027/\u003e\u003cbr/\u003e\u003c/div\u003e",
                                            "tessellate":  -1,
                                            "extrude":  0,
                                            "visibility":  -1
                                        },
                         "geometry":  {
                                          "type":  "Point",
                                          "coordinates":  [
                                                              35.27644,
                                                              31.3373,
                                                              0.0
                                                          ]
                                      }
                     },
                     {
                         "type":  "Feature",
                         "properties":  {
                                            "Name":  "#6795",
                                            "description":  "\u003cdiv dir=\u0027rtl\u0027 style=\u0027font-family:Arial;\u0027\u003e\u003cb\u003eשם:\u003c/b\u003e מתי חסיד\u003cbr/\u003e\u003cb\u003eאתר:\u003c/b\u003e שרון\u003cbr/\u003e\u003cb\u003eתאריך:\u003c/b\u003e 19-12-2025\u003cbr/\u003e\u003cb\u003eID:\u003c/b\u003e 3092\u003cbr/\u003e\u003cb\u003eFB:\u003c/b\u003e \u003ca href=\u0027https://www.facebook.com/groups/beshvil.yael/posts/3839386589687797\u0027\u003ehttps://www.facebook.com/groups/beshvil.yael/posts/3839386589687797\u003c/a\u003e\u003cbr/\u003e\u003cbr/\u003e\u003cimg src=\u0027https://drive.google.com/uc?export=view\u0026amp;id=1UpcDZlKA5edudiWsxc01QQbRY2AJurbi\u0027 width=\u0027450\u0027/\u003e\u003cbr/\u003e\u003c/div\u003e",
                                            "tessellate":  -1,
                                            "extrude":  0,
                                            "visibility":  -1
                                        },
                         "geometry":  {
                                          "type":  "Point",
                                          "coordinates":  [
                                                              34.9183,
                                                              32.30557,
                                                              0.0
                                                          ]
                                      }
                     },
                     {
                         "type":  "Feature",
                         "properties":  {
                                            "Name":  "#6795",
                                            "description":  "\u003cdiv dir=\u0027rtl\u0027 style=\u0027font-family:Arial;\u0027\u003e\u003cb\u003eשם:\u003c/b\u003e מתי חסיד\u003cbr/\u003e\u003cb\u003eאתר:\u003c/b\u003e כסלון\u003cbr/\u003e\u003cb\u003eתאריך:\u003c/b\u003e 26-12-2025\u003cbr/\u003e\u003cb\u003eID:\u003c/b\u003e 3171\u003cbr/\u003e\u003cb\u003eFB:\u003c/b\u003e \u003ca href=\u0027https://www.facebook.com/groups/beshvil.yael/posts/3845444995748623\u0027\u003ehttps://www.facebook.com/groups/beshvil.yael/posts/3845444995748623\u003c/a\u003e\u003cbr/\u003e\u003cbr/\u003e\u003cimg src=\u0027https://drive.google.com/uc?export=view\u0026amp;id=1sIrAjuDL8L6HlzgQr0TdvCG0fvl1Aeyb\u0027 width=\u0027450\u0027/\u003e\u003cbr/\u003e\u003c/div\u003e",
                                            "tessellate":  -1,
                                            "extrude":  0,
                                            "visibility":  -1
                                        },
                         "geometry":  {
                                          "type":  "Point",
                                          "coordinates":  [
                                                              35.04362,
                                                              31.77863,
                                                              0.0
                                                          ]
                                      }
                     },
                     {
                         "type":  "Feature",
                         "properties":  {
                                            "Name":  "#6800",
                                            "description":  "\u003cdiv dir=\u0027rtl\u0027 style=\u0027font-family:Arial;\u0027\u003e\u003cb\u003eשם:\u003c/b\u003e גל איתן\u003cbr/\u003e\u003cb\u003eאתר:\u003c/b\u003e מישור ימין\u003cbr/\u003e\u003cb\u003eתאריך:\u003c/b\u003e 02-01-2026\u003cbr/\u003e\u003cb\u003eID:\u003c/b\u003e 3245\u003cbr/\u003e\u003cb\u003eFB:\u003c/b\u003e \u003ca href=\u0027https://www.facebook.com/groups/beshvil.yael/posts/3851455441814245/\u0027\u003ehttps://www.facebook.com/groups/beshvil.yael/posts/3851455441814245/\u003c/a\u003e\u003cbr/\u003e\u003cbr/\u003e\u003cimg src=\u0027https://drive.google.com/uc?export=view\u0026amp;id=1G8dM6JfCDCJQ_caEdggSjlDR8vi58m7a\u0027 width=\u0027450\u0027/\u003e\u003cbr/\u003e\u003c/div\u003e",
                                            "tessellate":  -1,
                                            "extrude":  0,
                                            "visibility":  -1
                                        },
                         "geometry":  {
                                          "type":  "Point",
                                          "coordinates":  [
                                                              35.098,
                                                              30.97803,
                                                              0.0
                                                          ]
                                      }
                     },
                     {
                         "type":  "Feature",
                         "properties":  {
                                            "Name":  "#6800",
                                            "description":  "\u003cdiv dir=\u0027rtl\u0027 style=\u0027font-family:Arial;\u0027\u003e\u003cb\u003eשם:\u003c/b\u003e גל איתן\u003cbr/\u003e\u003cb\u003eאתר:\u003c/b\u003e נחל ורדית\u003cbr/\u003e\u003cb\u003eתאריך:\u003c/b\u003e 09-02-2026\u003cbr/\u003e\u003cb\u003eID:\u003c/b\u003e 3639\u003cbr/\u003e\u003cb\u003eFB:\u003c/b\u003e \u003ca href=\u0027https://www.facebook.com/groups/beshvil.yael/posts/3884683098491479/\u0027\u003ehttps://www.facebook.com/groups/beshvil.yael/posts/3884683098491479/\u003c/a\u003e\u003cbr/\u003e\u003cbr/\u003e\u003cimg src=\u0027https://drive.google.com/uc?export=view\u0026amp;id=1hssujATL3XEZacaATN5aITeT4Cdsx96a\u0027 width=\u0027450\u0027/\u003e\u003cbr/\u003e\u003c/div\u003e",
                                            "tessellate":  -1,
                                            "extrude":  0,
                                            "visibility":  -1
                                        },
                         "geometry":  {
                                          "type":  "Point",
                                          "coordinates":  [
                                                              35.02607,
                                                              30.34962,
                                                              0.0
                                                          ]
                                      }
                     },
                     {
                         "type":  "Feature",
                         "properties":  {
                                            "Name":  "#6800",
                                            "description":  "\u003cdiv dir=\u0027rtl\u0027 style=\u0027font-family:Arial;\u0027\u003e\u003cb\u003eשם:\u003c/b\u003e גל איתן\u003cbr/\u003e\u003cb\u003eאתר:\u003c/b\u003e נחל משמר\u003cbr/\u003e\u003cb\u003eתאריך:\u003c/b\u003e 04-04-2026\u003cbr/\u003e\u003cb\u003eID:\u003c/b\u003e 4046\u003cbr/\u003e\u003cb\u003eFB:\u003c/b\u003e \u003ca href=\u0027https://www.secure.facebook.com/groups/beshvil.yael/posts/3935280970098358\u0027\u003ehttps://www.secure.facebook.com/groups/beshvil.yael/posts/3935280970098358\u003c/a\u003e\u003cbr/\u003e\u003cbr/\u003e\u003cimg src=\u0027https://drive.google.com/uc?export=view\u0026amp;id=13K7Ws3BVCJpBCdPv-pOrjHN7OPoGI6do\u0027 width=\u0027450\u0027/\u003e\u003cbr/\u003e\u003c/div\u003e",
                                            "tessellate":  -1,
                                            "extrude":  0,
                                            "visibility":  -1
                                        },
                         "geometry":  {
                                          "type":  "Point",
                                          "coordinates":  [
                                                              35.33732,
                                                              31.39521,
                                                              0.0
                                                          ]
                                      }
                     },
                     {
                         "type":  "Feature",
                         "properties":  {
                                            "Name":  "#6802",
                                            "description":  "\u003cdiv dir=\u0027rtl\u0027 style=\u0027font-family:Arial;\u0027\u003e\u003cb\u003eשם:\u003c/b\u003e \u003cbr/\u003e\u003cb\u003eאתר:\u003c/b\u003e נחל משמר\u003cbr/\u003e\u003cb\u003eתאריך:\u003c/b\u003e 04-04-2026\u003cbr/\u003e\u003cb\u003eID:\u003c/b\u003e 471\u003cbr/\u003e\u003cb\u003eFB:\u003c/b\u003e \u003ca href=\u0027https://www.secure.facebook.com/groups/beshvil.yael/posts/3935280970098358\u0027\u003ehttps://www.secure.facebook.com/groups/beshvil.yael/posts/3935280970098358\u003c/a\u003e\u003cbr/\u003e\u003cbr/\u003e\u003cimg src=\u0027https://drive.google.com/uc?export=view\u0026amp;id=13K7Ws3BVCJpBCdPv-pOrjHN7OPoGI6do\u0027 width=\u0027450\u0027/\u003e\u003cbr/\u003e\u003c/div\u003e",
                                            "tessellate":  -1,
                                            "extrude":  0,
                                            "visibility":  -1
                                        },
                         "geometry":  {
                                          "type":  "Point",
                                          "coordinates":  [
                                                              35.33732,
                                                              31.39548,
                                                              0.0
                                                          ]
                                      }
                     },
                     {
                         "type":  "Feature",
                         "properties":  {
                                            "Name":  "#6807",
                                            "description":  "\u003cdiv dir=\u0027rtl\u0027 style=\u0027font-family:Arial;\u0027\u003e\u003cb\u003eשם:\u003c/b\u003e תומר יריב\u003cbr/\u003e\u003cb\u003eאתר:\u003c/b\u003e תצפית נחל גשרון\u003cbr/\u003e\u003cb\u003eתאריך:\u003c/b\u003e 24-01-2026\u003cbr/\u003e\u003cb\u003eID:\u003c/b\u003e 3446\u003cbr/\u003e\u003cb\u003eFB:\u003c/b\u003e \u003ca href=\u0027https://www.facebook.com/groups/beshvil.yael/posts/3870078136618642\u0027\u003ehttps://www.facebook.com/groups/beshvil.yael/posts/3870078136618642\u003c/a\u003e\u003cbr/\u003e\u003cbr/\u003e\u003cimg src=\u0027https://drive.google.com/uc?export=view\u0026amp;id=1_xmO55s791d8aA3l-epmhi1Zh3fAb_b_\u0027 width=\u0027450\u0027/\u003e\u003cbr/\u003e\u003c/div\u003e",
                                            "tessellate":  -1,
                                            "extrude":  0,
                                            "visibility":  -1
                                        },
                         "geometry":  {
                                          "type":  "Point",
                                          "coordinates":  [
                                                              34.87429,
                                                              29.57925,
                                                              0.0
                                                          ]
                                      }
                     },
                     {
                         "type":  "Feature",
                         "properties":  {
                                            "Name":  "#6807",
                                            "description":  "\u003cdiv dir=\u0027rtl\u0027 style=\u0027font-family:Arial;\u0027\u003e\u003cb\u003eשם:\u003c/b\u003e תומר יריב\u003cbr/\u003e\u003cb\u003eאתר:\u003c/b\u003e בקע רחבעם\u003cbr/\u003e\u003cb\u003eתאריך:\u003c/b\u003e 24-01-2026\u003cbr/\u003e\u003cb\u003eID:\u003c/b\u003e 3447\u003cbr/\u003e\u003cb\u003eFB:\u003c/b\u003e \u003ca href=\u0027https://www.facebook.com/groups/beshvil.yael/posts/3870078673285255\u0027\u003ehttps://www.facebook.com/groups/beshvil.yael/posts/3870078673285255\u003c/a\u003e\u003cbr/\u003e\u003cbr/\u003e\u003cimg src=\u0027https://drive.google.com/uc?export=view\u0026amp;id=14WTiNcofdq7sxXLWAI3nLC4Pt8ekGfHb\u0027 width=\u0027450\u0027/\u003e\u003cbr/\u003e\u003c/div\u003e",
                                            "tessellate":  -1,
                                            "extrude":  0,
                                            "visibility":  -1
                                        },
                         "geometry":  {
                                          "type":  "Point",
                                          "coordinates":  [
                                                              35.4495,
                                                              32.05278,
                                                              0.0
                                                          ]
                                      }
                     },
                     {
                         "type":  "Feature",
                         "properties":  {
                                            "Name":  "#6807",
                                            "description":  "\u003cdiv dir=\u0027rtl\u0027 style=\u0027font-family:Arial;\u0027\u003e\u003cb\u003eשם:\u003c/b\u003e תומר יריב\u003cbr/\u003e\u003cb\u003eאתר:\u003c/b\u003e מישור עמיעז\u003cbr/\u003e\u003cb\u003eתאריך:\u003c/b\u003e 19-02-2026\u003cbr/\u003e\u003cb\u003eID:\u003c/b\u003e 3769\u003cbr/\u003e\u003cb\u003eFB:\u003c/b\u003e \u003ca href=\u0027https://www.facebook.com/groups/beshvil.yael/posts/3894823567477432/\u0027\u003ehttps://www.facebook.com/groups/beshvil.yael/posts/3894823567477432/\u003c/a\u003e\u003cbr/\u003e\u003cbr/\u003e\u003cimg src=\u0027https://drive.google.com/uc?export=view\u0026amp;id=1fzW8zT60aX0mKoJGVZ3y0gwMz-gIgaJN\u0027 width=\u0027450\u0027/\u003e\u003cbr/\u003e\u003c/div\u003e",
                                            "tessellate":  -1,
                                            "extrude":  0,
                                            "visibility":  -1
                                        },
                         "geometry":  {
                                          "type":  "Point",
                                          "coordinates":  [
                                                              35.32929,
                                                              31.08179,
                                                              0.0
                                                          ]
                                      }
                     },
                     {
                         "type":  "Feature",
                         "properties":  {
                                            "Name":  "#6808",
                                            "description":  "\u003cdiv dir=\u0027rtl\u0027 style=\u0027font-family:Arial;\u0027\u003e\u003cb\u003eשם:\u003c/b\u003e ענבר יריב\u003cbr/\u003e\u003cb\u003eאתר:\u003c/b\u003e כרם מהר\u0026quot;ל\u003cbr/\u003e\u003cb\u003eתאריך:\u003c/b\u003e 30-01-2026\u003cbr/\u003e\u003cb\u003eID:\u003c/b\u003e 3517\u003cbr/\u003e\u003cb\u003eFB:\u003c/b\u003e \u003ca href=\u0027https://www.facebook.com/groups/beshvil.yael/posts/3876132286013227\u0027\u003ehttps://www.facebook.com/groups/beshvil.yael/posts/3876132286013227\u003c/a\u003e\u003cbr/\u003e\u003cbr/\u003e\u003cimg src=\u0027https://drive.google.com/uc?export=view\u0026amp;id=1Cc2-HDP7wXChzuHrJM8J8hMpZbikDXoR\u0027 width=\u0027450\u0027/\u003e\u003cbr/\u003e\u003c/div\u003e",
                                            "tessellate":  -1,
                                            "extrude":  0,
                                            "visibility":  -1
                                        },
                         "geometry":  {
                                          "type":  "Point",
                                          "coordinates":  [
                                                              34.97572,
                                                              32.63952,
                                                              0.0
                                                          ]
                                      }
                     },
                     {
                         "type":  "Feature",
                         "properties":  {
                                            "Name":  "#6808",
                                            "description":  "\u003cdiv dir=\u0027rtl\u0027 style=\u0027font-family:Arial;\u0027\u003e\u003cb\u003eשם:\u003c/b\u003e ענבר יריב\u003cbr/\u003e\u003cb\u003eאתר:\u003c/b\u003e נתיב העשרה\u003cbr/\u003e\u003cb\u003eתאריך:\u003c/b\u003e 17-02-2026\u003cbr/\u003e\u003cb\u003eID:\u003c/b\u003e 3754\u003cbr/\u003e\u003cb\u003eFB:\u003c/b\u003e \u003ca href=\u0027https://www.facebook.com/groups/beshvil.yael/posts/3893482424278213/\u0027\u003ehttps://www.facebook.com/groups/beshvil.yael/posts/3893482424278213/\u003c/a\u003e\u003cbr/\u003e\u003cbr/\u003e\u003cimg src=\u0027https://drive.google.com/uc?export=view\u0026amp;id=1XydviNTSiPZgfsZfVoV33DMJCaAyGhJH\u0027 width=\u0027450\u0027/\u003e\u003cbr/\u003e\u003c/div\u003e",
                                            "tessellate":  -1,
                                            "extrude":  0,
                                            "visibility":  -1
                                        },
                         "geometry":  {
                                          "type":  "Point",
                                          "coordinates":  [
                                                              34.52421,
                                                              31.5841,
                                                              0.0
                                                          ]
                                      }
                     },
                     {
                         "type":  "Feature",
                         "properties":  {
                                            "Name":  "#6808",
                                            "description":  "\u003cdiv dir=\u0027rtl\u0027 style=\u0027font-family:Arial;\u0027\u003e\u003cb\u003eשם:\u003c/b\u003e ענבר יריב\u003cbr/\u003e\u003cb\u003eאתר:\u003c/b\u003e בני דרור\u003cbr/\u003e\u003cb\u003eתאריך:\u003c/b\u003e 21-02-2026\u003cbr/\u003e\u003cb\u003eID:\u003c/b\u003e 3801\u003cbr/\u003e\u003cb\u003eFB:\u003c/b\u003e \u003ca href=\u0027https://www.facebook.com/groups/beshvil.yael/posts/3896933193933136/\u0027\u003ehttps://www.facebook.com/groups/beshvil.yael/posts/3896933193933136/\u003c/a\u003e\u003cbr/\u003e\u003cbr/\u003e\u003cimg src=\u0027https://drive.google.com/uc?export=view\u0026amp;id=1Phz7FMDk98Svb8yCQe3pKQz-Vjwca3FL\u0027 width=\u0027450\u0027/\u003e\u003cbr/\u003e\u003c/div\u003e",
                                            "tessellate":  -1,
                                            "extrude":  0,
                                            "visibility":  -1
                                        },
                         "geometry":  {
                                          "type":  "Point",
                                          "coordinates":  [
                                                              34.90797,
                                                              32.26745,
                                                              0.0
                                                          ]
                                      }
                     },
                     {
                         "type":  "Feature",
                         "properties":  {
                                            "Name":  "#6808",
                                            "description":  "\u003cdiv dir=\u0027rtl\u0027 style=\u0027font-family:Arial;\u0027\u003e\u003cb\u003eשם:\u003c/b\u003e ענבר יריב\u003cbr/\u003e\u003cb\u003eאתר:\u003c/b\u003e היכל התרבות\u003cbr/\u003e\u003cb\u003eתאריך:\u003c/b\u003e 26-04-2026\u003cbr/\u003e\u003cb\u003eID:\u003c/b\u003e 4265\u003cbr/\u003e\u003cb\u003eFB:\u003c/b\u003e \u003ca href=\u0027https://www.facebook.com/groups/beshvil.yael/posts/3955004164792705/\u0027\u003ehttps://www.facebook.com/groups/beshvil.yael/posts/3955004164792705/\u003c/a\u003e\u003cbr/\u003e\u003cbr/\u003e\u003cimg src=\u0027https://drive.google.com/uc?export=view\u0026amp;id=10qV9e8003flXNd9jWVmy0M7iFUzYaTra\u0027 width=\u0027450\u0027/\u003e\u003cbr/\u003e\u003c/div\u003e",
                                            "tessellate":  -1,
                                            "extrude":  0,
                                            "visibility":  -1
                                        },
                         "geometry":  {
                                          "type":  "Point",
                                          "coordinates":  [
                                                              34.77983,
                                                              32.07345,
                                                              0.0
                                                          ]
                                      }
                     },
                     {
                         "type":  "Feature",
                         "properties":  {
                                            "Name":  "#6808",
                                            "description":  "\u003cdiv dir=\u0027rtl\u0027 style=\u0027font-family:Arial;\u0027\u003e\u003cb\u003eשם:\u003c/b\u003e ענבר יריב\u003cbr/\u003e\u003cb\u003eאתר:\u003c/b\u003e מחצבת בנימינה\u003cbr/\u003e\u003cb\u003eתאריך:\u003c/b\u003e 15-05-2026\u003cbr/\u003e\u003cb\u003eID:\u003c/b\u003e 4441\u003cbr/\u003e\u003cb\u003eFB:\u003c/b\u003e \u003ca href=\u0027https://www.facebook.com/groups/beshvil.yael/posts/3972369466389508\u0027\u003ehttps://www.facebook.com/groups/beshvil.yael/posts/3972369466389508\u003c/a\u003e\u003cbr/\u003e\u003cbr/\u003e\u003cimg src=\u0027https://drive.google.com/uc?export=view\u0026amp;id=1HV9p3a90jQU8DHkTXJADRRL0CcYx6M93\u0027 width=\u0027450\u0027/\u003e\u003cbr/\u003e\u003c/div\u003e",
                                            "tessellate":  -1,
                                            "extrude":  0,
                                            "visibility":  -1
                                        },
                         "geometry":  {
                                          "type":  "Point",
                                          "coordinates":  [
                                                              34.93875,
                                                              32.53207,
                                                              0.0
                                                          ]
                                      }
                     },
                     {
                         "type":  "Feature",
                         "properties":  {
                                            "Name":  "#6935",
                                            "description":  "\u003cdiv dir=\u0027rtl\u0027 style=\u0027font-family:Arial;\u0027\u003e\u003cb\u003eשם:\u003c/b\u003e מיכל תבור\u003cbr/\u003e\u003cb\u003eאתר:\u003c/b\u003e נחל השופט\u003cbr/\u003e\u003cb\u003eתאריך:\u003c/b\u003e 15-07-2025\u003cbr/\u003e\u003cb\u003eID:\u003c/b\u003e 1182\u003cbr/\u003e\u003cb\u003eFB:\u003c/b\u003e \u003ca href=\u0027https://www.facebook.com/groups/beshvil.yael/posts/3693719660921158/\u0027\u003ehttps://www.facebook.com/groups/beshvil.yael/posts/3693719660921158/\u003c/a\u003e\u003cbr/\u003e\u003cbr/\u003e\u003cimg src=\u0027https://drive.google.com/uc?export=view\u0026amp;id=13-o8P1yhp6-voUgbxWsV48XheNZTXNAV\u0027 width=\u0027450\u0027/\u003e\u003cbr/\u003e\u003c/div\u003e",
                                            "tessellate":  -1,
                                            "extrude":  0,
                                            "visibility":  -1
                                        },
                         "geometry":  {
                                          "type":  "Point",
                                          "coordinates":  [
                                                              35.106573,
                                                              32.6273752,
                                                              0.0
                                                          ]
                                      }
                     },
                     {
                         "type":  "Feature",
                         "properties":  {
                                            "Name":  "#6935",
                                            "description":  "\u003cdiv dir=\u0027rtl\u0027 style=\u0027font-family:Arial;\u0027\u003e\u003cb\u003eשם:\u003c/b\u003e מיכל תבור\u003cbr/\u003e\u003cb\u003eאתר:\u003c/b\u003e כנרת\u003cbr/\u003e\u003cb\u003eתאריך:\u003c/b\u003e 20-07-2025\u003cbr/\u003e\u003cb\u003eID:\u003c/b\u003e 1256\u003cbr/\u003e\u003cb\u003eFB:\u003c/b\u003e \u003ca href=\u0027https://www.facebook.com/groups/beshvil.yael/posts/3699054247054366/\u0027\u003ehttps://www.facebook.com/groups/beshvil.yael/posts/3699054247054366/\u003c/a\u003e\u003cbr/\u003e\u003cbr/\u003e\u003cimg src=\u0027https://drive.google.com/uc?export=view\u0026amp;id=11474wpk1CsfzXr8R2VZd5140IK6xc9MA\u0027 width=\u0027450\u0027/\u003e\u003cbr/\u003e\u003c/div\u003e",
                                            "tessellate":  -1,
                                            "extrude":  0,
                                            "visibility":  -1
                                        },
                         "geometry":  {
                                          "type":  "Point",
                                          "coordinates":  [
                                                              35.5295721,
                                                              32.8525464,
                                                              0.0
                                                          ]
                                      }
                     },
                     {
                         "type":  "Feature",
                         "properties":  {
                                            "Name":  "#6935",
                                            "description":  "\u003cdiv dir=\u0027rtl\u0027 style=\u0027font-family:Arial;\u0027\u003e\u003cb\u003eשם:\u003c/b\u003e מיכל תבור\u003cbr/\u003e\u003cb\u003eאתר:\u003c/b\u003e מצפה / מכתש רמון\u003cbr/\u003e\u003cb\u003eתאריך:\u003c/b\u003e 13-08-2025\u003cbr/\u003e\u003cb\u003eID:\u003c/b\u003e 1516\u003cbr/\u003e\u003cb\u003eFB:\u003c/b\u003e \u003ca href=\u0027https://www.facebook.com/groups/beshvil.yael/posts/3720463328246791/\u0027\u003ehttps://www.facebook.com/groups/beshvil.yael/posts/3720463328246791/\u003c/a\u003e\u003cbr/\u003e\u003cbr/\u003e\u003cimg src=\u0027https://drive.google.com/uc?export=view\u0026amp;id=1pYiVZnoJepiDuTPzL5u7dVjy6g_kN_h9\u0027 width=\u0027450\u0027/\u003e\u003cbr/\u003e\u003c/div\u003e",
                                            "tessellate":  -1,
                                            "extrude":  0,
                                            "visibility":  -1
                                        },
                         "geometry":  {
                                          "type":  "Point",
                                          "coordinates":  [
                                                              34.7187789,
                                                              30.6328966,
                                                              0.0
                                                          ]
                                      }
                     },
                     {
                         "type":  "Feature",
                         "properties":  {
                                            "Name":  "#6935",
                                            "description":  "\u003cdiv dir=\u0027rtl\u0027 style=\u0027font-family:Arial;\u0027\u003e\u003cb\u003eשם:\u003c/b\u003e מיכל תבור\u003cbr/\u003e\u003cb\u003eאתר:\u003c/b\u003e בורגתה\u003cbr/\u003e\u003cb\u003eתאריך:\u003c/b\u003e 02-09-2025\u003cbr/\u003e\u003cb\u003eID:\u003c/b\u003e 1729\u003cbr/\u003e\u003cb\u003eFB:\u003c/b\u003e \u003ca href=\u0027https://www.facebook.com/groups/beshvil.yael/posts/3738918486401275/\u0027\u003ehttps://www.facebook.com/groups/beshvil.yael/posts/3738918486401275/\u003c/a\u003e\u003cbr/\u003e\u003cbr/\u003e\u003cimg src=\u0027https://drive.google.com/uc?export=view\u0026amp;id=15SqPFOb6YTdxJBYKGKVd7VLbxOxG4QOI\u0027 width=\u0027450\u0027/\u003e\u003cbr/\u003e\u003c/div\u003e",
                                            "tessellate":  -1,
                                            "extrude":  0,
                                            "visibility":  -1
                                        },
                         "geometry":  {
                                          "type":  "Point",
                                          "coordinates":  [
                                                              34.96535,
                                                              32.3262621,
                                                              0.0
                                                          ]
                                      }
                     },
                     {
                         "type":  "Feature",
                         "properties":  {
                                            "Name":  "#6935",
                                            "description":  "\u003cdiv dir=\u0027rtl\u0027 style=\u0027font-family:Arial;\u0027\u003e\u003cb\u003eשם:\u003c/b\u003e מיכל תבור\u003cbr/\u003e\u003cb\u003eאתר:\u003c/b\u003e מצדה\u003cbr/\u003e\u003cb\u003eתאריך:\u003c/b\u003e 29-11-2025\u003cbr/\u003e\u003cb\u003eID:\u003c/b\u003e 2895\u003cbr/\u003e\u003cb\u003eFB:\u003c/b\u003e \u003ca href=\u0027https://www.facebook.com/groups/beshvil.yael/posts/3822392031387253\u0027\u003ehttps://www.facebook.com/groups/beshvil.yael/posts/3822392031387253\u003c/a\u003e\u003cbr/\u003e\u003cbr/\u003e\u003cimg src=\u0027https://drive.google.com/uc?export=view\u0026amp;id=1bQtu3Hkf-RyMKbahPqja_Enig1bkWulK\u0027 width=\u0027450\u0027/\u003e\u003cbr/\u003e\u003c/div\u003e",
                                            "tessellate":  -1,
                                            "extrude":  0,
                                            "visibility":  -1
                                        },
                         "geometry":  {
                                          "type":  "Point",
                                          "coordinates":  [
                                                              35.35524,
                                                              31.313,
                                                              0.0
                                                          ]
                                      }
                     },
                     {
                         "type":  "Feature",
                         "properties":  {
                                            "Name":  "#6942",
                                            "description":  "\u003cdiv dir=\u0027rtl\u0027 style=\u0027font-family:Arial;\u0027\u003e\u003cb\u003eשם:\u003c/b\u003e יעל שקלרסקי\u003cbr/\u003e\u003cb\u003eאתר:\u003c/b\u003e סובב פר-כור\u003cbr/\u003e\u003cb\u003eתאריך:\u003c/b\u003e 06-09-2025\u003cbr/\u003e\u003cb\u003eID:\u003c/b\u003e 1779\u003cbr/\u003e\u003cb\u003eFB:\u003c/b\u003e \u003ca href=\u0027https://www.facebook.com/groups/beshvil.yael/posts/3742362872723503/\u0027\u003ehttps://www.facebook.com/groups/beshvil.yael/posts/3742362872723503/\u003c/a\u003e\u003cbr/\u003e\u003cbr/\u003e\u003cimg src=\u0027https://drive.google.com/uc?export=view\u0026amp;id=15FHXeYy8AaEUfhItcm0ZcefDzntEAk1M\u0027 width=\u0027450\u0027/\u003e\u003cbr/\u003e\u003c/div\u003e",
                                            "tessellate":  -1,
                                            "extrude":  0,
                                            "visibility":  -1
                                        },
                         "geometry":  {
                                          "type":  "Point",
                                          "coordinates":  [
                                                              34.9394806,
                                                              32.4824096,
                                                              0.0
                                                          ]
                                      }
                     },
                     {
                         "type":  "Feature",
                         "properties":  {
                                            "Name":  "#6951",
                                            "description":  "\u003cdiv dir=\u0027rtl\u0027 style=\u0027font-family:Arial;\u0027\u003e\u003cb\u003eשם:\u003c/b\u003e נתנאל איתן\u003cbr/\u003e\u003cb\u003eאתר:\u003c/b\u003e סעד\u003cbr/\u003e\u003cb\u003eתאריך:\u003c/b\u003e 23-04-2026\u003cbr/\u003e\u003cb\u003eID:\u003c/b\u003e 4223\u003cbr/\u003e\u003cb\u003eFB:\u003c/b\u003e \u003ca href=\u0027https://www.facebook.com/groups/beshvil.yael/posts/3951959278430527/\u0027\u003ehttps://www.facebook.com/groups/beshvil.yael/posts/3951959278430527/\u003c/a\u003e\u003cbr/\u003e\u003cbr/\u003e\u003cimg src=\u0027https://drive.google.com/uc?export=view\u0026amp;id=1TTF-AG8HqQmW37xQM04enh8G53B7TDYc\u0027 width=\u0027450\u0027/\u003e\u003cbr/\u003e\u003c/div\u003e",
                                            "tessellate":  -1,
                                            "extrude":  0,
                                            "visibility":  -1
                                        },
                         "geometry":  {
                                          "type":  "Point",
                                          "coordinates":  [
                                                              34.53512,
                                                              31.47201,
                                                              0.0
                                                          ]
                                      }
                     },
                     {
                         "type":  "Feature",
                         "properties":  {
                                            "Name":  "#6984",
                                            "description":  "\u003cdiv dir=\u0027rtl\u0027 style=\u0027font-family:Arial;\u0027\u003e\u003cb\u003eשם:\u003c/b\u003e יעל זיו\u003cbr/\u003e\u003cb\u003eאתר:\u003c/b\u003e טיילת גני תקווה\u003cbr/\u003e\u003cb\u003eתאריך:\u003c/b\u003e 05-09-2025\u003cbr/\u003e\u003cb\u003eID:\u003c/b\u003e 1750\u003cbr/\u003e\u003cb\u003eFB:\u003c/b\u003e \u003ca href=\u0027https://www.facebook.com/groups/beshvil.yael/posts/3741393122820478/\u0027\u003ehttps://www.facebook.com/groups/beshvil.yael/posts/3741393122820478/\u003c/a\u003e\u003cbr/\u003e\u003cbr/\u003e\u003cimg src=\u0027https://drive.google.com/uc?export=view\u0026amp;id=1eRCC6hOM9muu_zKb8m8yw5OVVmr3nQ1U\u0027 width=\u0027450\u0027/\u003e\u003cbr/\u003e\u003c/div\u003e",
                                            "tessellate":  -1,
                                            "extrude":  0,
                                            "visibility":  -1
                                        },
                         "geometry":  {
                                          "type":  "Point",
                                          "coordinates":  [
                                                              34.87345,
                                                              32.06304,
                                                              0.0
                                                          ]
                                      }
                     },
                     {
                         "type":  "Feature",
                         "properties":  {
                                            "Name":  "#6984",
                                            "description":  "\u003cdiv dir=\u0027rtl\u0027 style=\u0027font-family:Arial;\u0027\u003e\u003cb\u003eשם:\u003c/b\u003e יעל זיו\u003cbr/\u003e\u003cb\u003eאתר:\u003c/b\u003e הספריה הלאומית\u003cbr/\u003e\u003cb\u003eתאריך:\u003c/b\u003e 02-12-2025\u003cbr/\u003e\u003cb\u003eID:\u003c/b\u003e 2944\u003cbr/\u003e\u003cb\u003eFB:\u003c/b\u003e \u003ca href=\u0027https://www.facebook.com/groups/beshvil.yael/posts/3825201337772989/\u0027\u003ehttps://www.facebook.com/groups/beshvil.yael/posts/3825201337772989/\u003c/a\u003e\u003cbr/\u003e\u003cbr/\u003e\u003cimg src=\u0027https://drive.google.com/uc?export=view\u0026amp;id=19h0z6tpi9dAN8u674gxq20zJKBqStJ1z\u0027 width=\u0027450\u0027/\u003e\u003cbr/\u003e\u003c/div\u003e",
                                            "tessellate":  -1,
                                            "extrude":  0,
                                            "visibility":  -1
                                        },
                         "geometry":  {
                                          "type":  "Point",
                                          "coordinates":  [
                                                              35.20293,
                                                              31.77746,
                                                              0.0
                                                          ]
                                      }
                     },
                     {
                         "type":  "Feature",
                         "properties":  {
                                            "Name":  "#6995",
                                            "description":  "\u003cdiv dir=\u0027rtl\u0027 style=\u0027font-family:Arial;\u0027\u003e\u003cb\u003eשם:\u003c/b\u003e אריק זכריה\u003cbr/\u003e\u003cb\u003eאתר:\u003c/b\u003e תמנע\u003cbr/\u003e\u003cb\u003eתאריך:\u003c/b\u003e 27-11-2025\u003cbr/\u003e\u003cb\u003eID:\u003c/b\u003e 2876\u003cbr/\u003e\u003cb\u003eFB:\u003c/b\u003e \u003ca href=\u0027https://www.facebook.com/groups/beshvil.yael/posts/3821114708181652/\u0027\u003ehttps://www.facebook.com/groups/beshvil.yael/posts/3821114708181652/\u003c/a\u003e\u003cbr/\u003e\u003cbr/\u003e\u003cimg src=\u0027https://drive.google.com/uc?export=view\u0026amp;id=1Feyx1nUSWnVYfcZtUskDxQza5Zx_Vp_O\u0027 width=\u0027450\u0027/\u003e\u003cbr/\u003e\u003c/div\u003e",
                                            "tessellate":  -1,
                                            "extrude":  0,
                                            "visibility":  -1
                                        },
                         "geometry":  {
                                          "type":  "Point",
                                          "coordinates":  [
                                                              34.99009,
                                                              29.7873,
                                                              0.0
                                                          ]
                                      }
                     },
                     {
                         "type":  "Feature",
                         "properties":  {
                                            "Name":  "#6997",
                                            "description":  "\u003cdiv dir=\u0027rtl\u0027 style=\u0027font-family:Arial;\u0027\u003e\u003cb\u003eשם:\u003c/b\u003e רותי זכריה\u003cbr/\u003e\u003cb\u003eאתר:\u003c/b\u003e נחל קטלב\u003cbr/\u003e\u003cb\u003eתאריך:\u003c/b\u003e 12-10-2025\u003cbr/\u003e\u003cb\u003eID:\u003c/b\u003e 2362\u003cbr/\u003e\u003cb\u003eFB:\u003c/b\u003e \u003ca href=\u0027https://www.facebook.com/groups/beshvil.yael/posts/3778015482491575/\u0027\u003ehttps://www.facebook.com/groups/beshvil.yael/posts/3778015482491575/\u003c/a\u003e\u003cbr/\u003e\u003cbr/\u003e\u003cimg src=\u0027https://drive.google.com/uc?export=view\u0026amp;id=1X0FNkRAxe4TuLz11wa_nYnWNSHDAS0gk\u0027 width=\u0027450\u0027/\u003e\u003cbr/\u003e\u003c/div\u003e",
                                            "tessellate":  -1,
                                            "extrude":  0,
                                            "visibility":  -1
                                        },
                         "geometry":  {
                                          "type":  "Point",
                                          "coordinates":  [
                                                              35.07607,
                                                              31.73778,
                                                              0.0
                                                          ]
                                      }
                     },
                     {
                         "type":  "Feature",
                         "properties":  {
                                            "Name":  "#7007",
                                            "description":  "\u003cdiv dir=\u0027rtl\u0027 style=\u0027font-family:Arial;\u0027\u003e\u003cb\u003eשם:\u003c/b\u003e רונית כץ ברקאי\u003cbr/\u003e\u003cb\u003eאתר:\u003c/b\u003e נחל איילון\u003cbr/\u003e\u003cb\u003eתאריך:\u003c/b\u003e 06-10-2025\u003cbr/\u003e\u003cb\u003eID:\u003c/b\u003e 2200\u003cbr/\u003e\u003cb\u003eFB:\u003c/b\u003e \u003ca href=\u0027https://www.facebook.com/groups/beshvil.yael/posts/3771213873171736\u0027\u003ehttps://www.facebook.com/groups/beshvil.yael/posts/3771213873171736\u003c/a\u003e\u003cbr/\u003e\u003cbr/\u003e\u003cimg src=\u0027https://drive.google.com/uc?export=view\u0026amp;id=1nDVH5BjDsP_gtPEhD17n5udRoe08X41e\u0027 width=\u0027450\u0027/\u003e\u003cbr/\u003e\u003c/div\u003e",
                                            "tessellate":  -1,
                                            "extrude":  0,
                                            "visibility":  -1
                                        },
                         "geometry":  {
                                          "type":  "Point",
                                          "coordinates":  [
                                                              34.80494,
                                                              32.09606,
                                                              0.0
                                                          ]
                                      }
                     },
                     {
                         "type":  "Feature",
                         "properties":  {
                                            "Name":  "#7007",
                                            "description":  "\u003cdiv dir=\u0027rtl\u0027 style=\u0027font-family:Arial;\u0027\u003e\u003cb\u003eשם:\u003c/b\u003e רונית כץ ברקאי\u003cbr/\u003e\u003cb\u003eאתר:\u003c/b\u003e יער ברעם\u003cbr/\u003e\u003cb\u003eתאריך:\u003c/b\u003e 18-10-2025\u003cbr/\u003e\u003cb\u003eID:\u003c/b\u003e 2432\u003cbr/\u003e\u003cb\u003eFB:\u003c/b\u003e \u003ca href=\u0027https://www.facebook.com/groups/beshvil.yael/posts/3783698265256630\u0027\u003ehttps://www.facebook.com/groups/beshvil.yael/posts/3783698265256630\u003c/a\u003e\u003cbr/\u003e\u003cbr/\u003e\u003cimg src=\u0027https://drive.google.com/uc?export=view\u0026amp;id=1LzjzKy15BNGUMWjOJGxJ4DEDKaTxgT7f\u0027 width=\u0027450\u0027/\u003e\u003cbr/\u003e\u003c/div\u003e",
                                            "tessellate":  -1,
                                            "extrude":  0,
                                            "visibility":  -1
                                        },
                         "geometry":  {
                                          "type":  "Point",
                                          "coordinates":  [
                                                              35.42237,
                                                              33.04062,
                                                              0.0
                                                          ]
                                      }
                     },
                     {
                         "type":  "Feature",
                         "properties":  {
                                            "Name":  "#7007",
                                            "description":  "\u003cdiv dir=\u0027rtl\u0027 style=\u0027font-family:Arial;\u0027\u003e\u003cb\u003eשם:\u003c/b\u003e רונית כץ ברקאי\u003cbr/\u003e\u003cb\u003eאתר:\u003c/b\u003e הר כיפון\u003cbr/\u003e\u003cb\u003eתאריך:\u003c/b\u003e 08-11-2025\u003cbr/\u003e\u003cb\u003eID:\u003c/b\u003e 2651\u003cbr/\u003e\u003cb\u003eFB:\u003c/b\u003e \u003ca href=\u0027https://www.facebook.com/groups/beshvil.yael/posts/3804114143215042/\u0027\u003ehttps://www.facebook.com/groups/beshvil.yael/posts/3804114143215042/\u003c/a\u003e\u003cbr/\u003e\u003cbr/\u003e\u003cimg src=\u0027https://drive.google.com/uc?export=view\u0026amp;id=13BDQxupGuwSNOBSTq8ecSjDdJNxvItVv\u0027 width=\u0027450\u0027/\u003e\u003cbr/\u003e\u003c/div\u003e",
                                            "tessellate":  -1,
                                            "extrude":  0,
                                            "visibility":  -1
                                        },
                         "geometry":  {
                                          "type":  "Point",
                                          "coordinates":  [
                                                              35.19587,
                                                              31.19947,
                                                              0.0
                                                          ]
                                      }
                     },
                     {
                         "type":  "Feature",
                         "properties":  {
                                            "Name":  "#7007",
                                            "description":  "\u003cdiv dir=\u0027rtl\u0027 style=\u0027font-family:Arial;\u0027\u003e\u003cb\u003eשם:\u003c/b\u003e רונית כץ ברקאי\u003cbr/\u003e\u003cb\u003eאתר:\u003c/b\u003e קניון ודית\u003cbr/\u003e\u003cb\u003eתאריך:\u003c/b\u003e 22-11-2025\u003cbr/\u003e\u003cb\u003eID:\u003c/b\u003e 424\u003cbr/\u003e\u003cb\u003eFB:\u003c/b\u003e \u003ca href=\u0027https://www.facebook.com/groups/beshvil.yael/posts/3816727321953724\u0027\u003ehttps://www.facebook.com/groups/beshvil.yael/posts/3816727321953724\u003c/a\u003e\u003cbr/\u003e\u003cbr/\u003e\u003cimg src=\u0027https://drive.google.com/uc?export=view\u0026amp;id=1keT_qORS3OKsrmZJws_4wRZiBmqYdL7H\u0027 width=\u0027450\u0027/\u003e\u003cbr/\u003e\u003c/div\u003e",
                                            "tessellate":  -1,
                                            "extrude":  0,
                                            "visibility":  -1
                                        },
                         "geometry":  {
                                          "type":  "Point",
                                          "coordinates":  [
                                                              35.01961,
                                                              30.35239,
                                                              0.0
                                                          ]
                                      }
                     },
                     {
                         "type":  "Feature",
                         "properties":  {
                                            "Name":  "#7011",
                                            "description":  "\u003cdiv dir=\u0027rtl\u0027 style=\u0027font-family:Arial;\u0027\u003e\u003cb\u003eשם:\u003c/b\u003e טלי דן\u003cbr/\u003e\u003cb\u003eאתר:\u003c/b\u003e עמק המעיונות\u003cbr/\u003e\u003cb\u003eתאריך:\u003c/b\u003e 10-02-2026\u003cbr/\u003e\u003cb\u003eID:\u003c/b\u003e 3656\u003cbr/\u003e\u003cb\u003eFB:\u003c/b\u003e \u003ca href=\u0027https://www.facebook.com/groups/beshvil.yael/posts/3886486544977801\u0027\u003ehttps://www.facebook.com/groups/beshvil.yael/posts/3886486544977801\u003c/a\u003e\u003cbr/\u003e\u003cbr/\u003e\u003cimg src=\u0027https://drive.google.com/uc?export=view\u0026amp;id=1EGaofmX8S8Oys7u1ftSObIM1Lizpgg2D\u0027 width=\u0027450\u0027/\u003e\u003cbr/\u003e\u003c/div\u003e",
                                            "tessellate":  -1,
                                            "extrude":  0,
                                            "visibility":  -1
                                        },
                         "geometry":  {
                                          "type":  "Point",
                                          "coordinates":  [
                                                              35.55254,
                                                              32.6046,
                                                              0.0
                                                          ]
                                      }
                     },
                     {
                         "type":  "Feature",
                         "properties":  {
                                            "Name":  "#7011",
                                            "description":  "\u003cdiv dir=\u0027rtl\u0027 style=\u0027font-family:Arial;\u0027\u003e\u003cb\u003eשם:\u003c/b\u003e טלי דן\u003cbr/\u003e\u003cb\u003eאתר:\u003c/b\u003e גשר הקאנטרה\u003cbr/\u003e\u003cb\u003eתאריך:\u003c/b\u003e 19-02-2026\u003cbr/\u003e\u003cb\u003eID:\u003c/b\u003e 3770\u003cbr/\u003e\u003cb\u003eFB:\u003c/b\u003e \u003ca href=\u0027https://www.facebook.com/groups/beshvil.yael/posts/3894960314130424/\u0027\u003ehttps://www.facebook.com/groups/beshvil.yael/posts/3894960314130424/\u003c/a\u003e\u003cbr/\u003e\u003cbr/\u003e\u003cimg src=\u0027https://drive.google.com/uc?export=view\u0026amp;id=1x5-l_VCodye8g-_0bZgqHM_3oMTzn8-k\u0027 width=\u0027450\u0027/\u003e\u003cbr/\u003e\u003c/div\u003e",
                                            "tessellate":  -1,
                                            "extrude":  0,
                                            "visibility":  -1
                                        },
                         "geometry":  {
                                          "type":  "Point",
                                          "coordinates":  [
                                                              35.47538,
                                                              32.50824,
                                                              0.0
                                                          ]
                                      }
                     },
                     {
                         "type":  "Feature",
                         "properties":  {
                                            "Name":  "#7011",
                                            "description":  "\u003cdiv dir=\u0027rtl\u0027 style=\u0027font-family:Arial;\u0027\u003e\u003cb\u003eשם:\u003c/b\u003e טלי דן\u003cbr/\u003e\u003cb\u003eאתר:\u003c/b\u003e יער משגב\u003cbr/\u003e\u003cb\u003eתאריך:\u003c/b\u003e 20-02-2026\u003cbr/\u003e\u003cb\u003eID:\u003c/b\u003e 3783\u003cbr/\u003e\u003cb\u003eFB:\u003c/b\u003e \u003ca href=\u0027https://www.facebook.com/groups/beshvil.yael/posts/3896059250687197/\u0027\u003ehttps://www.facebook.com/groups/beshvil.yael/posts/3896059250687197/\u003c/a\u003e\u003cbr/\u003e\u003cbr/\u003e\u003cimg src=\u0027https://drive.google.com/uc?export=view\u0026amp;id=1D8CSvpoWTyt5yH0nU4-ampM01NwZieNk\u0027 width=\u0027450\u0027/\u003e\u003cbr/\u003e\u003c/div\u003e",
                                            "tessellate":  -1,
                                            "extrude":  0,
                                            "visibility":  -1
                                        },
                         "geometry":  {
                                          "type":  "Point",
                                          "coordinates":  [
                                                              35.22534,
                                                              32.87777,
                                                              0.0
                                                          ]
                                      }
                     },
                     {
                         "type":  "Feature",
                         "properties":  {
                                            "Name":  "#7012",
                                            "description":  "\u003cdiv dir=\u0027rtl\u0027 style=\u0027font-family:Arial;\u0027\u003e\u003cb\u003eשם:\u003c/b\u003e יעל פלג\u003cbr/\u003e\u003cb\u003eאתר:\u003c/b\u003e פארק אקולוגי\u003cbr/\u003e\u003cb\u003eתאריך:\u003c/b\u003e 08-10-2025\u003cbr/\u003e\u003cb\u003eID:\u003c/b\u003e 2280\u003cbr/\u003e\u003cb\u003eFB:\u003c/b\u003e \u003ca href=\u0027https://www.facebook.com/groups/beshvil.yael/posts/3773656656260791\u0027\u003ehttps://www.facebook.com/groups/beshvil.yael/posts/3773656656260791\u003c/a\u003e\u003cbr/\u003e\u003cbr/\u003e\u003cimg src=\u0027https://drive.google.com/uc?export=view\u0026amp;id=12AKcoS_JN3JrpNMR2zKBbrmvgfAjBR6C\u0027 width=\u0027450\u0027/\u003e\u003cbr/\u003e\u003c/div\u003e",
                                            "tessellate":  -1,
                                            "extrude":  0,
                                            "visibility":  -1
                                        },
                         "geometry":  {
                                          "type":  "Point",
                                          "coordinates":  [
                                                              34.88971,
                                                              32.133,
                                                              0.0
                                                          ]
                                      }
                     },
                     {
                         "type":  "Feature",
                         "properties":  {
                                            "Name":  "#7012",
                                            "description":  "\u003cdiv dir=\u0027rtl\u0027 style=\u0027font-family:Arial;\u0027\u003e\u003cb\u003eשם:\u003c/b\u003e יעל פלג\u003cbr/\u003e\u003cb\u003eאתר:\u003c/b\u003e בילינסון\u003cbr/\u003e\u003cb\u003eתאריך:\u003c/b\u003e 23-10-2025\u003cbr/\u003e\u003cb\u003eID:\u003c/b\u003e 2494\u003cbr/\u003e\u003cb\u003eFB:\u003c/b\u003e \u003ca href=\u0027https://www.facebook.com/groups/beshvil.yael/posts/3788307984795658/\u0027\u003ehttps://www.facebook.com/groups/beshvil.yael/posts/3788307984795658/\u003c/a\u003e\u003cbr/\u003e\u003cbr/\u003e\u003cimg src=\u0027https://drive.google.com/uc?export=view\u0026amp;id=1JdzHAZ2H8vzhKTTz2UJV7mZSwklJKwd3\u0027 width=\u0027450\u0027/\u003e\u003cbr/\u003e\u003c/div\u003e",
                                            "tessellate":  -1,
                                            "extrude":  0,
                                            "visibility":  -1
                                        },
                         "geometry":  {
                                          "type":  "Point",
                                          "coordinates":  [
                                                              34.86652,
                                                              32.08882,
                                                              0.0
                                                          ]
                                      }
                     },
                     {
                         "type":  "Feature",
                         "properties":  {
                                            "Name":  "#7012",
                                            "description":  "\u003cdiv dir=\u0027rtl\u0027 style=\u0027font-family:Arial;\u0027\u003e\u003cb\u003eשם:\u003c/b\u003e יעל פלג\u003cbr/\u003e\u003cb\u003eאתר:\u003c/b\u003e יער השירים\u003cbr/\u003e\u003cb\u003eתאריך:\u003c/b\u003e 10-11-2025\u003cbr/\u003e\u003cb\u003eID:\u003c/b\u003e 2680\u003cbr/\u003e\u003cb\u003eFB:\u003c/b\u003e \u003ca href=\u0027https://www.facebook.com/groups/beshvil.yael/posts/3805768356382954\u0027\u003ehttps://www.facebook.com/groups/beshvil.yael/posts/3805768356382954\u003c/a\u003e\u003cbr/\u003e\u003cbr/\u003e\u003cimg src=\u0027https://drive.google.com/uc?export=view\u0026amp;id=1d23uYSQthGIsgz9vmNVoKcrrtykMHvfe\u0027 width=\u0027450\u0027/\u003e\u003cbr/\u003e\u003c/div\u003e",
                                            "tessellate":  -1,
                                            "extrude":  0,
                                            "visibility":  -1
                                        },
                         "geometry":  {
                                          "type":  "Point",
                                          "coordinates":  [
                                                              34.8675,
                                                              32.10828,
                                                              0.0
                                                          ]
                                      }
                     },
                     {
                         "type":  "Feature",
                         "properties":  {
                                            "Name":  "#7012",
                                            "description":  "\u003cdiv dir=\u0027rtl\u0027 style=\u0027font-family:Arial;\u0027\u003e\u003cb\u003eשם:\u003c/b\u003e יעל פלג\u003cbr/\u003e\u003cb\u003eאתר:\u003c/b\u003e שירת העץ\u003cbr/\u003e\u003cb\u003eתאריך:\u003c/b\u003e 09-12-2025\u003cbr/\u003e\u003cb\u003eID:\u003c/b\u003e 3013\u003cbr/\u003e\u003cb\u003eFB:\u003c/b\u003e \u003ca href=\u0027https://www.facebook.com/groups/beshvil.yael/posts/3830971753862614\u0027\u003ehttps://www.facebook.com/groups/beshvil.yael/posts/3830971753862614\u003c/a\u003e\u003cbr/\u003e\u003cbr/\u003e\u003cimg src=\u0027https://drive.google.com/uc?export=view\u0026amp;id=1430zk325dsDc9LQYsMf1D16z4WLEazL6\u0027 width=\u0027450\u0027/\u003e\u003cbr/\u003e\u003c/div\u003e",
                                            "tessellate":  -1,
                                            "extrude":  0,
                                            "visibility":  -1
                                        },
                         "geometry":  {
                                          "type":  "Point",
                                          "coordinates":  [
                                                              35.54299,
                                                              32.97231,
                                                              0.0
                                                          ]
                                      }
                     },
                     {
                         "type":  "Feature",
                         "properties":  {
                                            "Name":  "#7012",
                                            "description":  "\u003cdiv dir=\u0027rtl\u0027 style=\u0027font-family:Arial;\u0027\u003e\u003cb\u003eשם:\u003c/b\u003e יעל פלג\u003cbr/\u003e\u003cb\u003eאתר:\u003c/b\u003e מוזאון ארצות המקרא\u003cbr/\u003e\u003cb\u003eתאריך:\u003c/b\u003e 15-01-2026\u003cbr/\u003e\u003cb\u003eID:\u003c/b\u003e 3343\u003cbr/\u003e\u003cb\u003eFB:\u003c/b\u003e \u003ca href=\u0027https://www.facebook.com/groups/beshvil.yael/posts/3862057844087338\u0027\u003ehttps://www.facebook.com/groups/beshvil.yael/posts/3862057844087338\u003c/a\u003e\u003cbr/\u003e\u003cbr/\u003e\u003cimg src=\u0027https://drive.google.com/uc?export=view\u0026amp;id=1VC-L8HvHztd0YZTlKY7g-laJVsOFGjtV\u0027 width=\u0027450\u0027/\u003e\u003cbr/\u003e\u003c/div\u003e",
                                            "tessellate":  -1,
                                            "extrude":  0,
                                            "visibility":  -1
                                        },
                         "geometry":  {
                                          "type":  "Point",
                                          "coordinates":  [
                                                              35.20235,
                                                              31.77486,
                                                              0.0
                                                          ]
                                      }
                     },
                     {
                         "type":  "Feature",
                         "properties":  {
                                            "Name":  "#7012",
                                            "description":  "\u003cdiv dir=\u0027rtl\u0027 style=\u0027font-family:Arial;\u0027\u003e\u003cb\u003eשם:\u003c/b\u003e יעל פלג\u003cbr/\u003e\u003cb\u003eאתר:\u003c/b\u003e עיר דוד\u003cbr/\u003e\u003cb\u003eתאריך:\u003c/b\u003e 13-02-2026\u003cbr/\u003e\u003cb\u003eID:\u003c/b\u003e 3694\u003cbr/\u003e\u003cb\u003eFB:\u003c/b\u003e \u003ca href=\u0027https://www.facebook.com/groups/beshvil.yael/posts/3889013078058481/\u0027\u003ehttps://www.facebook.com/groups/beshvil.yael/posts/3889013078058481/\u003c/a\u003e\u003cbr/\u003e\u003cbr/\u003e\u003cimg src=\u0027https://drive.google.com/uc?export=view\u0026amp;id=1ab9w_bfEy0jAGZjlcHVrQ1pRKladd-M8\u0027 width=\u0027450\u0027/\u003e\u003cbr/\u003e\u003c/div\u003e",
                                            "tessellate":  -1,
                                            "extrude":  0,
                                            "visibility":  -1
                                        },
                         "geometry":  {
                                          "type":  "Point",
                                          "coordinates":  [
                                                              35.23576,
                                                              31.77463,
                                                              0.0
                                                          ]
                                      }
                     },
                     {
                         "type":  "Feature",
                         "properties":  {
                                            "Name":  "#7012",
                                            "description":  "\u003cdiv dir=\u0027rtl\u0027 style=\u0027font-family:Arial;\u0027\u003e\u003cb\u003eשם:\u003c/b\u003e יעל פלג\u003cbr/\u003e\u003cb\u003eאתר:\u003c/b\u003e מוזיאון העיצוב\u003cbr/\u003e\u003cb\u003eתאריך:\u003c/b\u003e 14-05-2026\u003cbr/\u003e\u003cb\u003eID:\u003c/b\u003e 4429\u003cbr/\u003e\u003cb\u003eFB:\u003c/b\u003e \u003ca href=\u0027https://www.facebook.com/groups/beshvil.yael/posts/3971453096481145\u0027\u003ehttps://www.facebook.com/groups/beshvil.yael/posts/3971453096481145\u003c/a\u003e\u003cbr/\u003e\u003cbr/\u003e\u003cimg src=\u0027https://drive.google.com/uc?export=view\u0026amp;id=13soKRsiRYMWHPKFGekzuVzZMgZ6p9LPQ\u0027 width=\u0027450\u0027/\u003e\u003cbr/\u003e\u003c/div\u003e",
                                            "tessellate":  -1,
                                            "extrude":  0,
                                            "visibility":  -1
                                        },
                         "geometry":  {
                                          "type":  "Point",
                                          "coordinates":  [
                                                              34.77771,
                                                              32.01128,
                                                              0.0
                                                          ]
                                      }
                     },
                     {
                         "type":  "Feature",
                         "properties":  {
                                            "Name":  "#7045",
                                            "description":  "\u003cdiv dir=\u0027rtl\u0027 style=\u0027font-family:Arial;\u0027\u003e\u003cb\u003eשם:\u003c/b\u003e תמר רקיע\u003cbr/\u003e\u003cb\u003eאתר:\u003c/b\u003e מבוא חמה\u003cbr/\u003e\u003cb\u003eתאריך:\u003c/b\u003e 06-01-2026\u003cbr/\u003e\u003cb\u003eID:\u003c/b\u003e 3282\u003cbr/\u003e\u003cb\u003eFB:\u003c/b\u003e \u003ca href=\u0027https://www.facebook.com/groups/beshvil.yael/posts/3854836161476173\u0027\u003ehttps://www.facebook.com/groups/beshvil.yael/posts/3854836161476173\u003c/a\u003e\u003cbr/\u003e\u003cbr/\u003e\u003cimg src=\u0027https://drive.google.com/uc?export=view\u0026amp;id=1EnILCQQX-h6-duGzTmr9xmsCLMod5LYi\u0027 width=\u0027450\u0027/\u003e\u003cbr/\u003e\u003c/div\u003e",
                                            "tessellate":  -1,
                                            "extrude":  0,
                                            "visibility":  -1
                                        },
                         "geometry":  {
                                          "type":  "Point",
                                          "coordinates":  [
                                                              35.65396,
                                                              32.73543,
                                                              0.0
                                                          ]
                                      }
                     },
                     {
                         "type":  "Feature",
                         "properties":  {
                                            "Name":  "#7051",
                                            "description":  "\u003cdiv dir=\u0027rtl\u0027 style=\u0027font-family:Arial;\u0027\u003e\u003cb\u003eשם:\u003c/b\u003e מיכל צוק\u003cbr/\u003e\u003cb\u003eאתר:\u003c/b\u003e \u003cbr/\u003e\u003cb\u003eתאריך:\u003c/b\u003e 24-09-2025\u003cbr/\u003e\u003cb\u003eID:\u003c/b\u003e 2018\u003cbr/\u003e\u003cb\u003eFB:\u003c/b\u003e \u003ca href=\u0027https://www.facebook.com/groups/beshvil.yael/posts/3759222487704208/\u0027\u003ehttps://www.facebook.com/groups/beshvil.yael/posts/3759222487704208/\u003c/a\u003e\u003cbr/\u003e\u003cbr/\u003e\u003cimg src=\u0027https://drive.google.com/uc?export=view\u0026amp;id=1BDnuAc5G_Tb4C8IS18r2xoBdHHjSE5zL\u0027 width=\u0027450\u0027/\u003e\u003cbr/\u003e\u003c/div\u003e",
                                            "tessellate":  -1,
                                            "extrude":  0,
                                            "visibility":  -1
                                        },
                         "geometry":  {
                                          "type":  "Point",
                                          "coordinates":  [
                                                              35.04856,
                                                              32.74385,
                                                              0.0
                                                          ]
                                      }
                     },
                     {
                         "type":  "Feature",
                         "properties":  {
                                            "Name":  "#7051",
                                            "description":  "\u003cdiv dir=\u0027rtl\u0027 style=\u0027font-family:Arial;\u0027\u003e\u003cb\u003eשם:\u003c/b\u003e מיכל צוק\u003cbr/\u003e\u003cb\u003eאתר:\u003c/b\u003e בניאס\u003cbr/\u003e\u003cb\u003eתאריך:\u003c/b\u003e 05-10-2025\u003cbr/\u003e\u003cb\u003eID:\u003c/b\u003e 2178\u003cbr/\u003e\u003cb\u003eFB:\u003c/b\u003e \u003ca href=\u0027https://www.facebook.com/groups/beshvil.yael/posts/3770213276605129\u0027\u003ehttps://www.facebook.com/groups/beshvil.yael/posts/3770213276605129\u003c/a\u003e\u003cbr/\u003e\u003cbr/\u003e\u003cimg src=\u0027https://drive.google.com/uc?export=view\u0026amp;id=1-MN6WmgH9snyorR9uaUSaVFr1qBozB8L\u0027 width=\u0027450\u0027/\u003e\u003cbr/\u003e\u003c/div\u003e",
                                            "tessellate":  -1,
                                            "extrude":  0,
                                            "visibility":  -1
                                        },
                         "geometry":  {
                                          "type":  "Point",
                                          "coordinates":  [
                                                              35.65404,
                                                              33.22476,
                                                              0.0
                                                          ]
                                      }
                     },
                     {
                         "type":  "Feature",
                         "properties":  {
                                            "Name":  "#7051",
                                            "description":  "\u003cdiv dir=\u0027rtl\u0027 style=\u0027font-family:Arial;\u0027\u003e\u003cb\u003eשם:\u003c/b\u003e מיכל צוק\u003cbr/\u003e\u003cb\u003eאתר:\u003c/b\u003e תל עזקה\u003cbr/\u003e\u003cb\u003eתאריך:\u003c/b\u003e 07-10-2025\u003cbr/\u003e\u003cb\u003eID:\u003c/b\u003e 2243\u003cbr/\u003e\u003cb\u003eFB:\u003c/b\u003e \u003ca href=\u0027https://www.facebook.com/groups/beshvil.yael/posts/3772255709734219\u0027\u003ehttps://www.facebook.com/groups/beshvil.yael/posts/3772255709734219\u003c/a\u003e\u003cbr/\u003e\u003cbr/\u003e\u003cimg src=\u0027https://drive.google.com/uc?export=view\u0026amp;id=1DcoIXpp0vm8ULag8L1QT_ard7dr9hauV\u0027 width=\u0027450\u0027/\u003e\u003cbr/\u003e\u003c/div\u003e",
                                            "tessellate":  -1,
                                            "extrude":  0,
                                            "visibility":  -1
                                        },
                         "geometry":  {
                                          "type":  "Point",
                                          "coordinates":  [
                                                              34.93579,
                                                              31.69978,
                                                              0.0
                                                          ]
                                      }
                     },
                     {
                         "type":  "Feature",
                         "properties":  {
                                            "Name":  "#7051",
                                            "description":  "\u003cdiv dir=\u0027rtl\u0027 style=\u0027font-family:Arial;\u0027\u003e\u003cb\u003eשם:\u003c/b\u003e מיכל צוק\u003cbr/\u003e\u003cb\u003eאתר:\u003c/b\u003e בתרונות\u003cbr/\u003e\u003cb\u003eתאריך:\u003c/b\u003e 07-02-2026\u003cbr/\u003e\u003cb\u003eID:\u003c/b\u003e 3614\u003cbr/\u003e\u003cb\u003eFB:\u003c/b\u003e \u003ca href=\u0027https://www.facebook.com/groups/beshvil.yael/posts/3883360165290439/\u0027\u003ehttps://www.facebook.com/groups/beshvil.yael/posts/3883360165290439/\u003c/a\u003e\u003cbr/\u003e\u003cbr/\u003e\u003cimg src=\u0027https://drive.google.com/uc?export=view\u0026amp;id=1s9TvBDbUhkZMh1oGETtOisu6KAgIqEM4\u0027 width=\u0027450\u0027/\u003e\u003cbr/\u003e\u003c/div\u003e",
                                            "tessellate":  -1,
                                            "extrude":  0,
                                            "visibility":  -1
                                        },
                         "geometry":  {
                                          "type":  "Point",
                                          "coordinates":  [
                                                              34.73444,
                                                              31.49158,
                                                              0.0
                                                          ]
                                      }
                     },
                     {
                         "type":  "Feature",
                         "properties":  {
                                            "Name":  "#7051",
                                            "description":  "\u003cdiv dir=\u0027rtl\u0027 style=\u0027font-family:Arial;\u0027\u003e\u003cb\u003eשם:\u003c/b\u003e מיכל צוק\u003cbr/\u003e\u003cb\u003eאתר:\u003c/b\u003e עין פשחה\u003cbr/\u003e\u003cb\u003eתאריך:\u003c/b\u003e 09-02-2026\u003cbr/\u003e\u003cb\u003eID:\u003c/b\u003e 3646\u003cbr/\u003e\u003cb\u003eFB:\u003c/b\u003e \u003ca href=\u0027https://www.facebook.com/groups/beshvil.yael/posts/3885548041738318/\u0027\u003ehttps://www.facebook.com/groups/beshvil.yael/posts/3885548041738318/\u003c/a\u003e\u003cbr/\u003e\u003cbr/\u003e\u003cimg src=\u0027https://drive.google.com/uc?export=view\u0026amp;id=1rxlJ-xgplg5PsevcBBwL1SE8ViPriX3B\u0027 width=\u0027450\u0027/\u003e\u003cbr/\u003e\u003c/div\u003e",
                                            "tessellate":  -1,
                                            "extrude":  0,
                                            "visibility":  -1
                                        },
                         "geometry":  {
                                          "type":  "Point",
                                          "coordinates":  [
                                                              35.45224,
                                                              31.71631,
                                                              0.0
                                                          ]
                                      }
                     },
                     {
                         "type":  "Feature",
                         "properties":  {
                                            "Name":  "#7057",
                                            "description":  "\u003cdiv dir=\u0027rtl\u0027 style=\u0027font-family:Arial;\u0027\u003e\u003cb\u003eשם:\u003c/b\u003e לילך פרידמן\u003cbr/\u003e\u003cb\u003eאתר:\u003c/b\u003e פארק האקולוגי   הוד השרון\u003cbr/\u003e\u003cb\u003eתאריך:\u003c/b\u003e 06-11-2025\u003cbr/\u003e\u003cb\u003eID:\u003c/b\u003e 2629\u003cbr/\u003e\u003cb\u003eFB:\u003c/b\u003e \u003ca href=\u0027https://www.facebook.com/groups/beshvil.yael/posts/3802037203422736\u0027\u003ehttps://www.facebook.com/groups/beshvil.yael/posts/3802037203422736\u003c/a\u003e\u003cbr/\u003e\u003cbr/\u003e\u003cimg src=\u0027https://drive.google.com/uc?export=view\u0026amp;id=1-tnHGg87HwOZPDP0VUH0vdwQWvm0Ym8C\u0027 width=\u0027450\u0027/\u003e\u003cbr/\u003e\u003c/div\u003e",
                                            "tessellate":  -1,
                                            "extrude":  0,
                                            "visibility":  -1
                                        },
                         "geometry":  {
                                          "type":  "Point",
                                          "coordinates":  [
                                                              34.88956,
                                                              32.13285,
                                                              0.0
                                                          ]
                                      }
                     },
                     {
                         "type":  "Feature",
                         "properties":  {
                                            "Name":  "#7057",
                                            "description":  "\u003cdiv dir=\u0027rtl\u0027 style=\u0027font-family:Arial;\u0027\u003e\u003cb\u003eשם:\u003c/b\u003e לילך פרידמן\u003cbr/\u003e\u003cb\u003eאתר:\u003c/b\u003e הסנפיר למכתש הגדול\u003cbr/\u003e\u003cb\u003eתאריך:\u003c/b\u003e 10-11-2025\u003cbr/\u003e\u003cb\u003eID:\u003c/b\u003e 2682\u003cbr/\u003e\u003cb\u003eFB:\u003c/b\u003e \u003ca href=\u0027https://www.facebook.com/groups/beshvil.yael/posts/3805879569705166\u0027\u003ehttps://www.facebook.com/groups/beshvil.yael/posts/3805879569705166\u003c/a\u003e\u003cbr/\u003e\u003cbr/\u003e\u003cimg src=\u0027https://drive.google.com/uc?export=view\u0026amp;id=1YihUOnTdFKgFSPRKzdtalAqV7vFw7do2\u0027 width=\u0027450\u0027/\u003e\u003cbr/\u003e\u003c/div\u003e",
                                            "tessellate":  -1,
                                            "extrude":  0,
                                            "visibility":  -1
                                        },
                         "geometry":  {
                                          "type":  "Point",
                                          "coordinates":  [
                                                              35.02614,
                                                              30.94613,
                                                              0.0
                                                          ]
                                      }
                     },
                     {
                         "type":  "Feature",
                         "properties":  {
                                            "Name":  "#7057",
                                            "description":  "\u003cdiv dir=\u0027rtl\u0027 style=\u0027font-family:Arial;\u0027\u003e\u003cb\u003eשם:\u003c/b\u003e לילך פרידמן\u003cbr/\u003e\u003cb\u003eאתר:\u003c/b\u003e מצפה משואה\u003cbr/\u003e\u003cb\u003eתאריך:\u003c/b\u003e 16-11-2025\u003cbr/\u003e\u003cb\u003eID:\u003c/b\u003e 2751\u003cbr/\u003e\u003cb\u003eFB:\u003c/b\u003e \u003ca href=\u0027https://www.facebook.com/groups/beshvil.yael/posts/3811223295837460\u0027\u003ehttps://www.facebook.com/groups/beshvil.yael/posts/3811223295837460\u003c/a\u003e\u003cbr/\u003e\u003cbr/\u003e\u003cimg src=\u0027https://drive.google.com/uc?export=view\u0026amp;id=1o286pv3LK4jv0YUuoyMsLrOQRZxWzkhZ\u0027 width=\u0027450\u0027/\u003e\u003cbr/\u003e\u003c/div\u003e",
                                            "tessellate":  -1,
                                            "extrude":  0,
                                            "visibility":  -1
                                        },
                         "geometry":  {
                                          "type":  "Point",
                                          "coordinates":  [
                                                              34.92259,
                                                              31.66758,
                                                              0.0
                                                          ]
                                      }
                     },
                     {
                         "type":  "Feature",
                         "properties":  {
                                            "Name":  "#7057",
                                            "description":  "\u003cdiv dir=\u0027rtl\u0027 style=\u0027font-family:Arial;\u0027\u003e\u003cb\u003eשם:\u003c/b\u003e לילך פרידמן\u003cbr/\u003e\u003cb\u003eאתר:\u003c/b\u003e מערת הפעמון\u003cbr/\u003e\u003cb\u003eתאריך:\u003c/b\u003e 16-11-2025\u003cbr/\u003e\u003cb\u003eID:\u003c/b\u003e 2755\u003cbr/\u003e\u003cb\u003eFB:\u003c/b\u003e \u003ca href=\u0027https://www.facebook.com/groups/beshvil.yael/posts/3811620525797737/\u0027\u003ehttps://www.facebook.com/groups/beshvil.yael/posts/3811620525797737/\u003c/a\u003e\u003cbr/\u003e\u003cbr/\u003e\u003cimg src=\u0027https://drive.google.com/uc?export=view\u0026amp;id=1zMUOuLWn6avi68Pn_hR2TBhNuY9vaqSE\u0027 width=\u0027450\u0027/\u003e\u003cbr/\u003e\u003c/div\u003e",
                                            "tessellate":  -1,
                                            "extrude":  0,
                                            "visibility":  -1
                                        },
                         "geometry":  {
                                          "type":  "Point",
                                          "coordinates":  [
                                                              34.90215,
                                                              31.6017,
                                                              0.0
                                                          ]
                                      }
                     },
                     {
                         "type":  "Feature",
                         "properties":  {
                                            "Name":  "#7057",
                                            "description":  "\u003cdiv dir=\u0027rtl\u0027 style=\u0027font-family:Arial;\u0027\u003e\u003cb\u003eשם:\u003c/b\u003e לילך פרידמן\u003cbr/\u003e\u003cb\u003eאתר:\u003c/b\u003e תל אפק\u003cbr/\u003e\u003cb\u003eתאריך:\u003c/b\u003e 01-12-2025\u003cbr/\u003e\u003cb\u003eID:\u003c/b\u003e 2937\u003cbr/\u003e\u003cb\u003eFB:\u003c/b\u003e \u003ca href=\u0027https://www.facebook.com/groups/beshvil.yael/posts/3824141444545645\u0027\u003ehttps://www.facebook.com/groups/beshvil.yael/posts/3824141444545645\u003c/a\u003e\u003cbr/\u003e\u003cbr/\u003e\u003cimg src=\u0027https://drive.google.com/uc?export=view\u0026amp;id=1Ey9yeTMdDMhHXpGKWuyJOTakWYrllLQx\u0027 width=\u0027450\u0027/\u003e\u003cbr/\u003e\u003c/div\u003e",
                                            "tessellate":  -1,
                                            "extrude":  0,
                                            "visibility":  -1
                                        },
                         "geometry":  {
                                          "type":  "Point",
                                          "coordinates":  [
                                                              34.92993,
                                                              32.10555,
                                                              0.0
                                                          ]
                                      }
                     },
                     {
                         "type":  "Feature",
                         "properties":  {
                                            "Name":  "#7057",
                                            "description":  "\u003cdiv dir=\u0027rtl\u0027 style=\u0027font-family:Arial;\u0027\u003e\u003cb\u003eשם:\u003c/b\u003e לילך פרידמן\u003cbr/\u003e\u003cb\u003eאתר:\u003c/b\u003e סכר אלומות\u003cbr/\u003e\u003cb\u003eתאריך:\u003c/b\u003e 17-02-2026\u003cbr/\u003e\u003cb\u003eID:\u003c/b\u003e 3750\u003cbr/\u003e\u003cb\u003eFB:\u003c/b\u003e \u003ca href=\u0027https://www.facebook.com/groups/beshvil.yael/posts/3893090454317410/\u0027\u003ehttps://www.facebook.com/groups/beshvil.yael/posts/3893090454317410/\u003c/a\u003e\u003cbr/\u003e\u003cbr/\u003e\u003cimg src=\u0027https://drive.google.com/uc?export=view\u0026amp;id=1cbQtMEcDol4-B4Cl5apk3xpo3eww6ZtU\u0027 width=\u0027450\u0027/\u003e\u003cbr/\u003e\u003c/div\u003e",
                                            "tessellate":  -1,
                                            "extrude":  0,
                                            "visibility":  -1
                                        },
                         "geometry":  {
                                          "type":  "Point",
                                          "coordinates":  [
                                                              35.56346,
                                                              32.7023,
                                                              0.0
                                                          ]
                                      }
                     },
                     {
                         "type":  "Feature",
                         "properties":  {
                                            "Name":  "#7057",
                                            "description":  "\u003cdiv dir=\u0027rtl\u0027 style=\u0027font-family:Arial;\u0027\u003e\u003cb\u003eשם:\u003c/b\u003e לילך פרידמן\u003cbr/\u003e\u003cb\u003eאתר:\u003c/b\u003e כפר סבא\u003cbr/\u003e\u003cb\u003eתאריך:\u003c/b\u003e 21-02-2026\u003cbr/\u003e\u003cb\u003eID:\u003c/b\u003e 3805\u003cbr/\u003e\u003cb\u003eFB:\u003c/b\u003e \u003ca href=\u0027https://www.facebook.com/groups/beshvil.yael/posts/3897031383923317\u0027\u003ehttps://www.facebook.com/groups/beshvil.yael/posts/3897031383923317\u003c/a\u003e\u003cbr/\u003e\u003cbr/\u003e\u003cimg src=\u0027https://drive.google.com/uc?export=view\u0026amp;id=1rSC3YIMomxZ7-9YNZsgWyOGj_gveR3Aq\u0027 width=\u0027450\u0027/\u003e\u003cbr/\u003e\u003c/div\u003e",
                                            "tessellate":  -1,
                                            "extrude":  0,
                                            "visibility":  -1
                                        },
                         "geometry":  {
                                          "type":  "Point",
                                          "coordinates":  [
                                                              34.92426,
                                                              32.18171,
                                                              0.0
                                                          ]
                                      }
                     },
                     {
                         "type":  "Feature",
                         "properties":  {
                                            "Name":  "#7075",
                                            "description":  "\u003cdiv dir=\u0027rtl\u0027 style=\u0027font-family:Arial;\u0027\u003e\u003cb\u003eשם:\u003c/b\u003e מיכל צוק\u003cbr/\u003e\u003cb\u003eאתר:\u003c/b\u003e רמת רחל\u003cbr/\u003e\u003cb\u003eתאריך:\u003c/b\u003e 18-08-2025\u003cbr/\u003e\u003cb\u003eID:\u003c/b\u003e 1574\u003cbr/\u003e\u003cb\u003eFB:\u003c/b\u003e \u003ca href=\u0027https://www.facebook.com/groups/beshvil.yael/posts/3725007421125715/\u0027\u003ehttps://www.facebook.com/groups/beshvil.yael/posts/3725007421125715/\u003c/a\u003e\u003cbr/\u003e\u003cbr/\u003e\u003cimg src=\u0027https://drive.google.com/uc?export=view\u0026amp;id=1HHxzRa2uv_1p0rJT209OcE88vFmi-8D1\u0027 width=\u0027450\u0027/\u003e\u003cbr/\u003e\u003c/div\u003e",
                                            "tessellate":  -1,
                                            "extrude":  0,
                                            "visibility":  -1
                                        },
                         "geometry":  {
                                          "type":  "Point",
                                          "coordinates":  [
                                                              35.21543,
                                                              31.73907,
                                                              0.0
                                                          ]
                                      }
                     },
                     {
                         "type":  "Feature",
                         "properties":  {
                                            "Name":  "#7089",
                                            "description":  "\u003cdiv dir=\u0027rtl\u0027 style=\u0027font-family:Arial;\u0027\u003e\u003cb\u003eשם:\u003c/b\u003e מרב צימנד\u003cbr/\u003e\u003cb\u003eאתר:\u003c/b\u003e מצדה\u003cbr/\u003e\u003cb\u003eתאריך:\u003c/b\u003e 05-05-2026\u003cbr/\u003e\u003cb\u003eID:\u003c/b\u003e 4353\u003cbr/\u003e\u003cb\u003eFB:\u003c/b\u003e \u003ca href=\u0027https://www.facebook.com/groups/beshvil.yael/posts/3963195233973598\u0027\u003ehttps://www.facebook.com/groups/beshvil.yael/posts/3963195233973598\u003c/a\u003e\u003cbr/\u003e\u003cbr/\u003e\u003cimg src=\u0027https://drive.google.com/uc?export=view\u0026amp;id=1ynbM5WUzyJnyBvhHSGLl6fzSk9Ib5lCE\u0027 width=\u0027450\u0027/\u003e\u003cbr/\u003e\u003c/div\u003e",
                                            "tessellate":  -1,
                                            "extrude":  0,
                                            "visibility":  -1
                                        },
                         "geometry":  {
                                          "type":  "Point",
                                          "coordinates":  [
                                                              35.35901,
                                                              31.31417,
                                                              0.0
                                                          ]
                                      }
                     },
                     {
                         "type":  "Feature",
                         "properties":  {
                                            "Name":  "#7109",
                                            "description":  "\u003cdiv dir=\u0027rtl\u0027 style=\u0027font-family:Arial;\u0027\u003e\u003cb\u003eשם:\u003c/b\u003e מירי כהן חי\u003cbr/\u003e\u003cb\u003eאתר:\u003c/b\u003e עין כרם\u003cbr/\u003e\u003cb\u003eתאריך:\u003c/b\u003e 07-02-2026\u003cbr/\u003e\u003cb\u003eID:\u003c/b\u003e 3628\u003cbr/\u003e\u003cb\u003eFB:\u003c/b\u003e \u003ca href=\u0027https://www.facebook.com/groups/beshvil.yael/posts/3883752715251184/\u0027\u003ehttps://www.facebook.com/groups/beshvil.yael/posts/3883752715251184/\u003c/a\u003e\u003cbr/\u003e\u003cbr/\u003e\u003cimg src=\u0027https://drive.google.com/uc?export=view\u0026amp;id=1_g8WB_YFTv1yoaaVEHRWMw5Htnaos0u4\u0027 width=\u0027450\u0027/\u003e\u003cbr/\u003e\u003c/div\u003e",
                                            "tessellate":  -1,
                                            "extrude":  0,
                                            "visibility":  -1
                                        },
                         "geometry":  {
                                          "type":  "Point",
                                          "coordinates":  [
                                                              35.16048,
                                                              31.76422,
                                                              0.0
                                                          ]
                                      }
                     },
                     {
                         "type":  "Feature",
                         "properties":  {
                                            "Name":  "#7109",
                                            "description":  "\u003cdiv dir=\u0027rtl\u0027 style=\u0027font-family:Arial;\u0027\u003e\u003cb\u003eשם:\u003c/b\u003e מירי כהן חי\u003cbr/\u003e\u003cb\u003eאתר:\u003c/b\u003e ים המלח\u003cbr/\u003e\u003cb\u003eתאריך:\u003c/b\u003e 12-05-2026\u003cbr/\u003e\u003cb\u003eID:\u003c/b\u003e 4412\u003cbr/\u003e\u003cb\u003eFB:\u003c/b\u003e \u003ca href=\u0027https://www.facebook.com/groups/beshvil.yael/posts/3969586016667853\u0027\u003ehttps://www.facebook.com/groups/beshvil.yael/posts/3969586016667853\u003c/a\u003e\u003cbr/\u003e\u003cbr/\u003e\u003cimg src=\u0027https://drive.google.com/uc?export=view\u0026amp;id=1Nwr-84b1X7icjaDnt-Apc2xDpFmwAGsd\u0027 width=\u0027450\u0027/\u003e\u003cbr/\u003e\u003c/div\u003e",
                                            "tessellate":  -1,
                                            "extrude":  0,
                                            "visibility":  -1
                                        },
                         "geometry":  {
                                          "type":  "Point",
                                          "coordinates":  [
                                                              35.39369,
                                                              31.46255,
                                                              0.0
                                                          ]
                                      }
                     },
                     {
                         "type":  "Feature",
                         "properties":  {
                                            "Name":  "#7195",
                                            "description":  "\u003cdiv dir=\u0027rtl\u0027 style=\u0027font-family:Arial;\u0027\u003e\u003cb\u003eשם:\u003c/b\u003e ענבל בן יצחק\u003cbr/\u003e\u003cb\u003eאתר:\u003c/b\u003e רכס נפתלי\u003cbr/\u003e\u003cb\u003eתאריך:\u003c/b\u003e 28-11-2025\u003cbr/\u003e\u003cb\u003eID:\u003c/b\u003e 2884\u003cbr/\u003e\u003cb\u003eFB:\u003c/b\u003e \u003ca href=\u0027https://www.facebook.com/groups/beshvil.yael/posts/3821611451465311/\u0027\u003ehttps://www.facebook.com/groups/beshvil.yael/posts/3821611451465311/\u003c/a\u003e\u003cbr/\u003e\u003cbr/\u003e\u003cimg src=\u0027https://drive.google.com/uc?export=view\u0026amp;id=1oT5RcahEHFaB7bwegvKW8Mjd3aItVNDh\u0027 width=\u0027450\u0027/\u003e\u003cbr/\u003e\u003c/div\u003e",
                                            "tessellate":  -1,
                                            "extrude":  0,
                                            "visibility":  -1
                                        },
                         "geometry":  {
                                          "type":  "Point",
                                          "coordinates":  [
                                                              35.55077,
                                                              33.19425,
                                                              0.0
                                                          ]
                                      }
                     },
                     {
                         "type":  "Feature",
                         "properties":  {
                                            "Name":  "#7195",
                                            "description":  "\u003cdiv dir=\u0027rtl\u0027 style=\u0027font-family:Arial;\u0027\u003e\u003cb\u003eשם:\u003c/b\u003e ענבל בן יצחק\u003cbr/\u003e\u003cb\u003eאתר:\u003c/b\u003e מקטע 4, קרן נפתלי - נחל דישו\u003cbr/\u003e\u003cb\u003eתאריך:\u003c/b\u003e 23-01-2026\u003cbr/\u003e\u003cb\u003eID:\u003c/b\u003e 3433\u003cbr/\u003e\u003cb\u003eFB:\u003c/b\u003e \u003ca href=\u0027https://www.facebook.com/groups/beshvil.yael/posts/3869325876693868/\u0027\u003ehttps://www.facebook.com/groups/beshvil.yael/posts/3869325876693868/\u003c/a\u003e\u003cbr/\u003e\u003cbr/\u003e\u003cimg src=\u0027https://drive.google.com/uc?export=view\u0026amp;id=1_ZdPFXW49hHkTRwzbQRA7tKxlG6RTd1w\u0027 width=\u0027450\u0027/\u003e\u003cbr/\u003e\u003c/div\u003e",
                                            "tessellate":  -1,
                                            "extrude":  0,
                                            "visibility":  -1
                                        },
                         "geometry":  {
                                          "type":  "Point",
                                          "coordinates":  [
                                                              35.56233,
                                                              33.09074,
                                                              0.0
                                                          ]
                                      }
                     },
                     {
                         "type":  "Feature",
                         "properties":  {
                                            "Name":  "#7195",
                                            "description":  "\u003cdiv dir=\u0027rtl\u0027 style=\u0027font-family:Arial;\u0027\u003e\u003cb\u003eשם:\u003c/b\u003e ענבל בן יצחק\u003cbr/\u003e\u003cb\u003eאתר:\u003c/b\u003e בריכת הסלמנדרה\u003cbr/\u003e\u003cb\u003eתאריך:\u003c/b\u003e 25-01-2026\u003cbr/\u003e\u003cb\u003eID:\u003c/b\u003e 3470\u003cbr/\u003e\u003cb\u003eFB:\u003c/b\u003e \u003ca href=\u0027https://www.facebook.com/groups/beshvil.yael/posts/3870904483202674\u0027\u003ehttps://www.facebook.com/groups/beshvil.yael/posts/3870904483202674\u003c/a\u003e\u003cbr/\u003e\u003cbr/\u003e\u003cimg src=\u0027https://drive.google.com/uc?export=view\u0026amp;id=1Rcupb8PcmtdthH9Ov977XXEKY_7WXewW\u0027 width=\u0027450\u0027/\u003e\u003cbr/\u003e\u003c/div\u003e",
                                            "tessellate":  -1,
                                            "extrude":  0,
                                            "visibility":  -1
                                        },
                         "geometry":  {
                                          "type":  "Point",
                                          "coordinates":  [
                                                              35.50153,
                                                              33.07395,
                                                              0.0
                                                          ]
                                      }
                     },
                     {
                         "type":  "Feature",
                         "properties":  {
                                            "Name":  "#7195",
                                            "description":  "\u003cdiv dir=\u0027rtl\u0027 style=\u0027font-family:Arial;\u0027\u003e\u003cb\u003eשם:\u003c/b\u003e ענבל בן יצחק\u003cbr/\u003e\u003cb\u003eאתר:\u003c/b\u003e נחל עמוד עליון\u003cbr/\u003e\u003cb\u003eתאריך:\u003c/b\u003e 18-04-2026\u003cbr/\u003e\u003cb\u003eID:\u003c/b\u003e 4157\u003cbr/\u003e\u003cb\u003eFB:\u003c/b\u003e \u003ca href=\u0027https://www.facebook.com/groups/beshvil.yael/posts/3947621835530938/\u0027\u003ehttps://www.facebook.com/groups/beshvil.yael/posts/3947621835530938/\u003c/a\u003e\u003cbr/\u003e\u003cbr/\u003e\u003cimg src=\u0027https://drive.google.com/uc?export=view\u0026amp;id=1mm_-DAeUrdfKeFqOo5p3H_G3YL7MR5HS\u0027 width=\u0027450\u0027/\u003e\u003cbr/\u003e\u003c/div\u003e",
                                            "tessellate":  -1,
                                            "extrude":  0,
                                            "visibility":  -1
                                        },
                         "geometry":  {
                                          "type":  "Point",
                                          "coordinates":  [
                                                              35.46426,
                                                              32.97458,
                                                              0.0
                                                          ]
                                      }
                     },
                     {
                         "type":  "Feature",
                         "properties":  {
                                            "Name":  "#7195",
                                            "description":  "\u003cdiv dir=\u0027rtl\u0027 style=\u0027font-family:Arial;\u0027\u003e\u003cb\u003eשם:\u003c/b\u003e ענבל בן יצחק\u003cbr/\u003e\u003cb\u003eאתר:\u003c/b\u003e נחל עמוד תחתון, הגיחון\u003cbr/\u003e\u003cb\u003eתאריך:\u003c/b\u003e 02-05-2026\u003cbr/\u003e\u003cb\u003eID:\u003c/b\u003e 4315\u003cbr/\u003e\u003cb\u003eFB:\u003c/b\u003e \u003ca href=\u0027https://www.facebook.com/groups/beshvil.yael/posts/3960254954267626\u0027\u003ehttps://www.facebook.com/groups/beshvil.yael/posts/3960254954267626\u003c/a\u003e\u003cbr/\u003e\u003cbr/\u003e\u003cimg src=\u0027https://drive.google.com/uc?export=view\u0026amp;id=1InPrAVZcwCIjcRJeepo7e77FT6cFVDyO\u0027 width=\u0027450\u0027/\u003e\u003cbr/\u003e\u003c/div\u003e",
                                            "tessellate":  -1,
                                            "extrude":  0,
                                            "visibility":  -1
                                        },
                         "geometry":  {
                                          "type":  "Point",
                                          "coordinates":  [
                                                              35.50671,
                                                              32.88619,
                                                              0.0
                                                          ]
                                      }
                     },
                     {
                         "type":  "Feature",
                         "properties":  {
                                            "Name":  "#7204",
                                            "description":  "\u003cdiv dir=\u0027rtl\u0027 style=\u0027font-family:Arial;\u0027\u003e\u003cb\u003eשם:\u003c/b\u003e דנה אשכנזי\u003cbr/\u003e\u003cb\u003eאתר:\u003c/b\u003e כפר יחזקאל\u003cbr/\u003e\u003cb\u003eתאריך:\u003c/b\u003e 01-04-2026\u003cbr/\u003e\u003cb\u003eID:\u003c/b\u003e 4023\u003cbr/\u003e\u003cb\u003eFB:\u003c/b\u003e \u003ca href=\u0027https://www.secure.facebook.com/groups/beshvil.yael/posts/3932637200362735/\u0027\u003ehttps://www.secure.facebook.com/groups/beshvil.yael/posts/3932637200362735/\u003c/a\u003e\u003cbr/\u003e\u003cbr/\u003e\u003cimg src=\u0027https://drive.google.com/uc?export=view\u0026amp;id=1peu2zZNmuKm79Xo0LrA1vUoJ_NEQ8cVl\u0027 width=\u0027450\u0027/\u003e\u003cbr/\u003e\u003c/div\u003e",
                                            "tessellate":  -1,
                                            "extrude":  0,
                                            "visibility":  -1
                                        },
                         "geometry":  {
                                          "type":  "Point",
                                          "coordinates":  [
                                                              35.35951,
                                                              32.56597,
                                                              0.0
                                                          ]
                                      }
                     },
                     {
                         "type":  "Feature",
                         "properties":  {
                                            "Name":  "#7414",
                                            "description":  "\u003cdiv dir=\u0027rtl\u0027 style=\u0027font-family:Arial;\u0027\u003e\u003cb\u003eשם:\u003c/b\u003e שלומית שמיר\u003cbr/\u003e\u003cb\u003eאתר:\u003c/b\u003e שיבא תל השומר\u003cbr/\u003e\u003cb\u003eתאריך:\u003c/b\u003e 17-08-2025\u003cbr/\u003e\u003cb\u003eID:\u003c/b\u003e 1566\u003cbr/\u003e\u003cb\u003eFB:\u003c/b\u003e \u003ca href=\u0027https://www.facebook.com/groups/beshvil.yael/posts/3724383287854795/\u0027\u003ehttps://www.facebook.com/groups/beshvil.yael/posts/3724383287854795/\u003c/a\u003e\u003cbr/\u003e\u003cbr/\u003e\u003cimg src=\u0027https://drive.google.com/uc?export=view\u0026amp;id=1rWYtDzDuS8DRFgZFXdaK1vebrkTvy71I\u0027 width=\u0027450\u0027/\u003e\u003cbr/\u003e\u003c/div\u003e",
                                            "tessellate":  -1,
                                            "extrude":  0,
                                            "visibility":  -1
                                        },
                         "geometry":  {
                                          "type":  "Point",
                                          "coordinates":  [
                                                              34.84284,
                                                              32.04714,
                                                              0.0
                                                          ]
                                      }
                     },
                     {
                         "type":  "Feature",
                         "properties":  {
                                            "Name":  "#7431",
                                            "description":  "\u003cdiv dir=\u0027rtl\u0027 style=\u0027font-family:Arial;\u0027\u003e\u003cb\u003eשם:\u003c/b\u003e איריס כהן כרמל\u003cbr/\u003e\u003cb\u003eאתר:\u003c/b\u003e כנרת ורמת הגולן\u003cbr/\u003e\u003cb\u003eתאריך:\u003c/b\u003e 19-08-2025\u003cbr/\u003e\u003cb\u003eID:\u003c/b\u003e 1593\u003cbr/\u003e\u003cb\u003eFB:\u003c/b\u003e \u003ca href=\u0027https://www.facebook.com/groups/beshvil.yael/posts/3726303590996098/\u0027\u003ehttps://www.facebook.com/groups/beshvil.yael/posts/3726303590996098/\u003c/a\u003e\u003cbr/\u003e\u003cbr/\u003e\u003cimg src=\u0027https://drive.google.com/uc?export=view\u0026amp;id=1w0qnAYWqE1uuwwrbDQmudH6Cen-FwVwN\u0027 width=\u0027450\u0027/\u003e\u003cbr/\u003e\u003c/div\u003e",
                                            "tessellate":  -1,
                                            "extrude":  0,
                                            "visibility":  -1
                                        },
                         "geometry":  {
                                          "type":  "Point",
                                          "coordinates":  [
                                                              35.565949,
                                                              32.729605,
                                                              0.0
                                                          ]
                                      }
                     }
                 ]
}